ISO-10303-21;
HEADER;
/* Generated by software containing ST-Developer
 * from STEP Tools, Inc. (www.steptools.com) 
 */

FILE_DESCRIPTION(
/* description */ (''),
/* implementation_level */ '2;1');

FILE_NAME(
/* name */ 'Bottom Case.step',
/* time_stamp */ '2026-01-19T14:54:26-07:00',
/* author */ (''),
/* organization */ (''),
/* preprocessor_version */ 'ST-DEVELOPER v20.1',
/* originating_system */ 'Autodesk Translation Framework v14.21.0.0',
/* authorisation */ '');

FILE_SCHEMA (('AUTOMOTIVE_DESIGN { 1 0 10303 214 3 1 1 }'));
ENDSEC;

DATA;
#10=MECHANICAL_DESIGN_GEOMETRIC_PRESENTATION_REPRESENTATION('',(#13),#10855);
#11=SHAPE_REPRESENTATION_RELATIONSHIP('SRR','None',#10862,#12);
#12=ADVANCED_BREP_SHAPE_REPRESENTATION('',(#14),#10854);
#13=STYLED_ITEM('',(#10872),#14);
#14=MANIFOLD_SOLID_BREP('Body2',#5497);
#15=CYLINDRICAL_SURFACE('',#5624,2.8);
#16=CYLINDRICAL_SURFACE('',#5628,2.8);
#17=CYLINDRICAL_SURFACE('',#5632,2.80000000000001);
#18=CYLINDRICAL_SURFACE('',#5636,3.00000000000001);
#19=CYLINDRICAL_SURFACE('',#5643,1.7);
#20=CYLINDRICAL_SURFACE('',#5647,1.69999999999998);
#21=CYLINDRICAL_SURFACE('',#5649,1.7);
#22=CYLINDRICAL_SURFACE('',#5651,1.7);
#23=CIRCLE('',#5611,2.8);
#24=CIRCLE('',#5612,2.8);
#25=CIRCLE('',#5613,2.80000000000001);
#26=CIRCLE('',#5614,3.00000000000001);
#27=CIRCLE('',#5625,2.8);
#28=CIRCLE('',#5627,1.7);
#29=CIRCLE('',#5629,2.8);
#30=CIRCLE('',#5631,1.7);
#31=CIRCLE('',#5633,2.80000000000001);
#32=CIRCLE('',#5635,1.69999999999998);
#33=CIRCLE('',#5637,3.00000000000001);
#34=CIRCLE('',#5639,1.7);
#35=CIRCLE('',#5644,1.7);
#36=CIRCLE('',#5648,1.69999999999998);
#37=CIRCLE('',#5650,1.7);
#38=CIRCLE('',#5652,1.7);
#39=FACE_BOUND('',#898,.T.);
#40=FACE_BOUND('',#935,.T.);
#41=FACE_BOUND('',#1010,.T.);
#42=FACE_BOUND('',#1028,.T.);
#43=FACE_BOUND('',#1126,.T.);
#44=FACE_BOUND('',#1127,.T.);
#45=FACE_BOUND('',#1129,.T.);
#46=FACE_BOUND('',#1130,.T.);
#47=FACE_BOUND('',#1131,.T.);
#48=FACE_BOUND('',#1132,.T.);
#49=FACE_BOUND('',#1133,.T.);
#50=FACE_BOUND('',#1134,.T.);
#51=FACE_BOUND('',#1135,.T.);
#52=FACE_BOUND('',#1136,.T.);
#53=FACE_BOUND('',#1137,.T.);
#54=FACE_BOUND('',#1138,.T.);
#55=FACE_BOUND('',#1139,.T.);
#56=FACE_BOUND('',#1140,.T.);
#57=FACE_BOUND('',#1141,.T.);
#58=FACE_BOUND('',#1142,.T.);
#59=FACE_BOUND('',#1143,.T.);
#60=FACE_BOUND('',#1144,.T.);
#61=FACE_BOUND('',#1145,.T.);
#62=FACE_BOUND('',#1146,.T.);
#63=FACE_BOUND('',#1158,.T.);
#64=FACE_BOUND('',#1161,.T.);
#65=FACE_BOUND('',#1164,.T.);
#66=FACE_BOUND('',#1167,.T.);
#67=FACE_BOUND('',#1183,.T.);
#68=FACE_BOUND('',#1184,.T.);
#69=FACE_BOUND('',#1185,.T.);
#70=FACE_BOUND('',#1186,.T.);
#71=B_SPLINE_CURVE_WITH_KNOTS('',3,(#6459,#6460,#6461,#6462,#6463),
 .UNSPECIFIED.,.F.,.F.,(4,1,4),(0.,0.0731927027562294,0.143728150233212),
 .UNSPECIFIED.);
#72=B_SPLINE_CURVE_WITH_KNOTS('',3,(#6467,#6468,#6469,#6470,#6471),
 .UNSPECIFIED.,.F.,.F.,(4,1,4),(0.,0.0731927027562294,0.143728150233212),
 .UNSPECIFIED.);
#73=B_SPLINE_CURVE_WITH_KNOTS('',3,(#6484,#6485,#6486,#6487,#6488),
 .UNSPECIFIED.,.F.,.F.,(4,1,4),(0.,0.0774354639749463,0.152766321498617),
 .UNSPECIFIED.);
#74=B_SPLINE_CURVE_WITH_KNOTS('',3,(#6491,#6492,#6493,#6494,#6495),
 .UNSPECIFIED.,.F.,.F.,(4,1,4),(0.,0.0774354639749463,0.152766321498617),
 .UNSPECIFIED.);
#75=B_SPLINE_CURVE_WITH_KNOTS('',3,(#6507,#6508,#6509,#6510,#6511),
 .UNSPECIFIED.,.F.,.F.,(4,1,4),(0.,0.105656140071061,0.192982099441887),
 .UNSPECIFIED.);
#76=B_SPLINE_CURVE_WITH_KNOTS('',3,(#6514,#6515,#6516,#6517,#6518),
 .UNSPECIFIED.,.F.,.F.,(4,1,4),(0.,0.105656140071061,0.192982099441887),
 .UNSPECIFIED.);
#77=B_SPLINE_CURVE_WITH_KNOTS('',3,(#6530,#6531,#6532,#6533,#6534),
 .UNSPECIFIED.,.F.,.F.,(4,1,4),(0.,0.0837138501824854,0.188273197535964),
 .UNSPECIFIED.);
#78=B_SPLINE_CURVE_WITH_KNOTS('',3,(#6537,#6538,#6539,#6540,#6541),
 .UNSPECIFIED.,.F.,.F.,(4,1,4),(0.,0.0837138501824854,0.188273197535964),
 .UNSPECIFIED.);
#79=B_SPLINE_CURVE_WITH_KNOTS('',3,(#6553,#6554,#6555,#6556,#6557),
 .UNSPECIFIED.,.F.,.F.,(4,1,4),(0.,0.0729927959549768,0.146637068620585),
 .UNSPECIFIED.);
#80=B_SPLINE_CURVE_WITH_KNOTS('',3,(#6560,#6561,#6562,#6563,#6564),
 .UNSPECIFIED.,.F.,.F.,(4,1,4),(0.,0.0729927959549768,0.146637068620585),
 .UNSPECIFIED.);
#81=B_SPLINE_CURVE_WITH_KNOTS('',3,(#6576,#6577,#6578,#6579,#6580),
 .UNSPECIFIED.,.F.,.F.,(4,1,4),(0.,0.0720112203812443,0.1472878122149),
 .UNSPECIFIED.);
#82=B_SPLINE_CURVE_WITH_KNOTS('',3,(#6583,#6584,#6585,#6586,#6587),
 .UNSPECIFIED.,.F.,.F.,(4,1,4),(0.,0.0720112203812443,0.1472878122149),
 .UNSPECIFIED.);
#83=B_SPLINE_CURVE_WITH_KNOTS('',3,(#6599,#6600,#6601,#6602,#6603),
 .UNSPECIFIED.,.F.,.F.,(4,1,4),(0.,0.10321106377368,0.184445036176017),
 .UNSPECIFIED.);
#84=B_SPLINE_CURVE_WITH_KNOTS('',3,(#6606,#6607,#6608,#6609,#6610),
 .UNSPECIFIED.,.F.,.F.,(4,1,4),(0.,0.10321106377368,0.184445036176017),
 .UNSPECIFIED.);
#85=B_SPLINE_CURVE_WITH_KNOTS('',3,(#6621,#6622,#6623,#6624,#6625),
 .UNSPECIFIED.,.F.,.F.,(4,1,4),(0.,0.0847461417382641,0.200341021302638),
 .UNSPECIFIED.);
#86=B_SPLINE_CURVE_WITH_KNOTS('',3,(#6626,#6627,#6628,#6629,#6630),
 .UNSPECIFIED.,.F.,.F.,(4,1,4),(0.,0.0847461417382641,0.200341021302638),
 .UNSPECIFIED.);
#87=B_SPLINE_CURVE_WITH_KNOTS('',3,(#6643,#6644,#6645,#6646,#6647),
 .UNSPECIFIED.,.F.,.F.,(4,1,4),(0.,0.0979948254761914,0.211033054119379),
 .UNSPECIFIED.);
#88=B_SPLINE_CURVE_WITH_KNOTS('',3,(#6651,#6652,#6653,#6654,#6655),
 .UNSPECIFIED.,.F.,.F.,(4,1,4),(0.,0.0979948254761914,0.211033054119379),
 .UNSPECIFIED.);
#89=B_SPLINE_CURVE_WITH_KNOTS('',3,(#6668,#6669,#6670,#6671,#6672),
 .UNSPECIFIED.,.F.,.F.,(4,1,4),(0.,0.116246166927957,0.215139916429985),
 .UNSPECIFIED.);
#90=B_SPLINE_CURVE_WITH_KNOTS('',3,(#6675,#6676,#6677,#6678,#6679),
 .UNSPECIFIED.,.F.,.F.,(4,1,4),(0.,0.116246166927957,0.215139916429985),
 .UNSPECIFIED.);
#91=B_SPLINE_CURVE_WITH_KNOTS('',3,(#6691,#6692,#6693,#6694,#6695),
 .UNSPECIFIED.,.F.,.F.,(4,1,4),(0.,0.173305149221339,0.355928429725423),
 .UNSPECIFIED.);
#92=B_SPLINE_CURVE_WITH_KNOTS('',3,(#6698,#6699,#6700,#6701,#6702),
 .UNSPECIFIED.,.F.,.F.,(4,1,4),(0.,0.173305149221339,0.355928429725423),
 .UNSPECIFIED.);
#93=B_SPLINE_CURVE_WITH_KNOTS('',3,(#6714,#6715,#6716,#6717,#6718),
 .UNSPECIFIED.,.F.,.F.,(4,1,4),(0.,0.225664928428034,0.413052333281226),
 .UNSPECIFIED.);
#94=B_SPLINE_CURVE_WITH_KNOTS('',3,(#6721,#6722,#6723,#6724,#6725),
 .UNSPECIFIED.,.F.,.F.,(4,1,4),(0.,0.225664928428034,0.413052333281226),
 .UNSPECIFIED.);
#95=B_SPLINE_CURVE_WITH_KNOTS('',3,(#6737,#6738,#6739,#6740,#6741),
 .UNSPECIFIED.,.F.,.F.,(4,1,4),(0.,0.172281394120461,0.37397920218806),
 .UNSPECIFIED.);
#96=B_SPLINE_CURVE_WITH_KNOTS('',3,(#6744,#6745,#6746,#6747,#6748),
 .UNSPECIFIED.,.F.,.F.,(4,1,4),(0.,0.172281394120461,0.37397920218806),
 .UNSPECIFIED.);
#97=B_SPLINE_CURVE_WITH_KNOTS('',3,(#6760,#6761,#6762,#6763,#6764),
 .UNSPECIFIED.,.F.,.F.,(4,1,4),(0.,0.202629553151125,0.413348687832005),
 .UNSPECIFIED.);
#98=B_SPLINE_CURVE_WITH_KNOTS('',3,(#6767,#6768,#6769,#6770,#6771),
 .UNSPECIFIED.,.F.,.F.,(4,1,4),(0.,0.202629553151125,0.413348687832005),
 .UNSPECIFIED.);
#99=B_SPLINE_CURVE_WITH_KNOTS('',3,(#6783,#6784,#6785,#6786,#6787),
 .UNSPECIFIED.,.F.,.F.,(4,1,4),(0.,0.107124214000516,0.215572343105173),
 .UNSPECIFIED.);
#100=B_SPLINE_CURVE_WITH_KNOTS('',3,(#6790,#6791,#6792,#6793,#6794),
 .UNSPECIFIED.,.F.,.F.,(4,1,4),(0.,0.107124214000516,0.215572343105173),
 .UNSPECIFIED.);
#101=B_SPLINE_CURVE_WITH_KNOTS('',3,(#6806,#6807,#6808,#6809,#6810),
 .UNSPECIFIED.,.F.,.F.,(4,1,4),(0.,0.0877299559751759,0.162521464829768),
 .UNSPECIFIED.);
#102=B_SPLINE_CURVE_WITH_KNOTS('',3,(#6813,#6814,#6815,#6816,#6817),
 .UNSPECIFIED.,.F.,.F.,(4,1,4),(0.,0.0877299559751759,0.162521464829768),
 .UNSPECIFIED.);
#103=B_SPLINE_CURVE_WITH_KNOTS('',3,(#6835,#6836,#6837,#6838,#6839),
 .UNSPECIFIED.,.F.,.F.,(4,1,4),(0.,0.0739581024663494,0.176371976440995),
 .UNSPECIFIED.);
#104=B_SPLINE_CURVE_WITH_KNOTS('',3,(#6842,#6843,#6844,#6845,#6846),
 .UNSPECIFIED.,.F.,.F.,(4,1,4),(0.,0.0739581024663494,0.176371976440995),
 .UNSPECIFIED.);
#105=B_SPLINE_CURVE_WITH_KNOTS('',3,(#6858,#6859,#6860,#6861,#6862),
 .UNSPECIFIED.,.F.,.F.,(4,1,4),(0.,0.0795715885753155,0.146090394197512),
 .UNSPECIFIED.);
#106=B_SPLINE_CURVE_WITH_KNOTS('',3,(#6865,#6866,#6867,#6868,#6869),
 .UNSPECIFIED.,.F.,.F.,(4,1,4),(0.,0.0795715885753155,0.146090394197512),
 .UNSPECIFIED.);
#107=B_SPLINE_CURVE_WITH_KNOTS('',3,(#6881,#6882,#6883,#6884,#6885),
 .UNSPECIFIED.,.F.,.F.,(4,1,4),(0.,0.0571167433321334,0.121302232769494),
 .UNSPECIFIED.);
#108=B_SPLINE_CURVE_WITH_KNOTS('',3,(#6888,#6889,#6890,#6891,#6892),
 .UNSPECIFIED.,.F.,.F.,(4,1,4),(0.,0.0571167433321334,0.121302232769494),
 .UNSPECIFIED.);
#109=B_SPLINE_CURVE_WITH_KNOTS('',3,(#6904,#6905,#6906,#6907,#6908),
 .UNSPECIFIED.,.F.,.F.,(4,1,4),(0.,0.0513968564418492,0.0923150824378114),
 .UNSPECIFIED.);
#110=B_SPLINE_CURVE_WITH_KNOTS('',3,(#6911,#6912,#6913,#6914,#6915),
 .UNSPECIFIED.,.F.,.F.,(4,1,4),(0.,0.0513968564418492,0.0923150824378114),
 .UNSPECIFIED.);
#111=B_SPLINE_CURVE_WITH_KNOTS('',3,(#6933,#6934,#6935,#6936,#6937),
 .UNSPECIFIED.,.F.,.F.,(4,1,4),(0.,0.0240504335086389,0.0552954702147245),
 .UNSPECIFIED.);
#112=B_SPLINE_CURVE_WITH_KNOTS('',3,(#6940,#6941,#6942,#6943,#6944),
 .UNSPECIFIED.,.F.,.F.,(4,1,4),(0.,0.0240504335086389,0.0552954702147245),
 .UNSPECIFIED.);
#113=B_SPLINE_CURVE_WITH_KNOTS('',3,(#6956,#6957,#6958,#6959,#6960),
 .UNSPECIFIED.,.F.,.F.,(4,1,4),(0.,0.14697230833505,0.298200924565462),
 .UNSPECIFIED.);
#114=B_SPLINE_CURVE_WITH_KNOTS('',3,(#6963,#6964,#6965,#6966,#6967),
 .UNSPECIFIED.,.F.,.F.,(4,1,4),(0.,0.14697230833505,0.298200924565462),
 .UNSPECIFIED.);
#115=B_SPLINE_CURVE_WITH_KNOTS('',3,(#6979,#6980,#6981,#6982,#6983),
 .UNSPECIFIED.,.F.,.F.,(4,1,4),(0.,0.277223538863277,0.465770741798403),
 .UNSPECIFIED.);
#116=B_SPLINE_CURVE_WITH_KNOTS('',3,(#6986,#6987,#6988,#6989,#6990),
 .UNSPECIFIED.,.F.,.F.,(4,1,4),(0.,0.277223538863277,0.465770741798403),
 .UNSPECIFIED.);
#117=B_SPLINE_CURVE_WITH_KNOTS('',3,(#7002,#7003,#7004,#7005,#7006),
 .UNSPECIFIED.,.F.,.F.,(4,1,4),(0.,0.120609702715547,0.255950172481222),
 .UNSPECIFIED.);
#118=B_SPLINE_CURVE_WITH_KNOTS('',3,(#7009,#7010,#7011,#7012,#7013),
 .UNSPECIFIED.,.F.,.F.,(4,1,4),(0.,0.120609702715547,0.255950172481222),
 .UNSPECIFIED.);
#119=B_SPLINE_CURVE_WITH_KNOTS('',3,(#7025,#7026,#7027,#7028,#7029),
 .UNSPECIFIED.,.F.,.F.,(4,1,4),(0.,0.0955908618368374,0.202285618869769),
 .UNSPECIFIED.);
#120=B_SPLINE_CURVE_WITH_KNOTS('',3,(#7032,#7033,#7034,#7035,#7036),
 .UNSPECIFIED.,.F.,.F.,(4,1,4),(0.,0.0955908618368374,0.202285618869769),
 .UNSPECIFIED.);
#121=B_SPLINE_CURVE_WITH_KNOTS('',3,(#7048,#7049,#7050,#7051,#7052),
 .UNSPECIFIED.,.F.,.F.,(4,1,4),(0.,0.097894328743486,0.19059686226707),
 .UNSPECIFIED.);
#122=B_SPLINE_CURVE_WITH_KNOTS('',3,(#7055,#7056,#7057,#7058,#7059),
 .UNSPECIFIED.,.F.,.F.,(4,1,4),(0.,0.097894328743486,0.19059686226707),
 .UNSPECIFIED.);
#123=B_SPLINE_CURVE_WITH_KNOTS('',3,(#7071,#7072,#7073,#7074,#7075),
 .UNSPECIFIED.,.F.,.F.,(4,1,4),(0.,0.100479129699024,0.200948904177943),
 .UNSPECIFIED.);
#124=B_SPLINE_CURVE_WITH_KNOTS('',3,(#7078,#7079,#7080,#7081,#7082),
 .UNSPECIFIED.,.F.,.F.,(4,1,4),(0.,0.100479129699024,0.200948904177943),
 .UNSPECIFIED.);
#125=B_SPLINE_CURVE_WITH_KNOTS('',3,(#7196,#7197,#7198,#7199,#7200),
 .UNSPECIFIED.,.F.,.F.,(4,1,4),(0.,0.0748038570464793,0.150791345324768),
 .UNSPECIFIED.);
#126=B_SPLINE_CURVE_WITH_KNOTS('',3,(#7204,#7205,#7206,#7207,#7208),
 .UNSPECIFIED.,.F.,.F.,(4,1,4),(0.,0.0748038570464793,0.150791345324768),
 .UNSPECIFIED.);
#127=B_SPLINE_CURVE_WITH_KNOTS('',3,(#7221,#7222,#7223,#7224,#7225),
 .UNSPECIFIED.,.F.,.F.,(4,1,4),(0.,0.0732518138064407,0.143655486125803),
 .UNSPECIFIED.);
#128=B_SPLINE_CURVE_WITH_KNOTS('',3,(#7228,#7229,#7230,#7231,#7232),
 .UNSPECIFIED.,.F.,.F.,(4,1,4),(0.,0.0732518138064407,0.143655486125803),
 .UNSPECIFIED.);
#129=B_SPLINE_CURVE_WITH_KNOTS('',3,(#7244,#7245,#7246,#7247,#7248),
 .UNSPECIFIED.,.F.,.F.,(4,1,4),(0.,0.115930777346957,0.204203016468165),
 .UNSPECIFIED.);
#130=B_SPLINE_CURVE_WITH_KNOTS('',3,(#7251,#7252,#7253,#7254,#7255),
 .UNSPECIFIED.,.F.,.F.,(4,1,4),(0.,0.115930777346957,0.204203016468165),
 .UNSPECIFIED.);
#131=B_SPLINE_CURVE_WITH_KNOTS('',3,(#7267,#7268,#7269,#7270,#7271),
 .UNSPECIFIED.,.F.,.F.,(4,1,4),(0.,0.0888296345397416,0.211206561140853),
 .UNSPECIFIED.);
#132=B_SPLINE_CURVE_WITH_KNOTS('',3,(#7274,#7275,#7276,#7277,#7278),
 .UNSPECIFIED.,.F.,.F.,(4,1,4),(0.,0.0888296345397416,0.211206561140853),
 .UNSPECIFIED.);
#133=B_SPLINE_CURVE_WITH_KNOTS('',3,(#7290,#7291,#7292,#7293,#7294),
 .UNSPECIFIED.,.F.,.F.,(4,1,4),(0.,0.0684476822739654,0.139684010690052),
 .UNSPECIFIED.);
#134=B_SPLINE_CURVE_WITH_KNOTS('',3,(#7297,#7298,#7299,#7300,#7301),
 .UNSPECIFIED.,.F.,.F.,(4,1,4),(0.,0.0684476822739654,0.139684010690052),
 .UNSPECIFIED.);
#135=B_SPLINE_CURVE_WITH_KNOTS('',3,(#7313,#7314,#7315,#7316,#7317),
 .UNSPECIFIED.,.F.,.F.,(4,1,4),(0.,0.0774354350313828,0.154768749213151),
 .UNSPECIFIED.);
#136=B_SPLINE_CURVE_WITH_KNOTS('',3,(#7320,#7321,#7322,#7323,#7324),
 .UNSPECIFIED.,.F.,.F.,(4,1,4),(0.,0.0774354350313828,0.154768749213151),
 .UNSPECIFIED.);
#137=B_SPLINE_CURVE_WITH_KNOTS('',3,(#7336,#7337,#7338,#7339,#7340),
 .UNSPECIFIED.,.F.,.F.,(4,1,4),(0.,0.112475755632037,0.201481635948915),
 .UNSPECIFIED.);
#138=B_SPLINE_CURVE_WITH_KNOTS('',3,(#7343,#7344,#7345,#7346,#7347),
 .UNSPECIFIED.,.F.,.F.,(4,1,4),(0.,0.112475755632037,0.201481635948915),
 .UNSPECIFIED.);
#139=B_SPLINE_CURVE_WITH_KNOTS('',3,(#7358,#7359,#7360,#7361,#7362),
 .UNSPECIFIED.,.F.,.F.,(4,1,4),(0.,0.0912943145768972,0.213524045841923),
 .UNSPECIFIED.);
#140=B_SPLINE_CURVE_WITH_KNOTS('',3,(#7363,#7364,#7365,#7366,#7367),
 .UNSPECIFIED.,.F.,.F.,(4,1,4),(0.,0.0912943145768972,0.213524045841923),
 .UNSPECIFIED.);
#141=B_SPLINE_CURVE_WITH_KNOTS('',3,(#7388,#7389,#7390,#7391,#7392),
 .UNSPECIFIED.,.F.,.F.,(4,1,4),(0.,0.0852834876956866,0.172585932288398),
 .UNSPECIFIED.);
#142=B_SPLINE_CURVE_WITH_KNOTS('',3,(#7395,#7396,#7397,#7398,#7399),
 .UNSPECIFIED.,.F.,.F.,(4,1,4),(0.,0.0852834876956866,0.172585932288398),
 .UNSPECIFIED.);
#143=B_SPLINE_CURVE_WITH_KNOTS('',3,(#7411,#7412,#7413,#7414,#7415),
 .UNSPECIFIED.,.F.,.F.,(4,1,4),(0.,0.0930875235809092,0.18038635856126),
 .UNSPECIFIED.);
#144=B_SPLINE_CURVE_WITH_KNOTS('',3,(#7418,#7419,#7420,#7421,#7422),
 .UNSPECIFIED.,.F.,.F.,(4,1,4),(0.,0.0930875235809092,0.18038635856126),
 .UNSPECIFIED.);
#145=B_SPLINE_CURVE_WITH_KNOTS('',3,(#7434,#7435,#7436,#7437,#7438),
 .UNSPECIFIED.,.F.,.F.,(4,1,4),(0.,0.182039986362678,0.367529922548757),
 .UNSPECIFIED.);
#146=B_SPLINE_CURVE_WITH_KNOTS('',3,(#7441,#7442,#7443,#7444,#7445),
 .UNSPECIFIED.,.F.,.F.,(4,1,4),(0.,0.182039986362678,0.367529922548757),
 .UNSPECIFIED.);
#147=B_SPLINE_CURVE_WITH_KNOTS('',3,(#7457,#7458,#7459,#7460,#7461),
 .UNSPECIFIED.,.F.,.F.,(4,1,4),(0.,0.240590241742695,0.440681546288947),
 .UNSPECIFIED.);
#148=B_SPLINE_CURVE_WITH_KNOTS('',3,(#7464,#7465,#7466,#7467,#7468),
 .UNSPECIFIED.,.F.,.F.,(4,1,4),(0.,0.240590241742695,0.440681546288947),
 .UNSPECIFIED.);
#149=B_SPLINE_CURVE_WITH_KNOTS('',3,(#7480,#7481,#7482,#7483,#7484),
 .UNSPECIFIED.,.F.,.F.,(4,1,4),(0.,0.206604007730038,0.431828422804254),
 .UNSPECIFIED.);
#150=B_SPLINE_CURVE_WITH_KNOTS('',3,(#7487,#7488,#7489,#7490,#7491),
 .UNSPECIFIED.,.F.,.F.,(4,1,4),(0.,0.206604007730038,0.431828422804254),
 .UNSPECIFIED.);
#151=B_SPLINE_CURVE_WITH_KNOTS('',3,(#7503,#7504,#7505,#7506,#7507),
 .UNSPECIFIED.,.F.,.F.,(4,1,4),(0.,0.200310522423252,0.391592577671333),
 .UNSPECIFIED.);
#152=B_SPLINE_CURVE_WITH_KNOTS('',3,(#7510,#7511,#7512,#7513,#7514),
 .UNSPECIFIED.,.F.,.F.,(4,1,4),(0.,0.200310522423252,0.391592577671333),
 .UNSPECIFIED.);
#153=B_SPLINE_CURVE_WITH_KNOTS('',3,(#7526,#7527,#7528,#7529,#7530),
 .UNSPECIFIED.,.F.,.F.,(4,1,4),(0.,0.10149357190146,0.207537028510305),
 .UNSPECIFIED.);
#154=B_SPLINE_CURVE_WITH_KNOTS('',3,(#7533,#7534,#7535,#7536,#7537),
 .UNSPECIFIED.,.F.,.F.,(4,1,4),(0.,0.10149357190146,0.207537028510305),
 .UNSPECIFIED.);
#155=B_SPLINE_CURVE_WITH_KNOTS('',3,(#7549,#7550,#7551,#7552,#7553),
 .UNSPECIFIED.,.F.,.F.,(4,1,4),(0.,0.116060529951446,0.204416207976135),
 .UNSPECIFIED.);
#156=B_SPLINE_CURVE_WITH_KNOTS('',3,(#7556,#7557,#7558,#7559,#7560),
 .UNSPECIFIED.,.F.,.F.,(4,1,4),(0.,0.116060529951446,0.204416207976135),
 .UNSPECIFIED.);
#157=B_SPLINE_CURVE_WITH_KNOTS('',3,(#7627,#7628,#7629,#7630,#7631),
 .UNSPECIFIED.,.F.,.F.,(4,1,4),(0.,0.109646211826195,0.266620853017256),
 .UNSPECIFIED.);
#158=B_SPLINE_CURVE_WITH_KNOTS('',3,(#7634,#7635,#7636,#7637,#7638),
 .UNSPECIFIED.,.F.,.F.,(4,1,4),(0.,0.109646211826195,0.266620853017256),
 .UNSPECIFIED.);
#159=B_SPLINE_CURVE_WITH_KNOTS('',3,(#7650,#7651,#7652,#7653,#7654),
 .UNSPECIFIED.,.F.,.F.,(4,1,4),(0.,0.0814017771045969,0.165314309242174),
 .UNSPECIFIED.);
#160=B_SPLINE_CURVE_WITH_KNOTS('',3,(#7657,#7658,#7659,#7660,#7661),
 .UNSPECIFIED.,.F.,.F.,(4,1,4),(0.,0.0814017771045969,0.165314309242174),
 .UNSPECIFIED.);
#161=B_SPLINE_CURVE_WITH_KNOTS('',3,(#7673,#7674,#7675,#7676,#7677),
 .UNSPECIFIED.,.F.,.F.,(4,1,4),(0.,0.135428341303153,0.234194287811859),
 .UNSPECIFIED.);
#162=B_SPLINE_CURVE_WITH_KNOTS('',3,(#7680,#7681,#7682,#7683,#7684),
 .UNSPECIFIED.,.F.,.F.,(4,1,4),(0.,0.135428341303153,0.234194287811859),
 .UNSPECIFIED.);
#163=B_SPLINE_CURVE_WITH_KNOTS('',3,(#7696,#7697,#7698,#7699,#7700),
 .UNSPECIFIED.,.F.,.F.,(4,1,4),(0.,0.151517174259566,0.290927412788068),
 .UNSPECIFIED.);
#164=B_SPLINE_CURVE_WITH_KNOTS('',3,(#7703,#7704,#7705,#7706,#7707),
 .UNSPECIFIED.,.F.,.F.,(4,1,4),(0.,0.151517174259566,0.290927412788068),
 .UNSPECIFIED.);
#165=B_SPLINE_CURVE_WITH_KNOTS('',3,(#7725,#7726,#7727,#7728,#7729),
 .UNSPECIFIED.,.F.,.F.,(4,1,4),(0.,0.0556499854172669,0.131964499454202),
 .UNSPECIFIED.);
#166=B_SPLINE_CURVE_WITH_KNOTS('',3,(#7732,#7733,#7734,#7735,#7736),
 .UNSPECIFIED.,.F.,.F.,(4,1,4),(0.,0.0556499854172669,0.131964499454202),
 .UNSPECIFIED.);
#167=B_SPLINE_CURVE_WITH_KNOTS('',3,(#7748,#7749,#7750,#7751,#7752),
 .UNSPECIFIED.,.F.,.F.,(4,1,4),(0.,0.0383404319480742,0.0826840634956823),
 .UNSPECIFIED.);
#168=B_SPLINE_CURVE_WITH_KNOTS('',3,(#7755,#7756,#7757,#7758,#7759),
 .UNSPECIFIED.,.F.,.F.,(4,1,4),(0.,0.0383404319480742,0.0826840634956823),
 .UNSPECIFIED.);
#169=B_SPLINE_CURVE_WITH_KNOTS('',3,(#7771,#7772,#7773,#7774,#7775),
 .UNSPECIFIED.,.F.,.F.,(4,1,4),(0.,0.0577863583670057,0.0934165082083602),
 .UNSPECIFIED.);
#170=B_SPLINE_CURVE_WITH_KNOTS('',3,(#7778,#7779,#7780,#7781,#7782),
 .UNSPECIFIED.,.F.,.F.,(4,1,4),(0.,0.0577863583670057,0.0934165082083602),
 .UNSPECIFIED.);
#171=B_SPLINE_CURVE_WITH_KNOTS('',3,(#7843,#7844,#7845,#7846,#7847),
 .UNSPECIFIED.,.F.,.F.,(4,1,4),(0.,0.0875015351114153,0.213648064374884),
 .UNSPECIFIED.);
#172=B_SPLINE_CURVE_WITH_KNOTS('',3,(#7850,#7851,#7852,#7853,#7854),
 .UNSPECIFIED.,.F.,.F.,(4,1,4),(0.,0.0875015351114153,0.213648064374884),
 .UNSPECIFIED.);
#173=B_SPLINE_CURVE_WITH_KNOTS('',3,(#7866,#7867,#7868,#7869,#7870),
 .UNSPECIFIED.,.F.,.F.,(4,1,4),(0.,0.0700345386363671,0.139226856484084),
 .UNSPECIFIED.);
#174=B_SPLINE_CURVE_WITH_KNOTS('',3,(#7873,#7874,#7875,#7876,#7877),
 .UNSPECIFIED.,.F.,.F.,(4,1,4),(0.,0.0700345386363671,0.139226856484084),
 .UNSPECIFIED.);
#175=B_SPLINE_CURVE_WITH_KNOTS('',3,(#7889,#7890,#7891,#7892,#7893),
 .UNSPECIFIED.,.F.,.F.,(4,1,4),(0.,0.0555642394087715,0.117362576924156),
 .UNSPECIFIED.);
#176=B_SPLINE_CURVE_WITH_KNOTS('',3,(#7896,#7897,#7898,#7899,#7900),
 .UNSPECIFIED.,.F.,.F.,(4,1,4),(0.,0.0555642394087715,0.117362576924156),
 .UNSPECIFIED.);
#177=B_SPLINE_CURVE_WITH_KNOTS('',3,(#7912,#7913,#7914,#7915,#7916),
 .UNSPECIFIED.,.F.,.F.,(4,1,4),(0.,0.0878663316025096,0.151929246053131),
 .UNSPECIFIED.);
#178=B_SPLINE_CURVE_WITH_KNOTS('',3,(#7919,#7920,#7921,#7922,#7923),
 .UNSPECIFIED.,.F.,.F.,(4,1,4),(0.,0.0878663316025096,0.151929246053131),
 .UNSPECIFIED.);
#179=B_SPLINE_CURVE_WITH_KNOTS('',3,(#7953,#7954,#7955,#7956,#7957),
 .UNSPECIFIED.,.F.,.F.,(4,1,4),(0.,0.150078688006189,0.337895287369595),
 .UNSPECIFIED.);
#180=B_SPLINE_CURVE_WITH_KNOTS('',3,(#7960,#7961,#7962,#7963,#7964),
 .UNSPECIFIED.,.F.,.F.,(4,1,4),(0.,0.150078688006189,0.337895287369595),
 .UNSPECIFIED.);
#181=B_SPLINE_CURVE_WITH_KNOTS('',3,(#7976,#7977,#7978,#7979,#7980),
 .UNSPECIFIED.,.F.,.F.,(4,1,4),(0.,0.153998502031803,0.29330084139898),
 .UNSPECIFIED.);
#182=B_SPLINE_CURVE_WITH_KNOTS('',3,(#7983,#7984,#7985,#7986,#7987),
 .UNSPECIFIED.,.F.,.F.,(4,1,4),(0.,0.153998502031803,0.29330084139898),
 .UNSPECIFIED.);
#183=B_SPLINE_CURVE_WITH_KNOTS('',3,(#7999,#8000,#8001,#8002,#8003),
 .UNSPECIFIED.,.F.,.F.,(4,1,4),(0.,0.0958764800464848,0.203218104255239),
 .UNSPECIFIED.);
#184=B_SPLINE_CURVE_WITH_KNOTS('',3,(#8006,#8007,#8008,#8009,#8010),
 .UNSPECIFIED.,.F.,.F.,(4,1,4),(0.,0.0958764800464848,0.203218104255239),
 .UNSPECIFIED.);
#185=B_SPLINE_CURVE_WITH_KNOTS('',3,(#8022,#8023,#8024,#8025,#8026),
 .UNSPECIFIED.,.F.,.F.,(4,1,4),(0.,0.113415409314856,0.211506837902278),
 .UNSPECIFIED.);
#186=B_SPLINE_CURVE_WITH_KNOTS('',3,(#8029,#8030,#8031,#8032,#8033),
 .UNSPECIFIED.,.F.,.F.,(4,1,4),(0.,0.113415409314856,0.211506837902278),
 .UNSPECIFIED.);
#187=B_SPLINE_CURVE_WITH_KNOTS('',3,(#8062,#8063,#8064,#8065,#8066),
 .UNSPECIFIED.,.F.,.F.,(4,1,4),(0.,0.058969485367215,0.129719841195295),
 .UNSPECIFIED.);
#188=B_SPLINE_CURVE_WITH_KNOTS('',3,(#8070,#8071,#8072,#8073,#8074),
 .UNSPECIFIED.,.F.,.F.,(4,1,4),(0.,0.058969485367215,0.129719841195295),
 .UNSPECIFIED.);
#189=B_SPLINE_CURVE_WITH_KNOTS('',3,(#8087,#8088,#8089,#8090,#8091),
 .UNSPECIFIED.,.F.,.F.,(4,1,4),(0.,0.0634165184393603,0.119589609513113),
 .UNSPECIFIED.);
#190=B_SPLINE_CURVE_WITH_KNOTS('',3,(#8094,#8095,#8096,#8097,#8098),
 .UNSPECIFIED.,.F.,.F.,(4,1,4),(0.,0.0634165184393603,0.119589609513113),
 .UNSPECIFIED.);
#191=B_SPLINE_CURVE_WITH_KNOTS('',3,(#8110,#8111,#8112,#8113,#8114),
 .UNSPECIFIED.,.F.,.F.,(4,1,4),(0.,0.0676754891078743,0.134913682021462),
 .UNSPECIFIED.);
#192=B_SPLINE_CURVE_WITH_KNOTS('',3,(#8117,#8118,#8119,#8120,#8121),
 .UNSPECIFIED.,.F.,.F.,(4,1,4),(0.,0.0676754891078743,0.134913682021462),
 .UNSPECIFIED.);
#193=B_SPLINE_CURVE_WITH_KNOTS('',3,(#8133,#8134,#8135,#8136,#8137),
 .UNSPECIFIED.,.F.,.F.,(4,1,4),(0.,0.0483741342302065,0.107342169509348),
 .UNSPECIFIED.);
#194=B_SPLINE_CURVE_WITH_KNOTS('',3,(#8140,#8141,#8142,#8143,#8144),
 .UNSPECIFIED.,.F.,.F.,(4,1,4),(0.,0.0483741342302065,0.107342169509348),
 .UNSPECIFIED.);
#195=B_SPLINE_CURVE_WITH_KNOTS('',3,(#8156,#8157,#8158,#8159,#8160),
 .UNSPECIFIED.,.F.,.F.,(4,1,4),(0.,0.0454523024163081,0.0894320098971531),
 .UNSPECIFIED.);
#196=B_SPLINE_CURVE_WITH_KNOTS('',3,(#8163,#8164,#8165,#8166,#8167),
 .UNSPECIFIED.,.F.,.F.,(4,1,4),(0.,0.0454523024163081,0.0894320098971531),
 .UNSPECIFIED.);
#197=B_SPLINE_CURVE_WITH_KNOTS('',3,(#8179,#8180,#8181,#8182,#8183),
 .UNSPECIFIED.,.F.,.F.,(4,1,4),(0.,0.044515406430782,0.0861067256861533),
 .UNSPECIFIED.);
#198=B_SPLINE_CURVE_WITH_KNOTS('',3,(#8186,#8187,#8188,#8189,#8190),
 .UNSPECIFIED.,.F.,.F.,(4,1,4),(0.,0.044515406430782,0.0861067256861533),
 .UNSPECIFIED.);
#199=B_SPLINE_CURVE_WITH_KNOTS('',3,(#8202,#8203,#8204,#8205,#8206),
 .UNSPECIFIED.,.F.,.F.,(4,1,4),(0.,0.108883063459751,0.174782643241691),
 .UNSPECIFIED.);
#200=B_SPLINE_CURVE_WITH_KNOTS('',3,(#8209,#8210,#8211,#8212,#8213),
 .UNSPECIFIED.,.F.,.F.,(4,1,4),(0.,0.108883063459751,0.174782643241691),
 .UNSPECIFIED.);
#201=B_SPLINE_CURVE_WITH_KNOTS('',3,(#8225,#8226,#8227,#8228,#8229),
 .UNSPECIFIED.,.F.,.F.,(4,1,4),(0.,0.0923773931728788,0.18714356961727),
 .UNSPECIFIED.);
#202=B_SPLINE_CURVE_WITH_KNOTS('',3,(#8232,#8233,#8234,#8235,#8236),
 .UNSPECIFIED.,.F.,.F.,(4,1,4),(0.,0.0923773931728788,0.18714356961727),
 .UNSPECIFIED.);
#203=B_SPLINE_CURVE_WITH_KNOTS('',3,(#8252,#8253,#8254,#8255,#8256),
 .UNSPECIFIED.,.F.,.F.,(4,1,4),(0.,0.0899026795867054,0.158405072450818),
 .UNSPECIFIED.);
#204=B_SPLINE_CURVE_WITH_KNOTS('',3,(#8260,#8261,#8262,#8263,#8264),
 .UNSPECIFIED.,.F.,.F.,(4,1,4),(0.,0.0899026795867054,0.158405072450818),
 .UNSPECIFIED.);
#205=B_SPLINE_CURVE_WITH_KNOTS('',3,(#8277,#8278,#8279,#8280,#8281),
 .UNSPECIFIED.,.F.,.F.,(4,1,4),(0.,0.0494298928318385,0.117649370346732),
 .UNSPECIFIED.);
#206=B_SPLINE_CURVE_WITH_KNOTS('',3,(#8284,#8285,#8286,#8287,#8288),
 .UNSPECIFIED.,.F.,.F.,(4,1,4),(0.,0.0494298928318385,0.117649370346732),
 .UNSPECIFIED.);
#207=B_SPLINE_CURVE_WITH_KNOTS('',3,(#8300,#8301,#8302,#8303,#8304),
 .UNSPECIFIED.,.F.,.F.,(4,1,4),(0.,0.0657087059856514,0.114158013842494),
 .UNSPECIFIED.);
#208=B_SPLINE_CURVE_WITH_KNOTS('',3,(#8307,#8308,#8309,#8310,#8311),
 .UNSPECIFIED.,.F.,.F.,(4,1,4),(0.,0.0657087059856514,0.114158013842494),
 .UNSPECIFIED.);
#209=B_SPLINE_CURVE_WITH_KNOTS('',3,(#8323,#8324,#8325,#8326,#8327),
 .UNSPECIFIED.,.F.,.F.,(4,1,4),(0.,0.0748883075246042,0.155531057565131),
 .UNSPECIFIED.);
#210=B_SPLINE_CURVE_WITH_KNOTS('',3,(#8330,#8331,#8332,#8333,#8334),
 .UNSPECIFIED.,.F.,.F.,(4,1,4),(0.,0.0748883075246042,0.155531057565131),
 .UNSPECIFIED.);
#211=B_SPLINE_CURVE_WITH_KNOTS('',3,(#8346,#8347,#8348,#8349,#8350),
 .UNSPECIFIED.,.F.,.F.,(4,1,4),(0.,0.197232812172177,0.310995826636577),
 .UNSPECIFIED.);
#212=B_SPLINE_CURVE_WITH_KNOTS('',3,(#8353,#8354,#8355,#8356,#8357),
 .UNSPECIFIED.,.F.,.F.,(4,1,4),(0.,0.197232812172177,0.310995826636577),
 .UNSPECIFIED.);
#213=B_SPLINE_CURVE_WITH_KNOTS('',3,(#8369,#8370,#8371,#8372,#8373),
 .UNSPECIFIED.,.F.,.F.,(4,1,4),(0.,0.124581974175971,0.296481267598598),
 .UNSPECIFIED.);
#214=B_SPLINE_CURVE_WITH_KNOTS('',3,(#8376,#8377,#8378,#8379,#8380),
 .UNSPECIFIED.,.F.,.F.,(4,1,4),(0.,0.124581974175971,0.296481267598598),
 .UNSPECIFIED.);
#215=B_SPLINE_CURVE_WITH_KNOTS('',3,(#8392,#8393,#8394,#8395,#8396),
 .UNSPECIFIED.,.F.,.F.,(4,1,4),(0.,0.114259418949752,0.220159316062637),
 .UNSPECIFIED.);
#216=B_SPLINE_CURVE_WITH_KNOTS('',3,(#8399,#8400,#8401,#8402,#8403),
 .UNSPECIFIED.,.F.,.F.,(4,1,4),(0.,0.114259418949752,0.220159316062637),
 .UNSPECIFIED.);
#217=B_SPLINE_CURVE_WITH_KNOTS('',3,(#8415,#8416,#8417,#8418,#8419),
 .UNSPECIFIED.,.F.,.F.,(4,1,4),(0.,0.125776074551243,0.249865311743071),
 .UNSPECIFIED.);
#218=B_SPLINE_CURVE_WITH_KNOTS('',3,(#8422,#8423,#8424,#8425,#8426),
 .UNSPECIFIED.,.F.,.F.,(4,1,4),(0.,0.125776074551243,0.249865311743071),
 .UNSPECIFIED.);
#219=B_SPLINE_CURVE_WITH_KNOTS('',3,(#8438,#8439,#8440,#8441,#8442),
 .UNSPECIFIED.,.F.,.F.,(4,1,4),(0.,0.17247635237397,0.313839030689914),
 .UNSPECIFIED.);
#220=B_SPLINE_CURVE_WITH_KNOTS('',3,(#8445,#8446,#8447,#8448,#8449),
 .UNSPECIFIED.,.F.,.F.,(4,1,4),(0.,0.17247635237397,0.313839030689914),
 .UNSPECIFIED.);
#221=B_SPLINE_CURVE_WITH_KNOTS('',3,(#8461,#8462,#8463,#8464,#8465),
 .UNSPECIFIED.,.F.,.F.,(4,1,4),(0.,0.124137873513801,0.261961770860408),
 .UNSPECIFIED.);
#222=B_SPLINE_CURVE_WITH_KNOTS('',3,(#8468,#8469,#8470,#8471,#8472),
 .UNSPECIFIED.,.F.,.F.,(4,1,4),(0.,0.124137873513801,0.261961770860408),
 .UNSPECIFIED.);
#223=B_SPLINE_CURVE_WITH_KNOTS('',3,(#8484,#8485,#8486,#8487,#8488),
 .UNSPECIFIED.,.F.,.F.,(4,1,4),(0.,0.105919122024014,0.198666543438705),
 .UNSPECIFIED.);
#224=B_SPLINE_CURVE_WITH_KNOTS('',3,(#8491,#8492,#8493,#8494,#8495),
 .UNSPECIFIED.,.F.,.F.,(4,1,4),(0.,0.105919122024014,0.198666543438705),
 .UNSPECIFIED.);
#225=B_SPLINE_CURVE_WITH_KNOTS('',3,(#8507,#8508,#8509,#8510,#8511),
 .UNSPECIFIED.,.F.,.F.,(4,1,4),(0.,0.029158288403579,0.0705823169666915),
 .UNSPECIFIED.);
#226=B_SPLINE_CURVE_WITH_KNOTS('',3,(#8514,#8515,#8516,#8517,#8518),
 .UNSPECIFIED.,.F.,.F.,(4,1,4),(0.,0.029158288403579,0.0705823169666915),
 .UNSPECIFIED.);
#227=B_SPLINE_CURVE_WITH_KNOTS('',3,(#8530,#8531,#8532,#8533,#8534),
 .UNSPECIFIED.,.F.,.F.,(4,1,4),(0.,0.0417632133823814,0.0710033097331703),
 .UNSPECIFIED.);
#228=B_SPLINE_CURVE_WITH_KNOTS('',3,(#8537,#8538,#8539,#8540,#8541),
 .UNSPECIFIED.,.F.,.F.,(4,1,4),(0.,0.0417632133823814,0.0710033097331703),
 .UNSPECIFIED.);
#229=B_SPLINE_CURVE_WITH_KNOTS('',3,(#8559,#8560,#8561,#8562,#8563),
 .UNSPECIFIED.,.F.,.F.,(4,1,4),(0.,0.0518596630020822,0.119038085979089),
 .UNSPECIFIED.);
#230=B_SPLINE_CURVE_WITH_KNOTS('',3,(#8566,#8567,#8568,#8569,#8570),
 .UNSPECIFIED.,.F.,.F.,(4,1,4),(0.,0.0518596630020822,0.119038085979089),
 .UNSPECIFIED.);
#231=B_SPLINE_CURVE_WITH_KNOTS('',3,(#8582,#8583,#8584,#8585,#8586),
 .UNSPECIFIED.,.F.,.F.,(4,1,4),(0.,0.068468788715872,0.120779074523469),
 .UNSPECIFIED.);
#232=B_SPLINE_CURVE_WITH_KNOTS('',3,(#8589,#8590,#8591,#8592,#8593),
 .UNSPECIFIED.,.F.,.F.,(4,1,4),(0.,0.068468788715872,0.120779074523469),
 .UNSPECIFIED.);
#233=B_SPLINE_CURVE_WITH_KNOTS('',3,(#8611,#8612,#8613,#8614,#8615),
 .UNSPECIFIED.,.F.,.F.,(4,1,4),(0.,0.0856468970688165,0.164678432593656),
 .UNSPECIFIED.);
#234=B_SPLINE_CURVE_WITH_KNOTS('',3,(#8618,#8619,#8620,#8621,#8622),
 .UNSPECIFIED.,.F.,.F.,(4,1,4),(0.,0.0856468970688165,0.164678432593656),
 .UNSPECIFIED.);
#235=B_SPLINE_CURVE_WITH_KNOTS('',3,(#8634,#8635,#8636,#8637,#8638),
 .UNSPECIFIED.,.F.,.F.,(4,1,4),(0.,0.0732055636602072,0.156377562766551),
 .UNSPECIFIED.);
#236=B_SPLINE_CURVE_WITH_KNOTS('',3,(#8641,#8642,#8643,#8644,#8645),
 .UNSPECIFIED.,.F.,.F.,(4,1,4),(0.,0.0732055636602072,0.156377562766551),
 .UNSPECIFIED.);
#237=B_SPLINE_CURVE_WITH_KNOTS('',3,(#8657,#8658,#8659,#8660,#8661),
 .UNSPECIFIED.,.F.,.F.,(4,1,4),(0.,0.109022589297587,0.210484150173339),
 .UNSPECIFIED.);
#238=B_SPLINE_CURVE_WITH_KNOTS('',3,(#8664,#8665,#8666,#8667,#8668),
 .UNSPECIFIED.,.F.,.F.,(4,1,4),(0.,0.109022589297587,0.210484150173339),
 .UNSPECIFIED.);
#239=B_SPLINE_CURVE_WITH_KNOTS('',3,(#8680,#8681,#8682,#8683,#8684),
 .UNSPECIFIED.,.F.,.F.,(4,1,4),(0.,0.168908234978426,0.301834311645907),
 .UNSPECIFIED.);
#240=B_SPLINE_CURVE_WITH_KNOTS('',3,(#8687,#8688,#8689,#8690,#8691),
 .UNSPECIFIED.,.F.,.F.,(4,1,4),(0.,0.168908234978426,0.301834311645907),
 .UNSPECIFIED.);
#241=B_SPLINE_CURVE_WITH_KNOTS('',3,(#8703,#8704,#8705,#8706,#8707),
 .UNSPECIFIED.,.F.,.F.,(4,1,4),(0.,0.105177734988033,0.217812929583948),
 .UNSPECIFIED.);
#242=B_SPLINE_CURVE_WITH_KNOTS('',3,(#8710,#8711,#8712,#8713,#8714),
 .UNSPECIFIED.,.F.,.F.,(4,1,4),(0.,0.105177734988033,0.217812929583948),
 .UNSPECIFIED.);
#243=B_SPLINE_CURVE_WITH_KNOTS('',3,(#8726,#8727,#8728,#8729,#8730),
 .UNSPECIFIED.,.F.,.F.,(4,1,4),(0.,0.0736307061513359,0.165584433389784),
 .UNSPECIFIED.);
#244=B_SPLINE_CURVE_WITH_KNOTS('',3,(#8733,#8734,#8735,#8736,#8737),
 .UNSPECIFIED.,.F.,.F.,(4,1,4),(0.,0.0736307061513359,0.165584433389784),
 .UNSPECIFIED.);
#245=B_SPLINE_CURVE_WITH_KNOTS('',3,(#8749,#8750,#8751,#8752,#8753),
 .UNSPECIFIED.,.F.,.F.,(4,1,4),(0.,0.0762040492658619,0.161449137233125),
 .UNSPECIFIED.);
#246=B_SPLINE_CURVE_WITH_KNOTS('',3,(#8756,#8757,#8758,#8759,#8760),
 .UNSPECIFIED.,.F.,.F.,(4,1,4),(0.,0.0762040492658619,0.161449137233125),
 .UNSPECIFIED.);
#247=B_SPLINE_CURVE_WITH_KNOTS('',3,(#8772,#8773,#8774,#8775,#8776),
 .UNSPECIFIED.,.F.,.F.,(4,1,4),(0.,0.0972087992595604,0.177477363266405),
 .UNSPECIFIED.);
#248=B_SPLINE_CURVE_WITH_KNOTS('',3,(#8779,#8780,#8781,#8782,#8783),
 .UNSPECIFIED.,.F.,.F.,(4,1,4),(0.,0.0972087992595604,0.177477363266405),
 .UNSPECIFIED.);
#249=B_SPLINE_CURVE_WITH_KNOTS('',3,(#8800,#8801,#8802,#8803,#8804),
 .UNSPECIFIED.,.F.,.F.,(4,1,4),(0.,0.0515524964876768,0.117340941691754),
 .UNSPECIFIED.);
#250=B_SPLINE_CURVE_WITH_KNOTS('',3,(#8805,#8806,#8807,#8808,#8809),
 .UNSPECIFIED.,.F.,.F.,(4,1,4),(0.,0.0515524964876768,0.117340941691754),
 .UNSPECIFIED.);
#251=B_SPLINE_CURVE_WITH_KNOTS('',3,(#8831,#8832,#8833,#8834,#8835),
 .UNSPECIFIED.,.F.,.F.,(4,1,4),(0.,0.0771479090054166,0.187061754609743),
 .UNSPECIFIED.);
#252=B_SPLINE_CURVE_WITH_KNOTS('',3,(#8838,#8839,#8840,#8841,#8842),
 .UNSPECIFIED.,.F.,.F.,(4,1,4),(0.,0.0771479090054166,0.187061754609743),
 .UNSPECIFIED.);
#253=B_SPLINE_CURVE_WITH_KNOTS('',3,(#8854,#8855,#8856,#8857,#8858),
 .UNSPECIFIED.,.F.,.F.,(4,1,4),(0.,0.0662812707829674,0.131201974896557),
 .UNSPECIFIED.);
#254=B_SPLINE_CURVE_WITH_KNOTS('',3,(#8861,#8862,#8863,#8864,#8865),
 .UNSPECIFIED.,.F.,.F.,(4,1,4),(0.,0.0662812707829674,0.131201974896557),
 .UNSPECIFIED.);
#255=B_SPLINE_CURVE_WITH_KNOTS('',3,(#8877,#8878,#8879,#8880,#8881),
 .UNSPECIFIED.,.F.,.F.,(4,1,4),(0.,0.0668692006832328,0.134368676165234),
 .UNSPECIFIED.);
#256=B_SPLINE_CURVE_WITH_KNOTS('',3,(#8884,#8885,#8886,#8887,#8888),
 .UNSPECIFIED.,.F.,.F.,(4,1,4),(0.,0.0668692006832328,0.134368676165234),
 .UNSPECIFIED.);
#257=B_SPLINE_CURVE_WITH_KNOTS('',3,(#8900,#8901,#8902,#8903,#8904),
 .UNSPECIFIED.,.F.,.F.,(4,1,4),(0.,0.114678101878093,0.196666411185727),
 .UNSPECIFIED.);
#258=B_SPLINE_CURVE_WITH_KNOTS('',3,(#8907,#8908,#8909,#8910,#8911),
 .UNSPECIFIED.,.F.,.F.,(4,1,4),(0.,0.114678101878093,0.196666411185727),
 .UNSPECIFIED.);
#259=B_SPLINE_CURVE_WITH_KNOTS('',3,(#8953,#8954,#8955,#8956,#8957),
 .UNSPECIFIED.,.F.,.F.,(4,1,4),(0.,0.197408514760645,0.443906185076615),
 .UNSPECIFIED.);
#260=B_SPLINE_CURVE_WITH_KNOTS('',3,(#8960,#8961,#8962,#8963,#8964),
 .UNSPECIFIED.,.F.,.F.,(4,1,4),(0.,0.197408514760645,0.443906185076615),
 .UNSPECIFIED.);
#261=B_SPLINE_CURVE_WITH_KNOTS('',3,(#8976,#8977,#8978,#8979,#8980),
 .UNSPECIFIED.,.F.,.F.,(4,1,4),(0.,0.205197808349364,0.389089591905397),
 .UNSPECIFIED.);
#262=B_SPLINE_CURVE_WITH_KNOTS('',3,(#8983,#8984,#8985,#8986,#8987),
 .UNSPECIFIED.,.F.,.F.,(4,1,4),(0.,0.205197808349364,0.389089591905397),
 .UNSPECIFIED.);
#263=B_SPLINE_CURVE_WITH_KNOTS('',3,(#8999,#9000,#9001,#9002,#9003),
 .UNSPECIFIED.,.F.,.F.,(4,1,4),(0.,0.172838117928151,0.37101649081846),
 .UNSPECIFIED.);
#264=B_SPLINE_CURVE_WITH_KNOTS('',3,(#9006,#9007,#9008,#9009,#9010),
 .UNSPECIFIED.,.F.,.F.,(4,1,4),(0.,0.172838117928151,0.37101649081846),
 .UNSPECIFIED.);
#265=B_SPLINE_CURVE_WITH_KNOTS('',3,(#9022,#9023,#9024,#9025,#9026),
 .UNSPECIFIED.,.F.,.F.,(4,1,4),(0.,0.222139651603087,0.402940793469648),
 .UNSPECIFIED.);
#266=B_SPLINE_CURVE_WITH_KNOTS('',3,(#9029,#9030,#9031,#9032,#9033),
 .UNSPECIFIED.,.F.,.F.,(4,1,4),(0.,0.222139651603087,0.402940793469648),
 .UNSPECIFIED.);
#267=B_SPLINE_CURVE_WITH_KNOTS('',3,(#9056,#9057,#9058,#9059,#9060),
 .UNSPECIFIED.,.F.,.F.,(4,1,4),(0.,0.0760591594163328,0.145841547771176),
 .UNSPECIFIED.);
#268=B_SPLINE_CURVE_WITH_KNOTS('',3,(#9064,#9065,#9066,#9067,#9068),
 .UNSPECIFIED.,.F.,.F.,(4,1,4),(0.,0.0760591594163328,0.145841547771176),
 .UNSPECIFIED.);
#269=B_SPLINE_CURVE_WITH_KNOTS('',3,(#9081,#9082,#9083,#9084,#9085),
 .UNSPECIFIED.,.F.,.F.,(4,1,4),(0.,0.0889743914321686,0.1801719441651),
 .UNSPECIFIED.);
#270=B_SPLINE_CURVE_WITH_KNOTS('',3,(#9088,#9089,#9090,#9091,#9092),
 .UNSPECIFIED.,.F.,.F.,(4,1,4),(0.,0.0889743914321686,0.1801719441651),
 .UNSPECIFIED.);
#271=B_SPLINE_CURVE_WITH_KNOTS('',3,(#9104,#9105,#9106,#9107,#9108),
 .UNSPECIFIED.,.F.,.F.,(4,1,4),(0.,0.11877467060187,0.216653102063371),
 .UNSPECIFIED.);
#272=B_SPLINE_CURVE_WITH_KNOTS('',3,(#9111,#9112,#9113,#9114,#9115),
 .UNSPECIFIED.,.F.,.F.,(4,1,4),(0.,0.11877467060187,0.216653102063371),
 .UNSPECIFIED.);
#273=B_SPLINE_CURVE_WITH_KNOTS('',3,(#9127,#9128,#9129,#9130,#9131),
 .UNSPECIFIED.,.F.,.F.,(4,1,4),(0.,0.104704033493404,0.236801461985849),
 .UNSPECIFIED.);
#274=B_SPLINE_CURVE_WITH_KNOTS('',3,(#9134,#9135,#9136,#9137,#9138),
 .UNSPECIFIED.,.F.,.F.,(4,1,4),(0.,0.104704033493404,0.236801461985849),
 .UNSPECIFIED.);
#275=B_SPLINE_CURVE_WITH_KNOTS('',3,(#9150,#9151,#9152,#9153,#9154),
 .UNSPECIFIED.,.F.,.F.,(4,1,4),(0.,0.0953093581109463,0.18766797127903),
 .UNSPECIFIED.);
#276=B_SPLINE_CURVE_WITH_KNOTS('',3,(#9157,#9158,#9159,#9160,#9161),
 .UNSPECIFIED.,.F.,.F.,(4,1,4),(0.,0.0953093581109463,0.18766797127903),
 .UNSPECIFIED.);
#277=B_SPLINE_CURVE_WITH_KNOTS('',3,(#9173,#9174,#9175,#9176,#9177),
 .UNSPECIFIED.,.F.,.F.,(4,1,4),(0.,0.0627715905680287,0.136840818570843),
 .UNSPECIFIED.);
#278=B_SPLINE_CURVE_WITH_KNOTS('',3,(#9180,#9181,#9182,#9183,#9184),
 .UNSPECIFIED.,.F.,.F.,(4,1,4),(0.,0.0627715905680287,0.136840818570843),
 .UNSPECIFIED.);
#279=B_SPLINE_CURVE_WITH_KNOTS('',3,(#9196,#9197,#9198,#9199,#9200),
 .UNSPECIFIED.,.F.,.F.,(4,1,4),(0.,0.0663028391635631,0.126386958783207),
 .UNSPECIFIED.);
#280=B_SPLINE_CURVE_WITH_KNOTS('',3,(#9203,#9204,#9205,#9206,#9207),
 .UNSPECIFIED.,.F.,.F.,(4,1,4),(0.,0.0663028391635631,0.126386958783207),
 .UNSPECIFIED.);
#281=B_SPLINE_CURVE_WITH_KNOTS('',3,(#9225,#9226,#9227,#9228,#9229),
 .UNSPECIFIED.,.F.,.F.,(4,1,4),(0.,0.166862841093397,0.34551934609755),
 .UNSPECIFIED.);
#282=B_SPLINE_CURVE_WITH_KNOTS('',3,(#9232,#9233,#9234,#9235,#9236),
 .UNSPECIFIED.,.F.,.F.,(4,1,4),(0.,0.166862841093397,0.34551934609755),
 .UNSPECIFIED.);
#283=B_SPLINE_CURVE_WITH_KNOTS('',3,(#9248,#9249,#9250,#9251,#9252),
 .UNSPECIFIED.,.F.,.F.,(4,1,4),(0.,0.235642805685047,0.421175155729233),
 .UNSPECIFIED.);
#284=B_SPLINE_CURVE_WITH_KNOTS('',3,(#9255,#9256,#9257,#9258,#9259),
 .UNSPECIFIED.,.F.,.F.,(4,1,4),(0.,0.235642805685047,0.421175155729233),
 .UNSPECIFIED.);
#285=B_SPLINE_CURVE_WITH_KNOTS('',3,(#9271,#9272,#9273,#9274,#9275),
 .UNSPECIFIED.,.F.,.F.,(4,1,4),(0.,0.143888763217041,0.317516245596151),
 .UNSPECIFIED.);
#286=B_SPLINE_CURVE_WITH_KNOTS('',3,(#9278,#9279,#9280,#9281,#9282),
 .UNSPECIFIED.,.F.,.F.,(4,1,4),(0.,0.143888763217041,0.317516245596151),
 .UNSPECIFIED.);
#287=B_SPLINE_CURVE_WITH_KNOTS('',3,(#9294,#9295,#9296,#9297,#9298),
 .UNSPECIFIED.,.F.,.F.,(4,1,4),(0.,0.0929077606603063,0.178537736975356),
 .UNSPECIFIED.);
#288=B_SPLINE_CURVE_WITH_KNOTS('',3,(#9301,#9302,#9303,#9304,#9305),
 .UNSPECIFIED.,.F.,.F.,(4,1,4),(0.,0.0929077606603063,0.178537736975356),
 .UNSPECIFIED.);
#289=B_SPLINE_CURVE_WITH_KNOTS('',3,(#9317,#9318,#9319,#9320,#9321),
 .UNSPECIFIED.,.F.,.F.,(4,1,4),(0.,0.0920778265258238,0.186949433088217),
 .UNSPECIFIED.);
#290=B_SPLINE_CURVE_WITH_KNOTS('',3,(#9324,#9325,#9326,#9327,#9328),
 .UNSPECIFIED.,.F.,.F.,(4,1,4),(0.,0.0920778265258238,0.186949433088217),
 .UNSPECIFIED.);
#291=B_SPLINE_CURVE_WITH_KNOTS('',3,(#9340,#9341,#9342,#9343,#9344),
 .UNSPECIFIED.,.F.,.F.,(4,1,4),(0.,0.154269098610565,0.286912652340443),
 .UNSPECIFIED.);
#292=B_SPLINE_CURVE_WITH_KNOTS('',3,(#9347,#9348,#9349,#9350,#9351),
 .UNSPECIFIED.,.F.,.F.,(4,1,4),(0.,0.154269098610565,0.286912652340443),
 .UNSPECIFIED.);
#293=B_SPLINE_CURVE_WITH_KNOTS('',3,(#9363,#9364,#9365,#9366,#9367),
 .UNSPECIFIED.,.F.,.F.,(4,1,4),(0.,0.11834801989481,0.263477204536742),
 .UNSPECIFIED.);
#294=B_SPLINE_CURVE_WITH_KNOTS('',3,(#9370,#9371,#9372,#9373,#9374),
 .UNSPECIFIED.,.F.,.F.,(4,1,4),(0.,0.11834801989481,0.263477204536742),
 .UNSPECIFIED.);
#295=B_SPLINE_CURVE_WITH_KNOTS('',3,(#9386,#9387,#9388,#9389,#9390),
 .UNSPECIFIED.,.F.,.F.,(4,1,4),(0.,0.107707675241338,0.214444653683078),
 .UNSPECIFIED.);
#296=B_SPLINE_CURVE_WITH_KNOTS('',3,(#9393,#9394,#9395,#9396,#9397),
 .UNSPECIFIED.,.F.,.F.,(4,1,4),(0.,0.107707675241338,0.214444653683078),
 .UNSPECIFIED.);
#297=B_SPLINE_CURVE_WITH_KNOTS('',3,(#9409,#9410,#9411,#9412,#9413),
 .UNSPECIFIED.,.F.,.F.,(4,1,4),(0.,0.115056184935927,0.225175631903491),
 .UNSPECIFIED.);
#298=B_SPLINE_CURVE_WITH_KNOTS('',3,(#9416,#9417,#9418,#9419,#9420),
 .UNSPECIFIED.,.F.,.F.,(4,1,4),(0.,0.115056184935927,0.225175631903491),
 .UNSPECIFIED.);
#299=B_SPLINE_CURVE_WITH_KNOTS('',3,(#9432,#9433,#9434,#9435,#9436),
 .UNSPECIFIED.,.F.,.F.,(4,1,4),(0.,0.158671601557941,0.29046437073909),
 .UNSPECIFIED.);
#300=B_SPLINE_CURVE_WITH_KNOTS('',3,(#9439,#9440,#9441,#9442,#9443),
 .UNSPECIFIED.,.F.,.F.,(4,1,4),(0.,0.158671601557941,0.29046437073909),
 .UNSPECIFIED.);
#301=B_SPLINE_CURVE_WITH_KNOTS('',3,(#9455,#9456,#9457,#9458,#9459),
 .UNSPECIFIED.,.F.,.F.,(4,1,4),(0.,0.137120201919958,0.300927663747734),
 .UNSPECIFIED.);
#302=B_SPLINE_CURVE_WITH_KNOTS('',3,(#9462,#9463,#9464,#9465,#9466),
 .UNSPECIFIED.,.F.,.F.,(4,1,4),(0.,0.137120201919958,0.300927663747734),
 .UNSPECIFIED.);
#303=B_SPLINE_CURVE_WITH_KNOTS('',3,(#9478,#9479,#9480,#9481,#9482),
 .UNSPECIFIED.,.F.,.F.,(4,1,4),(0.,0.117072579495746,0.238796491401005),
 .UNSPECIFIED.);
#304=B_SPLINE_CURVE_WITH_KNOTS('',3,(#9485,#9486,#9487,#9488,#9489),
 .UNSPECIFIED.,.F.,.F.,(4,1,4),(0.,0.117072579495746,0.238796491401005),
 .UNSPECIFIED.);
#305=B_SPLINE_CURVE_WITH_KNOTS('',3,(#9501,#9502,#9503,#9504,#9505),
 .UNSPECIFIED.,.F.,.F.,(4,1,4),(0.,0.123318406777451,0.241203040956233),
 .UNSPECIFIED.);
#306=B_SPLINE_CURVE_WITH_KNOTS('',3,(#9508,#9509,#9510,#9511,#9512),
 .UNSPECIFIED.,.F.,.F.,(4,1,4),(0.,0.123318406777451,0.241203040956233),
 .UNSPECIFIED.);
#307=B_SPLINE_CURVE_WITH_KNOTS('',3,(#9529,#9530,#9531,#9532,#9533),
 .UNSPECIFIED.,.F.,.F.,(4,1,4),(0.,0.0721483526656129,0.155421156581705),
 .UNSPECIFIED.);
#308=B_SPLINE_CURVE_WITH_KNOTS('',3,(#9534,#9535,#9536,#9537,#9538),
 .UNSPECIFIED.,.F.,.F.,(4,1,4),(0.,0.0721483526656129,0.155421156581705),
 .UNSPECIFIED.);
#309=B_SPLINE_CURVE_WITH_KNOTS('',3,(#9602,#9603,#9604,#9605,#9606),
 .UNSPECIFIED.,.F.,.F.,(4,1,4),(0.,0.325928501201474,0.559849017539203),
 .UNSPECIFIED.);
#310=B_SPLINE_CURVE_WITH_KNOTS('',3,(#9610,#9611,#9612,#9613,#9614),
 .UNSPECIFIED.,.F.,.F.,(4,1,4),(0.,0.325928501201474,0.559849017539203),
 .UNSPECIFIED.);
#311=B_SPLINE_CURVE_WITH_KNOTS('',3,(#9627,#9628,#9629,#9630,#9631),
 .UNSPECIFIED.,.F.,.F.,(4,1,4),(0.,0.168657839754118,0.368544608380181),
 .UNSPECIFIED.);
#312=B_SPLINE_CURVE_WITH_KNOTS('',3,(#9634,#9635,#9636,#9637,#9638),
 .UNSPECIFIED.,.F.,.F.,(4,1,4),(0.,0.168657839754118,0.368544608380181),
 .UNSPECIFIED.);
#313=B_SPLINE_CURVE_WITH_KNOTS('',3,(#9650,#9651,#9652,#9653,#9654),
 .UNSPECIFIED.,.F.,.F.,(4,1,4),(0.,0.143570430949938,0.292750572898366),
 .UNSPECIFIED.);
#314=B_SPLINE_CURVE_WITH_KNOTS('',3,(#9657,#9658,#9659,#9660,#9661),
 .UNSPECIFIED.,.F.,.F.,(4,1,4),(0.,0.143570430949938,0.292750572898366),
 .UNSPECIFIED.);
#315=B_SPLINE_CURVE_WITH_KNOTS('',3,(#9673,#9674,#9675,#9676,#9677),
 .UNSPECIFIED.,.F.,.F.,(4,1,4),(0.,0.140071113402855,0.280820536548696),
 .UNSPECIFIED.);
#316=B_SPLINE_CURVE_WITH_KNOTS('',3,(#9680,#9681,#9682,#9683,#9684),
 .UNSPECIFIED.,.F.,.F.,(4,1,4),(0.,0.140071113402855,0.280820536548696),
 .UNSPECIFIED.);
#317=B_SPLINE_CURVE_WITH_KNOTS('',3,(#9696,#9697,#9698,#9699,#9700),
 .UNSPECIFIED.,.F.,.F.,(4,1,4),(0.,0.114316668078356,0.232170046531574),
 .UNSPECIFIED.);
#318=B_SPLINE_CURVE_WITH_KNOTS('',3,(#9703,#9704,#9705,#9706,#9707),
 .UNSPECIFIED.,.F.,.F.,(4,1,4),(0.,0.114316668078356,0.232170046531574),
 .UNSPECIFIED.);
#319=B_SPLINE_CURVE_WITH_KNOTS('',3,(#9719,#9720,#9721,#9722,#9723),
 .UNSPECIFIED.,.F.,.F.,(4,1,4),(0.,0.13614563505978,0.255991570242425),
 .UNSPECIFIED.);
#320=B_SPLINE_CURVE_WITH_KNOTS('',3,(#9726,#9727,#9728,#9729,#9730),
 .UNSPECIFIED.,.F.,.F.,(4,1,4),(0.,0.13614563505978,0.255991570242425),
 .UNSPECIFIED.);
#321=B_SPLINE_CURVE_WITH_KNOTS('',3,(#9742,#9743,#9744,#9745,#9746),
 .UNSPECIFIED.,.F.,.F.,(4,1,4),(0.,0.268975854777756,0.45584265320307),
 .UNSPECIFIED.);
#322=B_SPLINE_CURVE_WITH_KNOTS('',3,(#9749,#9750,#9751,#9752,#9753),
 .UNSPECIFIED.,.F.,.F.,(4,1,4),(0.,0.268975854777756,0.45584265320307),
 .UNSPECIFIED.);
#323=B_SPLINE_CURVE_WITH_KNOTS('',3,(#9765,#9766,#9767,#9768,#9769),
 .UNSPECIFIED.,.F.,.F.,(4,1,4),(0.,0.0622383231112715,0.165980236855507),
 .UNSPECIFIED.);
#324=B_SPLINE_CURVE_WITH_KNOTS('',3,(#9772,#9773,#9774,#9775,#9776),
 .UNSPECIFIED.,.F.,.F.,(4,1,4),(0.,0.0622383231112715,0.165980236855507),
 .UNSPECIFIED.);
#325=B_SPLINE_CURVE_WITH_KNOTS('',3,(#9788,#9789,#9790,#9791,#9792),
 .UNSPECIFIED.,.F.,.F.,(4,1,4),(0.,0.03505249950512,0.074649077757288),
 .UNSPECIFIED.);
#326=B_SPLINE_CURVE_WITH_KNOTS('',3,(#9795,#9796,#9797,#9798,#9799),
 .UNSPECIFIED.,.F.,.F.,(4,1,4),(0.,0.03505249950512,0.074649077757288),
 .UNSPECIFIED.);
#327=B_SPLINE_CURVE_WITH_KNOTS('',3,(#9811,#9812,#9813,#9814,#9815),
 .UNSPECIFIED.,.F.,.F.,(4,1,4),(0.,0.0488380284554069,0.0953810695180084),
 .UNSPECIFIED.);
#328=B_SPLINE_CURVE_WITH_KNOTS('',3,(#9818,#9819,#9820,#9821,#9822),
 .UNSPECIFIED.,.F.,.F.,(4,1,4),(0.,0.0488380284554069,0.0953810695180084),
 .UNSPECIFIED.);
#329=B_SPLINE_CURVE_WITH_KNOTS('',3,(#9834,#9835,#9836,#9837,#9838),
 .UNSPECIFIED.,.F.,.F.,(4,1,4),(0.,0.0713723895631269,0.128399431567626),
 .UNSPECIFIED.);
#330=B_SPLINE_CURVE_WITH_KNOTS('',3,(#9841,#9842,#9843,#9844,#9845),
 .UNSPECIFIED.,.F.,.F.,(4,1,4),(0.,0.0713723895631269,0.128399431567626),
 .UNSPECIFIED.);
#331=B_SPLINE_CURVE_WITH_KNOTS('',3,(#9857,#9858,#9859,#9860,#9861),
 .UNSPECIFIED.,.F.,.F.,(4,1,4),(0.,0.0748247886125266,0.163188576840001),
 .UNSPECIFIED.);
#332=B_SPLINE_CURVE_WITH_KNOTS('',3,(#9864,#9865,#9866,#9867,#9868),
 .UNSPECIFIED.,.F.,.F.,(4,1,4),(0.,0.0748247886125266,0.163188576840001),
 .UNSPECIFIED.);
#333=B_SPLINE_CURVE_WITH_KNOTS('',3,(#9880,#9881,#9882,#9883,#9884),
 .UNSPECIFIED.,.F.,.F.,(4,1,4),(0.,0.0915507829820303,0.167146147484464),
 .UNSPECIFIED.);
#334=B_SPLINE_CURVE_WITH_KNOTS('',3,(#9887,#9888,#9889,#9890,#9891),
 .UNSPECIFIED.,.F.,.F.,(4,1,4),(0.,0.0915507829820303,0.167146147484464),
 .UNSPECIFIED.);
#335=B_SPLINE_CURVE_WITH_KNOTS('',3,(#9909,#9910,#9911,#9912,#9913),
 .UNSPECIFIED.,.F.,.F.,(4,1,4),(0.,0.183496900607153,0.39370705013519),
 .UNSPECIFIED.);
#336=B_SPLINE_CURVE_WITH_KNOTS('',3,(#9916,#9917,#9918,#9919,#9920),
 .UNSPECIFIED.,.F.,.F.,(4,1,4),(0.,0.183496900607153,0.39370705013519),
 .UNSPECIFIED.);
#337=B_SPLINE_CURVE_WITH_KNOTS('',3,(#9932,#9933,#9934,#9935,#9936),
 .UNSPECIFIED.,.F.,.F.,(4,1,4),(0.,0.254774190146076,0.456471390548072),
 .UNSPECIFIED.);
#338=B_SPLINE_CURVE_WITH_KNOTS('',3,(#9939,#9940,#9941,#9942,#9943),
 .UNSPECIFIED.,.F.,.F.,(4,1,4),(0.,0.254774190146076,0.456471390548072),
 .UNSPECIFIED.);
#339=B_SPLINE_CURVE_WITH_KNOTS('',3,(#9955,#9956,#9957,#9958,#9959),
 .UNSPECIFIED.,.F.,.F.,(4,1,4),(0.,0.165481528919239,0.375368269990688),
 .UNSPECIFIED.);
#340=B_SPLINE_CURVE_WITH_KNOTS('',3,(#9962,#9963,#9964,#9965,#9966),
 .UNSPECIFIED.,.F.,.F.,(4,1,4),(0.,0.165481528919239,0.375368269990688),
 .UNSPECIFIED.);
#341=B_SPLINE_CURVE_WITH_KNOTS('',3,(#9978,#9979,#9980,#9981,#9982),
 .UNSPECIFIED.,.F.,.F.,(4,1,4),(0.,0.124388565573768,0.261217688970745),
 .UNSPECIFIED.);
#342=B_SPLINE_CURVE_WITH_KNOTS('',3,(#9985,#9986,#9987,#9988,#9989),
 .UNSPECIFIED.,.F.,.F.,(4,1,4),(0.,0.124388565573768,0.261217688970745),
 .UNSPECIFIED.);
#343=B_SPLINE_CURVE_WITH_KNOTS('',3,(#10001,#10002,#10003,#10004,#10005),
 .UNSPECIFIED.,.F.,.F.,(4,1,4),(0.,0.113665068867371,0.231004135197084),
 .UNSPECIFIED.);
#344=B_SPLINE_CURVE_WITH_KNOTS('',3,(#10008,#10009,#10010,#10011,#10012),
 .UNSPECIFIED.,.F.,.F.,(4,1,4),(0.,0.113665068867371,0.231004135197084),
 .UNSPECIFIED.);
#345=B_SPLINE_CURVE_WITH_KNOTS('',3,(#10024,#10025,#10026,#10027,#10028),
 .UNSPECIFIED.,.F.,.F.,(4,1,4),(0.,0.162281868648183,0.325975458554876),
 .UNSPECIFIED.);
#346=B_SPLINE_CURVE_WITH_KNOTS('',3,(#10031,#10032,#10033,#10034,#10035),
 .UNSPECIFIED.,.F.,.F.,(4,1,4),(0.,0.162281868648183,0.325975458554876),
 .UNSPECIFIED.);
#347=B_SPLINE_CURVE_WITH_KNOTS('',3,(#10047,#10048,#10049,#10050,#10051),
 .UNSPECIFIED.,.F.,.F.,(4,1,4),(0.,0.273091978531465,0.474676392972436),
 .UNSPECIFIED.);
#348=B_SPLINE_CURVE_WITH_KNOTS('',3,(#10054,#10055,#10056,#10057,#10058),
 .UNSPECIFIED.,.F.,.F.,(4,1,4),(0.,0.273091978531465,0.474676392972436),
 .UNSPECIFIED.);
#349=B_SPLINE_CURVE_WITH_KNOTS('',3,(#10070,#10071,#10072,#10073,#10074),
 .UNSPECIFIED.,.F.,.F.,(4,1,4),(0.,0.0960006097184045,0.254190778281337),
 .UNSPECIFIED.);
#350=B_SPLINE_CURVE_WITH_KNOTS('',3,(#10077,#10078,#10079,#10080,#10081),
 .UNSPECIFIED.,.F.,.F.,(4,1,4),(0.,0.0960006097184045,0.254190778281337),
 .UNSPECIFIED.);
#351=B_SPLINE_CURVE_WITH_KNOTS('',3,(#10093,#10094,#10095,#10096,#10097),
 .UNSPECIFIED.,.F.,.F.,(4,1,4),(0.,0.0567135314820083,0.119038111427233),
 .UNSPECIFIED.);
#352=B_SPLINE_CURVE_WITH_KNOTS('',3,(#10100,#10101,#10102,#10103,#10104),
 .UNSPECIFIED.,.F.,.F.,(4,1,4),(0.,0.0567135314820083,0.119038111427233),
 .UNSPECIFIED.);
#353=B_SPLINE_CURVE_WITH_KNOTS('',3,(#10116,#10117,#10118,#10119,#10120),
 .UNSPECIFIED.,.F.,.F.,(4,1,4),(0.,0.0644177428636415,0.123642917548796),
 .UNSPECIFIED.);
#354=B_SPLINE_CURVE_WITH_KNOTS('',3,(#10123,#10124,#10125,#10126,#10127),
 .UNSPECIFIED.,.F.,.F.,(4,1,4),(0.,0.0644177428636415,0.123642917548796),
 .UNSPECIFIED.);
#355=B_SPLINE_CURVE_WITH_KNOTS('',3,(#10139,#10140,#10141,#10142,#10143),
 .UNSPECIFIED.,.F.,.F.,(4,1,4),(0.,0.0886340686689228,0.162507286202733),
 .UNSPECIFIED.);
#356=B_SPLINE_CURVE_WITH_KNOTS('',3,(#10146,#10147,#10148,#10149,#10150),
 .UNSPECIFIED.,.F.,.F.,(4,1,4),(0.,0.0886340686689228,0.162507286202733),
 .UNSPECIFIED.);
#357=B_SPLINE_CURVE_WITH_KNOTS('',3,(#10162,#10163,#10164,#10165,#10166),
 .UNSPECIFIED.,.F.,.F.,(4,1,4),(0.,0.110583057104546,0.230432343354894),
 .UNSPECIFIED.);
#358=B_SPLINE_CURVE_WITH_KNOTS('',3,(#10169,#10170,#10171,#10172,#10173),
 .UNSPECIFIED.,.F.,.F.,(4,1,4),(0.,0.110583057104546,0.230432343354894),
 .UNSPECIFIED.);
#359=B_SPLINE_CURVE_WITH_KNOTS('',3,(#10185,#10186,#10187,#10188,#10189),
 .UNSPECIFIED.,.F.,.F.,(4,1,4),(0.,0.0971104046839248,0.175264649469381),
 .UNSPECIFIED.);
#360=B_SPLINE_CURVE_WITH_KNOTS('',3,(#10192,#10193,#10194,#10195,#10196),
 .UNSPECIFIED.,.F.,.F.,(4,1,4),(0.,0.0971104046839248,0.175264649469381),
 .UNSPECIFIED.);
#361=B_SPLINE_CURVE_WITH_KNOTS('',3,(#10213,#10214,#10215,#10216,#10217),
 .UNSPECIFIED.,.F.,.F.,(4,1,4),(0.,0.20321348851331,0.416693760107995),
 .UNSPECIFIED.);
#362=B_SPLINE_CURVE_WITH_KNOTS('',3,(#10218,#10219,#10220,#10221,#10222),
 .UNSPECIFIED.,.F.,.F.,(4,1,4),(0.,0.20321348851331,0.416693760107995),
 .UNSPECIFIED.);
#363=B_SPLINE_CURVE_WITH_KNOTS('',3,(#10269,#10270,#10271,#10272,#10273),
 .UNSPECIFIED.,.F.,.F.,(4,1,4),(0.,0.064418719626638,0.154547577581036),
 .UNSPECIFIED.);
#364=B_SPLINE_CURVE_WITH_KNOTS('',3,(#10276,#10277,#10278,#10279,#10280),
 .UNSPECIFIED.,.F.,.F.,(4,1,4),(0.,0.064418719626638,0.154547577581036),
 .UNSPECIFIED.);
#365=B_SPLINE_CURVE_WITH_KNOTS('',3,(#10292,#10293,#10294,#10295,#10296),
 .UNSPECIFIED.,.F.,.F.,(4,1,4),(0.,0.0592801895497224,0.113593955330145),
 .UNSPECIFIED.);
#366=B_SPLINE_CURVE_WITH_KNOTS('',3,(#10299,#10300,#10301,#10302,#10303),
 .UNSPECIFIED.,.F.,.F.,(4,1,4),(0.,0.0592801895497224,0.113593955330145),
 .UNSPECIFIED.);
#367=B_SPLINE_CURVE_WITH_KNOTS('',3,(#10315,#10316,#10317,#10318,#10319),
 .UNSPECIFIED.,.F.,.F.,(4,1,4),(0.,0.0556691141077979,0.118854103206676),
 .UNSPECIFIED.);
#368=B_SPLINE_CURVE_WITH_KNOTS('',3,(#10322,#10323,#10324,#10325,#10326),
 .UNSPECIFIED.,.F.,.F.,(4,1,4),(0.,0.0556691141077979,0.118854103206676),
 .UNSPECIFIED.);
#369=B_SPLINE_CURVE_WITH_KNOTS('',3,(#10338,#10339,#10340,#10341,#10342),
 .UNSPECIFIED.,.F.,.F.,(4,1,4),(0.,0.0924321832673555,0.15770857320616),
 .UNSPECIFIED.);
#370=B_SPLINE_CURVE_WITH_KNOTS('',3,(#10345,#10346,#10347,#10348,#10349),
 .UNSPECIFIED.,.F.,.F.,(4,1,4),(0.,0.0924321832673555,0.15770857320616),
 .UNSPECIFIED.);
#371=B_SPLINE_CURVE_WITH_KNOTS('',3,(#10379,#10380,#10381,#10382,#10383),
 .UNSPECIFIED.,.F.,.F.,(4,1,4),(0.,0.0734387691480049,0.177401263754675),
 .UNSPECIFIED.);
#372=B_SPLINE_CURVE_WITH_KNOTS('',3,(#10386,#10387,#10388,#10389,#10390),
 .UNSPECIFIED.,.F.,.F.,(4,1,4),(0.,0.0734387691480049,0.177401263754675),
 .UNSPECIFIED.);
#373=B_SPLINE_CURVE_WITH_KNOTS('',3,(#10402,#10403,#10404,#10405,#10406),
 .UNSPECIFIED.,.F.,.F.,(4,1,4),(0.,0.0612027809687152,0.120633171621529),
 .UNSPECIFIED.);
#374=B_SPLINE_CURVE_WITH_KNOTS('',3,(#10409,#10410,#10411,#10412,#10413),
 .UNSPECIFIED.,.F.,.F.,(4,1,4),(0.,0.0612027809687152,0.120633171621529),
 .UNSPECIFIED.);
#375=B_SPLINE_CURVE_WITH_KNOTS('',3,(#10425,#10426,#10427,#10428,#10429),
 .UNSPECIFIED.,.F.,.F.,(4,1,4),(0.,0.0619044276600365,0.127398837983395),
 .UNSPECIFIED.);
#376=B_SPLINE_CURVE_WITH_KNOTS('',3,(#10432,#10433,#10434,#10435,#10436),
 .UNSPECIFIED.,.F.,.F.,(4,1,4),(0.,0.0619044276600365,0.127398837983395),
 .UNSPECIFIED.);
#377=B_SPLINE_CURVE_WITH_KNOTS('',3,(#10448,#10449,#10450,#10451,#10452),
 .UNSPECIFIED.,.F.,.F.,(4,1,4),(0.,0.102613994517227,0.176584042160115),
 .UNSPECIFIED.);
#378=B_SPLINE_CURVE_WITH_KNOTS('',3,(#10455,#10456,#10457,#10458,#10459),
 .UNSPECIFIED.,.F.,.F.,(4,1,4),(0.,0.102613994517227,0.176584042160115),
 .UNSPECIFIED.);
#379=B_SPLINE_CURVE_WITH_KNOTS('',3,(#10489,#10490,#10491,#10492,#10493),
 .UNSPECIFIED.,.F.,.F.,(4,1,4),(0.,0.131102817163293,0.208778259577115),
 .UNSPECIFIED.);
#380=B_SPLINE_CURVE_WITH_KNOTS('',3,(#10496,#10497,#10498,#10499,#10500),
 .UNSPECIFIED.,.F.,.F.,(4,1,4),(0.,0.131102817163293,0.208778259577115),
 .UNSPECIFIED.);
#381=B_SPLINE_CURVE_WITH_KNOTS('',3,(#10512,#10513,#10514,#10515,#10516),
 .UNSPECIFIED.,.F.,.F.,(4,1,4),(0.,0.0787558043437528,0.183504436499565),
 .UNSPECIFIED.);
#382=B_SPLINE_CURVE_WITH_KNOTS('',3,(#10519,#10520,#10521,#10522,#10523),
 .UNSPECIFIED.,.F.,.F.,(4,1,4),(0.,0.0787558043437528,0.183504436499565),
 .UNSPECIFIED.);
#383=B_SPLINE_CURVE_WITH_KNOTS('',3,(#10535,#10536,#10537,#10538,#10539),
 .UNSPECIFIED.,.F.,.F.,(4,1,4),(0.,0.105243840068758,0.210941752604772),
 .UNSPECIFIED.);
#384=B_SPLINE_CURVE_WITH_KNOTS('',3,(#10542,#10543,#10544,#10545,#10546),
 .UNSPECIFIED.,.F.,.F.,(4,1,4),(0.,0.105243840068758,0.210941752604772),
 .UNSPECIFIED.);
#385=B_SPLINE_CURVE_WITH_KNOTS('',3,(#10558,#10559,#10560,#10561,#10562),
 .UNSPECIFIED.,.F.,.F.,(4,1,4),(0.,0.111587206070284,0.218610517138807),
 .UNSPECIFIED.);
#386=B_SPLINE_CURVE_WITH_KNOTS('',3,(#10565,#10566,#10567,#10568,#10569),
 .UNSPECIFIED.,.F.,.F.,(4,1,4),(0.,0.111587206070284,0.218610517138807),
 .UNSPECIFIED.);
#387=B_SPLINE_CURVE_WITH_KNOTS('',3,(#10581,#10582,#10583,#10584,#10585),
 .UNSPECIFIED.,.F.,.F.,(4,1,4),(0.,0.121135556179279,0.253609907364107),
 .UNSPECIFIED.);
#388=B_SPLINE_CURVE_WITH_KNOTS('',3,(#10588,#10589,#10590,#10591,#10592),
 .UNSPECIFIED.,.F.,.F.,(4,1,4),(0.,0.121135556179279,0.253609907364107),
 .UNSPECIFIED.);
#389=B_SPLINE_CURVE_WITH_KNOTS('',3,(#10604,#10605,#10606,#10607,#10608),
 .UNSPECIFIED.,.F.,.F.,(4,1,4),(0.,0.149919108689162,0.276554146785504),
 .UNSPECIFIED.);
#390=B_SPLINE_CURVE_WITH_KNOTS('',3,(#10611,#10612,#10613,#10614,#10615),
 .UNSPECIFIED.,.F.,.F.,(4,1,4),(0.,0.149919108689162,0.276554146785504),
 .UNSPECIFIED.);
#391=B_SPLINE_CURVE_WITH_KNOTS('',3,(#10627,#10628,#10629,#10630,#10631),
 .UNSPECIFIED.,.F.,.F.,(4,1,4),(0.,0.0886257870704405,0.191854157479503),
 .UNSPECIFIED.);
#392=B_SPLINE_CURVE_WITH_KNOTS('',3,(#10634,#10635,#10636,#10637,#10638),
 .UNSPECIFIED.,.F.,.F.,(4,1,4),(0.,0.0886257870704405,0.191854157479503),
 .UNSPECIFIED.);
#393=B_SPLINE_CURVE_WITH_KNOTS('',3,(#10650,#10651,#10652,#10653,#10654),
 .UNSPECIFIED.,.F.,.F.,(4,1,4),(0.,0.12527584883666,0.246969618627941),
 .UNSPECIFIED.);
#394=B_SPLINE_CURVE_WITH_KNOTS('',3,(#10657,#10658,#10659,#10660,#10661),
 .UNSPECIFIED.,.F.,.F.,(4,1,4),(0.,0.12527584883666,0.246969618627941),
 .UNSPECIFIED.);
#395=B_SPLINE_CURVE_WITH_KNOTS('',3,(#10673,#10674,#10675,#10676,#10677),
 .UNSPECIFIED.,.F.,.F.,(4,1,4),(0.,0.148460051974376,0.297127407112009),
 .UNSPECIFIED.);
#396=B_SPLINE_CURVE_WITH_KNOTS('',3,(#10680,#10681,#10682,#10683,#10684),
 .UNSPECIFIED.,.F.,.F.,(4,1,4),(0.,0.148460051974376,0.297127407112009),
 .UNSPECIFIED.);
#397=B_SPLINE_CURVE_WITH_KNOTS('',3,(#10696,#10697,#10698,#10699,#10700),
 .UNSPECIFIED.,.F.,.F.,(4,1,4),(0.,0.19359295324,0.356277487392369),
 .UNSPECIFIED.);
#398=B_SPLINE_CURVE_WITH_KNOTS('',3,(#10703,#10704,#10705,#10706,#10707),
 .UNSPECIFIED.,.F.,.F.,(4,1,4),(0.,0.19359295324,0.356277487392369),
 .UNSPECIFIED.);
#399=B_SPLINE_SURFACE_WITH_KNOTS('',3,1,((#6447,#6448),(#6449,#6450),(#6451,
#6452),(#6453,#6454),(#6455,#6456)),.UNSPECIFIED.,.F.,.F.,.F.,(4,1,4),(2,
2),(0.,0.0731927027562294,0.143728150233212),(0.,0.03),.UNSPECIFIED.);
#400=B_SPLINE_SURFACE_WITH_KNOTS('',3,1,((#6473,#6474),(#6475,#6476),(#6477,
#6478),(#6479,#6480),(#6481,#6482)),.UNSPECIFIED.,.F.,.F.,.F.,(4,1,4),(2,
2),(0.,0.0774354639749463,0.152766321498617),(0.,0.03),.UNSPECIFIED.);
#401=B_SPLINE_SURFACE_WITH_KNOTS('',3,1,((#6496,#6497),(#6498,#6499),(#6500,
#6501),(#6502,#6503),(#6504,#6505)),.UNSPECIFIED.,.F.,.F.,.F.,(4,1,4),(2,
2),(0.,0.105656140071061,0.192982099441887),(0.,0.03),.UNSPECIFIED.);
#402=B_SPLINE_SURFACE_WITH_KNOTS('',3,1,((#6519,#6520),(#6521,#6522),(#6523,
#6524),(#6525,#6526),(#6527,#6528)),.UNSPECIFIED.,.F.,.F.,.F.,(4,1,4),(2,
2),(0.,0.0837138501824854,0.188273197535964),(0.,0.03),.UNSPECIFIED.);
#403=B_SPLINE_SURFACE_WITH_KNOTS('',3,1,((#6542,#6543),(#6544,#6545),(#6546,
#6547),(#6548,#6549),(#6550,#6551)),.UNSPECIFIED.,.F.,.F.,.F.,(4,1,4),(2,
2),(0.,0.0729927959549768,0.146637068620585),(0.,0.03),.UNSPECIFIED.);
#404=B_SPLINE_SURFACE_WITH_KNOTS('',3,1,((#6565,#6566),(#6567,#6568),(#6569,
#6570),(#6571,#6572),(#6573,#6574)),.UNSPECIFIED.,.F.,.F.,.F.,(4,1,4),(2,
2),(0.,0.0720112203812443,0.1472878122149),(0.,0.03),.UNSPECIFIED.);
#405=B_SPLINE_SURFACE_WITH_KNOTS('',3,1,((#6588,#6589),(#6590,#6591),(#6592,
#6593),(#6594,#6595),(#6596,#6597)),.UNSPECIFIED.,.F.,.F.,.F.,(4,1,4),(2,
2),(0.,0.10321106377368,0.184445036176017),(0.,0.03),.UNSPECIFIED.);
#406=B_SPLINE_SURFACE_WITH_KNOTS('',3,1,((#6611,#6612),(#6613,#6614),(#6615,
#6616),(#6617,#6618),(#6619,#6620)),.UNSPECIFIED.,.F.,.F.,.F.,(4,1,4),(2,
2),(0.,0.0847461417382641,0.200341021302638),(0.,0.03),.UNSPECIFIED.);
#407=B_SPLINE_SURFACE_WITH_KNOTS('',3,1,((#6631,#6632),(#6633,#6634),(#6635,
#6636),(#6637,#6638),(#6639,#6640)),.UNSPECIFIED.,.F.,.F.,.F.,(4,1,4),(2,
2),(0.,0.0979948254761914,0.211033054119379),(0.,0.03),.UNSPECIFIED.);
#408=B_SPLINE_SURFACE_WITH_KNOTS('',3,1,((#6657,#6658),(#6659,#6660),(#6661,
#6662),(#6663,#6664),(#6665,#6666)),.UNSPECIFIED.,.F.,.F.,.F.,(4,1,4),(2,
2),(0.,0.116246166927957,0.215139916429985),(0.,0.03),.UNSPECIFIED.);
#409=B_SPLINE_SURFACE_WITH_KNOTS('',3,1,((#6680,#6681),(#6682,#6683),(#6684,
#6685),(#6686,#6687),(#6688,#6689)),.UNSPECIFIED.,.F.,.F.,.F.,(4,1,4),(2,
2),(0.,0.173305149221339,0.355928429725423),(0.,0.03),.UNSPECIFIED.);
#410=B_SPLINE_SURFACE_WITH_KNOTS('',3,1,((#6703,#6704),(#6705,#6706),(#6707,
#6708),(#6709,#6710),(#6711,#6712)),.UNSPECIFIED.,.F.,.F.,.F.,(4,1,4),(2,
2),(0.,0.225664928428034,0.413052333281226),(0.,0.03),.UNSPECIFIED.);
#411=B_SPLINE_SURFACE_WITH_KNOTS('',3,1,((#6726,#6727),(#6728,#6729),(#6730,
#6731),(#6732,#6733),(#6734,#6735)),.UNSPECIFIED.,.F.,.F.,.F.,(4,1,4),(2,
2),(0.,0.172281394120461,0.37397920218806),(0.,0.03),.UNSPECIFIED.);
#412=B_SPLINE_SURFACE_WITH_KNOTS('',3,1,((#6749,#6750),(#6751,#6752),(#6753,
#6754),(#6755,#6756),(#6757,#6758)),.UNSPECIFIED.,.F.,.F.,.F.,(4,1,4),(2,
2),(0.,0.202629553151125,0.413348687832005),(0.,0.03),.UNSPECIFIED.);
#413=B_SPLINE_SURFACE_WITH_KNOTS('',3,1,((#6772,#6773),(#6774,#6775),(#6776,
#6777),(#6778,#6779),(#6780,#6781)),.UNSPECIFIED.,.F.,.F.,.F.,(4,1,4),(2,
2),(0.,0.107124214000516,0.215572343105173),(0.,0.03),.UNSPECIFIED.);
#414=B_SPLINE_SURFACE_WITH_KNOTS('',3,1,((#6795,#6796),(#6797,#6798),(#6799,
#6800),(#6801,#6802),(#6803,#6804)),.UNSPECIFIED.,.F.,.F.,.F.,(4,1,4),(2,
2),(0.,0.0877299559751759,0.162521464829768),(0.,0.03),.UNSPECIFIED.);
#415=B_SPLINE_SURFACE_WITH_KNOTS('',3,1,((#6824,#6825),(#6826,#6827),(#6828,
#6829),(#6830,#6831),(#6832,#6833)),.UNSPECIFIED.,.F.,.F.,.F.,(4,1,4),(2,
2),(0.,0.0739581024663494,0.176371976440995),(0.,0.03),.UNSPECIFIED.);
#416=B_SPLINE_SURFACE_WITH_KNOTS('',3,1,((#6847,#6848),(#6849,#6850),(#6851,
#6852),(#6853,#6854),(#6855,#6856)),.UNSPECIFIED.,.F.,.F.,.F.,(4,1,4),(2,
2),(0.,0.0795715885753155,0.146090394197512),(0.,0.03),.UNSPECIFIED.);
#417=B_SPLINE_SURFACE_WITH_KNOTS('',3,1,((#6870,#6871),(#6872,#6873),(#6874,
#6875),(#6876,#6877),(#6878,#6879)),.UNSPECIFIED.,.F.,.F.,.F.,(4,1,4),(2,
2),(0.,0.0571167433321334,0.121302232769494),(0.,0.03),.UNSPECIFIED.);
#418=B_SPLINE_SURFACE_WITH_KNOTS('',3,1,((#6893,#6894),(#6895,#6896),(#6897,
#6898),(#6899,#6900),(#6901,#6902)),.UNSPECIFIED.,.F.,.F.,.F.,(4,1,4),(2,
2),(0.,0.0513968564418492,0.0923150824378114),(0.,0.03),.UNSPECIFIED.);
#419=B_SPLINE_SURFACE_WITH_KNOTS('',3,1,((#6922,#6923),(#6924,#6925),(#6926,
#6927),(#6928,#6929),(#6930,#6931)),.UNSPECIFIED.,.F.,.F.,.F.,(4,1,4),(2,
2),(0.,0.0240504335086389,0.0552954702147245),(0.,0.03),.UNSPECIFIED.);
#420=B_SPLINE_SURFACE_WITH_KNOTS('',3,1,((#6945,#6946),(#6947,#6948),(#6949,
#6950),(#6951,#6952),(#6953,#6954)),.UNSPECIFIED.,.F.,.F.,.F.,(4,1,4),(2,
2),(0.,0.14697230833505,0.298200924565462),(0.,0.03),.UNSPECIFIED.);
#421=B_SPLINE_SURFACE_WITH_KNOTS('',3,1,((#6968,#6969),(#6970,#6971),(#6972,
#6973),(#6974,#6975),(#6976,#6977)),.UNSPECIFIED.,.F.,.F.,.F.,(4,1,4),(2,
2),(0.,0.277223538863277,0.465770741798403),(0.,0.03),.UNSPECIFIED.);
#422=B_SPLINE_SURFACE_WITH_KNOTS('',3,1,((#6991,#6992),(#6993,#6994),(#6995,
#6996),(#6997,#6998),(#6999,#7000)),.UNSPECIFIED.,.F.,.F.,.F.,(4,1,4),(2,
2),(0.,0.120609702715547,0.255950172481222),(0.,0.03),.UNSPECIFIED.);
#423=B_SPLINE_SURFACE_WITH_KNOTS('',3,1,((#7014,#7015),(#7016,#7017),(#7018,
#7019),(#7020,#7021),(#7022,#7023)),.UNSPECIFIED.,.F.,.F.,.F.,(4,1,4),(2,
2),(0.,0.0955908618368374,0.202285618869769),(0.,0.03),.UNSPECIFIED.);
#424=B_SPLINE_SURFACE_WITH_KNOTS('',3,1,((#7037,#7038),(#7039,#7040),(#7041,
#7042),(#7043,#7044),(#7045,#7046)),.UNSPECIFIED.,.F.,.F.,.F.,(4,1,4),(2,
2),(0.,0.097894328743486,0.19059686226707),(0.,0.03),.UNSPECIFIED.);
#425=B_SPLINE_SURFACE_WITH_KNOTS('',3,1,((#7060,#7061),(#7062,#7063),(#7064,
#7065),(#7066,#7067),(#7068,#7069)),.UNSPECIFIED.,.F.,.F.,.F.,(4,1,4),(2,
2),(0.,0.100479129699024,0.200948904177943),(0.,0.03),.UNSPECIFIED.);
#426=B_SPLINE_SURFACE_WITH_KNOTS('',3,1,((#7184,#7185),(#7186,#7187),(#7188,
#7189),(#7190,#7191),(#7192,#7193)),.UNSPECIFIED.,.F.,.F.,.F.,(4,1,4),(2,
2),(0.,0.0748038570464793,0.150791345324768),(0.,0.03),.UNSPECIFIED.);
#427=B_SPLINE_SURFACE_WITH_KNOTS('',3,1,((#7210,#7211),(#7212,#7213),(#7214,
#7215),(#7216,#7217),(#7218,#7219)),.UNSPECIFIED.,.F.,.F.,.F.,(4,1,4),(2,
2),(0.,0.0732518138064407,0.143655486125803),(0.,0.03),.UNSPECIFIED.);
#428=B_SPLINE_SURFACE_WITH_KNOTS('',3,1,((#7233,#7234),(#7235,#7236),(#7237,
#7238),(#7239,#7240),(#7241,#7242)),.UNSPECIFIED.,.F.,.F.,.F.,(4,1,4),(2,
2),(0.,0.115930777346957,0.204203016468165),(0.,0.03),.UNSPECIFIED.);
#429=B_SPLINE_SURFACE_WITH_KNOTS('',3,1,((#7256,#7257),(#7258,#7259),(#7260,
#7261),(#7262,#7263),(#7264,#7265)),.UNSPECIFIED.,.F.,.F.,.F.,(4,1,4),(2,
2),(0.,0.0888296345397416,0.211206561140853),(0.,0.03),.UNSPECIFIED.);
#430=B_SPLINE_SURFACE_WITH_KNOTS('',3,1,((#7279,#7280),(#7281,#7282),(#7283,
#7284),(#7285,#7286),(#7287,#7288)),.UNSPECIFIED.,.F.,.F.,.F.,(4,1,4),(2,
2),(0.,0.0684476822739654,0.139684010690052),(0.,0.03),.UNSPECIFIED.);
#431=B_SPLINE_SURFACE_WITH_KNOTS('',3,1,((#7302,#7303),(#7304,#7305),(#7306,
#7307),(#7308,#7309),(#7310,#7311)),.UNSPECIFIED.,.F.,.F.,.F.,(4,1,4),(2,
2),(0.,0.0774354350313828,0.154768749213151),(0.,0.03),.UNSPECIFIED.);
#432=B_SPLINE_SURFACE_WITH_KNOTS('',3,1,((#7325,#7326),(#7327,#7328),(#7329,
#7330),(#7331,#7332),(#7333,#7334)),.UNSPECIFIED.,.F.,.F.,.F.,(4,1,4),(2,
2),(0.,0.112475755632037,0.201481635948915),(0.,0.03),.UNSPECIFIED.);
#433=B_SPLINE_SURFACE_WITH_KNOTS('',3,1,((#7348,#7349),(#7350,#7351),(#7352,
#7353),(#7354,#7355),(#7356,#7357)),.UNSPECIFIED.,.F.,.F.,.F.,(4,1,4),(2,
2),(0.,0.0912943145768972,0.213524045841923),(0.,0.03),.UNSPECIFIED.);
#434=B_SPLINE_SURFACE_WITH_KNOTS('',3,1,((#7377,#7378),(#7379,#7380),(#7381,
#7382),(#7383,#7384),(#7385,#7386)),.UNSPECIFIED.,.F.,.F.,.F.,(4,1,4),(2,
2),(0.,0.0852834876956866,0.172585932288398),(0.,0.03),.UNSPECIFIED.);
#435=B_SPLINE_SURFACE_WITH_KNOTS('',3,1,((#7400,#7401),(#7402,#7403),(#7404,
#7405),(#7406,#7407),(#7408,#7409)),.UNSPECIFIED.,.F.,.F.,.F.,(4,1,4),(2,
2),(0.,0.0930875235809092,0.18038635856126),(0.,0.03),.UNSPECIFIED.);
#436=B_SPLINE_SURFACE_WITH_KNOTS('',3,1,((#7423,#7424),(#7425,#7426),(#7427,
#7428),(#7429,#7430),(#7431,#7432)),.UNSPECIFIED.,.F.,.F.,.F.,(4,1,4),(2,
2),(0.,0.182039986362678,0.367529922548757),(0.,0.03),.UNSPECIFIED.);
#437=B_SPLINE_SURFACE_WITH_KNOTS('',3,1,((#7446,#7447),(#7448,#7449),(#7450,
#7451),(#7452,#7453),(#7454,#7455)),.UNSPECIFIED.,.F.,.F.,.F.,(4,1,4),(2,
2),(0.,0.240590241742695,0.440681546288947),(0.,0.03),.UNSPECIFIED.);
#438=B_SPLINE_SURFACE_WITH_KNOTS('',3,1,((#7469,#7470),(#7471,#7472),(#7473,
#7474),(#7475,#7476),(#7477,#7478)),.UNSPECIFIED.,.F.,.F.,.F.,(4,1,4),(2,
2),(0.,0.206604007730038,0.431828422804254),(0.,0.03),.UNSPECIFIED.);
#439=B_SPLINE_SURFACE_WITH_KNOTS('',3,1,((#7492,#7493),(#7494,#7495),(#7496,
#7497),(#7498,#7499),(#7500,#7501)),.UNSPECIFIED.,.F.,.F.,.F.,(4,1,4),(2,
2),(0.,0.200310522423252,0.391592577671333),(0.,0.03),.UNSPECIFIED.);
#440=B_SPLINE_SURFACE_WITH_KNOTS('',3,1,((#7515,#7516),(#7517,#7518),(#7519,
#7520),(#7521,#7522),(#7523,#7524)),.UNSPECIFIED.,.F.,.F.,.F.,(4,1,4),(2,
2),(0.,0.10149357190146,0.207537028510305),(0.,0.03),.UNSPECIFIED.);
#441=B_SPLINE_SURFACE_WITH_KNOTS('',3,1,((#7538,#7539),(#7540,#7541),(#7542,
#7543),(#7544,#7545),(#7546,#7547)),.UNSPECIFIED.,.F.,.F.,.F.,(4,1,4),(2,
2),(0.,0.116060529951446,0.204416207976135),(0.,0.03),.UNSPECIFIED.);
#442=B_SPLINE_SURFACE_WITH_KNOTS('',3,1,((#7616,#7617),(#7618,#7619),(#7620,
#7621),(#7622,#7623),(#7624,#7625)),.UNSPECIFIED.,.F.,.F.,.F.,(4,1,4),(2,
2),(0.,0.109646211826195,0.266620853017256),(0.,0.03),.UNSPECIFIED.);
#443=B_SPLINE_SURFACE_WITH_KNOTS('',3,1,((#7639,#7640),(#7641,#7642),(#7643,
#7644),(#7645,#7646),(#7647,#7648)),.UNSPECIFIED.,.F.,.F.,.F.,(4,1,4),(2,
2),(0.,0.0814017771045969,0.165314309242174),(0.,0.03),.UNSPECIFIED.);
#444=B_SPLINE_SURFACE_WITH_KNOTS('',3,1,((#7662,#7663),(#7664,#7665),(#7666,
#7667),(#7668,#7669),(#7670,#7671)),.UNSPECIFIED.,.F.,.F.,.F.,(4,1,4),(2,
2),(0.,0.135428341303153,0.234194287811859),(0.,0.03),.UNSPECIFIED.);
#445=B_SPLINE_SURFACE_WITH_KNOTS('',3,1,((#7685,#7686),(#7687,#7688),(#7689,
#7690),(#7691,#7692),(#7693,#7694)),.UNSPECIFIED.,.F.,.F.,.F.,(4,1,4),(2,
2),(0.,0.151517174259566,0.290927412788068),(0.,0.03),.UNSPECIFIED.);
#446=B_SPLINE_SURFACE_WITH_KNOTS('',3,1,((#7714,#7715),(#7716,#7717),(#7718,
#7719),(#7720,#7721),(#7722,#7723)),.UNSPECIFIED.,.F.,.F.,.F.,(4,1,4),(2,
2),(0.,0.0556499854172669,0.131964499454202),(0.,0.03),.UNSPECIFIED.);
#447=B_SPLINE_SURFACE_WITH_KNOTS('',3,1,((#7737,#7738),(#7739,#7740),(#7741,
#7742),(#7743,#7744),(#7745,#7746)),.UNSPECIFIED.,.F.,.F.,.F.,(4,1,4),(2,
2),(0.,0.0383404319480742,0.0826840634956823),(0.,0.03),.UNSPECIFIED.);
#448=B_SPLINE_SURFACE_WITH_KNOTS('',3,1,((#7760,#7761),(#7762,#7763),(#7764,
#7765),(#7766,#7767),(#7768,#7769)),.UNSPECIFIED.,.F.,.F.,.F.,(4,1,4),(2,
2),(0.,0.0577863583670057,0.0934165082083602),(0.,0.03),.UNSPECIFIED.);
#449=B_SPLINE_SURFACE_WITH_KNOTS('',3,1,((#7832,#7833),(#7834,#7835),(#7836,
#7837),(#7838,#7839),(#7840,#7841)),.UNSPECIFIED.,.F.,.F.,.F.,(4,1,4),(2,
2),(0.,0.0875015351114153,0.213648064374884),(0.,0.03),.UNSPECIFIED.);
#450=B_SPLINE_SURFACE_WITH_KNOTS('',3,1,((#7855,#7856),(#7857,#7858),(#7859,
#7860),(#7861,#7862),(#7863,#7864)),.UNSPECIFIED.,.F.,.F.,.F.,(4,1,4),(2,
2),(0.,0.0700345386363671,0.139226856484084),(0.,0.03),.UNSPECIFIED.);
#451=B_SPLINE_SURFACE_WITH_KNOTS('',3,1,((#7878,#7879),(#7880,#7881),(#7882,
#7883),(#7884,#7885),(#7886,#7887)),.UNSPECIFIED.,.F.,.F.,.F.,(4,1,4),(2,
2),(0.,0.0555642394087715,0.117362576924156),(0.,0.03),.UNSPECIFIED.);
#452=B_SPLINE_SURFACE_WITH_KNOTS('',3,1,((#7901,#7902),(#7903,#7904),(#7905,
#7906),(#7907,#7908),(#7909,#7910)),.UNSPECIFIED.,.F.,.F.,.F.,(4,1,4),(2,
2),(0.,0.0878663316025096,0.151929246053131),(0.,0.03),.UNSPECIFIED.);
#453=B_SPLINE_SURFACE_WITH_KNOTS('',3,1,((#7942,#7943),(#7944,#7945),(#7946,
#7947),(#7948,#7949),(#7950,#7951)),.UNSPECIFIED.,.F.,.F.,.F.,(4,1,4),(2,
2),(0.,0.150078688006189,0.337895287369595),(0.,0.03),.UNSPECIFIED.);
#454=B_SPLINE_SURFACE_WITH_KNOTS('',3,1,((#7965,#7966),(#7967,#7968),(#7969,
#7970),(#7971,#7972),(#7973,#7974)),.UNSPECIFIED.,.F.,.F.,.F.,(4,1,4),(2,
2),(0.,0.153998502031803,0.29330084139898),(0.,0.03),.UNSPECIFIED.);
#455=B_SPLINE_SURFACE_WITH_KNOTS('',3,1,((#7988,#7989),(#7990,#7991),(#7992,
#7993),(#7994,#7995),(#7996,#7997)),.UNSPECIFIED.,.F.,.F.,.F.,(4,1,4),(2,
2),(0.,0.0958764800464848,0.203218104255239),(0.,0.03),.UNSPECIFIED.);
#456=B_SPLINE_SURFACE_WITH_KNOTS('',3,1,((#8011,#8012),(#8013,#8014),(#8015,
#8016),(#8017,#8018),(#8019,#8020)),.UNSPECIFIED.,.F.,.F.,.F.,(4,1,4),(2,
2),(0.,0.113415409314856,0.211506837902278),(0.,0.03),.UNSPECIFIED.);
#457=B_SPLINE_SURFACE_WITH_KNOTS('',3,1,((#8050,#8051),(#8052,#8053),(#8054,
#8055),(#8056,#8057),(#8058,#8059)),.UNSPECIFIED.,.F.,.F.,.F.,(4,1,4),(2,
2),(0.,0.058969485367215,0.129719841195295),(0.,0.03),.UNSPECIFIED.);
#458=B_SPLINE_SURFACE_WITH_KNOTS('',3,1,((#8076,#8077),(#8078,#8079),(#8080,
#8081),(#8082,#8083),(#8084,#8085)),.UNSPECIFIED.,.F.,.F.,.F.,(4,1,4),(2,
2),(0.,0.0634165184393603,0.119589609513113),(0.,0.03),.UNSPECIFIED.);
#459=B_SPLINE_SURFACE_WITH_KNOTS('',3,1,((#8099,#8100),(#8101,#8102),(#8103,
#8104),(#8105,#8106),(#8107,#8108)),.UNSPECIFIED.,.F.,.F.,.F.,(4,1,4),(2,
2),(0.,0.0676754891078743,0.134913682021462),(0.,0.03),.UNSPECIFIED.);
#460=B_SPLINE_SURFACE_WITH_KNOTS('',3,1,((#8122,#8123),(#8124,#8125),(#8126,
#8127),(#8128,#8129),(#8130,#8131)),.UNSPECIFIED.,.F.,.F.,.F.,(4,1,4),(2,
2),(0.,0.0483741342302065,0.107342169509348),(0.,0.03),.UNSPECIFIED.);
#461=B_SPLINE_SURFACE_WITH_KNOTS('',3,1,((#8145,#8146),(#8147,#8148),(#8149,
#8150),(#8151,#8152),(#8153,#8154)),.UNSPECIFIED.,.F.,.F.,.F.,(4,1,4),(2,
2),(0.,0.0454523024163081,0.0894320098971531),(0.,0.03),.UNSPECIFIED.);
#462=B_SPLINE_SURFACE_WITH_KNOTS('',3,1,((#8168,#8169),(#8170,#8171),(#8172,
#8173),(#8174,#8175),(#8176,#8177)),.UNSPECIFIED.,.F.,.F.,.F.,(4,1,4),(2,
2),(0.,0.044515406430782,0.0861067256861533),(0.,0.03),.UNSPECIFIED.);
#463=B_SPLINE_SURFACE_WITH_KNOTS('',3,1,((#8191,#8192),(#8193,#8194),(#8195,
#8196),(#8197,#8198),(#8199,#8200)),.UNSPECIFIED.,.F.,.F.,.F.,(4,1,4),(2,
2),(0.,0.108883063459751,0.174782643241691),(0.,0.03),.UNSPECIFIED.);
#464=B_SPLINE_SURFACE_WITH_KNOTS('',3,1,((#8214,#8215),(#8216,#8217),(#8218,
#8219),(#8220,#8221),(#8222,#8223)),.UNSPECIFIED.,.F.,.F.,.F.,(4,1,4),(2,
2),(0.,0.0923773931728788,0.18714356961727),(0.,0.03),.UNSPECIFIED.);
#465=B_SPLINE_SURFACE_WITH_KNOTS('',3,1,((#8240,#8241),(#8242,#8243),(#8244,
#8245),(#8246,#8247),(#8248,#8249)),.UNSPECIFIED.,.F.,.F.,.F.,(4,1,4),(2,
2),(0.,0.0899026795867054,0.158405072450818),(0.,0.03),.UNSPECIFIED.);
#466=B_SPLINE_SURFACE_WITH_KNOTS('',3,1,((#8266,#8267),(#8268,#8269),(#8270,
#8271),(#8272,#8273),(#8274,#8275)),.UNSPECIFIED.,.F.,.F.,.F.,(4,1,4),(2,
2),(0.,0.0494298928318385,0.117649370346732),(0.,0.03),.UNSPECIFIED.);
#467=B_SPLINE_SURFACE_WITH_KNOTS('',3,1,((#8289,#8290),(#8291,#8292),(#8293,
#8294),(#8295,#8296),(#8297,#8298)),.UNSPECIFIED.,.F.,.F.,.F.,(4,1,4),(2,
2),(0.,0.0657087059856514,0.114158013842494),(0.,0.03),.UNSPECIFIED.);
#468=B_SPLINE_SURFACE_WITH_KNOTS('',3,1,((#8312,#8313),(#8314,#8315),(#8316,
#8317),(#8318,#8319),(#8320,#8321)),.UNSPECIFIED.,.F.,.F.,.F.,(4,1,4),(2,
2),(0.,0.0748883075246042,0.155531057565131),(0.,0.03),.UNSPECIFIED.);
#469=B_SPLINE_SURFACE_WITH_KNOTS('',3,1,((#8335,#8336),(#8337,#8338),(#8339,
#8340),(#8341,#8342),(#8343,#8344)),.UNSPECIFIED.,.F.,.F.,.F.,(4,1,4),(2,
2),(0.,0.197232812172177,0.310995826636577),(0.,0.03),.UNSPECIFIED.);
#470=B_SPLINE_SURFACE_WITH_KNOTS('',3,1,((#8358,#8359),(#8360,#8361),(#8362,
#8363),(#8364,#8365),(#8366,#8367)),.UNSPECIFIED.,.F.,.F.,.F.,(4,1,4),(2,
2),(0.,0.124581974175971,0.296481267598598),(0.,0.03),.UNSPECIFIED.);
#471=B_SPLINE_SURFACE_WITH_KNOTS('',3,1,((#8381,#8382),(#8383,#8384),(#8385,
#8386),(#8387,#8388),(#8389,#8390)),.UNSPECIFIED.,.F.,.F.,.F.,(4,1,4),(2,
2),(0.,0.114259418949752,0.220159316062637),(0.,0.03),.UNSPECIFIED.);
#472=B_SPLINE_SURFACE_WITH_KNOTS('',3,1,((#8404,#8405),(#8406,#8407),(#8408,
#8409),(#8410,#8411),(#8412,#8413)),.UNSPECIFIED.,.F.,.F.,.F.,(4,1,4),(2,
2),(0.,0.125776074551243,0.249865311743071),(0.,0.03),.UNSPECIFIED.);
#473=B_SPLINE_SURFACE_WITH_KNOTS('',3,1,((#8427,#8428),(#8429,#8430),(#8431,
#8432),(#8433,#8434),(#8435,#8436)),.UNSPECIFIED.,.F.,.F.,.F.,(4,1,4),(2,
2),(0.,0.17247635237397,0.313839030689914),(0.,0.03),.UNSPECIFIED.);
#474=B_SPLINE_SURFACE_WITH_KNOTS('',3,1,((#8450,#8451),(#8452,#8453),(#8454,
#8455),(#8456,#8457),(#8458,#8459)),.UNSPECIFIED.,.F.,.F.,.F.,(4,1,4),(2,
2),(0.,0.124137873513801,0.261961770860408),(0.,0.03),.UNSPECIFIED.);
#475=B_SPLINE_SURFACE_WITH_KNOTS('',3,1,((#8473,#8474),(#8475,#8476),(#8477,
#8478),(#8479,#8480),(#8481,#8482)),.UNSPECIFIED.,.F.,.F.,.F.,(4,1,4),(2,
2),(0.,0.105919122024014,0.198666543438705),(0.,0.03),.UNSPECIFIED.);
#476=B_SPLINE_SURFACE_WITH_KNOTS('',3,1,((#8496,#8497),(#8498,#8499),(#8500,
#8501),(#8502,#8503),(#8504,#8505)),.UNSPECIFIED.,.F.,.F.,.F.,(4,1,4),(2,
2),(0.,0.029158288403579,0.0705823169666915),(0.,0.03),.UNSPECIFIED.);
#477=B_SPLINE_SURFACE_WITH_KNOTS('',3,1,((#8519,#8520),(#8521,#8522),(#8523,
#8524),(#8525,#8526),(#8527,#8528)),.UNSPECIFIED.,.F.,.F.,.F.,(4,1,4),(2,
2),(0.,0.0417632133823814,0.0710033097331703),(0.,0.03),.UNSPECIFIED.);
#478=B_SPLINE_SURFACE_WITH_KNOTS('',3,1,((#8548,#8549),(#8550,#8551),(#8552,
#8553),(#8554,#8555),(#8556,#8557)),.UNSPECIFIED.,.F.,.F.,.F.,(4,1,4),(2,
2),(0.,0.0518596630020822,0.119038085979089),(0.,0.03),.UNSPECIFIED.);
#479=B_SPLINE_SURFACE_WITH_KNOTS('',3,1,((#8571,#8572),(#8573,#8574),(#8575,
#8576),(#8577,#8578),(#8579,#8580)),.UNSPECIFIED.,.F.,.F.,.F.,(4,1,4),(2,
2),(0.,0.068468788715872,0.120779074523469),(0.,0.03),.UNSPECIFIED.);
#480=B_SPLINE_SURFACE_WITH_KNOTS('',3,1,((#8600,#8601),(#8602,#8603),(#8604,
#8605),(#8606,#8607),(#8608,#8609)),.UNSPECIFIED.,.F.,.F.,.F.,(4,1,4),(2,
2),(0.,0.0856468970688165,0.164678432593656),(0.,0.03),.UNSPECIFIED.);
#481=B_SPLINE_SURFACE_WITH_KNOTS('',3,1,((#8623,#8624),(#8625,#8626),(#8627,
#8628),(#8629,#8630),(#8631,#8632)),.UNSPECIFIED.,.F.,.F.,.F.,(4,1,4),(2,
2),(0.,0.0732055636602072,0.156377562766551),(0.,0.03),.UNSPECIFIED.);
#482=B_SPLINE_SURFACE_WITH_KNOTS('',3,1,((#8646,#8647),(#8648,#8649),(#8650,
#8651),(#8652,#8653),(#8654,#8655)),.UNSPECIFIED.,.F.,.F.,.F.,(4,1,4),(2,
2),(0.,0.109022589297587,0.210484150173339),(0.,0.03),.UNSPECIFIED.);
#483=B_SPLINE_SURFACE_WITH_KNOTS('',3,1,((#8669,#8670),(#8671,#8672),(#8673,
#8674),(#8675,#8676),(#8677,#8678)),.UNSPECIFIED.,.F.,.F.,.F.,(4,1,4),(2,
2),(0.,0.168908234978426,0.301834311645907),(0.,0.03),.UNSPECIFIED.);
#484=B_SPLINE_SURFACE_WITH_KNOTS('',3,1,((#8692,#8693),(#8694,#8695),(#8696,
#8697),(#8698,#8699),(#8700,#8701)),.UNSPECIFIED.,.F.,.F.,.F.,(4,1,4),(2,
2),(0.,0.105177734988033,0.217812929583948),(0.,0.03),.UNSPECIFIED.);
#485=B_SPLINE_SURFACE_WITH_KNOTS('',3,1,((#8715,#8716),(#8717,#8718),(#8719,
#8720),(#8721,#8722),(#8723,#8724)),.UNSPECIFIED.,.F.,.F.,.F.,(4,1,4),(2,
2),(0.,0.0736307061513359,0.165584433389784),(0.,0.03),.UNSPECIFIED.);
#486=B_SPLINE_SURFACE_WITH_KNOTS('',3,1,((#8738,#8739),(#8740,#8741),(#8742,
#8743),(#8744,#8745),(#8746,#8747)),.UNSPECIFIED.,.F.,.F.,.F.,(4,1,4),(2,
2),(0.,0.0762040492658619,0.161449137233125),(0.,0.03),.UNSPECIFIED.);
#487=B_SPLINE_SURFACE_WITH_KNOTS('',3,1,((#8761,#8762),(#8763,#8764),(#8765,
#8766),(#8767,#8768),(#8769,#8770)),.UNSPECIFIED.,.F.,.F.,.F.,(4,1,4),(2,
2),(0.,0.0972087992595604,0.177477363266405),(0.,0.03),.UNSPECIFIED.);
#488=B_SPLINE_SURFACE_WITH_KNOTS('',3,1,((#8790,#8791),(#8792,#8793),(#8794,
#8795),(#8796,#8797),(#8798,#8799)),.UNSPECIFIED.,.F.,.F.,.F.,(4,1,4),(2,
2),(0.,0.0515524964876768,0.117340941691754),(0.,0.03),.UNSPECIFIED.);
#489=B_SPLINE_SURFACE_WITH_KNOTS('',3,1,((#8820,#8821),(#8822,#8823),(#8824,
#8825),(#8826,#8827),(#8828,#8829)),.UNSPECIFIED.,.F.,.F.,.F.,(4,1,4),(2,
2),(0.,0.0771479090054166,0.187061754609743),(0.,0.03),.UNSPECIFIED.);
#490=B_SPLINE_SURFACE_WITH_KNOTS('',3,1,((#8843,#8844),(#8845,#8846),(#8847,
#8848),(#8849,#8850),(#8851,#8852)),.UNSPECIFIED.,.F.,.F.,.F.,(4,1,4),(2,
2),(0.,0.0662812707829674,0.131201974896557),(0.,0.03),.UNSPECIFIED.);
#491=B_SPLINE_SURFACE_WITH_KNOTS('',3,1,((#8866,#8867),(#8868,#8869),(#8870,
#8871),(#8872,#8873),(#8874,#8875)),.UNSPECIFIED.,.F.,.F.,.F.,(4,1,4),(2,
2),(0.,0.0668692006832328,0.134368676165234),(0.,0.03),.UNSPECIFIED.);
#492=B_SPLINE_SURFACE_WITH_KNOTS('',3,1,((#8889,#8890),(#8891,#8892),(#8893,
#8894),(#8895,#8896),(#8897,#8898)),.UNSPECIFIED.,.F.,.F.,.F.,(4,1,4),(2,
2),(0.,0.114678101878093,0.196666411185727),(0.,0.03),.UNSPECIFIED.);
#493=B_SPLINE_SURFACE_WITH_KNOTS('',3,1,((#8942,#8943),(#8944,#8945),(#8946,
#8947),(#8948,#8949),(#8950,#8951)),.UNSPECIFIED.,.F.,.F.,.F.,(4,1,4),(2,
2),(0.,0.197408514760645,0.443906185076615),(0.,0.03),.UNSPECIFIED.);
#494=B_SPLINE_SURFACE_WITH_KNOTS('',3,1,((#8965,#8966),(#8967,#8968),(#8969,
#8970),(#8971,#8972),(#8973,#8974)),.UNSPECIFIED.,.F.,.F.,.F.,(4,1,4),(2,
2),(0.,0.205197808349364,0.389089591905397),(0.,0.03),.UNSPECIFIED.);
#495=B_SPLINE_SURFACE_WITH_KNOTS('',3,1,((#8988,#8989),(#8990,#8991),(#8992,
#8993),(#8994,#8995),(#8996,#8997)),.UNSPECIFIED.,.F.,.F.,.F.,(4,1,4),(2,
2),(0.,0.172838117928151,0.37101649081846),(0.,0.03),.UNSPECIFIED.);
#496=B_SPLINE_SURFACE_WITH_KNOTS('',3,1,((#9011,#9012),(#9013,#9014),(#9015,
#9016),(#9017,#9018),(#9019,#9020)),.UNSPECIFIED.,.F.,.F.,.F.,(4,1,4),(2,
2),(0.,0.222139651603087,0.402940793469648),(0.,0.03),.UNSPECIFIED.);
#497=B_SPLINE_SURFACE_WITH_KNOTS('',3,1,((#9044,#9045),(#9046,#9047),(#9048,
#9049),(#9050,#9051),(#9052,#9053)),.UNSPECIFIED.,.F.,.F.,.F.,(4,1,4),(2,
2),(0.,0.0760591594163328,0.145841547771176),(0.,0.03),.UNSPECIFIED.);
#498=B_SPLINE_SURFACE_WITH_KNOTS('',3,1,((#9070,#9071),(#9072,#9073),(#9074,
#9075),(#9076,#9077),(#9078,#9079)),.UNSPECIFIED.,.F.,.F.,.F.,(4,1,4),(2,
2),(0.,0.0889743914321686,0.1801719441651),(0.,0.03),.UNSPECIFIED.);
#499=B_SPLINE_SURFACE_WITH_KNOTS('',3,1,((#9093,#9094),(#9095,#9096),(#9097,
#9098),(#9099,#9100),(#9101,#9102)),.UNSPECIFIED.,.F.,.F.,.F.,(4,1,4),(2,
2),(0.,0.11877467060187,0.216653102063371),(0.,0.03),.UNSPECIFIED.);
#500=B_SPLINE_SURFACE_WITH_KNOTS('',3,1,((#9116,#9117),(#9118,#9119),(#9120,
#9121),(#9122,#9123),(#9124,#9125)),.UNSPECIFIED.,.F.,.F.,.F.,(4,1,4),(2,
2),(0.,0.104704033493404,0.236801461985849),(0.,0.03),.UNSPECIFIED.);
#501=B_SPLINE_SURFACE_WITH_KNOTS('',3,1,((#9139,#9140),(#9141,#9142),(#9143,
#9144),(#9145,#9146),(#9147,#9148)),.UNSPECIFIED.,.F.,.F.,.F.,(4,1,4),(2,
2),(0.,0.0953093581109463,0.18766797127903),(0.,0.03),.UNSPECIFIED.);
#502=B_SPLINE_SURFACE_WITH_KNOTS('',3,1,((#9162,#9163),(#9164,#9165),(#9166,
#9167),(#9168,#9169),(#9170,#9171)),.UNSPECIFIED.,.F.,.F.,.F.,(4,1,4),(2,
2),(0.,0.0627715905680287,0.136840818570843),(0.,0.03),.UNSPECIFIED.);
#503=B_SPLINE_SURFACE_WITH_KNOTS('',3,1,((#9185,#9186),(#9187,#9188),(#9189,
#9190),(#9191,#9192),(#9193,#9194)),.UNSPECIFIED.,.F.,.F.,.F.,(4,1,4),(2,
2),(0.,0.0663028391635631,0.126386958783207),(0.,0.03),.UNSPECIFIED.);
#504=B_SPLINE_SURFACE_WITH_KNOTS('',3,1,((#9214,#9215),(#9216,#9217),(#9218,
#9219),(#9220,#9221),(#9222,#9223)),.UNSPECIFIED.,.F.,.F.,.F.,(4,1,4),(2,
2),(0.,0.166862841093397,0.34551934609755),(0.,0.03),.UNSPECIFIED.);
#505=B_SPLINE_SURFACE_WITH_KNOTS('',3,1,((#9237,#9238),(#9239,#9240),(#9241,
#9242),(#9243,#9244),(#9245,#9246)),.UNSPECIFIED.,.F.,.F.,.F.,(4,1,4),(2,
2),(0.,0.235642805685047,0.421175155729233),(0.,0.03),.UNSPECIFIED.);
#506=B_SPLINE_SURFACE_WITH_KNOTS('',3,1,((#9260,#9261),(#9262,#9263),(#9264,
#9265),(#9266,#9267),(#9268,#9269)),.UNSPECIFIED.,.F.,.F.,.F.,(4,1,4),(2,
2),(0.,0.143888763217041,0.317516245596151),(0.,0.03),.UNSPECIFIED.);
#507=B_SPLINE_SURFACE_WITH_KNOTS('',3,1,((#9283,#9284),(#9285,#9286),(#9287,
#9288),(#9289,#9290),(#9291,#9292)),.UNSPECIFIED.,.F.,.F.,.F.,(4,1,4),(2,
2),(0.,0.0929077606603063,0.178537736975356),(0.,0.03),.UNSPECIFIED.);
#508=B_SPLINE_SURFACE_WITH_KNOTS('',3,1,((#9306,#9307),(#9308,#9309),(#9310,
#9311),(#9312,#9313),(#9314,#9315)),.UNSPECIFIED.,.F.,.F.,.F.,(4,1,4),(2,
2),(0.,0.0920778265258238,0.186949433088217),(0.,0.03),.UNSPECIFIED.);
#509=B_SPLINE_SURFACE_WITH_KNOTS('',3,1,((#9329,#9330),(#9331,#9332),(#9333,
#9334),(#9335,#9336),(#9337,#9338)),.UNSPECIFIED.,.F.,.F.,.F.,(4,1,4),(2,
2),(0.,0.154269098610565,0.286912652340443),(0.,0.03),.UNSPECIFIED.);
#510=B_SPLINE_SURFACE_WITH_KNOTS('',3,1,((#9352,#9353),(#9354,#9355),(#9356,
#9357),(#9358,#9359),(#9360,#9361)),.UNSPECIFIED.,.F.,.F.,.F.,(4,1,4),(2,
2),(0.,0.11834801989481,0.263477204536742),(0.,0.03),.UNSPECIFIED.);
#511=B_SPLINE_SURFACE_WITH_KNOTS('',3,1,((#9375,#9376),(#9377,#9378),(#9379,
#9380),(#9381,#9382),(#9383,#9384)),.UNSPECIFIED.,.F.,.F.,.F.,(4,1,4),(2,
2),(0.,0.107707675241338,0.214444653683078),(0.,0.03),.UNSPECIFIED.);
#512=B_SPLINE_SURFACE_WITH_KNOTS('',3,1,((#9398,#9399),(#9400,#9401),(#9402,
#9403),(#9404,#9405),(#9406,#9407)),.UNSPECIFIED.,.F.,.F.,.F.,(4,1,4),(2,
2),(0.,0.115056184935927,0.225175631903491),(0.,0.03),.UNSPECIFIED.);
#513=B_SPLINE_SURFACE_WITH_KNOTS('',3,1,((#9421,#9422),(#9423,#9424),(#9425,
#9426),(#9427,#9428),(#9429,#9430)),.UNSPECIFIED.,.F.,.F.,.F.,(4,1,4),(2,
2),(0.,0.158671601557941,0.29046437073909),(0.,0.03),.UNSPECIFIED.);
#514=B_SPLINE_SURFACE_WITH_KNOTS('',3,1,((#9444,#9445),(#9446,#9447),(#9448,
#9449),(#9450,#9451),(#9452,#9453)),.UNSPECIFIED.,.F.,.F.,.F.,(4,1,4),(2,
2),(0.,0.137120201919958,0.300927663747734),(0.,0.03),.UNSPECIFIED.);
#515=B_SPLINE_SURFACE_WITH_KNOTS('',3,1,((#9467,#9468),(#9469,#9470),(#9471,
#9472),(#9473,#9474),(#9475,#9476)),.UNSPECIFIED.,.F.,.F.,.F.,(4,1,4),(2,
2),(0.,0.117072579495746,0.238796491401005),(0.,0.03),.UNSPECIFIED.);
#516=B_SPLINE_SURFACE_WITH_KNOTS('',3,1,((#9490,#9491),(#9492,#9493),(#9494,
#9495),(#9496,#9497),(#9498,#9499)),.UNSPECIFIED.,.F.,.F.,.F.,(4,1,4),(2,
2),(0.,0.123318406777451,0.241203040956233),(0.,0.03),.UNSPECIFIED.);
#517=B_SPLINE_SURFACE_WITH_KNOTS('',3,1,((#9519,#9520),(#9521,#9522),(#9523,
#9524),(#9525,#9526),(#9527,#9528)),.UNSPECIFIED.,.F.,.F.,.F.,(4,1,4),(2,
2),(0.,0.0721483526656129,0.155421156581705),(0.,0.03),.UNSPECIFIED.);
#518=B_SPLINE_SURFACE_WITH_KNOTS('',3,1,((#9590,#9591),(#9592,#9593),(#9594,
#9595),(#9596,#9597),(#9598,#9599)),.UNSPECIFIED.,.F.,.F.,.F.,(4,1,4),(2,
2),(0.,0.325928501201474,0.559849017539203),(0.,0.03),.UNSPECIFIED.);
#519=B_SPLINE_SURFACE_WITH_KNOTS('',3,1,((#9616,#9617),(#9618,#9619),(#9620,
#9621),(#9622,#9623),(#9624,#9625)),.UNSPECIFIED.,.F.,.F.,.F.,(4,1,4),(2,
2),(0.,0.168657839754118,0.368544608380181),(0.,0.03),.UNSPECIFIED.);
#520=B_SPLINE_SURFACE_WITH_KNOTS('',3,1,((#9639,#9640),(#9641,#9642),(#9643,
#9644),(#9645,#9646),(#9647,#9648)),.UNSPECIFIED.,.F.,.F.,.F.,(4,1,4),(2,
2),(0.,0.143570430949938,0.292750572898366),(0.,0.03),.UNSPECIFIED.);
#521=B_SPLINE_SURFACE_WITH_KNOTS('',3,1,((#9662,#9663),(#9664,#9665),(#9666,
#9667),(#9668,#9669),(#9670,#9671)),.UNSPECIFIED.,.F.,.F.,.F.,(4,1,4),(2,
2),(0.,0.140071113402855,0.280820536548696),(0.,0.03),.UNSPECIFIED.);
#522=B_SPLINE_SURFACE_WITH_KNOTS('',3,1,((#9685,#9686),(#9687,#9688),(#9689,
#9690),(#9691,#9692),(#9693,#9694)),.UNSPECIFIED.,.F.,.F.,.F.,(4,1,4),(2,
2),(0.,0.114316668078356,0.232170046531574),(0.,0.03),.UNSPECIFIED.);
#523=B_SPLINE_SURFACE_WITH_KNOTS('',3,1,((#9708,#9709),(#9710,#9711),(#9712,
#9713),(#9714,#9715),(#9716,#9717)),.UNSPECIFIED.,.F.,.F.,.F.,(4,1,4),(2,
2),(0.,0.13614563505978,0.255991570242425),(0.,0.03),.UNSPECIFIED.);
#524=B_SPLINE_SURFACE_WITH_KNOTS('',3,1,((#9731,#9732),(#9733,#9734),(#9735,
#9736),(#9737,#9738),(#9739,#9740)),.UNSPECIFIED.,.F.,.F.,.F.,(4,1,4),(2,
2),(0.,0.268975854777756,0.45584265320307),(0.,0.03),.UNSPECIFIED.);
#525=B_SPLINE_SURFACE_WITH_KNOTS('',3,1,((#9754,#9755),(#9756,#9757),(#9758,
#9759),(#9760,#9761),(#9762,#9763)),.UNSPECIFIED.,.F.,.F.,.F.,(4,1,4),(2,
2),(0.,0.0622383231112715,0.165980236855507),(0.,0.03),.UNSPECIFIED.);
#526=B_SPLINE_SURFACE_WITH_KNOTS('',3,1,((#9777,#9778),(#9779,#9780),(#9781,
#9782),(#9783,#9784),(#9785,#9786)),.UNSPECIFIED.,.F.,.F.,.F.,(4,1,4),(2,
2),(0.,0.03505249950512,0.074649077757288),(0.,0.03),.UNSPECIFIED.);
#527=B_SPLINE_SURFACE_WITH_KNOTS('',3,1,((#9800,#9801),(#9802,#9803),(#9804,
#9805),(#9806,#9807),(#9808,#9809)),.UNSPECIFIED.,.F.,.F.,.F.,(4,1,4),(2,
2),(0.,0.0488380284554069,0.0953810695180084),(0.,0.03),.UNSPECIFIED.);
#528=B_SPLINE_SURFACE_WITH_KNOTS('',3,1,((#9823,#9824),(#9825,#9826),(#9827,
#9828),(#9829,#9830),(#9831,#9832)),.UNSPECIFIED.,.F.,.F.,.F.,(4,1,4),(2,
2),(0.,0.0713723895631269,0.128399431567626),(0.,0.03),.UNSPECIFIED.);
#529=B_SPLINE_SURFACE_WITH_KNOTS('',3,1,((#9846,#9847),(#9848,#9849),(#9850,
#9851),(#9852,#9853),(#9854,#9855)),.UNSPECIFIED.,.F.,.F.,.F.,(4,1,4),(2,
2),(0.,0.0748247886125266,0.163188576840001),(0.,0.03),.UNSPECIFIED.);
#530=B_SPLINE_SURFACE_WITH_KNOTS('',3,1,((#9869,#9870),(#9871,#9872),(#9873,
#9874),(#9875,#9876),(#9877,#9878)),.UNSPECIFIED.,.F.,.F.,.F.,(4,1,4),(2,
2),(0.,0.0915507829820303,0.167146147484464),(0.,0.03),.UNSPECIFIED.);
#531=B_SPLINE_SURFACE_WITH_KNOTS('',3,1,((#9898,#9899),(#9900,#9901),(#9902,
#9903),(#9904,#9905),(#9906,#9907)),.UNSPECIFIED.,.F.,.F.,.F.,(4,1,4),(2,
2),(0.,0.183496900607153,0.39370705013519),(0.,0.03),.UNSPECIFIED.);
#532=B_SPLINE_SURFACE_WITH_KNOTS('',3,1,((#9921,#9922),(#9923,#9924),(#9925,
#9926),(#9927,#9928),(#9929,#9930)),.UNSPECIFIED.,.F.,.F.,.F.,(4,1,4),(2,
2),(0.,0.254774190146076,0.456471390548072),(0.,0.03),.UNSPECIFIED.);
#533=B_SPLINE_SURFACE_WITH_KNOTS('',3,1,((#9944,#9945),(#9946,#9947),(#9948,
#9949),(#9950,#9951),(#9952,#9953)),.UNSPECIFIED.,.F.,.F.,.F.,(4,1,4),(2,
2),(0.,0.165481528919239,0.375368269990688),(0.,0.03),.UNSPECIFIED.);
#534=B_SPLINE_SURFACE_WITH_KNOTS('',3,1,((#9967,#9968),(#9969,#9970),(#9971,
#9972),(#9973,#9974),(#9975,#9976)),.UNSPECIFIED.,.F.,.F.,.F.,(4,1,4),(2,
2),(0.,0.124388565573768,0.261217688970745),(0.,0.03),.UNSPECIFIED.);
#535=B_SPLINE_SURFACE_WITH_KNOTS('',3,1,((#9990,#9991),(#9992,#9993),(#9994,
#9995),(#9996,#9997),(#9998,#9999)),.UNSPECIFIED.,.F.,.F.,.F.,(4,1,4),(2,
2),(0.,0.113665068867371,0.231004135197084),(0.,0.03),.UNSPECIFIED.);
#536=B_SPLINE_SURFACE_WITH_KNOTS('',3,1,((#10013,#10014),(#10015,#10016),
(#10017,#10018),(#10019,#10020),(#10021,#10022)),.UNSPECIFIED.,.F.,.F.,
 .F.,(4,1,4),(2,2),(0.,0.162281868648183,0.325975458554876),(0.,0.03),
 .UNSPECIFIED.);
#537=B_SPLINE_SURFACE_WITH_KNOTS('',3,1,((#10036,#10037),(#10038,#10039),
(#10040,#10041),(#10042,#10043),(#10044,#10045)),.UNSPECIFIED.,.F.,.F.,
 .F.,(4,1,4),(2,2),(0.,0.273091978531465,0.474676392972436),(0.,0.03),
 .UNSPECIFIED.);
#538=B_SPLINE_SURFACE_WITH_KNOTS('',3,1,((#10059,#10060),(#10061,#10062),
(#10063,#10064),(#10065,#10066),(#10067,#10068)),.UNSPECIFIED.,.F.,.F.,
 .F.,(4,1,4),(2,2),(0.,0.0960006097184045,0.254190778281337),(0.,0.03),
 .UNSPECIFIED.);
#539=B_SPLINE_SURFACE_WITH_KNOTS('',3,1,((#10082,#10083),(#10084,#10085),
(#10086,#10087),(#10088,#10089),(#10090,#10091)),.UNSPECIFIED.,.F.,.F.,
 .F.,(4,1,4),(2,2),(0.,0.0567135314820083,0.119038111427233),(0.,0.03),
 .UNSPECIFIED.);
#540=B_SPLINE_SURFACE_WITH_KNOTS('',3,1,((#10105,#10106),(#10107,#10108),
(#10109,#10110),(#10111,#10112),(#10113,#10114)),.UNSPECIFIED.,.F.,.F.,
 .F.,(4,1,4),(2,2),(0.,0.0644177428636415,0.123642917548796),(0.,0.03),
 .UNSPECIFIED.);
#541=B_SPLINE_SURFACE_WITH_KNOTS('',3,1,((#10128,#10129),(#10130,#10131),
(#10132,#10133),(#10134,#10135),(#10136,#10137)),.UNSPECIFIED.,.F.,.F.,
 .F.,(4,1,4),(2,2),(0.,0.0886340686689228,0.162507286202733),(0.,0.03),
 .UNSPECIFIED.);
#542=B_SPLINE_SURFACE_WITH_KNOTS('',3,1,((#10151,#10152),(#10153,#10154),
(#10155,#10156),(#10157,#10158),(#10159,#10160)),.UNSPECIFIED.,.F.,.F.,
 .F.,(4,1,4),(2,2),(0.,0.110583057104546,0.230432343354894),(0.,0.03),
 .UNSPECIFIED.);
#543=B_SPLINE_SURFACE_WITH_KNOTS('',3,1,((#10174,#10175),(#10176,#10177),
(#10178,#10179),(#10180,#10181),(#10182,#10183)),.UNSPECIFIED.,.F.,.F.,
 .F.,(4,1,4),(2,2),(0.,0.0971104046839248,0.175264649469381),(0.,0.03),
 .UNSPECIFIED.);
#544=B_SPLINE_SURFACE_WITH_KNOTS('',3,1,((#10203,#10204),(#10205,#10206),
(#10207,#10208),(#10209,#10210),(#10211,#10212)),.UNSPECIFIED.,.F.,.F.,
 .F.,(4,1,4),(2,2),(0.,0.20321348851331,0.416693760107995),(0.,0.03),
 .UNSPECIFIED.);
#545=B_SPLINE_SURFACE_WITH_KNOTS('',3,1,((#10258,#10259),(#10260,#10261),
(#10262,#10263),(#10264,#10265),(#10266,#10267)),.UNSPECIFIED.,.F.,.F.,
 .F.,(4,1,4),(2,2),(0.,0.064418719626638,0.154547577581036),(0.,0.03),
 .UNSPECIFIED.);
#546=B_SPLINE_SURFACE_WITH_KNOTS('',3,1,((#10281,#10282),(#10283,#10284),
(#10285,#10286),(#10287,#10288),(#10289,#10290)),.UNSPECIFIED.,.F.,.F.,
 .F.,(4,1,4),(2,2),(0.,0.0592801895497224,0.113593955330145),(0.,0.03),
 .UNSPECIFIED.);
#547=B_SPLINE_SURFACE_WITH_KNOTS('',3,1,((#10304,#10305),(#10306,#10307),
(#10308,#10309),(#10310,#10311),(#10312,#10313)),.UNSPECIFIED.,.F.,.F.,
 .F.,(4,1,4),(2,2),(0.,0.0556691141077979,0.118854103206676),(0.,0.03),
 .UNSPECIFIED.);
#548=B_SPLINE_SURFACE_WITH_KNOTS('',3,1,((#10327,#10328),(#10329,#10330),
(#10331,#10332),(#10333,#10334),(#10335,#10336)),.UNSPECIFIED.,.F.,.F.,
 .F.,(4,1,4),(2,2),(0.,0.0924321832673555,0.15770857320616),(0.,0.03),
 .UNSPECIFIED.);
#549=B_SPLINE_SURFACE_WITH_KNOTS('',3,1,((#10368,#10369),(#10370,#10371),
(#10372,#10373),(#10374,#10375),(#10376,#10377)),.UNSPECIFIED.,.F.,.F.,
 .F.,(4,1,4),(2,2),(0.,0.0734387691480049,0.177401263754675),(0.,0.03),
 .UNSPECIFIED.);
#550=B_SPLINE_SURFACE_WITH_KNOTS('',3,1,((#10391,#10392),(#10393,#10394),
(#10395,#10396),(#10397,#10398),(#10399,#10400)),.UNSPECIFIED.,.F.,.F.,
 .F.,(4,1,4),(2,2),(0.,0.0612027809687152,0.120633171621529),(0.,0.03),
 .UNSPECIFIED.);
#551=B_SPLINE_SURFACE_WITH_KNOTS('',3,1,((#10414,#10415),(#10416,#10417),
(#10418,#10419),(#10420,#10421),(#10422,#10423)),.UNSPECIFIED.,.F.,.F.,
 .F.,(4,1,4),(2,2),(0.,0.0619044276600365,0.127398837983395),(0.,0.03),
 .UNSPECIFIED.);
#552=B_SPLINE_SURFACE_WITH_KNOTS('',3,1,((#10437,#10438),(#10439,#10440),
(#10441,#10442),(#10443,#10444),(#10445,#10446)),.UNSPECIFIED.,.F.,.F.,
 .F.,(4,1,4),(2,2),(0.,0.102613994517227,0.176584042160115),(0.,0.03),
 .UNSPECIFIED.);
#553=B_SPLINE_SURFACE_WITH_KNOTS('',3,1,((#10478,#10479),(#10480,#10481),
(#10482,#10483),(#10484,#10485),(#10486,#10487)),.UNSPECIFIED.,.F.,.F.,
 .F.,(4,1,4),(2,2),(0.,0.131102817163293,0.208778259577115),(0.,0.03),
 .UNSPECIFIED.);
#554=B_SPLINE_SURFACE_WITH_KNOTS('',3,1,((#10501,#10502),(#10503,#10504),
(#10505,#10506),(#10507,#10508),(#10509,#10510)),.UNSPECIFIED.,.F.,.F.,
 .F.,(4,1,4),(2,2),(0.,0.0787558043437528,0.183504436499565),(0.,0.03),
 .UNSPECIFIED.);
#555=B_SPLINE_SURFACE_WITH_KNOTS('',3,1,((#10524,#10525),(#10526,#10527),
(#10528,#10529),(#10530,#10531),(#10532,#10533)),.UNSPECIFIED.,.F.,.F.,
 .F.,(4,1,4),(2,2),(0.,0.105243840068758,0.210941752604772),(0.,0.03),
 .UNSPECIFIED.);
#556=B_SPLINE_SURFACE_WITH_KNOTS('',3,1,((#10547,#10548),(#10549,#10550),
(#10551,#10552),(#10553,#10554),(#10555,#10556)),.UNSPECIFIED.,.F.,.F.,
 .F.,(4,1,4),(2,2),(0.,0.111587206070284,0.218610517138807),(0.,0.03),
 .UNSPECIFIED.);
#557=B_SPLINE_SURFACE_WITH_KNOTS('',3,1,((#10570,#10571),(#10572,#10573),
(#10574,#10575),(#10576,#10577),(#10578,#10579)),.UNSPECIFIED.,.F.,.F.,
 .F.,(4,1,4),(2,2),(0.,0.121135556179279,0.253609907364107),(0.,0.03),
 .UNSPECIFIED.);
#558=B_SPLINE_SURFACE_WITH_KNOTS('',3,1,((#10593,#10594),(#10595,#10596),
(#10597,#10598),(#10599,#10600),(#10601,#10602)),.UNSPECIFIED.,.F.,.F.,
 .F.,(4,1,4),(2,2),(0.,0.149919108689162,0.276554146785504),(0.,0.03),
 .UNSPECIFIED.);
#559=B_SPLINE_SURFACE_WITH_KNOTS('',3,1,((#10616,#10617),(#10618,#10619),
(#10620,#10621),(#10622,#10623),(#10624,#10625)),.UNSPECIFIED.,.F.,.F.,
 .F.,(4,1,4),(2,2),(0.,0.0886257870704405,0.191854157479503),(0.,0.03),
 .UNSPECIFIED.);
#560=B_SPLINE_SURFACE_WITH_KNOTS('',3,1,((#10639,#10640),(#10641,#10642),
(#10643,#10644),(#10645,#10646),(#10647,#10648)),.UNSPECIFIED.,.F.,.F.,
 .F.,(4,1,4),(2,2),(0.,0.12527584883666,0.246969618627941),(0.,0.03),
 .UNSPECIFIED.);
#561=B_SPLINE_SURFACE_WITH_KNOTS('',3,1,((#10662,#10663),(#10664,#10665),
(#10666,#10667),(#10668,#10669),(#10670,#10671)),.UNSPECIFIED.,.F.,.F.,
 .F.,(4,1,4),(2,2),(0.,0.148460051974376,0.297127407112009),(0.,0.03),
 .UNSPECIFIED.);
#562=B_SPLINE_SURFACE_WITH_KNOTS('',3,1,((#10685,#10686),(#10687,#10688),
(#10689,#10690),(#10691,#10692),(#10693,#10694)),.UNSPECIFIED.,.F.,.F.,
 .F.,(4,1,4),(2,2),(0.,0.19359295324,0.356277487392369),(0.,0.03),
 .UNSPECIFIED.);
#563=FACE_OUTER_BOUND('',#859,.T.);
#564=FACE_OUTER_BOUND('',#860,.T.);
#565=FACE_OUTER_BOUND('',#861,.T.);
#566=FACE_OUTER_BOUND('',#862,.T.);
#567=FACE_OUTER_BOUND('',#863,.T.);
#568=FACE_OUTER_BOUND('',#864,.T.);
#569=FACE_OUTER_BOUND('',#865,.T.);
#570=FACE_OUTER_BOUND('',#866,.T.);
#571=FACE_OUTER_BOUND('',#867,.T.);
#572=FACE_OUTER_BOUND('',#868,.T.);
#573=FACE_OUTER_BOUND('',#869,.T.);
#574=FACE_OUTER_BOUND('',#870,.T.);
#575=FACE_OUTER_BOUND('',#871,.T.);
#576=FACE_OUTER_BOUND('',#872,.T.);
#577=FACE_OUTER_BOUND('',#873,.T.);
#578=FACE_OUTER_BOUND('',#874,.T.);
#579=FACE_OUTER_BOUND('',#875,.T.);
#580=FACE_OUTER_BOUND('',#876,.T.);
#581=FACE_OUTER_BOUND('',#877,.T.);
#582=FACE_OUTER_BOUND('',#878,.T.);
#583=FACE_OUTER_BOUND('',#879,.T.);
#584=FACE_OUTER_BOUND('',#880,.T.);
#585=FACE_OUTER_BOUND('',#881,.T.);
#586=FACE_OUTER_BOUND('',#882,.T.);
#587=FACE_OUTER_BOUND('',#883,.T.);
#588=FACE_OUTER_BOUND('',#884,.T.);
#589=FACE_OUTER_BOUND('',#885,.T.);
#590=FACE_OUTER_BOUND('',#886,.T.);
#591=FACE_OUTER_BOUND('',#887,.T.);
#592=FACE_OUTER_BOUND('',#888,.T.);
#593=FACE_OUTER_BOUND('',#889,.T.);
#594=FACE_OUTER_BOUND('',#890,.T.);
#595=FACE_OUTER_BOUND('',#891,.T.);
#596=FACE_OUTER_BOUND('',#892,.T.);
#597=FACE_OUTER_BOUND('',#893,.T.);
#598=FACE_OUTER_BOUND('',#894,.T.);
#599=FACE_OUTER_BOUND('',#895,.T.);
#600=FACE_OUTER_BOUND('',#896,.T.);
#601=FACE_OUTER_BOUND('',#897,.T.);
#602=FACE_OUTER_BOUND('',#899,.T.);
#603=FACE_OUTER_BOUND('',#900,.T.);
#604=FACE_OUTER_BOUND('',#901,.T.);
#605=FACE_OUTER_BOUND('',#902,.T.);
#606=FACE_OUTER_BOUND('',#903,.T.);
#607=FACE_OUTER_BOUND('',#904,.T.);
#608=FACE_OUTER_BOUND('',#905,.T.);
#609=FACE_OUTER_BOUND('',#906,.T.);
#610=FACE_OUTER_BOUND('',#907,.T.);
#611=FACE_OUTER_BOUND('',#908,.T.);
#612=FACE_OUTER_BOUND('',#909,.T.);
#613=FACE_OUTER_BOUND('',#910,.T.);
#614=FACE_OUTER_BOUND('',#911,.T.);
#615=FACE_OUTER_BOUND('',#912,.T.);
#616=FACE_OUTER_BOUND('',#913,.T.);
#617=FACE_OUTER_BOUND('',#914,.T.);
#618=FACE_OUTER_BOUND('',#915,.T.);
#619=FACE_OUTER_BOUND('',#916,.T.);
#620=FACE_OUTER_BOUND('',#917,.T.);
#621=FACE_OUTER_BOUND('',#918,.T.);
#622=FACE_OUTER_BOUND('',#919,.T.);
#623=FACE_OUTER_BOUND('',#920,.T.);
#624=FACE_OUTER_BOUND('',#921,.T.);
#625=FACE_OUTER_BOUND('',#922,.T.);
#626=FACE_OUTER_BOUND('',#923,.T.);
#627=FACE_OUTER_BOUND('',#924,.T.);
#628=FACE_OUTER_BOUND('',#925,.T.);
#629=FACE_OUTER_BOUND('',#926,.T.);
#630=FACE_OUTER_BOUND('',#927,.T.);
#631=FACE_OUTER_BOUND('',#928,.T.);
#632=FACE_OUTER_BOUND('',#929,.T.);
#633=FACE_OUTER_BOUND('',#930,.T.);
#634=FACE_OUTER_BOUND('',#931,.T.);
#635=FACE_OUTER_BOUND('',#932,.T.);
#636=FACE_OUTER_BOUND('',#933,.T.);
#637=FACE_OUTER_BOUND('',#934,.T.);
#638=FACE_OUTER_BOUND('',#936,.T.);
#639=FACE_OUTER_BOUND('',#937,.T.);
#640=FACE_OUTER_BOUND('',#938,.T.);
#641=FACE_OUTER_BOUND('',#939,.T.);
#642=FACE_OUTER_BOUND('',#940,.T.);
#643=FACE_OUTER_BOUND('',#941,.T.);
#644=FACE_OUTER_BOUND('',#942,.T.);
#645=FACE_OUTER_BOUND('',#943,.T.);
#646=FACE_OUTER_BOUND('',#944,.T.);
#647=FACE_OUTER_BOUND('',#945,.T.);
#648=FACE_OUTER_BOUND('',#946,.T.);
#649=FACE_OUTER_BOUND('',#947,.T.);
#650=FACE_OUTER_BOUND('',#948,.T.);
#651=FACE_OUTER_BOUND('',#949,.T.);
#652=FACE_OUTER_BOUND('',#950,.T.);
#653=FACE_OUTER_BOUND('',#951,.T.);
#654=FACE_OUTER_BOUND('',#952,.T.);
#655=FACE_OUTER_BOUND('',#953,.T.);
#656=FACE_OUTER_BOUND('',#954,.T.);
#657=FACE_OUTER_BOUND('',#955,.T.);
#658=FACE_OUTER_BOUND('',#956,.T.);
#659=FACE_OUTER_BOUND('',#957,.T.);
#660=FACE_OUTER_BOUND('',#958,.T.);
#661=FACE_OUTER_BOUND('',#959,.T.);
#662=FACE_OUTER_BOUND('',#960,.T.);
#663=FACE_OUTER_BOUND('',#961,.T.);
#664=FACE_OUTER_BOUND('',#962,.T.);
#665=FACE_OUTER_BOUND('',#963,.T.);
#666=FACE_OUTER_BOUND('',#964,.T.);
#667=FACE_OUTER_BOUND('',#965,.T.);
#668=FACE_OUTER_BOUND('',#966,.T.);
#669=FACE_OUTER_BOUND('',#967,.T.);
#670=FACE_OUTER_BOUND('',#968,.T.);
#671=FACE_OUTER_BOUND('',#969,.T.);
#672=FACE_OUTER_BOUND('',#970,.T.);
#673=FACE_OUTER_BOUND('',#971,.T.);
#674=FACE_OUTER_BOUND('',#972,.T.);
#675=FACE_OUTER_BOUND('',#973,.T.);
#676=FACE_OUTER_BOUND('',#974,.T.);
#677=FACE_OUTER_BOUND('',#975,.T.);
#678=FACE_OUTER_BOUND('',#976,.T.);
#679=FACE_OUTER_BOUND('',#977,.T.);
#680=FACE_OUTER_BOUND('',#978,.T.);
#681=FACE_OUTER_BOUND('',#979,.T.);
#682=FACE_OUTER_BOUND('',#980,.T.);
#683=FACE_OUTER_BOUND('',#981,.T.);
#684=FACE_OUTER_BOUND('',#982,.T.);
#685=FACE_OUTER_BOUND('',#983,.T.);
#686=FACE_OUTER_BOUND('',#984,.T.);
#687=FACE_OUTER_BOUND('',#985,.T.);
#688=FACE_OUTER_BOUND('',#986,.T.);
#689=FACE_OUTER_BOUND('',#987,.T.);
#690=FACE_OUTER_BOUND('',#988,.T.);
#691=FACE_OUTER_BOUND('',#989,.T.);
#692=FACE_OUTER_BOUND('',#990,.T.);
#693=FACE_OUTER_BOUND('',#991,.T.);
#694=FACE_OUTER_BOUND('',#992,.T.);
#695=FACE_OUTER_BOUND('',#993,.T.);
#696=FACE_OUTER_BOUND('',#994,.T.);
#697=FACE_OUTER_BOUND('',#995,.T.);
#698=FACE_OUTER_BOUND('',#996,.T.);
#699=FACE_OUTER_BOUND('',#997,.T.);
#700=FACE_OUTER_BOUND('',#998,.T.);
#701=FACE_OUTER_BOUND('',#999,.T.);
#702=FACE_OUTER_BOUND('',#1000,.T.);
#703=FACE_OUTER_BOUND('',#1001,.T.);
#704=FACE_OUTER_BOUND('',#1002,.T.);
#705=FACE_OUTER_BOUND('',#1003,.T.);
#706=FACE_OUTER_BOUND('',#1004,.T.);
#707=FACE_OUTER_BOUND('',#1005,.T.);
#708=FACE_OUTER_BOUND('',#1006,.T.);
#709=FACE_OUTER_BOUND('',#1007,.T.);
#710=FACE_OUTER_BOUND('',#1008,.T.);
#711=FACE_OUTER_BOUND('',#1009,.T.);
#712=FACE_OUTER_BOUND('',#1011,.T.);
#713=FACE_OUTER_BOUND('',#1012,.T.);
#714=FACE_OUTER_BOUND('',#1013,.T.);
#715=FACE_OUTER_BOUND('',#1014,.T.);
#716=FACE_OUTER_BOUND('',#1015,.T.);
#717=FACE_OUTER_BOUND('',#1016,.T.);
#718=FACE_OUTER_BOUND('',#1017,.T.);
#719=FACE_OUTER_BOUND('',#1018,.T.);
#720=FACE_OUTER_BOUND('',#1019,.T.);
#721=FACE_OUTER_BOUND('',#1020,.T.);
#722=FACE_OUTER_BOUND('',#1021,.T.);
#723=FACE_OUTER_BOUND('',#1022,.T.);
#724=FACE_OUTER_BOUND('',#1023,.T.);
#725=FACE_OUTER_BOUND('',#1024,.T.);
#726=FACE_OUTER_BOUND('',#1025,.T.);
#727=FACE_OUTER_BOUND('',#1026,.T.);
#728=FACE_OUTER_BOUND('',#1027,.T.);
#729=FACE_OUTER_BOUND('',#1029,.T.);
#730=FACE_OUTER_BOUND('',#1030,.T.);
#731=FACE_OUTER_BOUND('',#1031,.T.);
#732=FACE_OUTER_BOUND('',#1032,.T.);
#733=FACE_OUTER_BOUND('',#1033,.T.);
#734=FACE_OUTER_BOUND('',#1034,.T.);
#735=FACE_OUTER_BOUND('',#1035,.T.);
#736=FACE_OUTER_BOUND('',#1036,.T.);
#737=FACE_OUTER_BOUND('',#1037,.T.);
#738=FACE_OUTER_BOUND('',#1038,.T.);
#739=FACE_OUTER_BOUND('',#1039,.T.);
#740=FACE_OUTER_BOUND('',#1040,.T.);
#741=FACE_OUTER_BOUND('',#1041,.T.);
#742=FACE_OUTER_BOUND('',#1042,.T.);
#743=FACE_OUTER_BOUND('',#1043,.T.);
#744=FACE_OUTER_BOUND('',#1044,.T.);
#745=FACE_OUTER_BOUND('',#1045,.T.);
#746=FACE_OUTER_BOUND('',#1046,.T.);
#747=FACE_OUTER_BOUND('',#1047,.T.);
#748=FACE_OUTER_BOUND('',#1048,.T.);
#749=FACE_OUTER_BOUND('',#1049,.T.);
#750=FACE_OUTER_BOUND('',#1050,.T.);
#751=FACE_OUTER_BOUND('',#1051,.T.);
#752=FACE_OUTER_BOUND('',#1052,.T.);
#753=FACE_OUTER_BOUND('',#1053,.T.);
#754=FACE_OUTER_BOUND('',#1054,.T.);
#755=FACE_OUTER_BOUND('',#1055,.T.);
#756=FACE_OUTER_BOUND('',#1056,.T.);
#757=FACE_OUTER_BOUND('',#1057,.T.);
#758=FACE_OUTER_BOUND('',#1058,.T.);
#759=FACE_OUTER_BOUND('',#1059,.T.);
#760=FACE_OUTER_BOUND('',#1060,.T.);
#761=FACE_OUTER_BOUND('',#1061,.T.);
#762=FACE_OUTER_BOUND('',#1062,.T.);
#763=FACE_OUTER_BOUND('',#1063,.T.);
#764=FACE_OUTER_BOUND('',#1064,.T.);
#765=FACE_OUTER_BOUND('',#1065,.T.);
#766=FACE_OUTER_BOUND('',#1066,.T.);
#767=FACE_OUTER_BOUND('',#1067,.T.);
#768=FACE_OUTER_BOUND('',#1068,.T.);
#769=FACE_OUTER_BOUND('',#1069,.T.);
#770=FACE_OUTER_BOUND('',#1070,.T.);
#771=FACE_OUTER_BOUND('',#1071,.T.);
#772=FACE_OUTER_BOUND('',#1072,.T.);
#773=FACE_OUTER_BOUND('',#1073,.T.);
#774=FACE_OUTER_BOUND('',#1074,.T.);
#775=FACE_OUTER_BOUND('',#1075,.T.);
#776=FACE_OUTER_BOUND('',#1076,.T.);
#777=FACE_OUTER_BOUND('',#1077,.T.);
#778=FACE_OUTER_BOUND('',#1078,.T.);
#779=FACE_OUTER_BOUND('',#1079,.T.);
#780=FACE_OUTER_BOUND('',#1080,.T.);
#781=FACE_OUTER_BOUND('',#1081,.T.);
#782=FACE_OUTER_BOUND('',#1082,.T.);
#783=FACE_OUTER_BOUND('',#1083,.T.);
#784=FACE_OUTER_BOUND('',#1084,.T.);
#785=FACE_OUTER_BOUND('',#1085,.T.);
#786=FACE_OUTER_BOUND('',#1086,.T.);
#787=FACE_OUTER_BOUND('',#1087,.T.);
#788=FACE_OUTER_BOUND('',#1088,.T.);
#789=FACE_OUTER_BOUND('',#1089,.T.);
#790=FACE_OUTER_BOUND('',#1090,.T.);
#791=FACE_OUTER_BOUND('',#1091,.T.);
#792=FACE_OUTER_BOUND('',#1092,.T.);
#793=FACE_OUTER_BOUND('',#1093,.T.);
#794=FACE_OUTER_BOUND('',#1094,.T.);
#795=FACE_OUTER_BOUND('',#1095,.T.);
#796=FACE_OUTER_BOUND('',#1096,.T.);
#797=FACE_OUTER_BOUND('',#1097,.T.);
#798=FACE_OUTER_BOUND('',#1098,.T.);
#799=FACE_OUTER_BOUND('',#1099,.T.);
#800=FACE_OUTER_BOUND('',#1100,.T.);
#801=FACE_OUTER_BOUND('',#1101,.T.);
#802=FACE_OUTER_BOUND('',#1102,.T.);
#803=FACE_OUTER_BOUND('',#1103,.T.);
#804=FACE_OUTER_BOUND('',#1104,.T.);
#805=FACE_OUTER_BOUND('',#1105,.T.);
#806=FACE_OUTER_BOUND('',#1106,.T.);
#807=FACE_OUTER_BOUND('',#1107,.T.);
#808=FACE_OUTER_BOUND('',#1108,.T.);
#809=FACE_OUTER_BOUND('',#1109,.T.);
#810=FACE_OUTER_BOUND('',#1110,.T.);
#811=FACE_OUTER_BOUND('',#1111,.T.);
#812=FACE_OUTER_BOUND('',#1112,.T.);
#813=FACE_OUTER_BOUND('',#1113,.T.);
#814=FACE_OUTER_BOUND('',#1114,.T.);
#815=FACE_OUTER_BOUND('',#1115,.T.);
#816=FACE_OUTER_BOUND('',#1116,.T.);
#817=FACE_OUTER_BOUND('',#1117,.T.);
#818=FACE_OUTER_BOUND('',#1118,.T.);
#819=FACE_OUTER_BOUND('',#1119,.T.);
#820=FACE_OUTER_BOUND('',#1120,.T.);
#821=FACE_OUTER_BOUND('',#1121,.T.);
#822=FACE_OUTER_BOUND('',#1122,.T.);
#823=FACE_OUTER_BOUND('',#1123,.T.);
#824=FACE_OUTER_BOUND('',#1124,.T.);
#825=FACE_OUTER_BOUND('',#1125,.T.);
#826=FACE_OUTER_BOUND('',#1128,.T.);
#827=FACE_OUTER_BOUND('',#1147,.T.);
#828=FACE_OUTER_BOUND('',#1148,.T.);
#829=FACE_OUTER_BOUND('',#1149,.T.);
#830=FACE_OUTER_BOUND('',#1150,.T.);
#831=FACE_OUTER_BOUND('',#1151,.T.);
#832=FACE_OUTER_BOUND('',#1152,.T.);
#833=FACE_OUTER_BOUND('',#1153,.T.);
#834=FACE_OUTER_BOUND('',#1154,.T.);
#835=FACE_OUTER_BOUND('',#1155,.T.);
#836=FACE_OUTER_BOUND('',#1156,.T.);
#837=FACE_OUTER_BOUND('',#1157,.T.);
#838=FACE_OUTER_BOUND('',#1159,.T.);
#839=FACE_OUTER_BOUND('',#1160,.T.);
#840=FACE_OUTER_BOUND('',#1162,.T.);
#841=FACE_OUTER_BOUND('',#1163,.T.);
#842=FACE_OUTER_BOUND('',#1165,.T.);
#843=FACE_OUTER_BOUND('',#1166,.T.);
#844=FACE_OUTER_BOUND('',#1168,.T.);
#845=FACE_OUTER_BOUND('',#1169,.T.);
#846=FACE_OUTER_BOUND('',#1170,.T.);
#847=FACE_OUTER_BOUND('',#1171,.T.);
#848=FACE_OUTER_BOUND('',#1172,.T.);
#849=FACE_OUTER_BOUND('',#1173,.T.);
#850=FACE_OUTER_BOUND('',#1174,.T.);
#851=FACE_OUTER_BOUND('',#1175,.T.);
#852=FACE_OUTER_BOUND('',#1176,.T.);
#853=FACE_OUTER_BOUND('',#1177,.T.);
#854=FACE_OUTER_BOUND('',#1178,.T.);
#855=FACE_OUTER_BOUND('',#1179,.T.);
#856=FACE_OUTER_BOUND('',#1180,.T.);
#857=FACE_OUTER_BOUND('',#1181,.T.);
#858=FACE_OUTER_BOUND('',#1182,.T.);
#859=EDGE_LOOP('',(#3461,#3462,#3463,#3464));
#860=EDGE_LOOP('',(#3465,#3466,#3467,#3468));
#861=EDGE_LOOP('',(#3469,#3470,#3471,#3472));
#862=EDGE_LOOP('',(#3473,#3474,#3475,#3476));
#863=EDGE_LOOP('',(#3477,#3478,#3479,#3480));
#864=EDGE_LOOP('',(#3481,#3482,#3483,#3484));
#865=EDGE_LOOP('',(#3485,#3486,#3487,#3488));
#866=EDGE_LOOP('',(#3489,#3490,#3491,#3492));
#867=EDGE_LOOP('',(#3493,#3494,#3495,#3496));
#868=EDGE_LOOP('',(#3497,#3498,#3499,#3500));
#869=EDGE_LOOP('',(#3501,#3502,#3503,#3504));
#870=EDGE_LOOP('',(#3505,#3506,#3507,#3508));
#871=EDGE_LOOP('',(#3509,#3510,#3511,#3512));
#872=EDGE_LOOP('',(#3513,#3514,#3515,#3516));
#873=EDGE_LOOP('',(#3517,#3518,#3519,#3520));
#874=EDGE_LOOP('',(#3521,#3522,#3523,#3524));
#875=EDGE_LOOP('',(#3525,#3526,#3527,#3528));
#876=EDGE_LOOP('',(#3529,#3530,#3531,#3532));
#877=EDGE_LOOP('',(#3533,#3534,#3535,#3536));
#878=EDGE_LOOP('',(#3537,#3538,#3539,#3540));
#879=EDGE_LOOP('',(#3541,#3542,#3543,#3544));
#880=EDGE_LOOP('',(#3545,#3546,#3547,#3548));
#881=EDGE_LOOP('',(#3549,#3550,#3551,#3552));
#882=EDGE_LOOP('',(#3553,#3554,#3555,#3556));
#883=EDGE_LOOP('',(#3557,#3558,#3559,#3560));
#884=EDGE_LOOP('',(#3561,#3562,#3563,#3564));
#885=EDGE_LOOP('',(#3565,#3566,#3567,#3568));
#886=EDGE_LOOP('',(#3569,#3570,#3571,#3572));
#887=EDGE_LOOP('',(#3573,#3574,#3575,#3576));
#888=EDGE_LOOP('',(#3577,#3578,#3579,#3580));
#889=EDGE_LOOP('',(#3581,#3582,#3583,#3584));
#890=EDGE_LOOP('',(#3585,#3586,#3587,#3588));
#891=EDGE_LOOP('',(#3589,#3590,#3591,#3592));
#892=EDGE_LOOP('',(#3593,#3594,#3595,#3596));
#893=EDGE_LOOP('',(#3597,#3598,#3599,#3600));
#894=EDGE_LOOP('',(#3601,#3602,#3603,#3604));
#895=EDGE_LOOP('',(#3605,#3606,#3607,#3608));
#896=EDGE_LOOP('',(#3609,#3610,#3611,#3612));
#897=EDGE_LOOP('',(#3613,#3614,#3615,#3616,#3617,#3618,#3619,#3620,#3621,
#3622,#3623,#3624,#3625,#3626,#3627,#3628,#3629,#3630,#3631,#3632,#3633,
#3634,#3635,#3636,#3637));
#898=EDGE_LOOP('',(#3638,#3639,#3640,#3641,#3642,#3643,#3644,#3645));
#899=EDGE_LOOP('',(#3646,#3647,#3648,#3649));
#900=EDGE_LOOP('',(#3650,#3651,#3652,#3653));
#901=EDGE_LOOP('',(#3654,#3655,#3656,#3657));
#902=EDGE_LOOP('',(#3658,#3659,#3660,#3661));
#903=EDGE_LOOP('',(#3662,#3663,#3664,#3665));
#904=EDGE_LOOP('',(#3666,#3667,#3668,#3669));
#905=EDGE_LOOP('',(#3670,#3671,#3672,#3673));
#906=EDGE_LOOP('',(#3674,#3675,#3676,#3677));
#907=EDGE_LOOP('',(#3678,#3679,#3680,#3681));
#908=EDGE_LOOP('',(#3682,#3683,#3684,#3685));
#909=EDGE_LOOP('',(#3686,#3687,#3688,#3689));
#910=EDGE_LOOP('',(#3690,#3691,#3692,#3693));
#911=EDGE_LOOP('',(#3694,#3695,#3696,#3697));
#912=EDGE_LOOP('',(#3698,#3699,#3700,#3701,#3702,#3703,#3704,#3705,#3706,
#3707,#3708,#3709,#3710));
#913=EDGE_LOOP('',(#3711,#3712,#3713,#3714));
#914=EDGE_LOOP('',(#3715,#3716,#3717,#3718));
#915=EDGE_LOOP('',(#3719,#3720,#3721,#3722));
#916=EDGE_LOOP('',(#3723,#3724,#3725,#3726));
#917=EDGE_LOOP('',(#3727,#3728,#3729,#3730));
#918=EDGE_LOOP('',(#3731,#3732,#3733,#3734));
#919=EDGE_LOOP('',(#3735,#3736,#3737,#3738));
#920=EDGE_LOOP('',(#3739,#3740,#3741,#3742));
#921=EDGE_LOOP('',(#3743,#3744,#3745,#3746));
#922=EDGE_LOOP('',(#3747,#3748,#3749,#3750));
#923=EDGE_LOOP('',(#3751,#3752,#3753,#3754));
#924=EDGE_LOOP('',(#3755,#3756,#3757,#3758));
#925=EDGE_LOOP('',(#3759,#3760,#3761,#3762));
#926=EDGE_LOOP('',(#3763,#3764,#3765,#3766));
#927=EDGE_LOOP('',(#3767,#3768,#3769,#3770));
#928=EDGE_LOOP('',(#3771,#3772,#3773,#3774));
#929=EDGE_LOOP('',(#3775,#3776,#3777,#3778));
#930=EDGE_LOOP('',(#3779,#3780,#3781,#3782));
#931=EDGE_LOOP('',(#3783,#3784,#3785,#3786));
#932=EDGE_LOOP('',(#3787,#3788,#3789,#3790));
#933=EDGE_LOOP('',(#3791,#3792,#3793,#3794));
#934=EDGE_LOOP('',(#3795,#3796,#3797,#3798,#3799,#3800,#3801,#3802,#3803,
#3804,#3805,#3806,#3807));
#935=EDGE_LOOP('',(#3808,#3809,#3810,#3811,#3812,#3813,#3814,#3815));
#936=EDGE_LOOP('',(#3816,#3817,#3818,#3819));
#937=EDGE_LOOP('',(#3820,#3821,#3822,#3823));
#938=EDGE_LOOP('',(#3824,#3825,#3826,#3827));
#939=EDGE_LOOP('',(#3828,#3829,#3830,#3831));
#940=EDGE_LOOP('',(#3832,#3833,#3834,#3835));
#941=EDGE_LOOP('',(#3836,#3837,#3838,#3839));
#942=EDGE_LOOP('',(#3840,#3841,#3842,#3843));
#943=EDGE_LOOP('',(#3844,#3845,#3846,#3847));
#944=EDGE_LOOP('',(#3848,#3849,#3850,#3851));
#945=EDGE_LOOP('',(#3852,#3853,#3854,#3855));
#946=EDGE_LOOP('',(#3856,#3857,#3858,#3859));
#947=EDGE_LOOP('',(#3860,#3861,#3862,#3863));
#948=EDGE_LOOP('',(#3864,#3865,#3866,#3867));
#949=EDGE_LOOP('',(#3868,#3869,#3870,#3871));
#950=EDGE_LOOP('',(#3872,#3873,#3874,#3875));
#951=EDGE_LOOP('',(#3876,#3877,#3878,#3879));
#952=EDGE_LOOP('',(#3880,#3881,#3882,#3883));
#953=EDGE_LOOP('',(#3884,#3885,#3886,#3887));
#954=EDGE_LOOP('',(#3888,#3889,#3890,#3891));
#955=EDGE_LOOP('',(#3892,#3893,#3894,#3895,#3896,#3897,#3898,#3899,#3900,
#3901,#3902,#3903,#3904,#3905,#3906,#3907,#3908,#3909,#3910));
#956=EDGE_LOOP('',(#3911,#3912,#3913,#3914));
#957=EDGE_LOOP('',(#3915,#3916,#3917,#3918));
#958=EDGE_LOOP('',(#3919,#3920,#3921,#3922));
#959=EDGE_LOOP('',(#3923,#3924,#3925,#3926));
#960=EDGE_LOOP('',(#3927,#3928,#3929,#3930));
#961=EDGE_LOOP('',(#3931,#3932,#3933,#3934));
#962=EDGE_LOOP('',(#3935,#3936,#3937,#3938));
#963=EDGE_LOOP('',(#3939,#3940,#3941,#3942));
#964=EDGE_LOOP('',(#3943,#3944,#3945,#3946));
#965=EDGE_LOOP('',(#3947,#3948,#3949,#3950));
#966=EDGE_LOOP('',(#3951,#3952,#3953,#3954));
#967=EDGE_LOOP('',(#3955,#3956,#3957,#3958));
#968=EDGE_LOOP('',(#3959,#3960,#3961,#3962));
#969=EDGE_LOOP('',(#3963,#3964,#3965,#3966));
#970=EDGE_LOOP('',(#3967,#3968,#3969,#3970));
#971=EDGE_LOOP('',(#3971,#3972,#3973,#3974));
#972=EDGE_LOOP('',(#3975,#3976,#3977,#3978,#3979,#3980,#3981,#3982,#3983,
#3984,#3985,#3986,#3987,#3988,#3989,#3990));
#973=EDGE_LOOP('',(#3991,#3992,#3993,#3994));
#974=EDGE_LOOP('',(#3995,#3996,#3997,#3998));
#975=EDGE_LOOP('',(#3999,#4000,#4001,#4002));
#976=EDGE_LOOP('',(#4003,#4004,#4005,#4006));
#977=EDGE_LOOP('',(#4007,#4008,#4009,#4010));
#978=EDGE_LOOP('',(#4011,#4012,#4013,#4014));
#979=EDGE_LOOP('',(#4015,#4016,#4017,#4018));
#980=EDGE_LOOP('',(#4019,#4020,#4021,#4022));
#981=EDGE_LOOP('',(#4023,#4024,#4025,#4026));
#982=EDGE_LOOP('',(#4027,#4028,#4029,#4030));
#983=EDGE_LOOP('',(#4031,#4032,#4033,#4034));
#984=EDGE_LOOP('',(#4035,#4036,#4037,#4038));
#985=EDGE_LOOP('',(#4039,#4040,#4041,#4042));
#986=EDGE_LOOP('',(#4043,#4044,#4045,#4046));
#987=EDGE_LOOP('',(#4047,#4048,#4049,#4050));
#988=EDGE_LOOP('',(#4051,#4052,#4053,#4054));
#989=EDGE_LOOP('',(#4055,#4056,#4057,#4058));
#990=EDGE_LOOP('',(#4059,#4060,#4061,#4062));
#991=EDGE_LOOP('',(#4063,#4064,#4065,#4066));
#992=EDGE_LOOP('',(#4067,#4068,#4069,#4070));
#993=EDGE_LOOP('',(#4071,#4072,#4073,#4074));
#994=EDGE_LOOP('',(#4075,#4076,#4077,#4078));
#995=EDGE_LOOP('',(#4079,#4080,#4081,#4082));
#996=EDGE_LOOP('',(#4083,#4084,#4085,#4086));
#997=EDGE_LOOP('',(#4087,#4088,#4089,#4090));
#998=EDGE_LOOP('',(#4091,#4092,#4093,#4094));
#999=EDGE_LOOP('',(#4095,#4096,#4097,#4098));
#1000=EDGE_LOOP('',(#4099,#4100,#4101,#4102));
#1001=EDGE_LOOP('',(#4103,#4104,#4105,#4106));
#1002=EDGE_LOOP('',(#4107,#4108,#4109,#4110));
#1003=EDGE_LOOP('',(#4111,#4112,#4113,#4114));
#1004=EDGE_LOOP('',(#4115,#4116,#4117,#4118));
#1005=EDGE_LOOP('',(#4119,#4120,#4121,#4122));
#1006=EDGE_LOOP('',(#4123,#4124,#4125,#4126));
#1007=EDGE_LOOP('',(#4127,#4128,#4129,#4130));
#1008=EDGE_LOOP('',(#4131,#4132,#4133,#4134));
#1009=EDGE_LOOP('',(#4135,#4136,#4137,#4138,#4139,#4140,#4141,#4142,#4143,
#4144,#4145,#4146,#4147,#4148,#4149,#4150,#4151,#4152,#4153,#4154,#4155,
#4156,#4157,#4158,#4159,#4160,#4161));
#1010=EDGE_LOOP('',(#4162,#4163,#4164,#4165,#4166,#4167,#4168,#4169,#4170));
#1011=EDGE_LOOP('',(#4171,#4172,#4173,#4174));
#1012=EDGE_LOOP('',(#4175,#4176,#4177,#4178));
#1013=EDGE_LOOP('',(#4179,#4180,#4181,#4182));
#1014=EDGE_LOOP('',(#4183,#4184,#4185,#4186));
#1015=EDGE_LOOP('',(#4187,#4188,#4189,#4190));
#1016=EDGE_LOOP('',(#4191,#4192,#4193,#4194));
#1017=EDGE_LOOP('',(#4195,#4196,#4197,#4198));
#1018=EDGE_LOOP('',(#4199,#4200,#4201,#4202));
#1019=EDGE_LOOP('',(#4203,#4204,#4205,#4206));
#1020=EDGE_LOOP('',(#4207,#4208,#4209,#4210));
#1021=EDGE_LOOP('',(#4211,#4212,#4213,#4214));
#1022=EDGE_LOOP('',(#4215,#4216,#4217,#4218));
#1023=EDGE_LOOP('',(#4219,#4220,#4221,#4222));
#1024=EDGE_LOOP('',(#4223,#4224,#4225,#4226));
#1025=EDGE_LOOP('',(#4227,#4228,#4229,#4230));
#1026=EDGE_LOOP('',(#4231,#4232,#4233,#4234));
#1027=EDGE_LOOP('',(#4235,#4236,#4237,#4238,#4239,#4240,#4241,#4242,#4243));
#1028=EDGE_LOOP('',(#4244,#4245,#4246,#4247,#4248,#4249,#4250));
#1029=EDGE_LOOP('',(#4251,#4252,#4253,#4254));
#1030=EDGE_LOOP('',(#4255,#4256,#4257,#4258));
#1031=EDGE_LOOP('',(#4259,#4260,#4261,#4262));
#1032=EDGE_LOOP('',(#4263,#4264,#4265,#4266));
#1033=EDGE_LOOP('',(#4267,#4268,#4269,#4270));
#1034=EDGE_LOOP('',(#4271,#4272,#4273,#4274));
#1035=EDGE_LOOP('',(#4275,#4276,#4277,#4278));
#1036=EDGE_LOOP('',(#4279,#4280,#4281,#4282));
#1037=EDGE_LOOP('',(#4283,#4284,#4285,#4286));
#1038=EDGE_LOOP('',(#4287,#4288,#4289,#4290));
#1039=EDGE_LOOP('',(#4291,#4292,#4293,#4294));
#1040=EDGE_LOOP('',(#4295,#4296,#4297,#4298));
#1041=EDGE_LOOP('',(#4299,#4300,#4301,#4302));
#1042=EDGE_LOOP('',(#4303,#4304,#4305,#4306));
#1043=EDGE_LOOP('',(#4307,#4308,#4309,#4310));
#1044=EDGE_LOOP('',(#4311,#4312,#4313,#4314));
#1045=EDGE_LOOP('',(#4315,#4316,#4317,#4318));
#1046=EDGE_LOOP('',(#4319,#4320,#4321,#4322));
#1047=EDGE_LOOP('',(#4323,#4324,#4325,#4326));
#1048=EDGE_LOOP('',(#4327,#4328,#4329,#4330));
#1049=EDGE_LOOP('',(#4331,#4332,#4333,#4334));
#1050=EDGE_LOOP('',(#4335,#4336,#4337,#4338));
#1051=EDGE_LOOP('',(#4339,#4340,#4341,#4342));
#1052=EDGE_LOOP('',(#4343,#4344,#4345,#4346,#4347,#4348,#4349,#4350,#4351,
#4352,#4353,#4354,#4355,#4356,#4357,#4358,#4359,#4360,#4361,#4362,#4363,
#4364,#4365));
#1053=EDGE_LOOP('',(#4366,#4367,#4368,#4369));
#1054=EDGE_LOOP('',(#4370,#4371,#4372,#4373));
#1055=EDGE_LOOP('',(#4374,#4375,#4376,#4377));
#1056=EDGE_LOOP('',(#4378,#4379,#4380,#4381));
#1057=EDGE_LOOP('',(#4382,#4383,#4384,#4385));
#1058=EDGE_LOOP('',(#4386,#4387,#4388,#4389));
#1059=EDGE_LOOP('',(#4390,#4391,#4392,#4393));
#1060=EDGE_LOOP('',(#4394,#4395,#4396,#4397));
#1061=EDGE_LOOP('',(#4398,#4399,#4400,#4401));
#1062=EDGE_LOOP('',(#4402,#4403,#4404,#4405));
#1063=EDGE_LOOP('',(#4406,#4407,#4408,#4409));
#1064=EDGE_LOOP('',(#4410,#4411,#4412,#4413));
#1065=EDGE_LOOP('',(#4414,#4415,#4416,#4417));
#1066=EDGE_LOOP('',(#4418,#4419,#4420,#4421));
#1067=EDGE_LOOP('',(#4422,#4423,#4424,#4425));
#1068=EDGE_LOOP('',(#4426,#4427,#4428,#4429));
#1069=EDGE_LOOP('',(#4430,#4431,#4432,#4433));
#1070=EDGE_LOOP('',(#4434,#4435,#4436,#4437));
#1071=EDGE_LOOP('',(#4438,#4439,#4440,#4441));
#1072=EDGE_LOOP('',(#4442,#4443,#4444,#4445));
#1073=EDGE_LOOP('',(#4446,#4447,#4448,#4449));
#1074=EDGE_LOOP('',(#4450,#4451,#4452,#4453));
#1075=EDGE_LOOP('',(#4454,#4455,#4456,#4457));
#1076=EDGE_LOOP('',(#4458,#4459,#4460,#4461));
#1077=EDGE_LOOP('',(#4462,#4463,#4464,#4465));
#1078=EDGE_LOOP('',(#4466,#4467,#4468,#4469));
#1079=EDGE_LOOP('',(#4470,#4471,#4472,#4473));
#1080=EDGE_LOOP('',(#4474,#4475,#4476,#4477));
#1081=EDGE_LOOP('',(#4478,#4479,#4480,#4481));
#1082=EDGE_LOOP('',(#4482,#4483,#4484,#4485));
#1083=EDGE_LOOP('',(#4486,#4487,#4488,#4489));
#1084=EDGE_LOOP('',(#4490,#4491,#4492,#4493));
#1085=EDGE_LOOP('',(#4494,#4495,#4496,#4497));
#1086=EDGE_LOOP('',(#4498,#4499,#4500,#4501));
#1087=EDGE_LOOP('',(#4502,#4503,#4504,#4505));
#1088=EDGE_LOOP('',(#4506,#4507,#4508,#4509));
#1089=EDGE_LOOP('',(#4510,#4511,#4512,#4513));
#1090=EDGE_LOOP('',(#4514,#4515,#4516,#4517));
#1091=EDGE_LOOP('',(#4518,#4519,#4520,#4521));
#1092=EDGE_LOOP('',(#4522,#4523,#4524,#4525,#4526,#4527,#4528,#4529,#4530,
#4531,#4532,#4533,#4534,#4535,#4536,#4537,#4538,#4539,#4540,#4541,#4542,
#4543,#4544,#4545,#4546,#4547,#4548,#4549,#4550));
#1093=EDGE_LOOP('',(#4551,#4552,#4553,#4554));
#1094=EDGE_LOOP('',(#4555,#4556,#4557,#4558));
#1095=EDGE_LOOP('',(#4559,#4560,#4561,#4562));
#1096=EDGE_LOOP('',(#4563,#4564,#4565,#4566));
#1097=EDGE_LOOP('',(#4567,#4568,#4569,#4570));
#1098=EDGE_LOOP('',(#4571,#4572,#4573,#4574));
#1099=EDGE_LOOP('',(#4575,#4576,#4577,#4578));
#1100=EDGE_LOOP('',(#4579,#4580,#4581,#4582));
#1101=EDGE_LOOP('',(#4583,#4584,#4585,#4586));
#1102=EDGE_LOOP('',(#4587,#4588,#4589,#4590));
#1103=EDGE_LOOP('',(#4591,#4592,#4593,#4594));
#1104=EDGE_LOOP('',(#4595,#4596,#4597,#4598));
#1105=EDGE_LOOP('',(#4599,#4600,#4601,#4602));
#1106=EDGE_LOOP('',(#4603,#4604,#4605,#4606));
#1107=EDGE_LOOP('',(#4607,#4608,#4609,#4610));
#1108=EDGE_LOOP('',(#4611,#4612,#4613,#4614));
#1109=EDGE_LOOP('',(#4615,#4616,#4617,#4618));
#1110=EDGE_LOOP('',(#4619,#4620,#4621,#4622));
#1111=EDGE_LOOP('',(#4623,#4624,#4625,#4626));
#1112=EDGE_LOOP('',(#4627,#4628,#4629,#4630));
#1113=EDGE_LOOP('',(#4631,#4632,#4633,#4634));
#1114=EDGE_LOOP('',(#4635,#4636,#4637,#4638));
#1115=EDGE_LOOP('',(#4639,#4640,#4641,#4642));
#1116=EDGE_LOOP('',(#4643,#4644,#4645,#4646));
#1117=EDGE_LOOP('',(#4647,#4648,#4649,#4650));
#1118=EDGE_LOOP('',(#4651,#4652,#4653,#4654));
#1119=EDGE_LOOP('',(#4655,#4656,#4657,#4658));
#1120=EDGE_LOOP('',(#4659,#4660,#4661,#4662));
#1121=EDGE_LOOP('',(#4663,#4664,#4665,#4666));
#1122=EDGE_LOOP('',(#4667,#4668,#4669,#4670));
#1123=EDGE_LOOP('',(#4671,#4672,#4673,#4674));
#1124=EDGE_LOOP('',(#4675,#4676,#4677,#4678));
#1125=EDGE_LOOP('',(#4679,#4680,#4681,#4682,#4683,#4684,#4685,#4686,#4687,
#4688,#4689,#4690,#4691));
#1126=EDGE_LOOP('',(#4692,#4693,#4694,#4695,#4696,#4697,#4698));
#1127=EDGE_LOOP('',(#4699,#4700,#4701,#4702,#4703,#4704,#4705));
#1128=EDGE_LOOP('',(#4706,#4707,#4708,#4709));
#1129=EDGE_LOOP('',(#4710,#4711,#4712,#4713));
#1130=EDGE_LOOP('',(#4714,#4715,#4716,#4717,#4718,#4719,#4720,#4721,#4722,
#4723,#4724,#4725,#4726,#4727,#4728,#4729,#4730,#4731,#4732,#4733,#4734,
#4735,#4736,#4737,#4738));
#1131=EDGE_LOOP('',(#4739,#4740,#4741,#4742,#4743,#4744,#4745,#4746,#4747,
#4748,#4749,#4750,#4751));
#1132=EDGE_LOOP('',(#4752,#4753,#4754,#4755,#4756,#4757,#4758,#4759,#4760,
#4761,#4762,#4763,#4764));
#1133=EDGE_LOOP('',(#4765,#4766,#4767,#4768,#4769,#4770,#4771,#4772,#4773,
#4774,#4775,#4776,#4777,#4778,#4779,#4780,#4781,#4782,#4783));
#1134=EDGE_LOOP('',(#4784,#4785,#4786,#4787,#4788,#4789,#4790,#4791,#4792,
#4793,#4794,#4795,#4796,#4797,#4798,#4799));
#1135=EDGE_LOOP('',(#4800,#4801,#4802,#4803,#4804,#4805,#4806,#4807,#4808,
#4809,#4810,#4811,#4812,#4813,#4814,#4815,#4816,#4817,#4818,#4819,#4820,
#4821,#4822,#4823,#4824,#4825,#4826));
#1136=EDGE_LOOP('',(#4827,#4828,#4829,#4830,#4831,#4832,#4833,#4834,#4835));
#1137=EDGE_LOOP('',(#4836,#4837,#4838,#4839,#4840,#4841,#4842,#4843,#4844,
#4845,#4846,#4847,#4848,#4849,#4850,#4851,#4852,#4853,#4854,#4855,#4856,
#4857,#4858));
#1138=EDGE_LOOP('',(#4859,#4860,#4861,#4862));
#1139=EDGE_LOOP('',(#4863,#4864,#4865,#4866));
#1140=EDGE_LOOP('',(#4867,#4868,#4869,#4870,#4871,#4872,#4873,#4874,#4875,
#4876,#4877,#4878,#4879,#4880,#4881,#4882,#4883,#4884,#4885,#4886,#4887,
#4888,#4889,#4890,#4891,#4892,#4893,#4894,#4895));
#1141=EDGE_LOOP('',(#4896,#4897,#4898,#4899));
#1142=EDGE_LOOP('',(#4900,#4901,#4902,#4903,#4904,#4905,#4906,#4907,#4908,
#4909,#4910,#4911,#4912));
#1143=EDGE_LOOP('',(#4913));
#1144=EDGE_LOOP('',(#4914));
#1145=EDGE_LOOP('',(#4915));
#1146=EDGE_LOOP('',(#4916));
#1147=EDGE_LOOP('',(#4917,#4918,#4919,#4920,#4921,#4922,#4923));
#1148=EDGE_LOOP('',(#4924,#4925,#4926,#4927,#4928,#4929,#4930));
#1149=EDGE_LOOP('',(#4931,#4932,#4933,#4934,#4935,#4936,#4937));
#1150=EDGE_LOOP('',(#4938,#4939,#4940,#4941,#4942,#4943,#4944,#4945,#4946));
#1151=EDGE_LOOP('',(#4947,#4948,#4949,#4950,#4951,#4952,#4953,#4954));
#1152=EDGE_LOOP('',(#4955,#4956,#4957,#4958));
#1153=EDGE_LOOP('',(#4959,#4960,#4961,#4962));
#1154=EDGE_LOOP('',(#4963,#4964,#4965,#4966));
#1155=EDGE_LOOP('',(#4967,#4968,#4969,#4970));
#1156=EDGE_LOOP('',(#4971,#4972,#4973,#4974));
#1157=EDGE_LOOP('',(#4975));
#1158=EDGE_LOOP('',(#4976));
#1159=EDGE_LOOP('',(#4977,#4978,#4979,#4980));
#1160=EDGE_LOOP('',(#4981));
#1161=EDGE_LOOP('',(#4982));
#1162=EDGE_LOOP('',(#4983,#4984,#4985,#4986));
#1163=EDGE_LOOP('',(#4987));
#1164=EDGE_LOOP('',(#4988));
#1165=EDGE_LOOP('',(#4989,#4990,#4991,#4992));
#1166=EDGE_LOOP('',(#4993));
#1167=EDGE_LOOP('',(#4994));
#1168=EDGE_LOOP('',(#4995,#4996,#4997,#4998,#4999,#5000));
#1169=EDGE_LOOP('',(#5001,#5002,#5003,#5004));
#1170=EDGE_LOOP('',(#5005,#5006,#5007,#5008));
#1171=EDGE_LOOP('',(#5009,#5010,#5011,#5012));
#1172=EDGE_LOOP('',(#5013,#5014,#5015,#5016));
#1173=EDGE_LOOP('',(#5017,#5018,#5019,#5020));
#1174=EDGE_LOOP('',(#5021,#5022,#5023,#5024));
#1175=EDGE_LOOP('',(#5025,#5026,#5027,#5028));
#1176=EDGE_LOOP('',(#5029,#5030,#5031,#5032));
#1177=EDGE_LOOP('',(#5033,#5034,#5035,#5036));
#1178=EDGE_LOOP('',(#5037,#5038,#5039,#5040));
#1179=EDGE_LOOP('',(#5041,#5042,#5043,#5044));
#1180=EDGE_LOOP('',(#5045,#5046,#5047,#5048,#5049,#5050,#5051,#5052));
#1181=EDGE_LOOP('',(#5053,#5054,#5055,#5056,#5057,#5058,#5059,#5060));
#1182=EDGE_LOOP('',(#5061,#5062,#5063,#5064,#5065,#5066,#5067,#5068,#5069,
#5070,#5071,#5072));
#1183=EDGE_LOOP('',(#5073));
#1184=EDGE_LOOP('',(#5074));
#1185=EDGE_LOOP('',(#5075));
#1186=EDGE_LOOP('',(#5076));
#1187=LINE('',#6425,#1651);
#1188=LINE('',#6427,#1652);
#1189=LINE('',#6429,#1653);
#1190=LINE('',#6430,#1654);
#1191=LINE('',#6433,#1655);
#1192=LINE('',#6435,#1656);
#1193=LINE('',#6436,#1657);
#1194=LINE('',#6439,#1658);
#1195=LINE('',#6441,#1659);
#1196=LINE('',#6442,#1660);
#1197=LINE('',#6444,#1661);
#1198=LINE('',#6445,#1662);
#1199=LINE('',#6465,#1663);
#1200=LINE('',#6472,#1664);
#1201=LINE('',#6490,#1665);
#1202=LINE('',#6513,#1666);
#1203=LINE('',#6536,#1667);
#1204=LINE('',#6559,#1668);
#1205=LINE('',#6582,#1669);
#1206=LINE('',#6605,#1670);
#1207=LINE('',#6649,#1671);
#1208=LINE('',#6656,#1672);
#1209=LINE('',#6674,#1673);
#1210=LINE('',#6697,#1674);
#1211=LINE('',#6720,#1675);
#1212=LINE('',#6743,#1676);
#1213=LINE('',#6766,#1677);
#1214=LINE('',#6789,#1678);
#1215=LINE('',#6812,#1679);
#1216=LINE('',#6820,#1680);
#1217=LINE('',#6822,#1681);
#1218=LINE('',#6823,#1682);
#1219=LINE('',#6841,#1683);
#1220=LINE('',#6864,#1684);
#1221=LINE('',#6887,#1685);
#1222=LINE('',#6910,#1686);
#1223=LINE('',#6918,#1687);
#1224=LINE('',#6920,#1688);
#1225=LINE('',#6921,#1689);
#1226=LINE('',#6939,#1690);
#1227=LINE('',#6962,#1691);
#1228=LINE('',#6985,#1692);
#1229=LINE('',#7008,#1693);
#1230=LINE('',#7031,#1694);
#1231=LINE('',#7054,#1695);
#1232=LINE('',#7077,#1696);
#1233=LINE('',#7085,#1697);
#1234=LINE('',#7087,#1698);
#1235=LINE('',#7088,#1699);
#1236=LINE('',#7091,#1700);
#1237=LINE('',#7093,#1701);
#1238=LINE('',#7094,#1702);
#1239=LINE('',#7097,#1703);
#1240=LINE('',#7099,#1704);
#1241=LINE('',#7100,#1705);
#1242=LINE('',#7102,#1706);
#1243=LINE('',#7103,#1707);
#1244=LINE('',#7108,#1708);
#1245=LINE('',#7110,#1709);
#1246=LINE('',#7112,#1710);
#1247=LINE('',#7113,#1711);
#1248=LINE('',#7116,#1712);
#1249=LINE('',#7118,#1713);
#1250=LINE('',#7119,#1714);
#1251=LINE('',#7122,#1715);
#1252=LINE('',#7124,#1716);
#1253=LINE('',#7125,#1717);
#1254=LINE('',#7128,#1718);
#1255=LINE('',#7130,#1719);
#1256=LINE('',#7131,#1720);
#1257=LINE('',#7134,#1721);
#1258=LINE('',#7136,#1722);
#1259=LINE('',#7137,#1723);
#1260=LINE('',#7140,#1724);
#1261=LINE('',#7142,#1725);
#1262=LINE('',#7143,#1726);
#1263=LINE('',#7146,#1727);
#1264=LINE('',#7148,#1728);
#1265=LINE('',#7149,#1729);
#1266=LINE('',#7152,#1730);
#1267=LINE('',#7154,#1731);
#1268=LINE('',#7155,#1732);
#1269=LINE('',#7158,#1733);
#1270=LINE('',#7160,#1734);
#1271=LINE('',#7161,#1735);
#1272=LINE('',#7164,#1736);
#1273=LINE('',#7166,#1737);
#1274=LINE('',#7167,#1738);
#1275=LINE('',#7170,#1739);
#1276=LINE('',#7172,#1740);
#1277=LINE('',#7173,#1741);
#1278=LINE('',#7176,#1742);
#1279=LINE('',#7178,#1743);
#1280=LINE('',#7179,#1744);
#1281=LINE('',#7181,#1745);
#1282=LINE('',#7182,#1746);
#1283=LINE('',#7202,#1747);
#1284=LINE('',#7209,#1748);
#1285=LINE('',#7227,#1749);
#1286=LINE('',#7250,#1750);
#1287=LINE('',#7273,#1751);
#1288=LINE('',#7296,#1752);
#1289=LINE('',#7319,#1753);
#1290=LINE('',#7342,#1754);
#1291=LINE('',#7371,#1755);
#1292=LINE('',#7373,#1756);
#1293=LINE('',#7375,#1757);
#1294=LINE('',#7376,#1758);
#1295=LINE('',#7394,#1759);
#1296=LINE('',#7417,#1760);
#1297=LINE('',#7440,#1761);
#1298=LINE('',#7463,#1762);
#1299=LINE('',#7486,#1763);
#1300=LINE('',#7509,#1764);
#1301=LINE('',#7532,#1765);
#1302=LINE('',#7555,#1766);
#1303=LINE('',#7563,#1767);
#1304=LINE('',#7565,#1768);
#1305=LINE('',#7566,#1769);
#1306=LINE('',#7569,#1770);
#1307=LINE('',#7571,#1771);
#1308=LINE('',#7572,#1772);
#1309=LINE('',#7575,#1773);
#1310=LINE('',#7577,#1774);
#1311=LINE('',#7578,#1775);
#1312=LINE('',#7580,#1776);
#1313=LINE('',#7581,#1777);
#1314=LINE('',#7586,#1778);
#1315=LINE('',#7588,#1779);
#1316=LINE('',#7590,#1780);
#1317=LINE('',#7591,#1781);
#1318=LINE('',#7594,#1782);
#1319=LINE('',#7596,#1783);
#1320=LINE('',#7597,#1784);
#1321=LINE('',#7600,#1785);
#1322=LINE('',#7602,#1786);
#1323=LINE('',#7603,#1787);
#1324=LINE('',#7606,#1788);
#1325=LINE('',#7608,#1789);
#1326=LINE('',#7609,#1790);
#1327=LINE('',#7612,#1791);
#1328=LINE('',#7614,#1792);
#1329=LINE('',#7615,#1793);
#1330=LINE('',#7633,#1794);
#1331=LINE('',#7656,#1795);
#1332=LINE('',#7679,#1796);
#1333=LINE('',#7702,#1797);
#1334=LINE('',#7710,#1798);
#1335=LINE('',#7712,#1799);
#1336=LINE('',#7713,#1800);
#1337=LINE('',#7731,#1801);
#1338=LINE('',#7754,#1802);
#1339=LINE('',#7777,#1803);
#1340=LINE('',#7785,#1804);
#1341=LINE('',#7787,#1805);
#1342=LINE('',#7788,#1806);
#1343=LINE('',#7791,#1807);
#1344=LINE('',#7793,#1808);
#1345=LINE('',#7794,#1809);
#1346=LINE('',#7797,#1810);
#1347=LINE('',#7799,#1811);
#1348=LINE('',#7800,#1812);
#1349=LINE('',#7803,#1813);
#1350=LINE('',#7805,#1814);
#1351=LINE('',#7806,#1815);
#1352=LINE('',#7809,#1816);
#1353=LINE('',#7811,#1817);
#1354=LINE('',#7812,#1818);
#1355=LINE('',#7814,#1819);
#1356=LINE('',#7815,#1820);
#1357=LINE('',#7820,#1821);
#1358=LINE('',#7822,#1822);
#1359=LINE('',#7824,#1823);
#1360=LINE('',#7825,#1824);
#1361=LINE('',#7828,#1825);
#1362=LINE('',#7830,#1826);
#1363=LINE('',#7831,#1827);
#1364=LINE('',#7849,#1828);
#1365=LINE('',#7872,#1829);
#1366=LINE('',#7895,#1830);
#1367=LINE('',#7918,#1831);
#1368=LINE('',#7926,#1832);
#1369=LINE('',#7928,#1833);
#1370=LINE('',#7929,#1834);
#1371=LINE('',#7932,#1835);
#1372=LINE('',#7934,#1836);
#1373=LINE('',#7935,#1837);
#1374=LINE('',#7938,#1838);
#1375=LINE('',#7940,#1839);
#1376=LINE('',#7941,#1840);
#1377=LINE('',#7959,#1841);
#1378=LINE('',#7982,#1842);
#1379=LINE('',#8005,#1843);
#1380=LINE('',#8028,#1844);
#1381=LINE('',#8036,#1845);
#1382=LINE('',#8038,#1846);
#1383=LINE('',#8039,#1847);
#1384=LINE('',#8042,#1848);
#1385=LINE('',#8044,#1849);
#1386=LINE('',#8045,#1850);
#1387=LINE('',#8047,#1851);
#1388=LINE('',#8048,#1852);
#1389=LINE('',#8068,#1853);
#1390=LINE('',#8075,#1854);
#1391=LINE('',#8093,#1855);
#1392=LINE('',#8116,#1856);
#1393=LINE('',#8139,#1857);
#1394=LINE('',#8162,#1858);
#1395=LINE('',#8185,#1859);
#1396=LINE('',#8208,#1860);
#1397=LINE('',#8231,#1861);
#1398=LINE('',#8238,#1862);
#1399=LINE('',#8239,#1863);
#1400=LINE('',#8258,#1864);
#1401=LINE('',#8265,#1865);
#1402=LINE('',#8283,#1866);
#1403=LINE('',#8306,#1867);
#1404=LINE('',#8329,#1868);
#1405=LINE('',#8352,#1869);
#1406=LINE('',#8375,#1870);
#1407=LINE('',#8398,#1871);
#1408=LINE('',#8421,#1872);
#1409=LINE('',#8444,#1873);
#1410=LINE('',#8467,#1874);
#1411=LINE('',#8490,#1875);
#1412=LINE('',#8513,#1876);
#1413=LINE('',#8536,#1877);
#1414=LINE('',#8544,#1878);
#1415=LINE('',#8546,#1879);
#1416=LINE('',#8547,#1880);
#1417=LINE('',#8565,#1881);
#1418=LINE('',#8588,#1882);
#1419=LINE('',#8596,#1883);
#1420=LINE('',#8598,#1884);
#1421=LINE('',#8599,#1885);
#1422=LINE('',#8617,#1886);
#1423=LINE('',#8640,#1887);
#1424=LINE('',#8663,#1888);
#1425=LINE('',#8686,#1889);
#1426=LINE('',#8709,#1890);
#1427=LINE('',#8732,#1891);
#1428=LINE('',#8755,#1892);
#1429=LINE('',#8778,#1893);
#1430=LINE('',#8786,#1894);
#1431=LINE('',#8788,#1895);
#1432=LINE('',#8789,#1896);
#1433=LINE('',#8814,#1897);
#1434=LINE('',#8816,#1898);
#1435=LINE('',#8818,#1899);
#1436=LINE('',#8819,#1900);
#1437=LINE('',#8837,#1901);
#1438=LINE('',#8860,#1902);
#1439=LINE('',#8883,#1903);
#1440=LINE('',#8906,#1904);
#1441=LINE('',#8914,#1905);
#1442=LINE('',#8916,#1906);
#1443=LINE('',#8917,#1907);
#1444=LINE('',#8919,#1908);
#1445=LINE('',#8920,#1909);
#1446=LINE('',#8924,#1910);
#1447=LINE('',#8926,#1911);
#1448=LINE('',#8928,#1912);
#1449=LINE('',#8929,#1913);
#1450=LINE('',#8932,#1914);
#1451=LINE('',#8934,#1915);
#1452=LINE('',#8935,#1916);
#1453=LINE('',#8938,#1917);
#1454=LINE('',#8940,#1918);
#1455=LINE('',#8941,#1919);
#1456=LINE('',#8959,#1920);
#1457=LINE('',#8982,#1921);
#1458=LINE('',#9005,#1922);
#1459=LINE('',#9028,#1923);
#1460=LINE('',#9036,#1924);
#1461=LINE('',#9038,#1925);
#1462=LINE('',#9039,#1926);
#1463=LINE('',#9041,#1927);
#1464=LINE('',#9042,#1928);
#1465=LINE('',#9062,#1929);
#1466=LINE('',#9069,#1930);
#1467=LINE('',#9087,#1931);
#1468=LINE('',#9110,#1932);
#1469=LINE('',#9133,#1933);
#1470=LINE('',#9156,#1934);
#1471=LINE('',#9179,#1935);
#1472=LINE('',#9202,#1936);
#1473=LINE('',#9210,#1937);
#1474=LINE('',#9212,#1938);
#1475=LINE('',#9213,#1939);
#1476=LINE('',#9231,#1940);
#1477=LINE('',#9254,#1941);
#1478=LINE('',#9277,#1942);
#1479=LINE('',#9300,#1943);
#1480=LINE('',#9323,#1944);
#1481=LINE('',#9346,#1945);
#1482=LINE('',#9369,#1946);
#1483=LINE('',#9392,#1947);
#1484=LINE('',#9415,#1948);
#1485=LINE('',#9438,#1949);
#1486=LINE('',#9461,#1950);
#1487=LINE('',#9484,#1951);
#1488=LINE('',#9507,#1952);
#1489=LINE('',#9515,#1953);
#1490=LINE('',#9517,#1954);
#1491=LINE('',#9518,#1955);
#1492=LINE('',#9543,#1956);
#1493=LINE('',#9545,#1957);
#1494=LINE('',#9547,#1958);
#1495=LINE('',#9548,#1959);
#1496=LINE('',#9551,#1960);
#1497=LINE('',#9553,#1961);
#1498=LINE('',#9554,#1962);
#1499=LINE('',#9557,#1963);
#1500=LINE('',#9559,#1964);
#1501=LINE('',#9560,#1965);
#1502=LINE('',#9562,#1966);
#1503=LINE('',#9563,#1967);
#1504=LINE('',#9568,#1968);
#1505=LINE('',#9570,#1969);
#1506=LINE('',#9572,#1970);
#1507=LINE('',#9573,#1971);
#1508=LINE('',#9576,#1972);
#1509=LINE('',#9578,#1973);
#1510=LINE('',#9579,#1974);
#1511=LINE('',#9582,#1975);
#1512=LINE('',#9584,#1976);
#1513=LINE('',#9585,#1977);
#1514=LINE('',#9587,#1978);
#1515=LINE('',#9588,#1979);
#1516=LINE('',#9608,#1980);
#1517=LINE('',#9615,#1981);
#1518=LINE('',#9633,#1982);
#1519=LINE('',#9656,#1983);
#1520=LINE('',#9679,#1984);
#1521=LINE('',#9702,#1985);
#1522=LINE('',#9725,#1986);
#1523=LINE('',#9748,#1987);
#1524=LINE('',#9771,#1988);
#1525=LINE('',#9794,#1989);
#1526=LINE('',#9817,#1990);
#1527=LINE('',#9840,#1991);
#1528=LINE('',#9863,#1992);
#1529=LINE('',#9886,#1993);
#1530=LINE('',#9894,#1994);
#1531=LINE('',#9896,#1995);
#1532=LINE('',#9897,#1996);
#1533=LINE('',#9915,#1997);
#1534=LINE('',#9938,#1998);
#1535=LINE('',#9961,#1999);
#1536=LINE('',#9984,#2000);
#1537=LINE('',#10007,#2001);
#1538=LINE('',#10030,#2002);
#1539=LINE('',#10053,#2003);
#1540=LINE('',#10076,#2004);
#1541=LINE('',#10099,#2005);
#1542=LINE('',#10122,#2006);
#1543=LINE('',#10145,#2007);
#1544=LINE('',#10168,#2008);
#1545=LINE('',#10191,#2009);
#1546=LINE('',#10199,#2010);
#1547=LINE('',#10201,#2011);
#1548=LINE('',#10202,#2012);
#1549=LINE('',#10227,#2013);
#1550=LINE('',#10229,#2014);
#1551=LINE('',#10231,#2015);
#1552=LINE('',#10232,#2016);
#1553=LINE('',#10235,#2017);
#1554=LINE('',#10237,#2018);
#1555=LINE('',#10238,#2019);
#1556=LINE('',#10241,#2020);
#1557=LINE('',#10243,#2021);
#1558=LINE('',#10244,#2022);
#1559=LINE('',#10246,#2023);
#1560=LINE('',#10247,#2024);
#1561=LINE('',#10252,#2025);
#1562=LINE('',#10254,#2026);
#1563=LINE('',#10256,#2027);
#1564=LINE('',#10257,#2028);
#1565=LINE('',#10275,#2029);
#1566=LINE('',#10298,#2030);
#1567=LINE('',#10321,#2031);
#1568=LINE('',#10344,#2032);
#1569=LINE('',#10352,#2033);
#1570=LINE('',#10354,#2034);
#1571=LINE('',#10355,#2035);
#1572=LINE('',#10357,#2036);
#1573=LINE('',#10358,#2037);
#1574=LINE('',#10362,#2038);
#1575=LINE('',#10364,#2039);
#1576=LINE('',#10366,#2040);
#1577=LINE('',#10367,#2041);
#1578=LINE('',#10385,#2042);
#1579=LINE('',#10408,#2043);
#1580=LINE('',#10431,#2044);
#1581=LINE('',#10454,#2045);
#1582=LINE('',#10462,#2046);
#1583=LINE('',#10464,#2047);
#1584=LINE('',#10465,#2048);
#1585=LINE('',#10467,#2049);
#1586=LINE('',#10468,#2050);
#1587=LINE('',#10472,#2051);
#1588=LINE('',#10474,#2052);
#1589=LINE('',#10476,#2053);
#1590=LINE('',#10477,#2054);
#1591=LINE('',#10495,#2055);
#1592=LINE('',#10518,#2056);
#1593=LINE('',#10541,#2057);
#1594=LINE('',#10564,#2058);
#1595=LINE('',#10587,#2059);
#1596=LINE('',#10610,#2060);
#1597=LINE('',#10633,#2061);
#1598=LINE('',#10656,#2062);
#1599=LINE('',#10679,#2063);
#1600=LINE('',#10702,#2064);
#1601=LINE('',#10710,#2065);
#1602=LINE('',#10712,#2066);
#1603=LINE('',#10713,#2067);
#1604=LINE('',#10715,#2068);
#1605=LINE('',#10716,#2069);
#1606=LINE('',#10721,#2070);
#1607=LINE('',#10723,#2071);
#1608=LINE('',#10725,#2072);
#1609=LINE('',#10726,#2073);
#1610=LINE('',#10743,#2074);
#1611=LINE('',#10745,#2075);
#1612=LINE('',#10747,#2076);
#1613=LINE('',#10748,#2077);
#1614=LINE('',#10752,#2078);
#1615=LINE('',#10754,#2079);
#1616=LINE('',#10756,#2080);
#1617=LINE('',#10757,#2081);
#1618=LINE('',#10759,#2082);
#1619=LINE('',#10760,#2083);
#1620=LINE('',#10763,#2084);
#1621=LINE('',#10765,#2085);
#1622=LINE('',#10766,#2086);
#1623=LINE('',#10769,#2087);
#1624=LINE('',#10776,#2088);
#1625=LINE('',#10783,#2089);
#1626=LINE('',#10790,#2090);
#1627=LINE('',#10797,#2091);
#1628=LINE('',#10799,#2092);
#1629=LINE('',#10801,#2093);
#1630=LINE('',#10802,#2094);
#1631=LINE('',#10805,#2095);
#1632=LINE('',#10807,#2096);
#1633=LINE('',#10808,#2097);
#1634=LINE('',#10810,#2098);
#1635=LINE('',#10813,#2099);
#1636=LINE('',#10817,#2100);
#1637=LINE('',#10818,#2101);
#1638=LINE('',#10820,#2102);
#1639=LINE('',#10823,#2103);
#1640=LINE('',#10827,#2104);
#1641=LINE('',#10831,#2105);
#1642=LINE('',#10836,#2106);
#1643=LINE('',#10837,#2107);
#1644=LINE('',#10838,#2108);
#1645=LINE('',#10841,#2109);
#1646=LINE('',#10842,#2110);
#1647=LINE('',#10845,#2111);
#1648=LINE('',#10846,#2112);
#1649=LINE('',#10848,#2113);
#1650=LINE('',#10849,#2114);
#1651=VECTOR('',#5663,10.);
#1652=VECTOR('',#5664,10.);
#1653=VECTOR('',#5665,10.);
#1654=VECTOR('',#5666,10.);
#1655=VECTOR('',#5669,10.);
#1656=VECTOR('',#5670,10.);
#1657=VECTOR('',#5671,10.);
#1658=VECTOR('',#5674,10.);
#1659=VECTOR('',#5675,10.);
#1660=VECTOR('',#5676,10.);
#1661=VECTOR('',#5679,10.);
#1662=VECTOR('',#5680,10.);
#1663=VECTOR('',#5683,10.);
#1664=VECTOR('',#5684,10.);
#1665=VECTOR('',#5685,10.);
#1666=VECTOR('',#5686,10.);
#1667=VECTOR('',#5687,10.);
#1668=VECTOR('',#5688,10.);
#1669=VECTOR('',#5689,10.);
#1670=VECTOR('',#5690,10.);
#1671=VECTOR('',#5691,10.);
#1672=VECTOR('',#5692,10.);
#1673=VECTOR('',#5693,10.);
#1674=VECTOR('',#5694,10.);
#1675=VECTOR('',#5695,10.);
#1676=VECTOR('',#5696,10.);
#1677=VECTOR('',#5697,10.);
#1678=VECTOR('',#5698,10.);
#1679=VECTOR('',#5699,10.);
#1680=VECTOR('',#5702,10.);
#1681=VECTOR('',#5703,10.);
#1682=VECTOR('',#5704,10.);
#1683=VECTOR('',#5705,10.);
#1684=VECTOR('',#5706,10.);
#1685=VECTOR('',#5707,10.);
#1686=VECTOR('',#5708,10.);
#1687=VECTOR('',#5711,10.);
#1688=VECTOR('',#5712,10.);
#1689=VECTOR('',#5713,10.);
#1690=VECTOR('',#5714,10.);
#1691=VECTOR('',#5715,10.);
#1692=VECTOR('',#5716,10.);
#1693=VECTOR('',#5717,10.);
#1694=VECTOR('',#5718,10.);
#1695=VECTOR('',#5719,10.);
#1696=VECTOR('',#5720,10.);
#1697=VECTOR('',#5723,10.);
#1698=VECTOR('',#5724,10.);
#1699=VECTOR('',#5725,10.);
#1700=VECTOR('',#5728,10.);
#1701=VECTOR('',#5729,10.);
#1702=VECTOR('',#5730,10.);
#1703=VECTOR('',#5733,10.);
#1704=VECTOR('',#5734,10.);
#1705=VECTOR('',#5735,10.);
#1706=VECTOR('',#5738,10.);
#1707=VECTOR('',#5739,10.);
#1708=VECTOR('',#5744,10.);
#1709=VECTOR('',#5745,10.);
#1710=VECTOR('',#5746,10.);
#1711=VECTOR('',#5747,10.);
#1712=VECTOR('',#5750,10.);
#1713=VECTOR('',#5751,10.);
#1714=VECTOR('',#5752,10.);
#1715=VECTOR('',#5755,10.);
#1716=VECTOR('',#5756,10.);
#1717=VECTOR('',#5757,10.);
#1718=VECTOR('',#5760,10.);
#1719=VECTOR('',#5761,10.);
#1720=VECTOR('',#5762,10.);
#1721=VECTOR('',#5765,10.);
#1722=VECTOR('',#5766,10.);
#1723=VECTOR('',#5767,10.);
#1724=VECTOR('',#5770,10.);
#1725=VECTOR('',#5771,10.);
#1726=VECTOR('',#5772,10.);
#1727=VECTOR('',#5775,10.);
#1728=VECTOR('',#5776,10.);
#1729=VECTOR('',#5777,10.);
#1730=VECTOR('',#5780,10.);
#1731=VECTOR('',#5781,10.);
#1732=VECTOR('',#5782,10.);
#1733=VECTOR('',#5785,10.);
#1734=VECTOR('',#5786,10.);
#1735=VECTOR('',#5787,10.);
#1736=VECTOR('',#5790,10.);
#1737=VECTOR('',#5791,10.);
#1738=VECTOR('',#5792,10.);
#1739=VECTOR('',#5795,10.);
#1740=VECTOR('',#5796,10.);
#1741=VECTOR('',#5797,10.);
#1742=VECTOR('',#5800,10.);
#1743=VECTOR('',#5801,10.);
#1744=VECTOR('',#5802,10.);
#1745=VECTOR('',#5805,10.);
#1746=VECTOR('',#5806,10.);
#1747=VECTOR('',#5809,10.);
#1748=VECTOR('',#5810,10.);
#1749=VECTOR('',#5811,10.);
#1750=VECTOR('',#5812,10.);
#1751=VECTOR('',#5813,10.);
#1752=VECTOR('',#5814,10.);
#1753=VECTOR('',#5815,10.);
#1754=VECTOR('',#5816,10.);
#1755=VECTOR('',#5819,10.);
#1756=VECTOR('',#5820,10.);
#1757=VECTOR('',#5821,10.);
#1758=VECTOR('',#5822,10.);
#1759=VECTOR('',#5823,10.);
#1760=VECTOR('',#5824,10.);
#1761=VECTOR('',#5825,10.);
#1762=VECTOR('',#5826,10.);
#1763=VECTOR('',#5827,10.);
#1764=VECTOR('',#5828,10.);
#1765=VECTOR('',#5829,10.);
#1766=VECTOR('',#5830,10.);
#1767=VECTOR('',#5833,10.);
#1768=VECTOR('',#5834,10.);
#1769=VECTOR('',#5835,10.);
#1770=VECTOR('',#5838,10.);
#1771=VECTOR('',#5839,10.);
#1772=VECTOR('',#5840,10.);
#1773=VECTOR('',#5843,10.);
#1774=VECTOR('',#5844,10.);
#1775=VECTOR('',#5845,10.);
#1776=VECTOR('',#5848,10.);
#1777=VECTOR('',#5849,10.);
#1778=VECTOR('',#5854,10.);
#1779=VECTOR('',#5855,10.);
#1780=VECTOR('',#5856,10.);
#1781=VECTOR('',#5857,10.);
#1782=VECTOR('',#5860,10.);
#1783=VECTOR('',#5861,10.);
#1784=VECTOR('',#5862,10.);
#1785=VECTOR('',#5865,10.);
#1786=VECTOR('',#5866,10.);
#1787=VECTOR('',#5867,10.);
#1788=VECTOR('',#5870,10.);
#1789=VECTOR('',#5871,10.);
#1790=VECTOR('',#5872,10.);
#1791=VECTOR('',#5875,10.);
#1792=VECTOR('',#5876,10.);
#1793=VECTOR('',#5877,10.);
#1794=VECTOR('',#5878,10.);
#1795=VECTOR('',#5879,10.);
#1796=VECTOR('',#5880,10.);
#1797=VECTOR('',#5881,10.);
#1798=VECTOR('',#5884,10.);
#1799=VECTOR('',#5885,10.);
#1800=VECTOR('',#5886,10.);
#1801=VECTOR('',#5887,10.);
#1802=VECTOR('',#5888,10.);
#1803=VECTOR('',#5889,10.);
#1804=VECTOR('',#5892,10.);
#1805=VECTOR('',#5893,10.);
#1806=VECTOR('',#5894,10.);
#1807=VECTOR('',#5897,10.);
#1808=VECTOR('',#5898,10.);
#1809=VECTOR('',#5899,10.);
#1810=VECTOR('',#5902,10.);
#1811=VECTOR('',#5903,10.);
#1812=VECTOR('',#5904,10.);
#1813=VECTOR('',#5907,10.);
#1814=VECTOR('',#5908,10.);
#1815=VECTOR('',#5909,10.);
#1816=VECTOR('',#5912,10.);
#1817=VECTOR('',#5913,10.);
#1818=VECTOR('',#5914,10.);
#1819=VECTOR('',#5917,10.);
#1820=VECTOR('',#5918,10.);
#1821=VECTOR('',#5923,10.);
#1822=VECTOR('',#5924,10.);
#1823=VECTOR('',#5925,10.);
#1824=VECTOR('',#5926,10.);
#1825=VECTOR('',#5929,10.);
#1826=VECTOR('',#5930,10.);
#1827=VECTOR('',#5931,10.);
#1828=VECTOR('',#5932,10.);
#1829=VECTOR('',#5933,10.);
#1830=VECTOR('',#5934,10.);
#1831=VECTOR('',#5935,10.);
#1832=VECTOR('',#5938,10.);
#1833=VECTOR('',#5939,10.);
#1834=VECTOR('',#5940,10.);
#1835=VECTOR('',#5943,10.);
#1836=VECTOR('',#5944,10.);
#1837=VECTOR('',#5945,10.);
#1838=VECTOR('',#5948,10.);
#1839=VECTOR('',#5949,10.);
#1840=VECTOR('',#5950,10.);
#1841=VECTOR('',#5951,10.);
#1842=VECTOR('',#5952,10.);
#1843=VECTOR('',#5953,10.);
#1844=VECTOR('',#5954,10.);
#1845=VECTOR('',#5957,10.);
#1846=VECTOR('',#5958,10.);
#1847=VECTOR('',#5959,10.);
#1848=VECTOR('',#5962,10.);
#1849=VECTOR('',#5963,10.);
#1850=VECTOR('',#5964,10.);
#1851=VECTOR('',#5967,10.);
#1852=VECTOR('',#5968,10.);
#1853=VECTOR('',#5971,10.);
#1854=VECTOR('',#5972,10.);
#1855=VECTOR('',#5973,10.);
#1856=VECTOR('',#5974,10.);
#1857=VECTOR('',#5975,10.);
#1858=VECTOR('',#5976,10.);
#1859=VECTOR('',#5977,10.);
#1860=VECTOR('',#5978,10.);
#1861=VECTOR('',#5979,10.);
#1862=VECTOR('',#5982,10.);
#1863=VECTOR('',#5983,10.);
#1864=VECTOR('',#5984,10.);
#1865=VECTOR('',#5985,10.);
#1866=VECTOR('',#5986,10.);
#1867=VECTOR('',#5987,10.);
#1868=VECTOR('',#5988,10.);
#1869=VECTOR('',#5989,10.);
#1870=VECTOR('',#5990,10.);
#1871=VECTOR('',#5991,10.);
#1872=VECTOR('',#5992,10.);
#1873=VECTOR('',#5993,10.);
#1874=VECTOR('',#5994,10.);
#1875=VECTOR('',#5995,10.);
#1876=VECTOR('',#5996,10.);
#1877=VECTOR('',#5997,10.);
#1878=VECTOR('',#6000,10.);
#1879=VECTOR('',#6001,10.);
#1880=VECTOR('',#6002,10.);
#1881=VECTOR('',#6003,10.);
#1882=VECTOR('',#6004,10.);
#1883=VECTOR('',#6007,10.);
#1884=VECTOR('',#6008,10.);
#1885=VECTOR('',#6009,10.);
#1886=VECTOR('',#6010,10.);
#1887=VECTOR('',#6011,10.);
#1888=VECTOR('',#6012,10.);
#1889=VECTOR('',#6013,10.);
#1890=VECTOR('',#6014,10.);
#1891=VECTOR('',#6015,10.);
#1892=VECTOR('',#6016,10.);
#1893=VECTOR('',#6017,10.);
#1894=VECTOR('',#6020,10.);
#1895=VECTOR('',#6021,10.);
#1896=VECTOR('',#6022,10.);
#1897=VECTOR('',#6027,10.);
#1898=VECTOR('',#6028,10.);
#1899=VECTOR('',#6029,10.);
#1900=VECTOR('',#6030,10.);
#1901=VECTOR('',#6031,10.);
#1902=VECTOR('',#6032,10.);
#1903=VECTOR('',#6033,10.);
#1904=VECTOR('',#6034,10.);
#1905=VECTOR('',#6037,10.);
#1906=VECTOR('',#6038,10.);
#1907=VECTOR('',#6039,10.);
#1908=VECTOR('',#6042,10.);
#1909=VECTOR('',#6043,10.);
#1910=VECTOR('',#6046,10.);
#1911=VECTOR('',#6047,10.);
#1912=VECTOR('',#6048,10.);
#1913=VECTOR('',#6049,10.);
#1914=VECTOR('',#6052,10.);
#1915=VECTOR('',#6053,10.);
#1916=VECTOR('',#6054,10.);
#1917=VECTOR('',#6057,10.);
#1918=VECTOR('',#6058,10.);
#1919=VECTOR('',#6059,10.);
#1920=VECTOR('',#6060,10.);
#1921=VECTOR('',#6061,10.);
#1922=VECTOR('',#6062,10.);
#1923=VECTOR('',#6063,10.);
#1924=VECTOR('',#6066,10.);
#1925=VECTOR('',#6067,10.);
#1926=VECTOR('',#6068,10.);
#1927=VECTOR('',#6071,10.);
#1928=VECTOR('',#6072,10.);
#1929=VECTOR('',#6075,10.);
#1930=VECTOR('',#6076,10.);
#1931=VECTOR('',#6077,10.);
#1932=VECTOR('',#6078,10.);
#1933=VECTOR('',#6079,10.);
#1934=VECTOR('',#6080,10.);
#1935=VECTOR('',#6081,10.);
#1936=VECTOR('',#6082,10.);
#1937=VECTOR('',#6085,10.);
#1938=VECTOR('',#6086,10.);
#1939=VECTOR('',#6087,10.);
#1940=VECTOR('',#6088,10.);
#1941=VECTOR('',#6089,10.);
#1942=VECTOR('',#6090,10.);
#1943=VECTOR('',#6091,10.);
#1944=VECTOR('',#6092,10.);
#1945=VECTOR('',#6093,10.);
#1946=VECTOR('',#6094,10.);
#1947=VECTOR('',#6095,10.);
#1948=VECTOR('',#6096,10.);
#1949=VECTOR('',#6097,10.);
#1950=VECTOR('',#6098,10.);
#1951=VECTOR('',#6099,10.);
#1952=VECTOR('',#6100,10.);
#1953=VECTOR('',#6103,10.);
#1954=VECTOR('',#6104,10.);
#1955=VECTOR('',#6105,10.);
#1956=VECTOR('',#6110,10.);
#1957=VECTOR('',#6111,10.);
#1958=VECTOR('',#6112,10.);
#1959=VECTOR('',#6113,10.);
#1960=VECTOR('',#6116,10.);
#1961=VECTOR('',#6117,10.);
#1962=VECTOR('',#6118,10.);
#1963=VECTOR('',#6121,10.);
#1964=VECTOR('',#6122,10.);
#1965=VECTOR('',#6123,10.);
#1966=VECTOR('',#6126,10.);
#1967=VECTOR('',#6127,10.);
#1968=VECTOR('',#6132,10.);
#1969=VECTOR('',#6133,10.);
#1970=VECTOR('',#6134,10.);
#1971=VECTOR('',#6135,10.);
#1972=VECTOR('',#6138,10.);
#1973=VECTOR('',#6139,10.);
#1974=VECTOR('',#6140,10.);
#1975=VECTOR('',#6143,10.);
#1976=VECTOR('',#6144,10.);
#1977=VECTOR('',#6145,10.);
#1978=VECTOR('',#6148,10.);
#1979=VECTOR('',#6149,10.);
#1980=VECTOR('',#6152,10.);
#1981=VECTOR('',#6153,10.);
#1982=VECTOR('',#6154,10.);
#1983=VECTOR('',#6155,10.);
#1984=VECTOR('',#6156,10.);
#1985=VECTOR('',#6157,10.);
#1986=VECTOR('',#6158,10.);
#1987=VECTOR('',#6159,10.);
#1988=VECTOR('',#6160,10.);
#1989=VECTOR('',#6161,10.);
#1990=VECTOR('',#6162,10.);
#1991=VECTOR('',#6163,10.);
#1992=VECTOR('',#6164,10.);
#1993=VECTOR('',#6165,10.);
#1994=VECTOR('',#6168,10.);
#1995=VECTOR('',#6169,10.);
#1996=VECTOR('',#6170,10.);
#1997=VECTOR('',#6171,10.);
#1998=VECTOR('',#6172,10.);
#1999=VECTOR('',#6173,10.);
#2000=VECTOR('',#6174,10.);
#2001=VECTOR('',#6175,10.);
#2002=VECTOR('',#6176,10.);
#2003=VECTOR('',#6177,10.);
#2004=VECTOR('',#6178,10.);
#2005=VECTOR('',#6179,10.);
#2006=VECTOR('',#6180,10.);
#2007=VECTOR('',#6181,10.);
#2008=VECTOR('',#6182,10.);
#2009=VECTOR('',#6183,10.);
#2010=VECTOR('',#6186,10.);
#2011=VECTOR('',#6187,10.);
#2012=VECTOR('',#6188,10.);
#2013=VECTOR('',#6193,10.);
#2014=VECTOR('',#6194,10.);
#2015=VECTOR('',#6195,10.);
#2016=VECTOR('',#6196,10.);
#2017=VECTOR('',#6199,10.);
#2018=VECTOR('',#6200,10.);
#2019=VECTOR('',#6201,10.);
#2020=VECTOR('',#6204,10.);
#2021=VECTOR('',#6205,10.);
#2022=VECTOR('',#6206,10.);
#2023=VECTOR('',#6209,10.);
#2024=VECTOR('',#6210,10.);
#2025=VECTOR('',#6215,10.);
#2026=VECTOR('',#6216,10.);
#2027=VECTOR('',#6217,10.);
#2028=VECTOR('',#6218,10.);
#2029=VECTOR('',#6219,10.);
#2030=VECTOR('',#6220,10.);
#2031=VECTOR('',#6221,10.);
#2032=VECTOR('',#6222,10.);
#2033=VECTOR('',#6225,10.);
#2034=VECTOR('',#6226,10.);
#2035=VECTOR('',#6227,10.);
#2036=VECTOR('',#6230,10.);
#2037=VECTOR('',#6231,10.);
#2038=VECTOR('',#6234,10.);
#2039=VECTOR('',#6235,10.);
#2040=VECTOR('',#6236,10.);
#2041=VECTOR('',#6237,10.);
#2042=VECTOR('',#6238,10.);
#2043=VECTOR('',#6239,10.);
#2044=VECTOR('',#6240,10.);
#2045=VECTOR('',#6241,10.);
#2046=VECTOR('',#6244,10.);
#2047=VECTOR('',#6245,10.);
#2048=VECTOR('',#6246,10.);
#2049=VECTOR('',#6249,10.);
#2050=VECTOR('',#6250,10.);
#2051=VECTOR('',#6253,10.);
#2052=VECTOR('',#6254,10.);
#2053=VECTOR('',#6255,10.);
#2054=VECTOR('',#6256,10.);
#2055=VECTOR('',#6257,10.);
#2056=VECTOR('',#6258,10.);
#2057=VECTOR('',#6259,10.);
#2058=VECTOR('',#6260,10.);
#2059=VECTOR('',#6261,10.);
#2060=VECTOR('',#6262,10.);
#2061=VECTOR('',#6263,10.);
#2062=VECTOR('',#6264,10.);
#2063=VECTOR('',#6265,10.);
#2064=VECTOR('',#6266,10.);
#2065=VECTOR('',#6269,10.);
#2066=VECTOR('',#6270,10.);
#2067=VECTOR('',#6271,10.);
#2068=VECTOR('',#6274,10.);
#2069=VECTOR('',#6275,10.);
#2070=VECTOR('',#6280,10.);
#2071=VECTOR('',#6281,10.);
#2072=VECTOR('',#6282,10.);
#2073=VECTOR('',#6283,10.);
#2074=VECTOR('',#6304,10.);
#2075=VECTOR('',#6305,10.);
#2076=VECTOR('',#6306,10.);
#2077=VECTOR('',#6307,10.);
#2078=VECTOR('',#6310,10.);
#2079=VECTOR('',#6311,10.);
#2080=VECTOR('',#6312,10.);
#2081=VECTOR('',#6313,10.);
#2082=VECTOR('',#6316,10.);
#2083=VECTOR('',#6317,10.);
#2084=VECTOR('',#6320,10.);
#2085=VECTOR('',#6321,10.);
#2086=VECTOR('',#6322,10.);
#2087=VECTOR('',#6325,2.8);
#2088=VECTOR('',#6334,2.8);
#2089=VECTOR('',#6343,2.80000000000001);
#2090=VECTOR('',#6352,3.00000000000001);
#2091=VECTOR('',#6361,10.);
#2092=VECTOR('',#6362,10.);
#2093=VECTOR('',#6363,10.);
#2094=VECTOR('',#6364,10.);
#2095=VECTOR('',#6367,10.);
#2096=VECTOR('',#6368,10.);
#2097=VECTOR('',#6369,10.);
#2098=VECTOR('',#6372,10.);
#2099=VECTOR('',#6375,1.7);
#2100=VECTOR('',#6380,10.);
#2101=VECTOR('',#6381,10.);
#2102=VECTOR('',#6384,10.);
#2103=VECTOR('',#6387,1.69999999999998);
#2104=VECTOR('',#6392,1.7);
#2105=VECTOR('',#6397,1.7);
#2106=VECTOR('',#6402,10.);
#2107=VECTOR('',#6403,10.);
#2108=VECTOR('',#6404,10.);
#2109=VECTOR('',#6407,10.);
#2110=VECTOR('',#6408,10.);
#2111=VECTOR('',#6411,10.);
#2112=VECTOR('',#6412,10.);
#2113=VECTOR('',#6415,10.);
#2114=VECTOR('',#6416,10.);
#2115=VERTEX_POINT('',#6423);
#2116=VERTEX_POINT('',#6424);
#2117=VERTEX_POINT('',#6426);
#2118=VERTEX_POINT('',#6428);
#2119=VERTEX_POINT('',#6432);
#2120=VERTEX_POINT('',#6434);
#2121=VERTEX_POINT('',#6438);
#2122=VERTEX_POINT('',#6440);
#2123=VERTEX_POINT('',#6457);
#2124=VERTEX_POINT('',#6458);
#2125=VERTEX_POINT('',#6464);
#2126=VERTEX_POINT('',#6466);
#2127=VERTEX_POINT('',#6483);
#2128=VERTEX_POINT('',#6489);
#2129=VERTEX_POINT('',#6506);
#2130=VERTEX_POINT('',#6512);
#2131=VERTEX_POINT('',#6529);
#2132=VERTEX_POINT('',#6535);
#2133=VERTEX_POINT('',#6552);
#2134=VERTEX_POINT('',#6558);
#2135=VERTEX_POINT('',#6575);
#2136=VERTEX_POINT('',#6581);
#2137=VERTEX_POINT('',#6598);
#2138=VERTEX_POINT('',#6604);
#2139=VERTEX_POINT('',#6641);
#2140=VERTEX_POINT('',#6642);
#2141=VERTEX_POINT('',#6648);
#2142=VERTEX_POINT('',#6650);
#2143=VERTEX_POINT('',#6667);
#2144=VERTEX_POINT('',#6673);
#2145=VERTEX_POINT('',#6690);
#2146=VERTEX_POINT('',#6696);
#2147=VERTEX_POINT('',#6713);
#2148=VERTEX_POINT('',#6719);
#2149=VERTEX_POINT('',#6736);
#2150=VERTEX_POINT('',#6742);
#2151=VERTEX_POINT('',#6759);
#2152=VERTEX_POINT('',#6765);
#2153=VERTEX_POINT('',#6782);
#2154=VERTEX_POINT('',#6788);
#2155=VERTEX_POINT('',#6805);
#2156=VERTEX_POINT('',#6811);
#2157=VERTEX_POINT('',#6819);
#2158=VERTEX_POINT('',#6821);
#2159=VERTEX_POINT('',#6834);
#2160=VERTEX_POINT('',#6840);
#2161=VERTEX_POINT('',#6857);
#2162=VERTEX_POINT('',#6863);
#2163=VERTEX_POINT('',#6880);
#2164=VERTEX_POINT('',#6886);
#2165=VERTEX_POINT('',#6903);
#2166=VERTEX_POINT('',#6909);
#2167=VERTEX_POINT('',#6917);
#2168=VERTEX_POINT('',#6919);
#2169=VERTEX_POINT('',#6932);
#2170=VERTEX_POINT('',#6938);
#2171=VERTEX_POINT('',#6955);
#2172=VERTEX_POINT('',#6961);
#2173=VERTEX_POINT('',#6978);
#2174=VERTEX_POINT('',#6984);
#2175=VERTEX_POINT('',#7001);
#2176=VERTEX_POINT('',#7007);
#2177=VERTEX_POINT('',#7024);
#2178=VERTEX_POINT('',#7030);
#2179=VERTEX_POINT('',#7047);
#2180=VERTEX_POINT('',#7053);
#2181=VERTEX_POINT('',#7070);
#2182=VERTEX_POINT('',#7076);
#2183=VERTEX_POINT('',#7084);
#2184=VERTEX_POINT('',#7086);
#2185=VERTEX_POINT('',#7090);
#2186=VERTEX_POINT('',#7092);
#2187=VERTEX_POINT('',#7096);
#2188=VERTEX_POINT('',#7098);
#2189=VERTEX_POINT('',#7106);
#2190=VERTEX_POINT('',#7107);
#2191=VERTEX_POINT('',#7109);
#2192=VERTEX_POINT('',#7111);
#2193=VERTEX_POINT('',#7115);
#2194=VERTEX_POINT('',#7117);
#2195=VERTEX_POINT('',#7121);
#2196=VERTEX_POINT('',#7123);
#2197=VERTEX_POINT('',#7127);
#2198=VERTEX_POINT('',#7129);
#2199=VERTEX_POINT('',#7133);
#2200=VERTEX_POINT('',#7135);
#2201=VERTEX_POINT('',#7139);
#2202=VERTEX_POINT('',#7141);
#2203=VERTEX_POINT('',#7145);
#2204=VERTEX_POINT('',#7147);
#2205=VERTEX_POINT('',#7151);
#2206=VERTEX_POINT('',#7153);
#2207=VERTEX_POINT('',#7157);
#2208=VERTEX_POINT('',#7159);
#2209=VERTEX_POINT('',#7163);
#2210=VERTEX_POINT('',#7165);
#2211=VERTEX_POINT('',#7169);
#2212=VERTEX_POINT('',#7171);
#2213=VERTEX_POINT('',#7175);
#2214=VERTEX_POINT('',#7177);
#2215=VERTEX_POINT('',#7194);
#2216=VERTEX_POINT('',#7195);
#2217=VERTEX_POINT('',#7201);
#2218=VERTEX_POINT('',#7203);
#2219=VERTEX_POINT('',#7220);
#2220=VERTEX_POINT('',#7226);
#2221=VERTEX_POINT('',#7243);
#2222=VERTEX_POINT('',#7249);
#2223=VERTEX_POINT('',#7266);
#2224=VERTEX_POINT('',#7272);
#2225=VERTEX_POINT('',#7289);
#2226=VERTEX_POINT('',#7295);
#2227=VERTEX_POINT('',#7312);
#2228=VERTEX_POINT('',#7318);
#2229=VERTEX_POINT('',#7335);
#2230=VERTEX_POINT('',#7341);
#2231=VERTEX_POINT('',#7369);
#2232=VERTEX_POINT('',#7370);
#2233=VERTEX_POINT('',#7372);
#2234=VERTEX_POINT('',#7374);
#2235=VERTEX_POINT('',#7387);
#2236=VERTEX_POINT('',#7393);
#2237=VERTEX_POINT('',#7410);
#2238=VERTEX_POINT('',#7416);
#2239=VERTEX_POINT('',#7433);
#2240=VERTEX_POINT('',#7439);
#2241=VERTEX_POINT('',#7456);
#2242=VERTEX_POINT('',#7462);
#2243=VERTEX_POINT('',#7479);
#2244=VERTEX_POINT('',#7485);
#2245=VERTEX_POINT('',#7502);
#2246=VERTEX_POINT('',#7508);
#2247=VERTEX_POINT('',#7525);
#2248=VERTEX_POINT('',#7531);
#2249=VERTEX_POINT('',#7548);
#2250=VERTEX_POINT('',#7554);
#2251=VERTEX_POINT('',#7562);
#2252=VERTEX_POINT('',#7564);
#2253=VERTEX_POINT('',#7568);
#2254=VERTEX_POINT('',#7570);
#2255=VERTEX_POINT('',#7574);
#2256=VERTEX_POINT('',#7576);
#2257=VERTEX_POINT('',#7584);
#2258=VERTEX_POINT('',#7585);
#2259=VERTEX_POINT('',#7587);
#2260=VERTEX_POINT('',#7589);
#2261=VERTEX_POINT('',#7593);
#2262=VERTEX_POINT('',#7595);
#2263=VERTEX_POINT('',#7599);
#2264=VERTEX_POINT('',#7601);
#2265=VERTEX_POINT('',#7605);
#2266=VERTEX_POINT('',#7607);
#2267=VERTEX_POINT('',#7611);
#2268=VERTEX_POINT('',#7613);
#2269=VERTEX_POINT('',#7626);
#2270=VERTEX_POINT('',#7632);
#2271=VERTEX_POINT('',#7649);
#2272=VERTEX_POINT('',#7655);
#2273=VERTEX_POINT('',#7672);
#2274=VERTEX_POINT('',#7678);
#2275=VERTEX_POINT('',#7695);
#2276=VERTEX_POINT('',#7701);
#2277=VERTEX_POINT('',#7709);
#2278=VERTEX_POINT('',#7711);
#2279=VERTEX_POINT('',#7724);
#2280=VERTEX_POINT('',#7730);
#2281=VERTEX_POINT('',#7747);
#2282=VERTEX_POINT('',#7753);
#2283=VERTEX_POINT('',#7770);
#2284=VERTEX_POINT('',#7776);
#2285=VERTEX_POINT('',#7784);
#2286=VERTEX_POINT('',#7786);
#2287=VERTEX_POINT('',#7790);
#2288=VERTEX_POINT('',#7792);
#2289=VERTEX_POINT('',#7796);
#2290=VERTEX_POINT('',#7798);
#2291=VERTEX_POINT('',#7802);
#2292=VERTEX_POINT('',#7804);
#2293=VERTEX_POINT('',#7808);
#2294=VERTEX_POINT('',#7810);
#2295=VERTEX_POINT('',#7818);
#2296=VERTEX_POINT('',#7819);
#2297=VERTEX_POINT('',#7821);
#2298=VERTEX_POINT('',#7823);
#2299=VERTEX_POINT('',#7827);
#2300=VERTEX_POINT('',#7829);
#2301=VERTEX_POINT('',#7842);
#2302=VERTEX_POINT('',#7848);
#2303=VERTEX_POINT('',#7865);
#2304=VERTEX_POINT('',#7871);
#2305=VERTEX_POINT('',#7888);
#2306=VERTEX_POINT('',#7894);
#2307=VERTEX_POINT('',#7911);
#2308=VERTEX_POINT('',#7917);
#2309=VERTEX_POINT('',#7925);
#2310=VERTEX_POINT('',#7927);
#2311=VERTEX_POINT('',#7931);
#2312=VERTEX_POINT('',#7933);
#2313=VERTEX_POINT('',#7937);
#2314=VERTEX_POINT('',#7939);
#2315=VERTEX_POINT('',#7952);
#2316=VERTEX_POINT('',#7958);
#2317=VERTEX_POINT('',#7975);
#2318=VERTEX_POINT('',#7981);
#2319=VERTEX_POINT('',#7998);
#2320=VERTEX_POINT('',#8004);
#2321=VERTEX_POINT('',#8021);
#2322=VERTEX_POINT('',#8027);
#2323=VERTEX_POINT('',#8035);
#2324=VERTEX_POINT('',#8037);
#2325=VERTEX_POINT('',#8041);
#2326=VERTEX_POINT('',#8043);
#2327=VERTEX_POINT('',#8060);
#2328=VERTEX_POINT('',#8061);
#2329=VERTEX_POINT('',#8067);
#2330=VERTEX_POINT('',#8069);
#2331=VERTEX_POINT('',#8086);
#2332=VERTEX_POINT('',#8092);
#2333=VERTEX_POINT('',#8109);
#2334=VERTEX_POINT('',#8115);
#2335=VERTEX_POINT('',#8132);
#2336=VERTEX_POINT('',#8138);
#2337=VERTEX_POINT('',#8155);
#2338=VERTEX_POINT('',#8161);
#2339=VERTEX_POINT('',#8178);
#2340=VERTEX_POINT('',#8184);
#2341=VERTEX_POINT('',#8201);
#2342=VERTEX_POINT('',#8207);
#2343=VERTEX_POINT('',#8224);
#2344=VERTEX_POINT('',#8230);
#2345=VERTEX_POINT('',#8250);
#2346=VERTEX_POINT('',#8251);
#2347=VERTEX_POINT('',#8257);
#2348=VERTEX_POINT('',#8259);
#2349=VERTEX_POINT('',#8276);
#2350=VERTEX_POINT('',#8282);
#2351=VERTEX_POINT('',#8299);
#2352=VERTEX_POINT('',#8305);
#2353=VERTEX_POINT('',#8322);
#2354=VERTEX_POINT('',#8328);
#2355=VERTEX_POINT('',#8345);
#2356=VERTEX_POINT('',#8351);
#2357=VERTEX_POINT('',#8368);
#2358=VERTEX_POINT('',#8374);
#2359=VERTEX_POINT('',#8391);
#2360=VERTEX_POINT('',#8397);
#2361=VERTEX_POINT('',#8414);
#2362=VERTEX_POINT('',#8420);
#2363=VERTEX_POINT('',#8437);
#2364=VERTEX_POINT('',#8443);
#2365=VERTEX_POINT('',#8460);
#2366=VERTEX_POINT('',#8466);
#2367=VERTEX_POINT('',#8483);
#2368=VERTEX_POINT('',#8489);
#2369=VERTEX_POINT('',#8506);
#2370=VERTEX_POINT('',#8512);
#2371=VERTEX_POINT('',#8529);
#2372=VERTEX_POINT('',#8535);
#2373=VERTEX_POINT('',#8543);
#2374=VERTEX_POINT('',#8545);
#2375=VERTEX_POINT('',#8558);
#2376=VERTEX_POINT('',#8564);
#2377=VERTEX_POINT('',#8581);
#2378=VERTEX_POINT('',#8587);
#2379=VERTEX_POINT('',#8595);
#2380=VERTEX_POINT('',#8597);
#2381=VERTEX_POINT('',#8610);
#2382=VERTEX_POINT('',#8616);
#2383=VERTEX_POINT('',#8633);
#2384=VERTEX_POINT('',#8639);
#2385=VERTEX_POINT('',#8656);
#2386=VERTEX_POINT('',#8662);
#2387=VERTEX_POINT('',#8679);
#2388=VERTEX_POINT('',#8685);
#2389=VERTEX_POINT('',#8702);
#2390=VERTEX_POINT('',#8708);
#2391=VERTEX_POINT('',#8725);
#2392=VERTEX_POINT('',#8731);
#2393=VERTEX_POINT('',#8748);
#2394=VERTEX_POINT('',#8754);
#2395=VERTEX_POINT('',#8771);
#2396=VERTEX_POINT('',#8777);
#2397=VERTEX_POINT('',#8785);
#2398=VERTEX_POINT('',#8787);
#2399=VERTEX_POINT('',#8812);
#2400=VERTEX_POINT('',#8813);
#2401=VERTEX_POINT('',#8815);
#2402=VERTEX_POINT('',#8817);
#2403=VERTEX_POINT('',#8830);
#2404=VERTEX_POINT('',#8836);
#2405=VERTEX_POINT('',#8853);
#2406=VERTEX_POINT('',#8859);
#2407=VERTEX_POINT('',#8876);
#2408=VERTEX_POINT('',#8882);
#2409=VERTEX_POINT('',#8899);
#2410=VERTEX_POINT('',#8905);
#2411=VERTEX_POINT('',#8913);
#2412=VERTEX_POINT('',#8915);
#2413=VERTEX_POINT('',#8922);
#2414=VERTEX_POINT('',#8923);
#2415=VERTEX_POINT('',#8925);
#2416=VERTEX_POINT('',#8927);
#2417=VERTEX_POINT('',#8931);
#2418=VERTEX_POINT('',#8933);
#2419=VERTEX_POINT('',#8937);
#2420=VERTEX_POINT('',#8939);
#2421=VERTEX_POINT('',#8952);
#2422=VERTEX_POINT('',#8958);
#2423=VERTEX_POINT('',#8975);
#2424=VERTEX_POINT('',#8981);
#2425=VERTEX_POINT('',#8998);
#2426=VERTEX_POINT('',#9004);
#2427=VERTEX_POINT('',#9021);
#2428=VERTEX_POINT('',#9027);
#2429=VERTEX_POINT('',#9035);
#2430=VERTEX_POINT('',#9037);
#2431=VERTEX_POINT('',#9054);
#2432=VERTEX_POINT('',#9055);
#2433=VERTEX_POINT('',#9061);
#2434=VERTEX_POINT('',#9063);
#2435=VERTEX_POINT('',#9080);
#2436=VERTEX_POINT('',#9086);
#2437=VERTEX_POINT('',#9103);
#2438=VERTEX_POINT('',#9109);
#2439=VERTEX_POINT('',#9126);
#2440=VERTEX_POINT('',#9132);
#2441=VERTEX_POINT('',#9149);
#2442=VERTEX_POINT('',#9155);
#2443=VERTEX_POINT('',#9172);
#2444=VERTEX_POINT('',#9178);
#2445=VERTEX_POINT('',#9195);
#2446=VERTEX_POINT('',#9201);
#2447=VERTEX_POINT('',#9209);
#2448=VERTEX_POINT('',#9211);
#2449=VERTEX_POINT('',#9224);
#2450=VERTEX_POINT('',#9230);
#2451=VERTEX_POINT('',#9247);
#2452=VERTEX_POINT('',#9253);
#2453=VERTEX_POINT('',#9270);
#2454=VERTEX_POINT('',#9276);
#2455=VERTEX_POINT('',#9293);
#2456=VERTEX_POINT('',#9299);
#2457=VERTEX_POINT('',#9316);
#2458=VERTEX_POINT('',#9322);
#2459=VERTEX_POINT('',#9339);
#2460=VERTEX_POINT('',#9345);
#2461=VERTEX_POINT('',#9362);
#2462=VERTEX_POINT('',#9368);
#2463=VERTEX_POINT('',#9385);
#2464=VERTEX_POINT('',#9391);
#2465=VERTEX_POINT('',#9408);
#2466=VERTEX_POINT('',#9414);
#2467=VERTEX_POINT('',#9431);
#2468=VERTEX_POINT('',#9437);
#2469=VERTEX_POINT('',#9454);
#2470=VERTEX_POINT('',#9460);
#2471=VERTEX_POINT('',#9477);
#2472=VERTEX_POINT('',#9483);
#2473=VERTEX_POINT('',#9500);
#2474=VERTEX_POINT('',#9506);
#2475=VERTEX_POINT('',#9514);
#2476=VERTEX_POINT('',#9516);
#2477=VERTEX_POINT('',#9541);
#2478=VERTEX_POINT('',#9542);
#2479=VERTEX_POINT('',#9544);
#2480=VERTEX_POINT('',#9546);
#2481=VERTEX_POINT('',#9550);
#2482=VERTEX_POINT('',#9552);
#2483=VERTEX_POINT('',#9556);
#2484=VERTEX_POINT('',#9558);
#2485=VERTEX_POINT('',#9566);
#2486=VERTEX_POINT('',#9567);
#2487=VERTEX_POINT('',#9569);
#2488=VERTEX_POINT('',#9571);
#2489=VERTEX_POINT('',#9575);
#2490=VERTEX_POINT('',#9577);
#2491=VERTEX_POINT('',#9581);
#2492=VERTEX_POINT('',#9583);
#2493=VERTEX_POINT('',#9600);
#2494=VERTEX_POINT('',#9601);
#2495=VERTEX_POINT('',#9607);
#2496=VERTEX_POINT('',#9609);
#2497=VERTEX_POINT('',#9626);
#2498=VERTEX_POINT('',#9632);
#2499=VERTEX_POINT('',#9649);
#2500=VERTEX_POINT('',#9655);
#2501=VERTEX_POINT('',#9672);
#2502=VERTEX_POINT('',#9678);
#2503=VERTEX_POINT('',#9695);
#2504=VERTEX_POINT('',#9701);
#2505=VERTEX_POINT('',#9718);
#2506=VERTEX_POINT('',#9724);
#2507=VERTEX_POINT('',#9741);
#2508=VERTEX_POINT('',#9747);
#2509=VERTEX_POINT('',#9764);
#2510=VERTEX_POINT('',#9770);
#2511=VERTEX_POINT('',#9787);
#2512=VERTEX_POINT('',#9793);
#2513=VERTEX_POINT('',#9810);
#2514=VERTEX_POINT('',#9816);
#2515=VERTEX_POINT('',#9833);
#2516=VERTEX_POINT('',#9839);
#2517=VERTEX_POINT('',#9856);
#2518=VERTEX_POINT('',#9862);
#2519=VERTEX_POINT('',#9879);
#2520=VERTEX_POINT('',#9885);
#2521=VERTEX_POINT('',#9893);
#2522=VERTEX_POINT('',#9895);
#2523=VERTEX_POINT('',#9908);
#2524=VERTEX_POINT('',#9914);
#2525=VERTEX_POINT('',#9931);
#2526=VERTEX_POINT('',#9937);
#2527=VERTEX_POINT('',#9954);
#2528=VERTEX_POINT('',#9960);
#2529=VERTEX_POINT('',#9977);
#2530=VERTEX_POINT('',#9983);
#2531=VERTEX_POINT('',#10000);
#2532=VERTEX_POINT('',#10006);
#2533=VERTEX_POINT('',#10023);
#2534=VERTEX_POINT('',#10029);
#2535=VERTEX_POINT('',#10046);
#2536=VERTEX_POINT('',#10052);
#2537=VERTEX_POINT('',#10069);
#2538=VERTEX_POINT('',#10075);
#2539=VERTEX_POINT('',#10092);
#2540=VERTEX_POINT('',#10098);
#2541=VERTEX_POINT('',#10115);
#2542=VERTEX_POINT('',#10121);
#2543=VERTEX_POINT('',#10138);
#2544=VERTEX_POINT('',#10144);
#2545=VERTEX_POINT('',#10161);
#2546=VERTEX_POINT('',#10167);
#2547=VERTEX_POINT('',#10184);
#2548=VERTEX_POINT('',#10190);
#2549=VERTEX_POINT('',#10198);
#2550=VERTEX_POINT('',#10200);
#2551=VERTEX_POINT('',#10225);
#2552=VERTEX_POINT('',#10226);
#2553=VERTEX_POINT('',#10228);
#2554=VERTEX_POINT('',#10230);
#2555=VERTEX_POINT('',#10234);
#2556=VERTEX_POINT('',#10236);
#2557=VERTEX_POINT('',#10240);
#2558=VERTEX_POINT('',#10242);
#2559=VERTEX_POINT('',#10250);
#2560=VERTEX_POINT('',#10251);
#2561=VERTEX_POINT('',#10253);
#2562=VERTEX_POINT('',#10255);
#2563=VERTEX_POINT('',#10268);
#2564=VERTEX_POINT('',#10274);
#2565=VERTEX_POINT('',#10291);
#2566=VERTEX_POINT('',#10297);
#2567=VERTEX_POINT('',#10314);
#2568=VERTEX_POINT('',#10320);
#2569=VERTEX_POINT('',#10337);
#2570=VERTEX_POINT('',#10343);
#2571=VERTEX_POINT('',#10351);
#2572=VERTEX_POINT('',#10353);
#2573=VERTEX_POINT('',#10360);
#2574=VERTEX_POINT('',#10361);
#2575=VERTEX_POINT('',#10363);
#2576=VERTEX_POINT('',#10365);
#2577=VERTEX_POINT('',#10378);
#2578=VERTEX_POINT('',#10384);
#2579=VERTEX_POINT('',#10401);
#2580=VERTEX_POINT('',#10407);
#2581=VERTEX_POINT('',#10424);
#2582=VERTEX_POINT('',#10430);
#2583=VERTEX_POINT('',#10447);
#2584=VERTEX_POINT('',#10453);
#2585=VERTEX_POINT('',#10461);
#2586=VERTEX_POINT('',#10463);
#2587=VERTEX_POINT('',#10470);
#2588=VERTEX_POINT('',#10471);
#2589=VERTEX_POINT('',#10473);
#2590=VERTEX_POINT('',#10475);
#2591=VERTEX_POINT('',#10488);
#2592=VERTEX_POINT('',#10494);
#2593=VERTEX_POINT('',#10511);
#2594=VERTEX_POINT('',#10517);
#2595=VERTEX_POINT('',#10534);
#2596=VERTEX_POINT('',#10540);
#2597=VERTEX_POINT('',#10557);
#2598=VERTEX_POINT('',#10563);
#2599=VERTEX_POINT('',#10580);
#2600=VERTEX_POINT('',#10586);
#2601=VERTEX_POINT('',#10603);
#2602=VERTEX_POINT('',#10609);
#2603=VERTEX_POINT('',#10626);
#2604=VERTEX_POINT('',#10632);
#2605=VERTEX_POINT('',#10649);
#2606=VERTEX_POINT('',#10655);
#2607=VERTEX_POINT('',#10672);
#2608=VERTEX_POINT('',#10678);
#2609=VERTEX_POINT('',#10695);
#2610=VERTEX_POINT('',#10701);
#2611=VERTEX_POINT('',#10709);
#2612=VERTEX_POINT('',#10711);
#2613=VERTEX_POINT('',#10719);
#2614=VERTEX_POINT('',#10720);
#2615=VERTEX_POINT('',#10722);
#2616=VERTEX_POINT('',#10724);
#2617=VERTEX_POINT('',#10727);
#2618=VERTEX_POINT('',#10729);
#2619=VERTEX_POINT('',#10731);
#2620=VERTEX_POINT('',#10733);
#2621=VERTEX_POINT('',#10741);
#2622=VERTEX_POINT('',#10742);
#2623=VERTEX_POINT('',#10744);
#2624=VERTEX_POINT('',#10746);
#2625=VERTEX_POINT('',#10750);
#2626=VERTEX_POINT('',#10751);
#2627=VERTEX_POINT('',#10753);
#2628=VERTEX_POINT('',#10755);
#2629=VERTEX_POINT('',#10762);
#2630=VERTEX_POINT('',#10764);
#2631=VERTEX_POINT('',#10768);
#2632=VERTEX_POINT('',#10772);
#2633=VERTEX_POINT('',#10775);
#2634=VERTEX_POINT('',#10779);
#2635=VERTEX_POINT('',#10782);
#2636=VERTEX_POINT('',#10786);
#2637=VERTEX_POINT('',#10789);
#2638=VERTEX_POINT('',#10793);
#2639=VERTEX_POINT('',#10796);
#2640=VERTEX_POINT('',#10798);
#2641=VERTEX_POINT('',#10800);
#2642=VERTEX_POINT('',#10804);
#2643=VERTEX_POINT('',#10806);
#2644=VERTEX_POINT('',#10812);
#2645=VERTEX_POINT('',#10816);
#2646=VERTEX_POINT('',#10822);
#2647=VERTEX_POINT('',#10826);
#2648=VERTEX_POINT('',#10830);
#2649=VERTEX_POINT('',#10834);
#2650=VERTEX_POINT('',#10835);
#2651=VERTEX_POINT('',#10840);
#2652=VERTEX_POINT('',#10844);
#2653=EDGE_CURVE('',#2115,#2116,#1187,.T.);
#2654=EDGE_CURVE('',#2115,#2117,#1188,.T.);
#2655=EDGE_CURVE('',#2117,#2118,#1189,.T.);
#2656=EDGE_CURVE('',#2116,#2118,#1190,.T.);
#2657=EDGE_CURVE('',#2119,#2115,#1191,.T.);
#2658=EDGE_CURVE('',#2119,#2120,#1192,.T.);
#2659=EDGE_CURVE('',#2120,#2117,#1193,.T.);
#2660=EDGE_CURVE('',#2121,#2119,#1194,.T.);
#2661=EDGE_CURVE('',#2121,#2122,#1195,.T.);
#2662=EDGE_CURVE('',#2122,#2120,#1196,.T.);
#2663=EDGE_CURVE('',#2116,#2121,#1197,.T.);
#2664=EDGE_CURVE('',#2118,#2122,#1198,.T.);
#2665=EDGE_CURVE('',#2123,#2124,#71,.T.);
#2666=EDGE_CURVE('',#2123,#2125,#1199,.T.);
#2667=EDGE_CURVE('',#2125,#2126,#72,.T.);
#2668=EDGE_CURVE('',#2124,#2126,#1200,.T.);
#2669=EDGE_CURVE('',#2127,#2123,#73,.T.);
#2670=EDGE_CURVE('',#2127,#2128,#1201,.T.);
#2671=EDGE_CURVE('',#2128,#2125,#74,.T.);
#2672=EDGE_CURVE('',#2129,#2127,#75,.T.);
#2673=EDGE_CURVE('',#2129,#2130,#1202,.T.);
#2674=EDGE_CURVE('',#2130,#2128,#76,.T.);
#2675=EDGE_CURVE('',#2131,#2129,#77,.T.);
#2676=EDGE_CURVE('',#2131,#2132,#1203,.T.);
#2677=EDGE_CURVE('',#2132,#2130,#78,.T.);
#2678=EDGE_CURVE('',#2133,#2131,#79,.T.);
#2679=EDGE_CURVE('',#2133,#2134,#1204,.T.);
#2680=EDGE_CURVE('',#2134,#2132,#80,.T.);
#2681=EDGE_CURVE('',#2135,#2133,#81,.T.);
#2682=EDGE_CURVE('',#2135,#2136,#1205,.T.);
#2683=EDGE_CURVE('',#2136,#2134,#82,.T.);
#2684=EDGE_CURVE('',#2137,#2135,#83,.T.);
#2685=EDGE_CURVE('',#2137,#2138,#1206,.T.);
#2686=EDGE_CURVE('',#2138,#2136,#84,.T.);
#2687=EDGE_CURVE('',#2124,#2137,#85,.T.);
#2688=EDGE_CURVE('',#2126,#2138,#86,.T.);
#2689=EDGE_CURVE('',#2139,#2140,#87,.T.);
#2690=EDGE_CURVE('',#2139,#2141,#1207,.T.);
#2691=EDGE_CURVE('',#2141,#2142,#88,.T.);
#2692=EDGE_CURVE('',#2140,#2142,#1208,.T.);
#2693=EDGE_CURVE('',#2143,#2139,#89,.T.);
#2694=EDGE_CURVE('',#2143,#2144,#1209,.T.);
#2695=EDGE_CURVE('',#2144,#2141,#90,.T.);
#2696=EDGE_CURVE('',#2145,#2143,#91,.T.);
#2697=EDGE_CURVE('',#2145,#2146,#1210,.T.);
#2698=EDGE_CURVE('',#2146,#2144,#92,.T.);
#2699=EDGE_CURVE('',#2147,#2145,#93,.T.);
#2700=EDGE_CURVE('',#2147,#2148,#1211,.T.);
#2701=EDGE_CURVE('',#2148,#2146,#94,.T.);
#2702=EDGE_CURVE('',#2149,#2147,#95,.T.);
#2703=EDGE_CURVE('',#2149,#2150,#1212,.T.);
#2704=EDGE_CURVE('',#2150,#2148,#96,.T.);
#2705=EDGE_CURVE('',#2151,#2149,#97,.T.);
#2706=EDGE_CURVE('',#2151,#2152,#1213,.T.);
#2707=EDGE_CURVE('',#2152,#2150,#98,.T.);
#2708=EDGE_CURVE('',#2153,#2151,#99,.T.);
#2709=EDGE_CURVE('',#2153,#2154,#1214,.T.);
#2710=EDGE_CURVE('',#2154,#2152,#100,.T.);
#2711=EDGE_CURVE('',#2155,#2153,#101,.T.);
#2712=EDGE_CURVE('',#2155,#2156,#1215,.T.);
#2713=EDGE_CURVE('',#2156,#2154,#102,.T.);
#2714=EDGE_CURVE('',#2157,#2155,#1216,.T.);
#2715=EDGE_CURVE('',#2157,#2158,#1217,.T.);
#2716=EDGE_CURVE('',#2158,#2156,#1218,.T.);
#2717=EDGE_CURVE('',#2159,#2157,#103,.T.);
#2718=EDGE_CURVE('',#2159,#2160,#1219,.T.);
#2719=EDGE_CURVE('',#2160,#2158,#104,.T.);
#2720=EDGE_CURVE('',#2161,#2159,#105,.T.);
#2721=EDGE_CURVE('',#2161,#2162,#1220,.T.);
#2722=EDGE_CURVE('',#2162,#2160,#106,.T.);
#2723=EDGE_CURVE('',#2163,#2161,#107,.T.);
#2724=EDGE_CURVE('',#2163,#2164,#1221,.T.);
#2725=EDGE_CURVE('',#2164,#2162,#108,.T.);
#2726=EDGE_CURVE('',#2165,#2163,#109,.T.);
#2727=EDGE_CURVE('',#2165,#2166,#1222,.T.);
#2728=EDGE_CURVE('',#2166,#2164,#110,.T.);
#2729=EDGE_CURVE('',#2167,#2165,#1223,.T.);
#2730=EDGE_CURVE('',#2167,#2168,#1224,.T.);
#2731=EDGE_CURVE('',#2168,#2166,#1225,.T.);
#2732=EDGE_CURVE('',#2169,#2167,#111,.T.);
#2733=EDGE_CURVE('',#2169,#2170,#1226,.T.);
#2734=EDGE_CURVE('',#2170,#2168,#112,.T.);
#2735=EDGE_CURVE('',#2171,#2169,#113,.T.);
#2736=EDGE_CURVE('',#2171,#2172,#1227,.T.);
#2737=EDGE_CURVE('',#2172,#2170,#114,.T.);
#2738=EDGE_CURVE('',#2173,#2171,#115,.T.);
#2739=EDGE_CURVE('',#2173,#2174,#1228,.T.);
#2740=EDGE_CURVE('',#2174,#2172,#116,.T.);
#2741=EDGE_CURVE('',#2175,#2173,#117,.T.);
#2742=EDGE_CURVE('',#2175,#2176,#1229,.T.);
#2743=EDGE_CURVE('',#2176,#2174,#118,.T.);
#2744=EDGE_CURVE('',#2177,#2175,#119,.T.);
#2745=EDGE_CURVE('',#2177,#2178,#1230,.T.);
#2746=EDGE_CURVE('',#2178,#2176,#120,.T.);
#2747=EDGE_CURVE('',#2179,#2177,#121,.T.);
#2748=EDGE_CURVE('',#2179,#2180,#1231,.T.);
#2749=EDGE_CURVE('',#2180,#2178,#122,.T.);
#2750=EDGE_CURVE('',#2181,#2179,#123,.T.);
#2751=EDGE_CURVE('',#2181,#2182,#1232,.T.);
#2752=EDGE_CURVE('',#2182,#2180,#124,.T.);
#2753=EDGE_CURVE('',#2183,#2181,#1233,.T.);
#2754=EDGE_CURVE('',#2183,#2184,#1234,.T.);
#2755=EDGE_CURVE('',#2184,#2182,#1235,.T.);
#2756=EDGE_CURVE('',#2185,#2183,#1236,.T.);
#2757=EDGE_CURVE('',#2185,#2186,#1237,.T.);
#2758=EDGE_CURVE('',#2186,#2184,#1238,.T.);
#2759=EDGE_CURVE('',#2187,#2185,#1239,.T.);
#2760=EDGE_CURVE('',#2187,#2188,#1240,.T.);
#2761=EDGE_CURVE('',#2188,#2186,#1241,.T.);
#2762=EDGE_CURVE('',#2140,#2187,#1242,.T.);
#2763=EDGE_CURVE('',#2142,#2188,#1243,.T.);
#2764=EDGE_CURVE('',#2189,#2190,#1244,.T.);
#2765=EDGE_CURVE('',#2189,#2191,#1245,.T.);
#2766=EDGE_CURVE('',#2191,#2192,#1246,.T.);
#2767=EDGE_CURVE('',#2190,#2192,#1247,.T.);
#2768=EDGE_CURVE('',#2193,#2189,#1248,.T.);
#2769=EDGE_CURVE('',#2193,#2194,#1249,.T.);
#2770=EDGE_CURVE('',#2194,#2191,#1250,.T.);
#2771=EDGE_CURVE('',#2195,#2193,#1251,.T.);
#2772=EDGE_CURVE('',#2195,#2196,#1252,.T.);
#2773=EDGE_CURVE('',#2196,#2194,#1253,.T.);
#2774=EDGE_CURVE('',#2197,#2195,#1254,.T.);
#2775=EDGE_CURVE('',#2197,#2198,#1255,.T.);
#2776=EDGE_CURVE('',#2198,#2196,#1256,.T.);
#2777=EDGE_CURVE('',#2199,#2197,#1257,.T.);
#2778=EDGE_CURVE('',#2199,#2200,#1258,.T.);
#2779=EDGE_CURVE('',#2200,#2198,#1259,.T.);
#2780=EDGE_CURVE('',#2201,#2199,#1260,.T.);
#2781=EDGE_CURVE('',#2201,#2202,#1261,.T.);
#2782=EDGE_CURVE('',#2202,#2200,#1262,.T.);
#2783=EDGE_CURVE('',#2203,#2201,#1263,.T.);
#2784=EDGE_CURVE('',#2203,#2204,#1264,.T.);
#2785=EDGE_CURVE('',#2204,#2202,#1265,.T.);
#2786=EDGE_CURVE('',#2205,#2203,#1266,.T.);
#2787=EDGE_CURVE('',#2205,#2206,#1267,.T.);
#2788=EDGE_CURVE('',#2206,#2204,#1268,.T.);
#2789=EDGE_CURVE('',#2207,#2205,#1269,.T.);
#2790=EDGE_CURVE('',#2207,#2208,#1270,.T.);
#2791=EDGE_CURVE('',#2208,#2206,#1271,.T.);
#2792=EDGE_CURVE('',#2209,#2207,#1272,.T.);
#2793=EDGE_CURVE('',#2209,#2210,#1273,.T.);
#2794=EDGE_CURVE('',#2210,#2208,#1274,.T.);
#2795=EDGE_CURVE('',#2211,#2209,#1275,.T.);
#2796=EDGE_CURVE('',#2211,#2212,#1276,.T.);
#2797=EDGE_CURVE('',#2212,#2210,#1277,.T.);
#2798=EDGE_CURVE('',#2213,#2211,#1278,.T.);
#2799=EDGE_CURVE('',#2213,#2214,#1279,.T.);
#2800=EDGE_CURVE('',#2214,#2212,#1280,.T.);
#2801=EDGE_CURVE('',#2190,#2213,#1281,.T.);
#2802=EDGE_CURVE('',#2192,#2214,#1282,.T.);
#2803=EDGE_CURVE('',#2215,#2216,#125,.T.);
#2804=EDGE_CURVE('',#2215,#2217,#1283,.T.);
#2805=EDGE_CURVE('',#2217,#2218,#126,.T.);
#2806=EDGE_CURVE('',#2216,#2218,#1284,.T.);
#2807=EDGE_CURVE('',#2219,#2215,#127,.T.);
#2808=EDGE_CURVE('',#2219,#2220,#1285,.T.);
#2809=EDGE_CURVE('',#2220,#2217,#128,.T.);
#2810=EDGE_CURVE('',#2221,#2219,#129,.T.);
#2811=EDGE_CURVE('',#2221,#2222,#1286,.T.);
#2812=EDGE_CURVE('',#2222,#2220,#130,.T.);
#2813=EDGE_CURVE('',#2223,#2221,#131,.T.);
#2814=EDGE_CURVE('',#2223,#2224,#1287,.T.);
#2815=EDGE_CURVE('',#2224,#2222,#132,.T.);
#2816=EDGE_CURVE('',#2225,#2223,#133,.T.);
#2817=EDGE_CURVE('',#2225,#2226,#1288,.T.);
#2818=EDGE_CURVE('',#2226,#2224,#134,.T.);
#2819=EDGE_CURVE('',#2227,#2225,#135,.T.);
#2820=EDGE_CURVE('',#2227,#2228,#1289,.T.);
#2821=EDGE_CURVE('',#2228,#2226,#136,.T.);
#2822=EDGE_CURVE('',#2229,#2227,#137,.T.);
#2823=EDGE_CURVE('',#2229,#2230,#1290,.T.);
#2824=EDGE_CURVE('',#2230,#2228,#138,.T.);
#2825=EDGE_CURVE('',#2216,#2229,#139,.T.);
#2826=EDGE_CURVE('',#2218,#2230,#140,.T.);
#2827=EDGE_CURVE('',#2231,#2232,#1291,.T.);
#2828=EDGE_CURVE('',#2231,#2233,#1292,.T.);
#2829=EDGE_CURVE('',#2233,#2234,#1293,.T.);
#2830=EDGE_CURVE('',#2232,#2234,#1294,.T.);
#2831=EDGE_CURVE('',#2235,#2231,#141,.T.);
#2832=EDGE_CURVE('',#2235,#2236,#1295,.T.);
#2833=EDGE_CURVE('',#2236,#2233,#142,.T.);
#2834=EDGE_CURVE('',#2237,#2235,#143,.T.);
#2835=EDGE_CURVE('',#2237,#2238,#1296,.T.);
#2836=EDGE_CURVE('',#2238,#2236,#144,.T.);
#2837=EDGE_CURVE('',#2239,#2237,#145,.T.);
#2838=EDGE_CURVE('',#2239,#2240,#1297,.T.);
#2839=EDGE_CURVE('',#2240,#2238,#146,.T.);
#2840=EDGE_CURVE('',#2241,#2239,#147,.T.);
#2841=EDGE_CURVE('',#2241,#2242,#1298,.T.);
#2842=EDGE_CURVE('',#2242,#2240,#148,.T.);
#2843=EDGE_CURVE('',#2243,#2241,#149,.T.);
#2844=EDGE_CURVE('',#2243,#2244,#1299,.T.);
#2845=EDGE_CURVE('',#2244,#2242,#150,.T.);
#2846=EDGE_CURVE('',#2245,#2243,#151,.T.);
#2847=EDGE_CURVE('',#2245,#2246,#1300,.T.);
#2848=EDGE_CURVE('',#2246,#2244,#152,.T.);
#2849=EDGE_CURVE('',#2247,#2245,#153,.T.);
#2850=EDGE_CURVE('',#2247,#2248,#1301,.T.);
#2851=EDGE_CURVE('',#2248,#2246,#154,.T.);
#2852=EDGE_CURVE('',#2249,#2247,#155,.T.);
#2853=EDGE_CURVE('',#2249,#2250,#1302,.T.);
#2854=EDGE_CURVE('',#2250,#2248,#156,.T.);
#2855=EDGE_CURVE('',#2251,#2249,#1303,.T.);
#2856=EDGE_CURVE('',#2251,#2252,#1304,.T.);
#2857=EDGE_CURVE('',#2252,#2250,#1305,.T.);
#2858=EDGE_CURVE('',#2253,#2251,#1306,.T.);
#2859=EDGE_CURVE('',#2253,#2254,#1307,.T.);
#2860=EDGE_CURVE('',#2254,#2252,#1308,.T.);
#2861=EDGE_CURVE('',#2255,#2253,#1309,.T.);
#2862=EDGE_CURVE('',#2255,#2256,#1310,.T.);
#2863=EDGE_CURVE('',#2256,#2254,#1311,.T.);
#2864=EDGE_CURVE('',#2232,#2255,#1312,.T.);
#2865=EDGE_CURVE('',#2234,#2256,#1313,.T.);
#2866=EDGE_CURVE('',#2257,#2258,#1314,.T.);
#2867=EDGE_CURVE('',#2257,#2259,#1315,.T.);
#2868=EDGE_CURVE('',#2259,#2260,#1316,.T.);
#2869=EDGE_CURVE('',#2258,#2260,#1317,.T.);
#2870=EDGE_CURVE('',#2261,#2257,#1318,.T.);
#2871=EDGE_CURVE('',#2261,#2262,#1319,.T.);
#2872=EDGE_CURVE('',#2262,#2259,#1320,.T.);
#2873=EDGE_CURVE('',#2263,#2261,#1321,.T.);
#2874=EDGE_CURVE('',#2263,#2264,#1322,.T.);
#2875=EDGE_CURVE('',#2264,#2262,#1323,.T.);
#2876=EDGE_CURVE('',#2265,#2263,#1324,.T.);
#2877=EDGE_CURVE('',#2265,#2266,#1325,.T.);
#2878=EDGE_CURVE('',#2266,#2264,#1326,.T.);
#2879=EDGE_CURVE('',#2267,#2265,#1327,.T.);
#2880=EDGE_CURVE('',#2267,#2268,#1328,.T.);
#2881=EDGE_CURVE('',#2268,#2266,#1329,.T.);
#2882=EDGE_CURVE('',#2269,#2267,#157,.T.);
#2883=EDGE_CURVE('',#2269,#2270,#1330,.T.);
#2884=EDGE_CURVE('',#2270,#2268,#158,.T.);
#2885=EDGE_CURVE('',#2271,#2269,#159,.T.);
#2886=EDGE_CURVE('',#2271,#2272,#1331,.T.);
#2887=EDGE_CURVE('',#2272,#2270,#160,.T.);
#2888=EDGE_CURVE('',#2273,#2271,#161,.T.);
#2889=EDGE_CURVE('',#2273,#2274,#1332,.T.);
#2890=EDGE_CURVE('',#2274,#2272,#162,.T.);
#2891=EDGE_CURVE('',#2275,#2273,#163,.T.);
#2892=EDGE_CURVE('',#2275,#2276,#1333,.T.);
#2893=EDGE_CURVE('',#2276,#2274,#164,.T.);
#2894=EDGE_CURVE('',#2277,#2275,#1334,.T.);
#2895=EDGE_CURVE('',#2277,#2278,#1335,.T.);
#2896=EDGE_CURVE('',#2278,#2276,#1336,.T.);
#2897=EDGE_CURVE('',#2279,#2277,#165,.T.);
#2898=EDGE_CURVE('',#2279,#2280,#1337,.T.);
#2899=EDGE_CURVE('',#2280,#2278,#166,.T.);
#2900=EDGE_CURVE('',#2281,#2279,#167,.T.);
#2901=EDGE_CURVE('',#2281,#2282,#1338,.T.);
#2902=EDGE_CURVE('',#2282,#2280,#168,.T.);
#2903=EDGE_CURVE('',#2283,#2281,#169,.T.);
#2904=EDGE_CURVE('',#2283,#2284,#1339,.T.);
#2905=EDGE_CURVE('',#2284,#2282,#170,.T.);
#2906=EDGE_CURVE('',#2285,#2283,#1340,.T.);
#2907=EDGE_CURVE('',#2285,#2286,#1341,.T.);
#2908=EDGE_CURVE('',#2286,#2284,#1342,.T.);
#2909=EDGE_CURVE('',#2287,#2285,#1343,.T.);
#2910=EDGE_CURVE('',#2287,#2288,#1344,.T.);
#2911=EDGE_CURVE('',#2288,#2286,#1345,.T.);
#2912=EDGE_CURVE('',#2289,#2287,#1346,.T.);
#2913=EDGE_CURVE('',#2289,#2290,#1347,.T.);
#2914=EDGE_CURVE('',#2290,#2288,#1348,.T.);
#2915=EDGE_CURVE('',#2291,#2289,#1349,.T.);
#2916=EDGE_CURVE('',#2291,#2292,#1350,.T.);
#2917=EDGE_CURVE('',#2292,#2290,#1351,.T.);
#2918=EDGE_CURVE('',#2293,#2291,#1352,.T.);
#2919=EDGE_CURVE('',#2293,#2294,#1353,.T.);
#2920=EDGE_CURVE('',#2294,#2292,#1354,.T.);
#2921=EDGE_CURVE('',#2258,#2293,#1355,.T.);
#2922=EDGE_CURVE('',#2260,#2294,#1356,.T.);
#2923=EDGE_CURVE('',#2295,#2296,#1357,.T.);
#2924=EDGE_CURVE('',#2295,#2297,#1358,.T.);
#2925=EDGE_CURVE('',#2297,#2298,#1359,.T.);
#2926=EDGE_CURVE('',#2296,#2298,#1360,.T.);
#2927=EDGE_CURVE('',#2299,#2295,#1361,.T.);
#2928=EDGE_CURVE('',#2299,#2300,#1362,.T.);
#2929=EDGE_CURVE('',#2300,#2297,#1363,.T.);
#2930=EDGE_CURVE('',#2301,#2299,#171,.T.);
#2931=EDGE_CURVE('',#2301,#2302,#1364,.T.);
#2932=EDGE_CURVE('',#2302,#2300,#172,.T.);
#2933=EDGE_CURVE('',#2303,#2301,#173,.T.);
#2934=EDGE_CURVE('',#2303,#2304,#1365,.T.);
#2935=EDGE_CURVE('',#2304,#2302,#174,.T.);
#2936=EDGE_CURVE('',#2305,#2303,#175,.T.);
#2937=EDGE_CURVE('',#2305,#2306,#1366,.T.);
#2938=EDGE_CURVE('',#2306,#2304,#176,.T.);
#2939=EDGE_CURVE('',#2307,#2305,#177,.T.);
#2940=EDGE_CURVE('',#2307,#2308,#1367,.T.);
#2941=EDGE_CURVE('',#2308,#2306,#178,.T.);
#2942=EDGE_CURVE('',#2309,#2307,#1368,.T.);
#2943=EDGE_CURVE('',#2309,#2310,#1369,.T.);
#2944=EDGE_CURVE('',#2310,#2308,#1370,.T.);
#2945=EDGE_CURVE('',#2311,#2309,#1371,.T.);
#2946=EDGE_CURVE('',#2311,#2312,#1372,.T.);
#2947=EDGE_CURVE('',#2312,#2310,#1373,.T.);
#2948=EDGE_CURVE('',#2313,#2311,#1374,.T.);
#2949=EDGE_CURVE('',#2313,#2314,#1375,.T.);
#2950=EDGE_CURVE('',#2314,#2312,#1376,.T.);
#2951=EDGE_CURVE('',#2315,#2313,#179,.T.);
#2952=EDGE_CURVE('',#2315,#2316,#1377,.T.);
#2953=EDGE_CURVE('',#2316,#2314,#180,.T.);
#2954=EDGE_CURVE('',#2317,#2315,#181,.T.);
#2955=EDGE_CURVE('',#2317,#2318,#1378,.T.);
#2956=EDGE_CURVE('',#2318,#2316,#182,.T.);
#2957=EDGE_CURVE('',#2319,#2317,#183,.T.);
#2958=EDGE_CURVE('',#2319,#2320,#1379,.T.);
#2959=EDGE_CURVE('',#2320,#2318,#184,.T.);
#2960=EDGE_CURVE('',#2321,#2319,#185,.T.);
#2961=EDGE_CURVE('',#2321,#2322,#1380,.T.);
#2962=EDGE_CURVE('',#2322,#2320,#186,.T.);
#2963=EDGE_CURVE('',#2323,#2321,#1381,.T.);
#2964=EDGE_CURVE('',#2323,#2324,#1382,.T.);
#2965=EDGE_CURVE('',#2324,#2322,#1383,.T.);
#2966=EDGE_CURVE('',#2325,#2323,#1384,.T.);
#2967=EDGE_CURVE('',#2325,#2326,#1385,.T.);
#2968=EDGE_CURVE('',#2326,#2324,#1386,.T.);
#2969=EDGE_CURVE('',#2296,#2325,#1387,.T.);
#2970=EDGE_CURVE('',#2298,#2326,#1388,.T.);
#2971=EDGE_CURVE('',#2327,#2328,#187,.T.);
#2972=EDGE_CURVE('',#2327,#2329,#1389,.T.);
#2973=EDGE_CURVE('',#2329,#2330,#188,.T.);
#2974=EDGE_CURVE('',#2328,#2330,#1390,.T.);
#2975=EDGE_CURVE('',#2331,#2327,#189,.T.);
#2976=EDGE_CURVE('',#2331,#2332,#1391,.T.);
#2977=EDGE_CURVE('',#2332,#2329,#190,.T.);
#2978=EDGE_CURVE('',#2333,#2331,#191,.T.);
#2979=EDGE_CURVE('',#2333,#2334,#1392,.T.);
#2980=EDGE_CURVE('',#2334,#2332,#192,.T.);
#2981=EDGE_CURVE('',#2335,#2333,#193,.T.);
#2982=EDGE_CURVE('',#2335,#2336,#1393,.T.);
#2983=EDGE_CURVE('',#2336,#2334,#194,.T.);
#2984=EDGE_CURVE('',#2337,#2335,#195,.T.);
#2985=EDGE_CURVE('',#2337,#2338,#1394,.T.);
#2986=EDGE_CURVE('',#2338,#2336,#196,.T.);
#2987=EDGE_CURVE('',#2339,#2337,#197,.T.);
#2988=EDGE_CURVE('',#2339,#2340,#1395,.T.);
#2989=EDGE_CURVE('',#2340,#2338,#198,.T.);
#2990=EDGE_CURVE('',#2341,#2339,#199,.T.);
#2991=EDGE_CURVE('',#2341,#2342,#1396,.T.);
#2992=EDGE_CURVE('',#2342,#2340,#200,.T.);
#2993=EDGE_CURVE('',#2343,#2341,#201,.T.);
#2994=EDGE_CURVE('',#2343,#2344,#1397,.T.);
#2995=EDGE_CURVE('',#2344,#2342,#202,.T.);
#2996=EDGE_CURVE('',#2328,#2343,#1398,.T.);
#2997=EDGE_CURVE('',#2330,#2344,#1399,.T.);
#2998=EDGE_CURVE('',#2345,#2346,#203,.T.);
#2999=EDGE_CURVE('',#2345,#2347,#1400,.T.);
#3000=EDGE_CURVE('',#2347,#2348,#204,.T.);
#3001=EDGE_CURVE('',#2346,#2348,#1401,.T.);
#3002=EDGE_CURVE('',#2349,#2345,#205,.T.);
#3003=EDGE_CURVE('',#2349,#2350,#1402,.T.);
#3004=EDGE_CURVE('',#2350,#2347,#206,.T.);
#3005=EDGE_CURVE('',#2351,#2349,#207,.T.);
#3006=EDGE_CURVE('',#2351,#2352,#1403,.T.);
#3007=EDGE_CURVE('',#2352,#2350,#208,.T.);
#3008=EDGE_CURVE('',#2353,#2351,#209,.T.);
#3009=EDGE_CURVE('',#2353,#2354,#1404,.T.);
#3010=EDGE_CURVE('',#2354,#2352,#210,.T.);
#3011=EDGE_CURVE('',#2355,#2353,#211,.T.);
#3012=EDGE_CURVE('',#2355,#2356,#1405,.T.);
#3013=EDGE_CURVE('',#2356,#2354,#212,.T.);
#3014=EDGE_CURVE('',#2357,#2355,#213,.T.);
#3015=EDGE_CURVE('',#2357,#2358,#1406,.T.);
#3016=EDGE_CURVE('',#2358,#2356,#214,.T.);
#3017=EDGE_CURVE('',#2359,#2357,#215,.T.);
#3018=EDGE_CURVE('',#2359,#2360,#1407,.T.);
#3019=EDGE_CURVE('',#2360,#2358,#216,.T.);
#3020=EDGE_CURVE('',#2361,#2359,#217,.T.);
#3021=EDGE_CURVE('',#2361,#2362,#1408,.T.);
#3022=EDGE_CURVE('',#2362,#2360,#218,.T.);
#3023=EDGE_CURVE('',#2363,#2361,#219,.T.);
#3024=EDGE_CURVE('',#2363,#2364,#1409,.T.);
#3025=EDGE_CURVE('',#2364,#2362,#220,.T.);
#3026=EDGE_CURVE('',#2365,#2363,#221,.T.);
#3027=EDGE_CURVE('',#2365,#2366,#1410,.T.);
#3028=EDGE_CURVE('',#2366,#2364,#222,.T.);
#3029=EDGE_CURVE('',#2367,#2365,#223,.T.);
#3030=EDGE_CURVE('',#2367,#2368,#1411,.T.);
#3031=EDGE_CURVE('',#2368,#2366,#224,.T.);
#3032=EDGE_CURVE('',#2369,#2367,#225,.T.);
#3033=EDGE_CURVE('',#2369,#2370,#1412,.T.);
#3034=EDGE_CURVE('',#2370,#2368,#226,.T.);
#3035=EDGE_CURVE('',#2371,#2369,#227,.T.);
#3036=EDGE_CURVE('',#2371,#2372,#1413,.T.);
#3037=EDGE_CURVE('',#2372,#2370,#228,.T.);
#3038=EDGE_CURVE('',#2373,#2371,#1414,.T.);
#3039=EDGE_CURVE('',#2373,#2374,#1415,.T.);
#3040=EDGE_CURVE('',#2374,#2372,#1416,.T.);
#3041=EDGE_CURVE('',#2375,#2373,#229,.T.);
#3042=EDGE_CURVE('',#2375,#2376,#1417,.T.);
#3043=EDGE_CURVE('',#2376,#2374,#230,.T.);
#3044=EDGE_CURVE('',#2377,#2375,#231,.T.);
#3045=EDGE_CURVE('',#2377,#2378,#1418,.T.);
#3046=EDGE_CURVE('',#2378,#2376,#232,.T.);
#3047=EDGE_CURVE('',#2379,#2377,#1419,.T.);
#3048=EDGE_CURVE('',#2379,#2380,#1420,.T.);
#3049=EDGE_CURVE('',#2380,#2378,#1421,.T.);
#3050=EDGE_CURVE('',#2381,#2379,#233,.T.);
#3051=EDGE_CURVE('',#2381,#2382,#1422,.T.);
#3052=EDGE_CURVE('',#2382,#2380,#234,.T.);
#3053=EDGE_CURVE('',#2383,#2381,#235,.T.);
#3054=EDGE_CURVE('',#2383,#2384,#1423,.T.);
#3055=EDGE_CURVE('',#2384,#2382,#236,.T.);
#3056=EDGE_CURVE('',#2385,#2383,#237,.T.);
#3057=EDGE_CURVE('',#2385,#2386,#1424,.T.);
#3058=EDGE_CURVE('',#2386,#2384,#238,.T.);
#3059=EDGE_CURVE('',#2387,#2385,#239,.T.);
#3060=EDGE_CURVE('',#2387,#2388,#1425,.T.);
#3061=EDGE_CURVE('',#2388,#2386,#240,.T.);
#3062=EDGE_CURVE('',#2389,#2387,#241,.T.);
#3063=EDGE_CURVE('',#2389,#2390,#1426,.T.);
#3064=EDGE_CURVE('',#2390,#2388,#242,.T.);
#3065=EDGE_CURVE('',#2391,#2389,#243,.T.);
#3066=EDGE_CURVE('',#2391,#2392,#1427,.T.);
#3067=EDGE_CURVE('',#2392,#2390,#244,.T.);
#3068=EDGE_CURVE('',#2393,#2391,#245,.T.);
#3069=EDGE_CURVE('',#2393,#2394,#1428,.T.);
#3070=EDGE_CURVE('',#2394,#2392,#246,.T.);
#3071=EDGE_CURVE('',#2395,#2393,#247,.T.);
#3072=EDGE_CURVE('',#2395,#2396,#1429,.T.);
#3073=EDGE_CURVE('',#2396,#2394,#248,.T.);
#3074=EDGE_CURVE('',#2397,#2395,#1430,.T.);
#3075=EDGE_CURVE('',#2397,#2398,#1431,.T.);
#3076=EDGE_CURVE('',#2398,#2396,#1432,.T.);
#3077=EDGE_CURVE('',#2346,#2397,#249,.T.);
#3078=EDGE_CURVE('',#2348,#2398,#250,.T.);
#3079=EDGE_CURVE('',#2399,#2400,#1433,.T.);
#3080=EDGE_CURVE('',#2399,#2401,#1434,.T.);
#3081=EDGE_CURVE('',#2401,#2402,#1435,.T.);
#3082=EDGE_CURVE('',#2400,#2402,#1436,.T.);
#3083=EDGE_CURVE('',#2403,#2399,#251,.T.);
#3084=EDGE_CURVE('',#2403,#2404,#1437,.T.);
#3085=EDGE_CURVE('',#2404,#2401,#252,.T.);
#3086=EDGE_CURVE('',#2405,#2403,#253,.T.);
#3087=EDGE_CURVE('',#2405,#2406,#1438,.T.);
#3088=EDGE_CURVE('',#2406,#2404,#254,.T.);
#3089=EDGE_CURVE('',#2407,#2405,#255,.T.);
#3090=EDGE_CURVE('',#2407,#2408,#1439,.T.);
#3091=EDGE_CURVE('',#2408,#2406,#256,.T.);
#3092=EDGE_CURVE('',#2409,#2407,#257,.T.);
#3093=EDGE_CURVE('',#2409,#2410,#1440,.T.);
#3094=EDGE_CURVE('',#2410,#2408,#258,.T.);
#3095=EDGE_CURVE('',#2411,#2409,#1441,.T.);
#3096=EDGE_CURVE('',#2411,#2412,#1442,.T.);
#3097=EDGE_CURVE('',#2412,#2410,#1443,.T.);
#3098=EDGE_CURVE('',#2400,#2411,#1444,.T.);
#3099=EDGE_CURVE('',#2402,#2412,#1445,.T.);
#3100=EDGE_CURVE('',#2413,#2414,#1446,.T.);
#3101=EDGE_CURVE('',#2413,#2415,#1447,.T.);
#3102=EDGE_CURVE('',#2415,#2416,#1448,.T.);
#3103=EDGE_CURVE('',#2414,#2416,#1449,.T.);
#3104=EDGE_CURVE('',#2417,#2413,#1450,.T.);
#3105=EDGE_CURVE('',#2417,#2418,#1451,.T.);
#3106=EDGE_CURVE('',#2418,#2415,#1452,.T.);
#3107=EDGE_CURVE('',#2419,#2417,#1453,.T.);
#3108=EDGE_CURVE('',#2419,#2420,#1454,.T.);
#3109=EDGE_CURVE('',#2420,#2418,#1455,.T.);
#3110=EDGE_CURVE('',#2421,#2419,#259,.T.);
#3111=EDGE_CURVE('',#2421,#2422,#1456,.T.);
#3112=EDGE_CURVE('',#2422,#2420,#260,.T.);
#3113=EDGE_CURVE('',#2423,#2421,#261,.T.);
#3114=EDGE_CURVE('',#2423,#2424,#1457,.T.);
#3115=EDGE_CURVE('',#2424,#2422,#262,.T.);
#3116=EDGE_CURVE('',#2425,#2423,#263,.T.);
#3117=EDGE_CURVE('',#2425,#2426,#1458,.T.);
#3118=EDGE_CURVE('',#2426,#2424,#264,.T.);
#3119=EDGE_CURVE('',#2427,#2425,#265,.T.);
#3120=EDGE_CURVE('',#2427,#2428,#1459,.T.);
#3121=EDGE_CURVE('',#2428,#2426,#266,.T.);
#3122=EDGE_CURVE('',#2429,#2427,#1460,.T.);
#3123=EDGE_CURVE('',#2429,#2430,#1461,.T.);
#3124=EDGE_CURVE('',#2430,#2428,#1462,.T.);
#3125=EDGE_CURVE('',#2414,#2429,#1463,.T.);
#3126=EDGE_CURVE('',#2416,#2430,#1464,.T.);
#3127=EDGE_CURVE('',#2431,#2432,#267,.T.);
#3128=EDGE_CURVE('',#2431,#2433,#1465,.T.);
#3129=EDGE_CURVE('',#2433,#2434,#268,.T.);
#3130=EDGE_CURVE('',#2432,#2434,#1466,.T.);
#3131=EDGE_CURVE('',#2435,#2431,#269,.T.);
#3132=EDGE_CURVE('',#2435,#2436,#1467,.T.);
#3133=EDGE_CURVE('',#2436,#2433,#270,.T.);
#3134=EDGE_CURVE('',#2437,#2435,#271,.T.);
#3135=EDGE_CURVE('',#2437,#2438,#1468,.T.);
#3136=EDGE_CURVE('',#2438,#2436,#272,.T.);
#3137=EDGE_CURVE('',#2439,#2437,#273,.T.);
#3138=EDGE_CURVE('',#2439,#2440,#1469,.T.);
#3139=EDGE_CURVE('',#2440,#2438,#274,.T.);
#3140=EDGE_CURVE('',#2441,#2439,#275,.T.);
#3141=EDGE_CURVE('',#2441,#2442,#1470,.T.);
#3142=EDGE_CURVE('',#2442,#2440,#276,.T.);
#3143=EDGE_CURVE('',#2443,#2441,#277,.T.);
#3144=EDGE_CURVE('',#2443,#2444,#1471,.T.);
#3145=EDGE_CURVE('',#2444,#2442,#278,.T.);
#3146=EDGE_CURVE('',#2445,#2443,#279,.T.);
#3147=EDGE_CURVE('',#2445,#2446,#1472,.T.);
#3148=EDGE_CURVE('',#2446,#2444,#280,.T.);
#3149=EDGE_CURVE('',#2447,#2445,#1473,.T.);
#3150=EDGE_CURVE('',#2447,#2448,#1474,.T.);
#3151=EDGE_CURVE('',#2448,#2446,#1475,.T.);
#3152=EDGE_CURVE('',#2449,#2447,#281,.T.);
#3153=EDGE_CURVE('',#2449,#2450,#1476,.T.);
#3154=EDGE_CURVE('',#2450,#2448,#282,.T.);
#3155=EDGE_CURVE('',#2451,#2449,#283,.T.);
#3156=EDGE_CURVE('',#2451,#2452,#1477,.T.);
#3157=EDGE_CURVE('',#2452,#2450,#284,.T.);
#3158=EDGE_CURVE('',#2453,#2451,#285,.T.);
#3159=EDGE_CURVE('',#2453,#2454,#1478,.T.);
#3160=EDGE_CURVE('',#2454,#2452,#286,.T.);
#3161=EDGE_CURVE('',#2455,#2453,#287,.T.);
#3162=EDGE_CURVE('',#2455,#2456,#1479,.T.);
#3163=EDGE_CURVE('',#2456,#2454,#288,.T.);
#3164=EDGE_CURVE('',#2457,#2455,#289,.T.);
#3165=EDGE_CURVE('',#2457,#2458,#1480,.T.);
#3166=EDGE_CURVE('',#2458,#2456,#290,.T.);
#3167=EDGE_CURVE('',#2459,#2457,#291,.T.);
#3168=EDGE_CURVE('',#2459,#2460,#1481,.T.);
#3169=EDGE_CURVE('',#2460,#2458,#292,.T.);
#3170=EDGE_CURVE('',#2461,#2459,#293,.T.);
#3171=EDGE_CURVE('',#2461,#2462,#1482,.T.);
#3172=EDGE_CURVE('',#2462,#2460,#294,.T.);
#3173=EDGE_CURVE('',#2463,#2461,#295,.T.);
#3174=EDGE_CURVE('',#2463,#2464,#1483,.T.);
#3175=EDGE_CURVE('',#2464,#2462,#296,.T.);
#3176=EDGE_CURVE('',#2465,#2463,#297,.T.);
#3177=EDGE_CURVE('',#2465,#2466,#1484,.T.);
#3178=EDGE_CURVE('',#2466,#2464,#298,.T.);
#3179=EDGE_CURVE('',#2467,#2465,#299,.T.);
#3180=EDGE_CURVE('',#2467,#2468,#1485,.T.);
#3181=EDGE_CURVE('',#2468,#2466,#300,.T.);
#3182=EDGE_CURVE('',#2469,#2467,#301,.T.);
#3183=EDGE_CURVE('',#2469,#2470,#1486,.T.);
#3184=EDGE_CURVE('',#2470,#2468,#302,.T.);
#3185=EDGE_CURVE('',#2471,#2469,#303,.T.);
#3186=EDGE_CURVE('',#2471,#2472,#1487,.T.);
#3187=EDGE_CURVE('',#2472,#2470,#304,.T.);
#3188=EDGE_CURVE('',#2473,#2471,#305,.T.);
#3189=EDGE_CURVE('',#2473,#2474,#1488,.T.);
#3190=EDGE_CURVE('',#2474,#2472,#306,.T.);
#3191=EDGE_CURVE('',#2475,#2473,#1489,.T.);
#3192=EDGE_CURVE('',#2475,#2476,#1490,.T.);
#3193=EDGE_CURVE('',#2476,#2474,#1491,.T.);
#3194=EDGE_CURVE('',#2432,#2475,#307,.T.);
#3195=EDGE_CURVE('',#2434,#2476,#308,.T.);
#3196=EDGE_CURVE('',#2477,#2478,#1492,.T.);
#3197=EDGE_CURVE('',#2477,#2479,#1493,.T.);
#3198=EDGE_CURVE('',#2479,#2480,#1494,.T.);
#3199=EDGE_CURVE('',#2478,#2480,#1495,.T.);
#3200=EDGE_CURVE('',#2481,#2477,#1496,.T.);
#3201=EDGE_CURVE('',#2481,#2482,#1497,.T.);
#3202=EDGE_CURVE('',#2482,#2479,#1498,.T.);
#3203=EDGE_CURVE('',#2483,#2481,#1499,.T.);
#3204=EDGE_CURVE('',#2483,#2484,#1500,.T.);
#3205=EDGE_CURVE('',#2484,#2482,#1501,.T.);
#3206=EDGE_CURVE('',#2478,#2483,#1502,.T.);
#3207=EDGE_CURVE('',#2480,#2484,#1503,.T.);
#3208=EDGE_CURVE('',#2485,#2486,#1504,.T.);
#3209=EDGE_CURVE('',#2485,#2487,#1505,.T.);
#3210=EDGE_CURVE('',#2487,#2488,#1506,.T.);
#3211=EDGE_CURVE('',#2486,#2488,#1507,.T.);
#3212=EDGE_CURVE('',#2489,#2485,#1508,.T.);
#3213=EDGE_CURVE('',#2489,#2490,#1509,.T.);
#3214=EDGE_CURVE('',#2490,#2487,#1510,.T.);
#3215=EDGE_CURVE('',#2491,#2489,#1511,.T.);
#3216=EDGE_CURVE('',#2491,#2492,#1512,.T.);
#3217=EDGE_CURVE('',#2492,#2490,#1513,.T.);
#3218=EDGE_CURVE('',#2486,#2491,#1514,.T.);
#3219=EDGE_CURVE('',#2488,#2492,#1515,.T.);
#3220=EDGE_CURVE('',#2493,#2494,#309,.T.);
#3221=EDGE_CURVE('',#2493,#2495,#1516,.T.);
#3222=EDGE_CURVE('',#2495,#2496,#310,.T.);
#3223=EDGE_CURVE('',#2494,#2496,#1517,.T.);
#3224=EDGE_CURVE('',#2497,#2493,#311,.T.);
#3225=EDGE_CURVE('',#2497,#2498,#1518,.T.);
#3226=EDGE_CURVE('',#2498,#2495,#312,.T.);
#3227=EDGE_CURVE('',#2499,#2497,#313,.T.);
#3228=EDGE_CURVE('',#2499,#2500,#1519,.T.);
#3229=EDGE_CURVE('',#2500,#2498,#314,.T.);
#3230=EDGE_CURVE('',#2501,#2499,#315,.T.);
#3231=EDGE_CURVE('',#2501,#2502,#1520,.T.);
#3232=EDGE_CURVE('',#2502,#2500,#316,.T.);
#3233=EDGE_CURVE('',#2503,#2501,#317,.T.);
#3234=EDGE_CURVE('',#2503,#2504,#1521,.T.);
#3235=EDGE_CURVE('',#2504,#2502,#318,.T.);
#3236=EDGE_CURVE('',#2505,#2503,#319,.T.);
#3237=EDGE_CURVE('',#2505,#2506,#1522,.T.);
#3238=EDGE_CURVE('',#2506,#2504,#320,.T.);
#3239=EDGE_CURVE('',#2507,#2505,#321,.T.);
#3240=EDGE_CURVE('',#2507,#2508,#1523,.T.);
#3241=EDGE_CURVE('',#2508,#2506,#322,.T.);
#3242=EDGE_CURVE('',#2509,#2507,#323,.T.);
#3243=EDGE_CURVE('',#2509,#2510,#1524,.T.);
#3244=EDGE_CURVE('',#2510,#2508,#324,.T.);
#3245=EDGE_CURVE('',#2511,#2509,#325,.T.);
#3246=EDGE_CURVE('',#2511,#2512,#1525,.T.);
#3247=EDGE_CURVE('',#2512,#2510,#326,.T.);
#3248=EDGE_CURVE('',#2513,#2511,#327,.T.);
#3249=EDGE_CURVE('',#2513,#2514,#1526,.T.);
#3250=EDGE_CURVE('',#2514,#2512,#328,.T.);
#3251=EDGE_CURVE('',#2515,#2513,#329,.T.);
#3252=EDGE_CURVE('',#2515,#2516,#1527,.T.);
#3253=EDGE_CURVE('',#2516,#2514,#330,.T.);
#3254=EDGE_CURVE('',#2517,#2515,#331,.T.);
#3255=EDGE_CURVE('',#2517,#2518,#1528,.T.);
#3256=EDGE_CURVE('',#2518,#2516,#332,.T.);
#3257=EDGE_CURVE('',#2519,#2517,#333,.T.);
#3258=EDGE_CURVE('',#2519,#2520,#1529,.T.);
#3259=EDGE_CURVE('',#2520,#2518,#334,.T.);
#3260=EDGE_CURVE('',#2521,#2519,#1530,.T.);
#3261=EDGE_CURVE('',#2521,#2522,#1531,.T.);
#3262=EDGE_CURVE('',#2522,#2520,#1532,.T.);
#3263=EDGE_CURVE('',#2523,#2521,#335,.T.);
#3264=EDGE_CURVE('',#2523,#2524,#1533,.T.);
#3265=EDGE_CURVE('',#2524,#2522,#336,.T.);
#3266=EDGE_CURVE('',#2525,#2523,#337,.T.);
#3267=EDGE_CURVE('',#2525,#2526,#1534,.T.);
#3268=EDGE_CURVE('',#2526,#2524,#338,.T.);
#3269=EDGE_CURVE('',#2527,#2525,#339,.T.);
#3270=EDGE_CURVE('',#2527,#2528,#1535,.T.);
#3271=EDGE_CURVE('',#2528,#2526,#340,.T.);
#3272=EDGE_CURVE('',#2529,#2527,#341,.T.);
#3273=EDGE_CURVE('',#2529,#2530,#1536,.T.);
#3274=EDGE_CURVE('',#2530,#2528,#342,.T.);
#3275=EDGE_CURVE('',#2531,#2529,#343,.T.);
#3276=EDGE_CURVE('',#2531,#2532,#1537,.T.);
#3277=EDGE_CURVE('',#2532,#2530,#344,.T.);
#3278=EDGE_CURVE('',#2533,#2531,#345,.T.);
#3279=EDGE_CURVE('',#2533,#2534,#1538,.T.);
#3280=EDGE_CURVE('',#2534,#2532,#346,.T.);
#3281=EDGE_CURVE('',#2535,#2533,#347,.T.);
#3282=EDGE_CURVE('',#2535,#2536,#1539,.T.);
#3283=EDGE_CURVE('',#2536,#2534,#348,.T.);
#3284=EDGE_CURVE('',#2537,#2535,#349,.T.);
#3285=EDGE_CURVE('',#2537,#2538,#1540,.T.);
#3286=EDGE_CURVE('',#2538,#2536,#350,.T.);
#3287=EDGE_CURVE('',#2539,#2537,#351,.T.);
#3288=EDGE_CURVE('',#2539,#2540,#1541,.T.);
#3289=EDGE_CURVE('',#2540,#2538,#352,.T.);
#3290=EDGE_CURVE('',#2541,#2539,#353,.T.);
#3291=EDGE_CURVE('',#2541,#2542,#1542,.T.);
#3292=EDGE_CURVE('',#2542,#2540,#354,.T.);
#3293=EDGE_CURVE('',#2543,#2541,#355,.T.);
#3294=EDGE_CURVE('',#2543,#2544,#1543,.T.);
#3295=EDGE_CURVE('',#2544,#2542,#356,.T.);
#3296=EDGE_CURVE('',#2545,#2543,#357,.T.);
#3297=EDGE_CURVE('',#2545,#2546,#1544,.T.);
#3298=EDGE_CURVE('',#2546,#2544,#358,.T.);
#3299=EDGE_CURVE('',#2547,#2545,#359,.T.);
#3300=EDGE_CURVE('',#2547,#2548,#1545,.T.);
#3301=EDGE_CURVE('',#2548,#2546,#360,.T.);
#3302=EDGE_CURVE('',#2549,#2547,#1546,.T.);
#3303=EDGE_CURVE('',#2549,#2550,#1547,.T.);
#3304=EDGE_CURVE('',#2550,#2548,#1548,.T.);
#3305=EDGE_CURVE('',#2494,#2549,#361,.T.);
#3306=EDGE_CURVE('',#2496,#2550,#362,.T.);
#3307=EDGE_CURVE('',#2551,#2552,#1549,.T.);
#3308=EDGE_CURVE('',#2551,#2553,#1550,.T.);
#3309=EDGE_CURVE('',#2553,#2554,#1551,.T.);
#3310=EDGE_CURVE('',#2552,#2554,#1552,.T.);
#3311=EDGE_CURVE('',#2555,#2551,#1553,.T.);
#3312=EDGE_CURVE('',#2555,#2556,#1554,.T.);
#3313=EDGE_CURVE('',#2556,#2553,#1555,.T.);
#3314=EDGE_CURVE('',#2557,#2555,#1556,.T.);
#3315=EDGE_CURVE('',#2557,#2558,#1557,.T.);
#3316=EDGE_CURVE('',#2558,#2556,#1558,.T.);
#3317=EDGE_CURVE('',#2552,#2557,#1559,.T.);
#3318=EDGE_CURVE('',#2554,#2558,#1560,.T.);
#3319=EDGE_CURVE('',#2559,#2560,#1561,.T.);
#3320=EDGE_CURVE('',#2559,#2561,#1562,.T.);
#3321=EDGE_CURVE('',#2561,#2562,#1563,.T.);
#3322=EDGE_CURVE('',#2560,#2562,#1564,.T.);
#3323=EDGE_CURVE('',#2563,#2559,#363,.T.);
#3324=EDGE_CURVE('',#2563,#2564,#1565,.T.);
#3325=EDGE_CURVE('',#2564,#2561,#364,.T.);
#3326=EDGE_CURVE('',#2565,#2563,#365,.T.);
#3327=EDGE_CURVE('',#2565,#2566,#1566,.T.);
#3328=EDGE_CURVE('',#2566,#2564,#366,.T.);
#3329=EDGE_CURVE('',#2567,#2565,#367,.T.);
#3330=EDGE_CURVE('',#2567,#2568,#1567,.T.);
#3331=EDGE_CURVE('',#2568,#2566,#368,.T.);
#3332=EDGE_CURVE('',#2569,#2567,#369,.T.);
#3333=EDGE_CURVE('',#2569,#2570,#1568,.T.);
#3334=EDGE_CURVE('',#2570,#2568,#370,.T.);
#3335=EDGE_CURVE('',#2571,#2569,#1569,.T.);
#3336=EDGE_CURVE('',#2571,#2572,#1570,.T.);
#3337=EDGE_CURVE('',#2572,#2570,#1571,.T.);
#3338=EDGE_CURVE('',#2560,#2571,#1572,.T.);
#3339=EDGE_CURVE('',#2562,#2572,#1573,.T.);
#3340=EDGE_CURVE('',#2573,#2574,#1574,.T.);
#3341=EDGE_CURVE('',#2573,#2575,#1575,.T.);
#3342=EDGE_CURVE('',#2575,#2576,#1576,.T.);
#3343=EDGE_CURVE('',#2574,#2576,#1577,.T.);
#3344=EDGE_CURVE('',#2577,#2573,#371,.T.);
#3345=EDGE_CURVE('',#2577,#2578,#1578,.T.);
#3346=EDGE_CURVE('',#2578,#2575,#372,.T.);
#3347=EDGE_CURVE('',#2579,#2577,#373,.T.);
#3348=EDGE_CURVE('',#2579,#2580,#1579,.T.);
#3349=EDGE_CURVE('',#2580,#2578,#374,.T.);
#3350=EDGE_CURVE('',#2581,#2579,#375,.T.);
#3351=EDGE_CURVE('',#2581,#2582,#1580,.T.);
#3352=EDGE_CURVE('',#2582,#2580,#376,.T.);
#3353=EDGE_CURVE('',#2583,#2581,#377,.T.);
#3354=EDGE_CURVE('',#2583,#2584,#1581,.T.);
#3355=EDGE_CURVE('',#2584,#2582,#378,.T.);
#3356=EDGE_CURVE('',#2585,#2583,#1582,.T.);
#3357=EDGE_CURVE('',#2585,#2586,#1583,.T.);
#3358=EDGE_CURVE('',#2586,#2584,#1584,.T.);
#3359=EDGE_CURVE('',#2574,#2585,#1585,.T.);
#3360=EDGE_CURVE('',#2576,#2586,#1586,.T.);
#3361=EDGE_CURVE('',#2587,#2588,#1587,.T.);
#3362=EDGE_CURVE('',#2587,#2589,#1588,.T.);
#3363=EDGE_CURVE('',#2589,#2590,#1589,.T.);
#3364=EDGE_CURVE('',#2588,#2590,#1590,.T.);
#3365=EDGE_CURVE('',#2591,#2587,#379,.T.);
#3366=EDGE_CURVE('',#2591,#2592,#1591,.T.);
#3367=EDGE_CURVE('',#2592,#2589,#380,.T.);
#3368=EDGE_CURVE('',#2593,#2591,#381,.T.);
#3369=EDGE_CURVE('',#2593,#2594,#1592,.T.);
#3370=EDGE_CURVE('',#2594,#2592,#382,.T.);
#3371=EDGE_CURVE('',#2595,#2593,#383,.T.);
#3372=EDGE_CURVE('',#2595,#2596,#1593,.T.);
#3373=EDGE_CURVE('',#2596,#2594,#384,.T.);
#3374=EDGE_CURVE('',#2597,#2595,#385,.T.);
#3375=EDGE_CURVE('',#2597,#2598,#1594,.T.);
#3376=EDGE_CURVE('',#2598,#2596,#386,.T.);
#3377=EDGE_CURVE('',#2599,#2597,#387,.T.);
#3378=EDGE_CURVE('',#2599,#2600,#1595,.T.);
#3379=EDGE_CURVE('',#2600,#2598,#388,.T.);
#3380=EDGE_CURVE('',#2601,#2599,#389,.T.);
#3381=EDGE_CURVE('',#2601,#2602,#1596,.T.);
#3382=EDGE_CURVE('',#2602,#2600,#390,.T.);
#3383=EDGE_CURVE('',#2603,#2601,#391,.T.);
#3384=EDGE_CURVE('',#2603,#2604,#1597,.T.);
#3385=EDGE_CURVE('',#2604,#2602,#392,.T.);
#3386=EDGE_CURVE('',#2605,#2603,#393,.T.);
#3387=EDGE_CURVE('',#2605,#2606,#1598,.T.);
#3388=EDGE_CURVE('',#2606,#2604,#394,.T.);
#3389=EDGE_CURVE('',#2607,#2605,#395,.T.);
#3390=EDGE_CURVE('',#2607,#2608,#1599,.T.);
#3391=EDGE_CURVE('',#2608,#2606,#396,.T.);
#3392=EDGE_CURVE('',#2609,#2607,#397,.T.);
#3393=EDGE_CURVE('',#2609,#2610,#1600,.T.);
#3394=EDGE_CURVE('',#2610,#2608,#398,.T.);
#3395=EDGE_CURVE('',#2611,#2609,#1601,.T.);
#3396=EDGE_CURVE('',#2611,#2612,#1602,.T.);
#3397=EDGE_CURVE('',#2612,#2610,#1603,.T.);
#3398=EDGE_CURVE('',#2588,#2611,#1604,.T.);
#3399=EDGE_CURVE('',#2590,#2612,#1605,.T.);
#3400=EDGE_CURVE('',#2613,#2614,#1606,.T.);
#3401=EDGE_CURVE('',#2614,#2615,#1607,.T.);
#3402=EDGE_CURVE('',#2615,#2616,#1608,.T.);
#3403=EDGE_CURVE('',#2616,#2613,#1609,.T.);
#3404=EDGE_CURVE('',#2617,#2617,#23,.T.);
#3405=EDGE_CURVE('',#2618,#2618,#24,.T.);
#3406=EDGE_CURVE('',#2619,#2619,#25,.T.);
#3407=EDGE_CURVE('',#2620,#2620,#26,.T.);
#3408=EDGE_CURVE('',#2621,#2622,#1610,.T.);
#3409=EDGE_CURVE('',#2623,#2621,#1611,.T.);
#3410=EDGE_CURVE('',#2624,#2623,#1612,.T.);
#3411=EDGE_CURVE('',#2622,#2624,#1613,.T.);
#3412=EDGE_CURVE('',#2625,#2626,#1614,.T.);
#3413=EDGE_CURVE('',#2625,#2627,#1615,.T.);
#3414=EDGE_CURVE('',#2628,#2627,#1616,.T.);
#3415=EDGE_CURVE('',#2626,#2628,#1617,.T.);
#3416=EDGE_CURVE('',#2622,#2625,#1618,.T.);
#3417=EDGE_CURVE('',#2624,#2627,#1619,.T.);
#3418=EDGE_CURVE('',#2623,#2629,#1620,.T.);
#3419=EDGE_CURVE('',#2629,#2630,#1621,.T.);
#3420=EDGE_CURVE('',#2630,#2624,#1622,.T.);
#3421=EDGE_CURVE('',#2617,#2631,#1623,.T.);
#3422=EDGE_CURVE('',#2631,#2631,#27,.T.);
#3423=EDGE_CURVE('',#2632,#2632,#28,.T.);
#3424=EDGE_CURVE('',#2618,#2633,#1624,.T.);
#3425=EDGE_CURVE('',#2633,#2633,#29,.T.);
#3426=EDGE_CURVE('',#2634,#2634,#30,.T.);
#3427=EDGE_CURVE('',#2619,#2635,#1625,.T.);
#3428=EDGE_CURVE('',#2635,#2635,#31,.T.);
#3429=EDGE_CURVE('',#2636,#2636,#32,.T.);
#3430=EDGE_CURVE('',#2620,#2637,#1626,.T.);
#3431=EDGE_CURVE('',#2637,#2637,#33,.T.);
#3432=EDGE_CURVE('',#2638,#2638,#34,.T.);
#3433=EDGE_CURVE('',#2639,#2630,#1627,.T.);
#3434=EDGE_CURVE('',#2640,#2639,#1628,.T.);
#3435=EDGE_CURVE('',#2641,#2640,#1629,.T.);
#3436=EDGE_CURVE('',#2627,#2641,#1630,.T.);
#3437=EDGE_CURVE('',#2642,#2639,#1631,.T.);
#3438=EDGE_CURVE('',#2642,#2643,#1632,.T.);
#3439=EDGE_CURVE('',#2643,#2640,#1633,.T.);
#3440=EDGE_CURVE('',#2629,#2642,#1634,.T.);
#3441=EDGE_CURVE('',#2634,#2644,#1635,.T.);
#3442=EDGE_CURVE('',#2644,#2644,#35,.T.);
#3443=EDGE_CURVE('',#2643,#2645,#1636,.T.);
#3444=EDGE_CURVE('',#2645,#2641,#1637,.T.);
#3445=EDGE_CURVE('',#2645,#2628,#1638,.T.);
#3446=EDGE_CURVE('',#2636,#2646,#1639,.T.);
#3447=EDGE_CURVE('',#2646,#2646,#36,.T.);
#3448=EDGE_CURVE('',#2632,#2647,#1640,.T.);
#3449=EDGE_CURVE('',#2647,#2647,#37,.T.);
#3450=EDGE_CURVE('',#2638,#2648,#1641,.T.);
#3451=EDGE_CURVE('',#2648,#2648,#38,.T.);
#3452=EDGE_CURVE('',#2649,#2650,#1642,.T.);
#3453=EDGE_CURVE('',#2649,#2613,#1643,.T.);
#3454=EDGE_CURVE('',#2650,#2616,#1644,.T.);
#3455=EDGE_CURVE('',#2650,#2651,#1645,.T.);
#3456=EDGE_CURVE('',#2651,#2615,#1646,.T.);
#3457=EDGE_CURVE('',#2651,#2652,#1647,.T.);
#3458=EDGE_CURVE('',#2652,#2614,#1648,.T.);
#3459=EDGE_CURVE('',#2652,#2626,#1649,.T.);
#3460=EDGE_CURVE('',#2621,#2649,#1650,.T.);
#3461=ORIENTED_EDGE('',*,*,#2653,.F.);
#3462=ORIENTED_EDGE('',*,*,#2654,.T.);
#3463=ORIENTED_EDGE('',*,*,#2655,.T.);
#3464=ORIENTED_EDGE('',*,*,#2656,.F.);
#3465=ORIENTED_EDGE('',*,*,#2657,.F.);
#3466=ORIENTED_EDGE('',*,*,#2658,.T.);
#3467=ORIENTED_EDGE('',*,*,#2659,.T.);
#3468=ORIENTED_EDGE('',*,*,#2654,.F.);
#3469=ORIENTED_EDGE('',*,*,#2660,.F.);
#3470=ORIENTED_EDGE('',*,*,#2661,.T.);
#3471=ORIENTED_EDGE('',*,*,#2662,.T.);
#3472=ORIENTED_EDGE('',*,*,#2658,.F.);
#3473=ORIENTED_EDGE('',*,*,#2663,.F.);
#3474=ORIENTED_EDGE('',*,*,#2656,.T.);
#3475=ORIENTED_EDGE('',*,*,#2664,.T.);
#3476=ORIENTED_EDGE('',*,*,#2661,.F.);
#3477=ORIENTED_EDGE('',*,*,#2664,.F.);
#3478=ORIENTED_EDGE('',*,*,#2655,.F.);
#3479=ORIENTED_EDGE('',*,*,#2659,.F.);
#3480=ORIENTED_EDGE('',*,*,#2662,.F.);
#3481=ORIENTED_EDGE('',*,*,#2665,.F.);
#3482=ORIENTED_EDGE('',*,*,#2666,.T.);
#3483=ORIENTED_EDGE('',*,*,#2667,.T.);
#3484=ORIENTED_EDGE('',*,*,#2668,.F.);
#3485=ORIENTED_EDGE('',*,*,#2669,.F.);
#3486=ORIENTED_EDGE('',*,*,#2670,.T.);
#3487=ORIENTED_EDGE('',*,*,#2671,.T.);
#3488=ORIENTED_EDGE('',*,*,#2666,.F.);
#3489=ORIENTED_EDGE('',*,*,#2672,.F.);
#3490=ORIENTED_EDGE('',*,*,#2673,.T.);
#3491=ORIENTED_EDGE('',*,*,#2674,.T.);
#3492=ORIENTED_EDGE('',*,*,#2670,.F.);
#3493=ORIENTED_EDGE('',*,*,#2675,.F.);
#3494=ORIENTED_EDGE('',*,*,#2676,.T.);
#3495=ORIENTED_EDGE('',*,*,#2677,.T.);
#3496=ORIENTED_EDGE('',*,*,#2673,.F.);
#3497=ORIENTED_EDGE('',*,*,#2678,.F.);
#3498=ORIENTED_EDGE('',*,*,#2679,.T.);
#3499=ORIENTED_EDGE('',*,*,#2680,.T.);
#3500=ORIENTED_EDGE('',*,*,#2676,.F.);
#3501=ORIENTED_EDGE('',*,*,#2681,.F.);
#3502=ORIENTED_EDGE('',*,*,#2682,.T.);
#3503=ORIENTED_EDGE('',*,*,#2683,.T.);
#3504=ORIENTED_EDGE('',*,*,#2679,.F.);
#3505=ORIENTED_EDGE('',*,*,#2684,.F.);
#3506=ORIENTED_EDGE('',*,*,#2685,.T.);
#3507=ORIENTED_EDGE('',*,*,#2686,.T.);
#3508=ORIENTED_EDGE('',*,*,#2682,.F.);
#3509=ORIENTED_EDGE('',*,*,#2687,.F.);
#3510=ORIENTED_EDGE('',*,*,#2668,.T.);
#3511=ORIENTED_EDGE('',*,*,#2688,.T.);
#3512=ORIENTED_EDGE('',*,*,#2685,.F.);
#3513=ORIENTED_EDGE('',*,*,#2689,.F.);
#3514=ORIENTED_EDGE('',*,*,#2690,.T.);
#3515=ORIENTED_EDGE('',*,*,#2691,.T.);
#3516=ORIENTED_EDGE('',*,*,#2692,.F.);
#3517=ORIENTED_EDGE('',*,*,#2693,.F.);
#3518=ORIENTED_EDGE('',*,*,#2694,.T.);
#3519=ORIENTED_EDGE('',*,*,#2695,.T.);
#3520=ORIENTED_EDGE('',*,*,#2690,.F.);
#3521=ORIENTED_EDGE('',*,*,#2696,.F.);
#3522=ORIENTED_EDGE('',*,*,#2697,.T.);
#3523=ORIENTED_EDGE('',*,*,#2698,.T.);
#3524=ORIENTED_EDGE('',*,*,#2694,.F.);
#3525=ORIENTED_EDGE('',*,*,#2699,.F.);
#3526=ORIENTED_EDGE('',*,*,#2700,.T.);
#3527=ORIENTED_EDGE('',*,*,#2701,.T.);
#3528=ORIENTED_EDGE('',*,*,#2697,.F.);
#3529=ORIENTED_EDGE('',*,*,#2702,.F.);
#3530=ORIENTED_EDGE('',*,*,#2703,.T.);
#3531=ORIENTED_EDGE('',*,*,#2704,.T.);
#3532=ORIENTED_EDGE('',*,*,#2700,.F.);
#3533=ORIENTED_EDGE('',*,*,#2705,.F.);
#3534=ORIENTED_EDGE('',*,*,#2706,.T.);
#3535=ORIENTED_EDGE('',*,*,#2707,.T.);
#3536=ORIENTED_EDGE('',*,*,#2703,.F.);
#3537=ORIENTED_EDGE('',*,*,#2708,.F.);
#3538=ORIENTED_EDGE('',*,*,#2709,.T.);
#3539=ORIENTED_EDGE('',*,*,#2710,.T.);
#3540=ORIENTED_EDGE('',*,*,#2706,.F.);
#3541=ORIENTED_EDGE('',*,*,#2711,.F.);
#3542=ORIENTED_EDGE('',*,*,#2712,.T.);
#3543=ORIENTED_EDGE('',*,*,#2713,.T.);
#3544=ORIENTED_EDGE('',*,*,#2709,.F.);
#3545=ORIENTED_EDGE('',*,*,#2714,.F.);
#3546=ORIENTED_EDGE('',*,*,#2715,.T.);
#3547=ORIENTED_EDGE('',*,*,#2716,.T.);
#3548=ORIENTED_EDGE('',*,*,#2712,.F.);
#3549=ORIENTED_EDGE('',*,*,#2717,.F.);
#3550=ORIENTED_EDGE('',*,*,#2718,.T.);
#3551=ORIENTED_EDGE('',*,*,#2719,.T.);
#3552=ORIENTED_EDGE('',*,*,#2715,.F.);
#3553=ORIENTED_EDGE('',*,*,#2720,.F.);
#3554=ORIENTED_EDGE('',*,*,#2721,.T.);
#3555=ORIENTED_EDGE('',*,*,#2722,.T.);
#3556=ORIENTED_EDGE('',*,*,#2718,.F.);
#3557=ORIENTED_EDGE('',*,*,#2723,.F.);
#3558=ORIENTED_EDGE('',*,*,#2724,.T.);
#3559=ORIENTED_EDGE('',*,*,#2725,.T.);
#3560=ORIENTED_EDGE('',*,*,#2721,.F.);
#3561=ORIENTED_EDGE('',*,*,#2726,.F.);
#3562=ORIENTED_EDGE('',*,*,#2727,.T.);
#3563=ORIENTED_EDGE('',*,*,#2728,.T.);
#3564=ORIENTED_EDGE('',*,*,#2724,.F.);
#3565=ORIENTED_EDGE('',*,*,#2729,.F.);
#3566=ORIENTED_EDGE('',*,*,#2730,.T.);
#3567=ORIENTED_EDGE('',*,*,#2731,.T.);
#3568=ORIENTED_EDGE('',*,*,#2727,.F.);
#3569=ORIENTED_EDGE('',*,*,#2732,.F.);
#3570=ORIENTED_EDGE('',*,*,#2733,.T.);
#3571=ORIENTED_EDGE('',*,*,#2734,.T.);
#3572=ORIENTED_EDGE('',*,*,#2730,.F.);
#3573=ORIENTED_EDGE('',*,*,#2735,.F.);
#3574=ORIENTED_EDGE('',*,*,#2736,.T.);
#3575=ORIENTED_EDGE('',*,*,#2737,.T.);
#3576=ORIENTED_EDGE('',*,*,#2733,.F.);
#3577=ORIENTED_EDGE('',*,*,#2738,.F.);
#3578=ORIENTED_EDGE('',*,*,#2739,.T.);
#3579=ORIENTED_EDGE('',*,*,#2740,.T.);
#3580=ORIENTED_EDGE('',*,*,#2736,.F.);
#3581=ORIENTED_EDGE('',*,*,#2741,.F.);
#3582=ORIENTED_EDGE('',*,*,#2742,.T.);
#3583=ORIENTED_EDGE('',*,*,#2743,.T.);
#3584=ORIENTED_EDGE('',*,*,#2739,.F.);
#3585=ORIENTED_EDGE('',*,*,#2744,.F.);
#3586=ORIENTED_EDGE('',*,*,#2745,.T.);
#3587=ORIENTED_EDGE('',*,*,#2746,.T.);
#3588=ORIENTED_EDGE('',*,*,#2742,.F.);
#3589=ORIENTED_EDGE('',*,*,#2747,.F.);
#3590=ORIENTED_EDGE('',*,*,#2748,.T.);
#3591=ORIENTED_EDGE('',*,*,#2749,.T.);
#3592=ORIENTED_EDGE('',*,*,#2745,.F.);
#3593=ORIENTED_EDGE('',*,*,#2750,.F.);
#3594=ORIENTED_EDGE('',*,*,#2751,.T.);
#3595=ORIENTED_EDGE('',*,*,#2752,.T.);
#3596=ORIENTED_EDGE('',*,*,#2748,.F.);
#3597=ORIENTED_EDGE('',*,*,#2753,.F.);
#3598=ORIENTED_EDGE('',*,*,#2754,.T.);
#3599=ORIENTED_EDGE('',*,*,#2755,.T.);
#3600=ORIENTED_EDGE('',*,*,#2751,.F.);
#3601=ORIENTED_EDGE('',*,*,#2756,.F.);
#3602=ORIENTED_EDGE('',*,*,#2757,.T.);
#3603=ORIENTED_EDGE('',*,*,#2758,.T.);
#3604=ORIENTED_EDGE('',*,*,#2754,.F.);
#3605=ORIENTED_EDGE('',*,*,#2759,.F.);
#3606=ORIENTED_EDGE('',*,*,#2760,.T.);
#3607=ORIENTED_EDGE('',*,*,#2761,.T.);
#3608=ORIENTED_EDGE('',*,*,#2757,.F.);
#3609=ORIENTED_EDGE('',*,*,#2762,.F.);
#3610=ORIENTED_EDGE('',*,*,#2692,.T.);
#3611=ORIENTED_EDGE('',*,*,#2763,.T.);
#3612=ORIENTED_EDGE('',*,*,#2760,.F.);
#3613=ORIENTED_EDGE('',*,*,#2763,.F.);
#3614=ORIENTED_EDGE('',*,*,#2691,.F.);
#3615=ORIENTED_EDGE('',*,*,#2695,.F.);
#3616=ORIENTED_EDGE('',*,*,#2698,.F.);
#3617=ORIENTED_EDGE('',*,*,#2701,.F.);
#3618=ORIENTED_EDGE('',*,*,#2704,.F.);
#3619=ORIENTED_EDGE('',*,*,#2707,.F.);
#3620=ORIENTED_EDGE('',*,*,#2710,.F.);
#3621=ORIENTED_EDGE('',*,*,#2713,.F.);
#3622=ORIENTED_EDGE('',*,*,#2716,.F.);
#3623=ORIENTED_EDGE('',*,*,#2719,.F.);
#3624=ORIENTED_EDGE('',*,*,#2722,.F.);
#3625=ORIENTED_EDGE('',*,*,#2725,.F.);
#3626=ORIENTED_EDGE('',*,*,#2728,.F.);
#3627=ORIENTED_EDGE('',*,*,#2731,.F.);
#3628=ORIENTED_EDGE('',*,*,#2734,.F.);
#3629=ORIENTED_EDGE('',*,*,#2737,.F.);
#3630=ORIENTED_EDGE('',*,*,#2740,.F.);
#3631=ORIENTED_EDGE('',*,*,#2743,.F.);
#3632=ORIENTED_EDGE('',*,*,#2746,.F.);
#3633=ORIENTED_EDGE('',*,*,#2749,.F.);
#3634=ORIENTED_EDGE('',*,*,#2752,.F.);
#3635=ORIENTED_EDGE('',*,*,#2755,.F.);
#3636=ORIENTED_EDGE('',*,*,#2758,.F.);
#3637=ORIENTED_EDGE('',*,*,#2761,.F.);
#3638=ORIENTED_EDGE('',*,*,#2688,.F.);
#3639=ORIENTED_EDGE('',*,*,#2667,.F.);
#3640=ORIENTED_EDGE('',*,*,#2671,.F.);
#3641=ORIENTED_EDGE('',*,*,#2674,.F.);
#3642=ORIENTED_EDGE('',*,*,#2677,.F.);
#3643=ORIENTED_EDGE('',*,*,#2680,.F.);
#3644=ORIENTED_EDGE('',*,*,#2683,.F.);
#3645=ORIENTED_EDGE('',*,*,#2686,.F.);
#3646=ORIENTED_EDGE('',*,*,#2764,.F.);
#3647=ORIENTED_EDGE('',*,*,#2765,.T.);
#3648=ORIENTED_EDGE('',*,*,#2766,.T.);
#3649=ORIENTED_EDGE('',*,*,#2767,.F.);
#3650=ORIENTED_EDGE('',*,*,#2768,.F.);
#3651=ORIENTED_EDGE('',*,*,#2769,.T.);
#3652=ORIENTED_EDGE('',*,*,#2770,.T.);
#3653=ORIENTED_EDGE('',*,*,#2765,.F.);
#3654=ORIENTED_EDGE('',*,*,#2771,.F.);
#3655=ORIENTED_EDGE('',*,*,#2772,.T.);
#3656=ORIENTED_EDGE('',*,*,#2773,.T.);
#3657=ORIENTED_EDGE('',*,*,#2769,.F.);
#3658=ORIENTED_EDGE('',*,*,#2774,.F.);
#3659=ORIENTED_EDGE('',*,*,#2775,.T.);
#3660=ORIENTED_EDGE('',*,*,#2776,.T.);
#3661=ORIENTED_EDGE('',*,*,#2772,.F.);
#3662=ORIENTED_EDGE('',*,*,#2777,.F.);
#3663=ORIENTED_EDGE('',*,*,#2778,.T.);
#3664=ORIENTED_EDGE('',*,*,#2779,.T.);
#3665=ORIENTED_EDGE('',*,*,#2775,.F.);
#3666=ORIENTED_EDGE('',*,*,#2780,.F.);
#3667=ORIENTED_EDGE('',*,*,#2781,.T.);
#3668=ORIENTED_EDGE('',*,*,#2782,.T.);
#3669=ORIENTED_EDGE('',*,*,#2778,.F.);
#3670=ORIENTED_EDGE('',*,*,#2783,.F.);
#3671=ORIENTED_EDGE('',*,*,#2784,.T.);
#3672=ORIENTED_EDGE('',*,*,#2785,.T.);
#3673=ORIENTED_EDGE('',*,*,#2781,.F.);
#3674=ORIENTED_EDGE('',*,*,#2786,.F.);
#3675=ORIENTED_EDGE('',*,*,#2787,.T.);
#3676=ORIENTED_EDGE('',*,*,#2788,.T.);
#3677=ORIENTED_EDGE('',*,*,#2784,.F.);
#3678=ORIENTED_EDGE('',*,*,#2789,.F.);
#3679=ORIENTED_EDGE('',*,*,#2790,.T.);
#3680=ORIENTED_EDGE('',*,*,#2791,.T.);
#3681=ORIENTED_EDGE('',*,*,#2787,.F.);
#3682=ORIENTED_EDGE('',*,*,#2792,.F.);
#3683=ORIENTED_EDGE('',*,*,#2793,.T.);
#3684=ORIENTED_EDGE('',*,*,#2794,.T.);
#3685=ORIENTED_EDGE('',*,*,#2790,.F.);
#3686=ORIENTED_EDGE('',*,*,#2795,.F.);
#3687=ORIENTED_EDGE('',*,*,#2796,.T.);
#3688=ORIENTED_EDGE('',*,*,#2797,.T.);
#3689=ORIENTED_EDGE('',*,*,#2793,.F.);
#3690=ORIENTED_EDGE('',*,*,#2798,.F.);
#3691=ORIENTED_EDGE('',*,*,#2799,.T.);
#3692=ORIENTED_EDGE('',*,*,#2800,.T.);
#3693=ORIENTED_EDGE('',*,*,#2796,.F.);
#3694=ORIENTED_EDGE('',*,*,#2801,.F.);
#3695=ORIENTED_EDGE('',*,*,#2767,.T.);
#3696=ORIENTED_EDGE('',*,*,#2802,.T.);
#3697=ORIENTED_EDGE('',*,*,#2799,.F.);
#3698=ORIENTED_EDGE('',*,*,#2802,.F.);
#3699=ORIENTED_EDGE('',*,*,#2766,.F.);
#3700=ORIENTED_EDGE('',*,*,#2770,.F.);
#3701=ORIENTED_EDGE('',*,*,#2773,.F.);
#3702=ORIENTED_EDGE('',*,*,#2776,.F.);
#3703=ORIENTED_EDGE('',*,*,#2779,.F.);
#3704=ORIENTED_EDGE('',*,*,#2782,.F.);
#3705=ORIENTED_EDGE('',*,*,#2785,.F.);
#3706=ORIENTED_EDGE('',*,*,#2788,.F.);
#3707=ORIENTED_EDGE('',*,*,#2791,.F.);
#3708=ORIENTED_EDGE('',*,*,#2794,.F.);
#3709=ORIENTED_EDGE('',*,*,#2797,.F.);
#3710=ORIENTED_EDGE('',*,*,#2800,.F.);
#3711=ORIENTED_EDGE('',*,*,#2803,.F.);
#3712=ORIENTED_EDGE('',*,*,#2804,.T.);
#3713=ORIENTED_EDGE('',*,*,#2805,.T.);
#3714=ORIENTED_EDGE('',*,*,#2806,.F.);
#3715=ORIENTED_EDGE('',*,*,#2807,.F.);
#3716=ORIENTED_EDGE('',*,*,#2808,.T.);
#3717=ORIENTED_EDGE('',*,*,#2809,.T.);
#3718=ORIENTED_EDGE('',*,*,#2804,.F.);
#3719=ORIENTED_EDGE('',*,*,#2810,.F.);
#3720=ORIENTED_EDGE('',*,*,#2811,.T.);
#3721=ORIENTED_EDGE('',*,*,#2812,.T.);
#3722=ORIENTED_EDGE('',*,*,#2808,.F.);
#3723=ORIENTED_EDGE('',*,*,#2813,.F.);
#3724=ORIENTED_EDGE('',*,*,#2814,.T.);
#3725=ORIENTED_EDGE('',*,*,#2815,.T.);
#3726=ORIENTED_EDGE('',*,*,#2811,.F.);
#3727=ORIENTED_EDGE('',*,*,#2816,.F.);
#3728=ORIENTED_EDGE('',*,*,#2817,.T.);
#3729=ORIENTED_EDGE('',*,*,#2818,.T.);
#3730=ORIENTED_EDGE('',*,*,#2814,.F.);
#3731=ORIENTED_EDGE('',*,*,#2819,.F.);
#3732=ORIENTED_EDGE('',*,*,#2820,.T.);
#3733=ORIENTED_EDGE('',*,*,#2821,.T.);
#3734=ORIENTED_EDGE('',*,*,#2817,.F.);
#3735=ORIENTED_EDGE('',*,*,#2822,.F.);
#3736=ORIENTED_EDGE('',*,*,#2823,.T.);
#3737=ORIENTED_EDGE('',*,*,#2824,.T.);
#3738=ORIENTED_EDGE('',*,*,#2820,.F.);
#3739=ORIENTED_EDGE('',*,*,#2825,.F.);
#3740=ORIENTED_EDGE('',*,*,#2806,.T.);
#3741=ORIENTED_EDGE('',*,*,#2826,.T.);
#3742=ORIENTED_EDGE('',*,*,#2823,.F.);
#3743=ORIENTED_EDGE('',*,*,#2827,.F.);
#3744=ORIENTED_EDGE('',*,*,#2828,.T.);
#3745=ORIENTED_EDGE('',*,*,#2829,.T.);
#3746=ORIENTED_EDGE('',*,*,#2830,.F.);
#3747=ORIENTED_EDGE('',*,*,#2831,.F.);
#3748=ORIENTED_EDGE('',*,*,#2832,.T.);
#3749=ORIENTED_EDGE('',*,*,#2833,.T.);
#3750=ORIENTED_EDGE('',*,*,#2828,.F.);
#3751=ORIENTED_EDGE('',*,*,#2834,.F.);
#3752=ORIENTED_EDGE('',*,*,#2835,.T.);
#3753=ORIENTED_EDGE('',*,*,#2836,.T.);
#3754=ORIENTED_EDGE('',*,*,#2832,.F.);
#3755=ORIENTED_EDGE('',*,*,#2837,.F.);
#3756=ORIENTED_EDGE('',*,*,#2838,.T.);
#3757=ORIENTED_EDGE('',*,*,#2839,.T.);
#3758=ORIENTED_EDGE('',*,*,#2835,.F.);
#3759=ORIENTED_EDGE('',*,*,#2840,.F.);
#3760=ORIENTED_EDGE('',*,*,#2841,.T.);
#3761=ORIENTED_EDGE('',*,*,#2842,.T.);
#3762=ORIENTED_EDGE('',*,*,#2838,.F.);
#3763=ORIENTED_EDGE('',*,*,#2843,.F.);
#3764=ORIENTED_EDGE('',*,*,#2844,.T.);
#3765=ORIENTED_EDGE('',*,*,#2845,.T.);
#3766=ORIENTED_EDGE('',*,*,#2841,.F.);
#3767=ORIENTED_EDGE('',*,*,#2846,.F.);
#3768=ORIENTED_EDGE('',*,*,#2847,.T.);
#3769=ORIENTED_EDGE('',*,*,#2848,.T.);
#3770=ORIENTED_EDGE('',*,*,#2844,.F.);
#3771=ORIENTED_EDGE('',*,*,#2849,.F.);
#3772=ORIENTED_EDGE('',*,*,#2850,.T.);
#3773=ORIENTED_EDGE('',*,*,#2851,.T.);
#3774=ORIENTED_EDGE('',*,*,#2847,.F.);
#3775=ORIENTED_EDGE('',*,*,#2852,.F.);
#3776=ORIENTED_EDGE('',*,*,#2853,.T.);
#3777=ORIENTED_EDGE('',*,*,#2854,.T.);
#3778=ORIENTED_EDGE('',*,*,#2850,.F.);
#3779=ORIENTED_EDGE('',*,*,#2855,.F.);
#3780=ORIENTED_EDGE('',*,*,#2856,.T.);
#3781=ORIENTED_EDGE('',*,*,#2857,.T.);
#3782=ORIENTED_EDGE('',*,*,#2853,.F.);
#3783=ORIENTED_EDGE('',*,*,#2858,.F.);
#3784=ORIENTED_EDGE('',*,*,#2859,.T.);
#3785=ORIENTED_EDGE('',*,*,#2860,.T.);
#3786=ORIENTED_EDGE('',*,*,#2856,.F.);
#3787=ORIENTED_EDGE('',*,*,#2861,.F.);
#3788=ORIENTED_EDGE('',*,*,#2862,.T.);
#3789=ORIENTED_EDGE('',*,*,#2863,.T.);
#3790=ORIENTED_EDGE('',*,*,#2859,.F.);
#3791=ORIENTED_EDGE('',*,*,#2864,.F.);
#3792=ORIENTED_EDGE('',*,*,#2830,.T.);
#3793=ORIENTED_EDGE('',*,*,#2865,.T.);
#3794=ORIENTED_EDGE('',*,*,#2862,.F.);
#3795=ORIENTED_EDGE('',*,*,#2865,.F.);
#3796=ORIENTED_EDGE('',*,*,#2829,.F.);
#3797=ORIENTED_EDGE('',*,*,#2833,.F.);
#3798=ORIENTED_EDGE('',*,*,#2836,.F.);
#3799=ORIENTED_EDGE('',*,*,#2839,.F.);
#3800=ORIENTED_EDGE('',*,*,#2842,.F.);
#3801=ORIENTED_EDGE('',*,*,#2845,.F.);
#3802=ORIENTED_EDGE('',*,*,#2848,.F.);
#3803=ORIENTED_EDGE('',*,*,#2851,.F.);
#3804=ORIENTED_EDGE('',*,*,#2854,.F.);
#3805=ORIENTED_EDGE('',*,*,#2857,.F.);
#3806=ORIENTED_EDGE('',*,*,#2860,.F.);
#3807=ORIENTED_EDGE('',*,*,#2863,.F.);
#3808=ORIENTED_EDGE('',*,*,#2826,.F.);
#3809=ORIENTED_EDGE('',*,*,#2805,.F.);
#3810=ORIENTED_EDGE('',*,*,#2809,.F.);
#3811=ORIENTED_EDGE('',*,*,#2812,.F.);
#3812=ORIENTED_EDGE('',*,*,#2815,.F.);
#3813=ORIENTED_EDGE('',*,*,#2818,.F.);
#3814=ORIENTED_EDGE('',*,*,#2821,.F.);
#3815=ORIENTED_EDGE('',*,*,#2824,.F.);
#3816=ORIENTED_EDGE('',*,*,#2866,.F.);
#3817=ORIENTED_EDGE('',*,*,#2867,.T.);
#3818=ORIENTED_EDGE('',*,*,#2868,.T.);
#3819=ORIENTED_EDGE('',*,*,#2869,.F.);
#3820=ORIENTED_EDGE('',*,*,#2870,.F.);
#3821=ORIENTED_EDGE('',*,*,#2871,.T.);
#3822=ORIENTED_EDGE('',*,*,#2872,.T.);
#3823=ORIENTED_EDGE('',*,*,#2867,.F.);
#3824=ORIENTED_EDGE('',*,*,#2873,.F.);
#3825=ORIENTED_EDGE('',*,*,#2874,.T.);
#3826=ORIENTED_EDGE('',*,*,#2875,.T.);
#3827=ORIENTED_EDGE('',*,*,#2871,.F.);
#3828=ORIENTED_EDGE('',*,*,#2876,.F.);
#3829=ORIENTED_EDGE('',*,*,#2877,.T.);
#3830=ORIENTED_EDGE('',*,*,#2878,.T.);
#3831=ORIENTED_EDGE('',*,*,#2874,.F.);
#3832=ORIENTED_EDGE('',*,*,#2879,.F.);
#3833=ORIENTED_EDGE('',*,*,#2880,.T.);
#3834=ORIENTED_EDGE('',*,*,#2881,.T.);
#3835=ORIENTED_EDGE('',*,*,#2877,.F.);
#3836=ORIENTED_EDGE('',*,*,#2882,.F.);
#3837=ORIENTED_EDGE('',*,*,#2883,.T.);
#3838=ORIENTED_EDGE('',*,*,#2884,.T.);
#3839=ORIENTED_EDGE('',*,*,#2880,.F.);
#3840=ORIENTED_EDGE('',*,*,#2885,.F.);
#3841=ORIENTED_EDGE('',*,*,#2886,.T.);
#3842=ORIENTED_EDGE('',*,*,#2887,.T.);
#3843=ORIENTED_EDGE('',*,*,#2883,.F.);
#3844=ORIENTED_EDGE('',*,*,#2888,.F.);
#3845=ORIENTED_EDGE('',*,*,#2889,.T.);
#3846=ORIENTED_EDGE('',*,*,#2890,.T.);
#3847=ORIENTED_EDGE('',*,*,#2886,.F.);
#3848=ORIENTED_EDGE('',*,*,#2891,.F.);
#3849=ORIENTED_EDGE('',*,*,#2892,.T.);
#3850=ORIENTED_EDGE('',*,*,#2893,.T.);
#3851=ORIENTED_EDGE('',*,*,#2889,.F.);
#3852=ORIENTED_EDGE('',*,*,#2894,.F.);
#3853=ORIENTED_EDGE('',*,*,#2895,.T.);
#3854=ORIENTED_EDGE('',*,*,#2896,.T.);
#3855=ORIENTED_EDGE('',*,*,#2892,.F.);
#3856=ORIENTED_EDGE('',*,*,#2897,.F.);
#3857=ORIENTED_EDGE('',*,*,#2898,.T.);
#3858=ORIENTED_EDGE('',*,*,#2899,.T.);
#3859=ORIENTED_EDGE('',*,*,#2895,.F.);
#3860=ORIENTED_EDGE('',*,*,#2900,.F.);
#3861=ORIENTED_EDGE('',*,*,#2901,.T.);
#3862=ORIENTED_EDGE('',*,*,#2902,.T.);
#3863=ORIENTED_EDGE('',*,*,#2898,.F.);
#3864=ORIENTED_EDGE('',*,*,#2903,.F.);
#3865=ORIENTED_EDGE('',*,*,#2904,.T.);
#3866=ORIENTED_EDGE('',*,*,#2905,.T.);
#3867=ORIENTED_EDGE('',*,*,#2901,.F.);
#3868=ORIENTED_EDGE('',*,*,#2906,.F.);
#3869=ORIENTED_EDGE('',*,*,#2907,.T.);
#3870=ORIENTED_EDGE('',*,*,#2908,.T.);
#3871=ORIENTED_EDGE('',*,*,#2904,.F.);
#3872=ORIENTED_EDGE('',*,*,#2909,.F.);
#3873=ORIENTED_EDGE('',*,*,#2910,.T.);
#3874=ORIENTED_EDGE('',*,*,#2911,.T.);
#3875=ORIENTED_EDGE('',*,*,#2907,.F.);
#3876=ORIENTED_EDGE('',*,*,#2912,.F.);
#3877=ORIENTED_EDGE('',*,*,#2913,.T.);
#3878=ORIENTED_EDGE('',*,*,#2914,.T.);
#3879=ORIENTED_EDGE('',*,*,#2910,.F.);
#3880=ORIENTED_EDGE('',*,*,#2915,.F.);
#3881=ORIENTED_EDGE('',*,*,#2916,.T.);
#3882=ORIENTED_EDGE('',*,*,#2917,.T.);
#3883=ORIENTED_EDGE('',*,*,#2913,.F.);
#3884=ORIENTED_EDGE('',*,*,#2918,.F.);
#3885=ORIENTED_EDGE('',*,*,#2919,.T.);
#3886=ORIENTED_EDGE('',*,*,#2920,.T.);
#3887=ORIENTED_EDGE('',*,*,#2916,.F.);
#3888=ORIENTED_EDGE('',*,*,#2921,.F.);
#3889=ORIENTED_EDGE('',*,*,#2869,.T.);
#3890=ORIENTED_EDGE('',*,*,#2922,.T.);
#3891=ORIENTED_EDGE('',*,*,#2919,.F.);
#3892=ORIENTED_EDGE('',*,*,#2922,.F.);
#3893=ORIENTED_EDGE('',*,*,#2868,.F.);
#3894=ORIENTED_EDGE('',*,*,#2872,.F.);
#3895=ORIENTED_EDGE('',*,*,#2875,.F.);
#3896=ORIENTED_EDGE('',*,*,#2878,.F.);
#3897=ORIENTED_EDGE('',*,*,#2881,.F.);
#3898=ORIENTED_EDGE('',*,*,#2884,.F.);
#3899=ORIENTED_EDGE('',*,*,#2887,.F.);
#3900=ORIENTED_EDGE('',*,*,#2890,.F.);
#3901=ORIENTED_EDGE('',*,*,#2893,.F.);
#3902=ORIENTED_EDGE('',*,*,#2896,.F.);
#3903=ORIENTED_EDGE('',*,*,#2899,.F.);
#3904=ORIENTED_EDGE('',*,*,#2902,.F.);
#3905=ORIENTED_EDGE('',*,*,#2905,.F.);
#3906=ORIENTED_EDGE('',*,*,#2908,.F.);
#3907=ORIENTED_EDGE('',*,*,#2911,.F.);
#3908=ORIENTED_EDGE('',*,*,#2914,.F.);
#3909=ORIENTED_EDGE('',*,*,#2917,.F.);
#3910=ORIENTED_EDGE('',*,*,#2920,.F.);
#3911=ORIENTED_EDGE('',*,*,#2923,.F.);
#3912=ORIENTED_EDGE('',*,*,#2924,.T.);
#3913=ORIENTED_EDGE('',*,*,#2925,.T.);
#3914=ORIENTED_EDGE('',*,*,#2926,.F.);
#3915=ORIENTED_EDGE('',*,*,#2927,.F.);
#3916=ORIENTED_EDGE('',*,*,#2928,.T.);
#3917=ORIENTED_EDGE('',*,*,#2929,.T.);
#3918=ORIENTED_EDGE('',*,*,#2924,.F.);
#3919=ORIENTED_EDGE('',*,*,#2930,.F.);
#3920=ORIENTED_EDGE('',*,*,#2931,.T.);
#3921=ORIENTED_EDGE('',*,*,#2932,.T.);
#3922=ORIENTED_EDGE('',*,*,#2928,.F.);
#3923=ORIENTED_EDGE('',*,*,#2933,.F.);
#3924=ORIENTED_EDGE('',*,*,#2934,.T.);
#3925=ORIENTED_EDGE('',*,*,#2935,.T.);
#3926=ORIENTED_EDGE('',*,*,#2931,.F.);
#3927=ORIENTED_EDGE('',*,*,#2936,.F.);
#3928=ORIENTED_EDGE('',*,*,#2937,.T.);
#3929=ORIENTED_EDGE('',*,*,#2938,.T.);
#3930=ORIENTED_EDGE('',*,*,#2934,.F.);
#3931=ORIENTED_EDGE('',*,*,#2939,.F.);
#3932=ORIENTED_EDGE('',*,*,#2940,.T.);
#3933=ORIENTED_EDGE('',*,*,#2941,.T.);
#3934=ORIENTED_EDGE('',*,*,#2937,.F.);
#3935=ORIENTED_EDGE('',*,*,#2942,.F.);
#3936=ORIENTED_EDGE('',*,*,#2943,.T.);
#3937=ORIENTED_EDGE('',*,*,#2944,.T.);
#3938=ORIENTED_EDGE('',*,*,#2940,.F.);
#3939=ORIENTED_EDGE('',*,*,#2945,.F.);
#3940=ORIENTED_EDGE('',*,*,#2946,.T.);
#3941=ORIENTED_EDGE('',*,*,#2947,.T.);
#3942=ORIENTED_EDGE('',*,*,#2943,.F.);
#3943=ORIENTED_EDGE('',*,*,#2948,.F.);
#3944=ORIENTED_EDGE('',*,*,#2949,.T.);
#3945=ORIENTED_EDGE('',*,*,#2950,.T.);
#3946=ORIENTED_EDGE('',*,*,#2946,.F.);
#3947=ORIENTED_EDGE('',*,*,#2951,.F.);
#3948=ORIENTED_EDGE('',*,*,#2952,.T.);
#3949=ORIENTED_EDGE('',*,*,#2953,.T.);
#3950=ORIENTED_EDGE('',*,*,#2949,.F.);
#3951=ORIENTED_EDGE('',*,*,#2954,.F.);
#3952=ORIENTED_EDGE('',*,*,#2955,.T.);
#3953=ORIENTED_EDGE('',*,*,#2956,.T.);
#3954=ORIENTED_EDGE('',*,*,#2952,.F.);
#3955=ORIENTED_EDGE('',*,*,#2957,.F.);
#3956=ORIENTED_EDGE('',*,*,#2958,.T.);
#3957=ORIENTED_EDGE('',*,*,#2959,.T.);
#3958=ORIENTED_EDGE('',*,*,#2955,.F.);
#3959=ORIENTED_EDGE('',*,*,#2960,.F.);
#3960=ORIENTED_EDGE('',*,*,#2961,.T.);
#3961=ORIENTED_EDGE('',*,*,#2962,.T.);
#3962=ORIENTED_EDGE('',*,*,#2958,.F.);
#3963=ORIENTED_EDGE('',*,*,#2963,.F.);
#3964=ORIENTED_EDGE('',*,*,#2964,.T.);
#3965=ORIENTED_EDGE('',*,*,#2965,.T.);
#3966=ORIENTED_EDGE('',*,*,#2961,.F.);
#3967=ORIENTED_EDGE('',*,*,#2966,.F.);
#3968=ORIENTED_EDGE('',*,*,#2967,.T.);
#3969=ORIENTED_EDGE('',*,*,#2968,.T.);
#3970=ORIENTED_EDGE('',*,*,#2964,.F.);
#3971=ORIENTED_EDGE('',*,*,#2969,.F.);
#3972=ORIENTED_EDGE('',*,*,#2926,.T.);
#3973=ORIENTED_EDGE('',*,*,#2970,.T.);
#3974=ORIENTED_EDGE('',*,*,#2967,.F.);
#3975=ORIENTED_EDGE('',*,*,#2970,.F.);
#3976=ORIENTED_EDGE('',*,*,#2925,.F.);
#3977=ORIENTED_EDGE('',*,*,#2929,.F.);
#3978=ORIENTED_EDGE('',*,*,#2932,.F.);
#3979=ORIENTED_EDGE('',*,*,#2935,.F.);
#3980=ORIENTED_EDGE('',*,*,#2938,.F.);
#3981=ORIENTED_EDGE('',*,*,#2941,.F.);
#3982=ORIENTED_EDGE('',*,*,#2944,.F.);
#3983=ORIENTED_EDGE('',*,*,#2947,.F.);
#3984=ORIENTED_EDGE('',*,*,#2950,.F.);
#3985=ORIENTED_EDGE('',*,*,#2953,.F.);
#3986=ORIENTED_EDGE('',*,*,#2956,.F.);
#3987=ORIENTED_EDGE('',*,*,#2959,.F.);
#3988=ORIENTED_EDGE('',*,*,#2962,.F.);
#3989=ORIENTED_EDGE('',*,*,#2965,.F.);
#3990=ORIENTED_EDGE('',*,*,#2968,.F.);
#3991=ORIENTED_EDGE('',*,*,#2971,.F.);
#3992=ORIENTED_EDGE('',*,*,#2972,.T.);
#3993=ORIENTED_EDGE('',*,*,#2973,.T.);
#3994=ORIENTED_EDGE('',*,*,#2974,.F.);
#3995=ORIENTED_EDGE('',*,*,#2975,.F.);
#3996=ORIENTED_EDGE('',*,*,#2976,.T.);
#3997=ORIENTED_EDGE('',*,*,#2977,.T.);
#3998=ORIENTED_EDGE('',*,*,#2972,.F.);
#3999=ORIENTED_EDGE('',*,*,#2978,.F.);
#4000=ORIENTED_EDGE('',*,*,#2979,.T.);
#4001=ORIENTED_EDGE('',*,*,#2980,.T.);
#4002=ORIENTED_EDGE('',*,*,#2976,.F.);
#4003=ORIENTED_EDGE('',*,*,#2981,.F.);
#4004=ORIENTED_EDGE('',*,*,#2982,.T.);
#4005=ORIENTED_EDGE('',*,*,#2983,.T.);
#4006=ORIENTED_EDGE('',*,*,#2979,.F.);
#4007=ORIENTED_EDGE('',*,*,#2984,.F.);
#4008=ORIENTED_EDGE('',*,*,#2985,.T.);
#4009=ORIENTED_EDGE('',*,*,#2986,.T.);
#4010=ORIENTED_EDGE('',*,*,#2982,.F.);
#4011=ORIENTED_EDGE('',*,*,#2987,.F.);
#4012=ORIENTED_EDGE('',*,*,#2988,.T.);
#4013=ORIENTED_EDGE('',*,*,#2989,.T.);
#4014=ORIENTED_EDGE('',*,*,#2985,.F.);
#4015=ORIENTED_EDGE('',*,*,#2990,.F.);
#4016=ORIENTED_EDGE('',*,*,#2991,.T.);
#4017=ORIENTED_EDGE('',*,*,#2992,.T.);
#4018=ORIENTED_EDGE('',*,*,#2988,.F.);
#4019=ORIENTED_EDGE('',*,*,#2993,.F.);
#4020=ORIENTED_EDGE('',*,*,#2994,.T.);
#4021=ORIENTED_EDGE('',*,*,#2995,.T.);
#4022=ORIENTED_EDGE('',*,*,#2991,.F.);
#4023=ORIENTED_EDGE('',*,*,#2996,.F.);
#4024=ORIENTED_EDGE('',*,*,#2974,.T.);
#4025=ORIENTED_EDGE('',*,*,#2997,.T.);
#4026=ORIENTED_EDGE('',*,*,#2994,.F.);
#4027=ORIENTED_EDGE('',*,*,#2998,.F.);
#4028=ORIENTED_EDGE('',*,*,#2999,.T.);
#4029=ORIENTED_EDGE('',*,*,#3000,.T.);
#4030=ORIENTED_EDGE('',*,*,#3001,.F.);
#4031=ORIENTED_EDGE('',*,*,#3002,.F.);
#4032=ORIENTED_EDGE('',*,*,#3003,.T.);
#4033=ORIENTED_EDGE('',*,*,#3004,.T.);
#4034=ORIENTED_EDGE('',*,*,#2999,.F.);
#4035=ORIENTED_EDGE('',*,*,#3005,.F.);
#4036=ORIENTED_EDGE('',*,*,#3006,.T.);
#4037=ORIENTED_EDGE('',*,*,#3007,.T.);
#4038=ORIENTED_EDGE('',*,*,#3003,.F.);
#4039=ORIENTED_EDGE('',*,*,#3008,.F.);
#4040=ORIENTED_EDGE('',*,*,#3009,.T.);
#4041=ORIENTED_EDGE('',*,*,#3010,.T.);
#4042=ORIENTED_EDGE('',*,*,#3006,.F.);
#4043=ORIENTED_EDGE('',*,*,#3011,.F.);
#4044=ORIENTED_EDGE('',*,*,#3012,.T.);
#4045=ORIENTED_EDGE('',*,*,#3013,.T.);
#4046=ORIENTED_EDGE('',*,*,#3009,.F.);
#4047=ORIENTED_EDGE('',*,*,#3014,.F.);
#4048=ORIENTED_EDGE('',*,*,#3015,.T.);
#4049=ORIENTED_EDGE('',*,*,#3016,.T.);
#4050=ORIENTED_EDGE('',*,*,#3012,.F.);
#4051=ORIENTED_EDGE('',*,*,#3017,.F.);
#4052=ORIENTED_EDGE('',*,*,#3018,.T.);
#4053=ORIENTED_EDGE('',*,*,#3019,.T.);
#4054=ORIENTED_EDGE('',*,*,#3015,.F.);
#4055=ORIENTED_EDGE('',*,*,#3020,.F.);
#4056=ORIENTED_EDGE('',*,*,#3021,.T.);
#4057=ORIENTED_EDGE('',*,*,#3022,.T.);
#4058=ORIENTED_EDGE('',*,*,#3018,.F.);
#4059=ORIENTED_EDGE('',*,*,#3023,.F.);
#4060=ORIENTED_EDGE('',*,*,#3024,.T.);
#4061=ORIENTED_EDGE('',*,*,#3025,.T.);
#4062=ORIENTED_EDGE('',*,*,#3021,.F.);
#4063=ORIENTED_EDGE('',*,*,#3026,.F.);
#4064=ORIENTED_EDGE('',*,*,#3027,.T.);
#4065=ORIENTED_EDGE('',*,*,#3028,.T.);
#4066=ORIENTED_EDGE('',*,*,#3024,.F.);
#4067=ORIENTED_EDGE('',*,*,#3029,.F.);
#4068=ORIENTED_EDGE('',*,*,#3030,.T.);
#4069=ORIENTED_EDGE('',*,*,#3031,.T.);
#4070=ORIENTED_EDGE('',*,*,#3027,.F.);
#4071=ORIENTED_EDGE('',*,*,#3032,.F.);
#4072=ORIENTED_EDGE('',*,*,#3033,.T.);
#4073=ORIENTED_EDGE('',*,*,#3034,.T.);
#4074=ORIENTED_EDGE('',*,*,#3030,.F.);
#4075=ORIENTED_EDGE('',*,*,#3035,.F.);
#4076=ORIENTED_EDGE('',*,*,#3036,.T.);
#4077=ORIENTED_EDGE('',*,*,#3037,.T.);
#4078=ORIENTED_EDGE('',*,*,#3033,.F.);
#4079=ORIENTED_EDGE('',*,*,#3038,.F.);
#4080=ORIENTED_EDGE('',*,*,#3039,.T.);
#4081=ORIENTED_EDGE('',*,*,#3040,.T.);
#4082=ORIENTED_EDGE('',*,*,#3036,.F.);
#4083=ORIENTED_EDGE('',*,*,#3041,.F.);
#4084=ORIENTED_EDGE('',*,*,#3042,.T.);
#4085=ORIENTED_EDGE('',*,*,#3043,.T.);
#4086=ORIENTED_EDGE('',*,*,#3039,.F.);
#4087=ORIENTED_EDGE('',*,*,#3044,.F.);
#4088=ORIENTED_EDGE('',*,*,#3045,.T.);
#4089=ORIENTED_EDGE('',*,*,#3046,.T.);
#4090=ORIENTED_EDGE('',*,*,#3042,.F.);
#4091=ORIENTED_EDGE('',*,*,#3047,.F.);
#4092=ORIENTED_EDGE('',*,*,#3048,.T.);
#4093=ORIENTED_EDGE('',*,*,#3049,.T.);
#4094=ORIENTED_EDGE('',*,*,#3045,.F.);
#4095=ORIENTED_EDGE('',*,*,#3050,.F.);
#4096=ORIENTED_EDGE('',*,*,#3051,.T.);
#4097=ORIENTED_EDGE('',*,*,#3052,.T.);
#4098=ORIENTED_EDGE('',*,*,#3048,.F.);
#4099=ORIENTED_EDGE('',*,*,#3053,.F.);
#4100=ORIENTED_EDGE('',*,*,#3054,.T.);
#4101=ORIENTED_EDGE('',*,*,#3055,.T.);
#4102=ORIENTED_EDGE('',*,*,#3051,.F.);
#4103=ORIENTED_EDGE('',*,*,#3056,.F.);
#4104=ORIENTED_EDGE('',*,*,#3057,.T.);
#4105=ORIENTED_EDGE('',*,*,#3058,.T.);
#4106=ORIENTED_EDGE('',*,*,#3054,.F.);
#4107=ORIENTED_EDGE('',*,*,#3059,.F.);
#4108=ORIENTED_EDGE('',*,*,#3060,.T.);
#4109=ORIENTED_EDGE('',*,*,#3061,.T.);
#4110=ORIENTED_EDGE('',*,*,#3057,.F.);
#4111=ORIENTED_EDGE('',*,*,#3062,.F.);
#4112=ORIENTED_EDGE('',*,*,#3063,.T.);
#4113=ORIENTED_EDGE('',*,*,#3064,.T.);
#4114=ORIENTED_EDGE('',*,*,#3060,.F.);
#4115=ORIENTED_EDGE('',*,*,#3065,.F.);
#4116=ORIENTED_EDGE('',*,*,#3066,.T.);
#4117=ORIENTED_EDGE('',*,*,#3067,.T.);
#4118=ORIENTED_EDGE('',*,*,#3063,.F.);
#4119=ORIENTED_EDGE('',*,*,#3068,.F.);
#4120=ORIENTED_EDGE('',*,*,#3069,.T.);
#4121=ORIENTED_EDGE('',*,*,#3070,.T.);
#4122=ORIENTED_EDGE('',*,*,#3066,.F.);
#4123=ORIENTED_EDGE('',*,*,#3071,.F.);
#4124=ORIENTED_EDGE('',*,*,#3072,.T.);
#4125=ORIENTED_EDGE('',*,*,#3073,.T.);
#4126=ORIENTED_EDGE('',*,*,#3069,.F.);
#4127=ORIENTED_EDGE('',*,*,#3074,.F.);
#4128=ORIENTED_EDGE('',*,*,#3075,.T.);
#4129=ORIENTED_EDGE('',*,*,#3076,.T.);
#4130=ORIENTED_EDGE('',*,*,#3072,.F.);
#4131=ORIENTED_EDGE('',*,*,#3077,.F.);
#4132=ORIENTED_EDGE('',*,*,#3001,.T.);
#4133=ORIENTED_EDGE('',*,*,#3078,.T.);
#4134=ORIENTED_EDGE('',*,*,#3075,.F.);
#4135=ORIENTED_EDGE('',*,*,#3078,.F.);
#4136=ORIENTED_EDGE('',*,*,#3000,.F.);
#4137=ORIENTED_EDGE('',*,*,#3004,.F.);
#4138=ORIENTED_EDGE('',*,*,#3007,.F.);
#4139=ORIENTED_EDGE('',*,*,#3010,.F.);
#4140=ORIENTED_EDGE('',*,*,#3013,.F.);
#4141=ORIENTED_EDGE('',*,*,#3016,.F.);
#4142=ORIENTED_EDGE('',*,*,#3019,.F.);
#4143=ORIENTED_EDGE('',*,*,#3022,.F.);
#4144=ORIENTED_EDGE('',*,*,#3025,.F.);
#4145=ORIENTED_EDGE('',*,*,#3028,.F.);
#4146=ORIENTED_EDGE('',*,*,#3031,.F.);
#4147=ORIENTED_EDGE('',*,*,#3034,.F.);
#4148=ORIENTED_EDGE('',*,*,#3037,.F.);
#4149=ORIENTED_EDGE('',*,*,#3040,.F.);
#4150=ORIENTED_EDGE('',*,*,#3043,.F.);
#4151=ORIENTED_EDGE('',*,*,#3046,.F.);
#4152=ORIENTED_EDGE('',*,*,#3049,.F.);
#4153=ORIENTED_EDGE('',*,*,#3052,.F.);
#4154=ORIENTED_EDGE('',*,*,#3055,.F.);
#4155=ORIENTED_EDGE('',*,*,#3058,.F.);
#4156=ORIENTED_EDGE('',*,*,#3061,.F.);
#4157=ORIENTED_EDGE('',*,*,#3064,.F.);
#4158=ORIENTED_EDGE('',*,*,#3067,.F.);
#4159=ORIENTED_EDGE('',*,*,#3070,.F.);
#4160=ORIENTED_EDGE('',*,*,#3073,.F.);
#4161=ORIENTED_EDGE('',*,*,#3076,.F.);
#4162=ORIENTED_EDGE('',*,*,#2997,.F.);
#4163=ORIENTED_EDGE('',*,*,#2973,.F.);
#4164=ORIENTED_EDGE('',*,*,#2977,.F.);
#4165=ORIENTED_EDGE('',*,*,#2980,.F.);
#4166=ORIENTED_EDGE('',*,*,#2983,.F.);
#4167=ORIENTED_EDGE('',*,*,#2986,.F.);
#4168=ORIENTED_EDGE('',*,*,#2989,.F.);
#4169=ORIENTED_EDGE('',*,*,#2992,.F.);
#4170=ORIENTED_EDGE('',*,*,#2995,.F.);
#4171=ORIENTED_EDGE('',*,*,#3079,.F.);
#4172=ORIENTED_EDGE('',*,*,#3080,.T.);
#4173=ORIENTED_EDGE('',*,*,#3081,.T.);
#4174=ORIENTED_EDGE('',*,*,#3082,.F.);
#4175=ORIENTED_EDGE('',*,*,#3083,.F.);
#4176=ORIENTED_EDGE('',*,*,#3084,.T.);
#4177=ORIENTED_EDGE('',*,*,#3085,.T.);
#4178=ORIENTED_EDGE('',*,*,#3080,.F.);
#4179=ORIENTED_EDGE('',*,*,#3086,.F.);
#4180=ORIENTED_EDGE('',*,*,#3087,.T.);
#4181=ORIENTED_EDGE('',*,*,#3088,.T.);
#4182=ORIENTED_EDGE('',*,*,#3084,.F.);
#4183=ORIENTED_EDGE('',*,*,#3089,.F.);
#4184=ORIENTED_EDGE('',*,*,#3090,.T.);
#4185=ORIENTED_EDGE('',*,*,#3091,.T.);
#4186=ORIENTED_EDGE('',*,*,#3087,.F.);
#4187=ORIENTED_EDGE('',*,*,#3092,.F.);
#4188=ORIENTED_EDGE('',*,*,#3093,.T.);
#4189=ORIENTED_EDGE('',*,*,#3094,.T.);
#4190=ORIENTED_EDGE('',*,*,#3090,.F.);
#4191=ORIENTED_EDGE('',*,*,#3095,.F.);
#4192=ORIENTED_EDGE('',*,*,#3096,.T.);
#4193=ORIENTED_EDGE('',*,*,#3097,.T.);
#4194=ORIENTED_EDGE('',*,*,#3093,.F.);
#4195=ORIENTED_EDGE('',*,*,#3098,.F.);
#4196=ORIENTED_EDGE('',*,*,#3082,.T.);
#4197=ORIENTED_EDGE('',*,*,#3099,.T.);
#4198=ORIENTED_EDGE('',*,*,#3096,.F.);
#4199=ORIENTED_EDGE('',*,*,#3100,.F.);
#4200=ORIENTED_EDGE('',*,*,#3101,.T.);
#4201=ORIENTED_EDGE('',*,*,#3102,.T.);
#4202=ORIENTED_EDGE('',*,*,#3103,.F.);
#4203=ORIENTED_EDGE('',*,*,#3104,.F.);
#4204=ORIENTED_EDGE('',*,*,#3105,.T.);
#4205=ORIENTED_EDGE('',*,*,#3106,.T.);
#4206=ORIENTED_EDGE('',*,*,#3101,.F.);
#4207=ORIENTED_EDGE('',*,*,#3107,.F.);
#4208=ORIENTED_EDGE('',*,*,#3108,.T.);
#4209=ORIENTED_EDGE('',*,*,#3109,.T.);
#4210=ORIENTED_EDGE('',*,*,#3105,.F.);
#4211=ORIENTED_EDGE('',*,*,#3110,.F.);
#4212=ORIENTED_EDGE('',*,*,#3111,.T.);
#4213=ORIENTED_EDGE('',*,*,#3112,.T.);
#4214=ORIENTED_EDGE('',*,*,#3108,.F.);
#4215=ORIENTED_EDGE('',*,*,#3113,.F.);
#4216=ORIENTED_EDGE('',*,*,#3114,.T.);
#4217=ORIENTED_EDGE('',*,*,#3115,.T.);
#4218=ORIENTED_EDGE('',*,*,#3111,.F.);
#4219=ORIENTED_EDGE('',*,*,#3116,.F.);
#4220=ORIENTED_EDGE('',*,*,#3117,.T.);
#4221=ORIENTED_EDGE('',*,*,#3118,.T.);
#4222=ORIENTED_EDGE('',*,*,#3114,.F.);
#4223=ORIENTED_EDGE('',*,*,#3119,.F.);
#4224=ORIENTED_EDGE('',*,*,#3120,.T.);
#4225=ORIENTED_EDGE('',*,*,#3121,.T.);
#4226=ORIENTED_EDGE('',*,*,#3117,.F.);
#4227=ORIENTED_EDGE('',*,*,#3122,.F.);
#4228=ORIENTED_EDGE('',*,*,#3123,.T.);
#4229=ORIENTED_EDGE('',*,*,#3124,.T.);
#4230=ORIENTED_EDGE('',*,*,#3120,.F.);
#4231=ORIENTED_EDGE('',*,*,#3125,.F.);
#4232=ORIENTED_EDGE('',*,*,#3103,.T.);
#4233=ORIENTED_EDGE('',*,*,#3126,.T.);
#4234=ORIENTED_EDGE('',*,*,#3123,.F.);
#4235=ORIENTED_EDGE('',*,*,#3126,.F.);
#4236=ORIENTED_EDGE('',*,*,#3102,.F.);
#4237=ORIENTED_EDGE('',*,*,#3106,.F.);
#4238=ORIENTED_EDGE('',*,*,#3109,.F.);
#4239=ORIENTED_EDGE('',*,*,#3112,.F.);
#4240=ORIENTED_EDGE('',*,*,#3115,.F.);
#4241=ORIENTED_EDGE('',*,*,#3118,.F.);
#4242=ORIENTED_EDGE('',*,*,#3121,.F.);
#4243=ORIENTED_EDGE('',*,*,#3124,.F.);
#4244=ORIENTED_EDGE('',*,*,#3099,.F.);
#4245=ORIENTED_EDGE('',*,*,#3081,.F.);
#4246=ORIENTED_EDGE('',*,*,#3085,.F.);
#4247=ORIENTED_EDGE('',*,*,#3088,.F.);
#4248=ORIENTED_EDGE('',*,*,#3091,.F.);
#4249=ORIENTED_EDGE('',*,*,#3094,.F.);
#4250=ORIENTED_EDGE('',*,*,#3097,.F.);
#4251=ORIENTED_EDGE('',*,*,#3127,.F.);
#4252=ORIENTED_EDGE('',*,*,#3128,.T.);
#4253=ORIENTED_EDGE('',*,*,#3129,.T.);
#4254=ORIENTED_EDGE('',*,*,#3130,.F.);
#4255=ORIENTED_EDGE('',*,*,#3131,.F.);
#4256=ORIENTED_EDGE('',*,*,#3132,.T.);
#4257=ORIENTED_EDGE('',*,*,#3133,.T.);
#4258=ORIENTED_EDGE('',*,*,#3128,.F.);
#4259=ORIENTED_EDGE('',*,*,#3134,.F.);
#4260=ORIENTED_EDGE('',*,*,#3135,.T.);
#4261=ORIENTED_EDGE('',*,*,#3136,.T.);
#4262=ORIENTED_EDGE('',*,*,#3132,.F.);
#4263=ORIENTED_EDGE('',*,*,#3137,.F.);
#4264=ORIENTED_EDGE('',*,*,#3138,.T.);
#4265=ORIENTED_EDGE('',*,*,#3139,.T.);
#4266=ORIENTED_EDGE('',*,*,#3135,.F.);
#4267=ORIENTED_EDGE('',*,*,#3140,.F.);
#4268=ORIENTED_EDGE('',*,*,#3141,.T.);
#4269=ORIENTED_EDGE('',*,*,#3142,.T.);
#4270=ORIENTED_EDGE('',*,*,#3138,.F.);
#4271=ORIENTED_EDGE('',*,*,#3143,.F.);
#4272=ORIENTED_EDGE('',*,*,#3144,.T.);
#4273=ORIENTED_EDGE('',*,*,#3145,.T.);
#4274=ORIENTED_EDGE('',*,*,#3141,.F.);
#4275=ORIENTED_EDGE('',*,*,#3146,.F.);
#4276=ORIENTED_EDGE('',*,*,#3147,.T.);
#4277=ORIENTED_EDGE('',*,*,#3148,.T.);
#4278=ORIENTED_EDGE('',*,*,#3144,.F.);
#4279=ORIENTED_EDGE('',*,*,#3149,.F.);
#4280=ORIENTED_EDGE('',*,*,#3150,.T.);
#4281=ORIENTED_EDGE('',*,*,#3151,.T.);
#4282=ORIENTED_EDGE('',*,*,#3147,.F.);
#4283=ORIENTED_EDGE('',*,*,#3152,.F.);
#4284=ORIENTED_EDGE('',*,*,#3153,.T.);
#4285=ORIENTED_EDGE('',*,*,#3154,.T.);
#4286=ORIENTED_EDGE('',*,*,#3150,.F.);
#4287=ORIENTED_EDGE('',*,*,#3155,.F.);
#4288=ORIENTED_EDGE('',*,*,#3156,.T.);
#4289=ORIENTED_EDGE('',*,*,#3157,.T.);
#4290=ORIENTED_EDGE('',*,*,#3153,.F.);
#4291=ORIENTED_EDGE('',*,*,#3158,.F.);
#4292=ORIENTED_EDGE('',*,*,#3159,.T.);
#4293=ORIENTED_EDGE('',*,*,#3160,.T.);
#4294=ORIENTED_EDGE('',*,*,#3156,.F.);
#4295=ORIENTED_EDGE('',*,*,#3161,.F.);
#4296=ORIENTED_EDGE('',*,*,#3162,.T.);
#4297=ORIENTED_EDGE('',*,*,#3163,.T.);
#4298=ORIENTED_EDGE('',*,*,#3159,.F.);
#4299=ORIENTED_EDGE('',*,*,#3164,.F.);
#4300=ORIENTED_EDGE('',*,*,#3165,.T.);
#4301=ORIENTED_EDGE('',*,*,#3166,.T.);
#4302=ORIENTED_EDGE('',*,*,#3162,.F.);
#4303=ORIENTED_EDGE('',*,*,#3167,.F.);
#4304=ORIENTED_EDGE('',*,*,#3168,.T.);
#4305=ORIENTED_EDGE('',*,*,#3169,.T.);
#4306=ORIENTED_EDGE('',*,*,#3165,.F.);
#4307=ORIENTED_EDGE('',*,*,#3170,.F.);
#4308=ORIENTED_EDGE('',*,*,#3171,.T.);
#4309=ORIENTED_EDGE('',*,*,#3172,.T.);
#4310=ORIENTED_EDGE('',*,*,#3168,.F.);
#4311=ORIENTED_EDGE('',*,*,#3173,.F.);
#4312=ORIENTED_EDGE('',*,*,#3174,.T.);
#4313=ORIENTED_EDGE('',*,*,#3175,.T.);
#4314=ORIENTED_EDGE('',*,*,#3171,.F.);
#4315=ORIENTED_EDGE('',*,*,#3176,.F.);
#4316=ORIENTED_EDGE('',*,*,#3177,.T.);
#4317=ORIENTED_EDGE('',*,*,#3178,.T.);
#4318=ORIENTED_EDGE('',*,*,#3174,.F.);
#4319=ORIENTED_EDGE('',*,*,#3179,.F.);
#4320=ORIENTED_EDGE('',*,*,#3180,.T.);
#4321=ORIENTED_EDGE('',*,*,#3181,.T.);
#4322=ORIENTED_EDGE('',*,*,#3177,.F.);
#4323=ORIENTED_EDGE('',*,*,#3182,.F.);
#4324=ORIENTED_EDGE('',*,*,#3183,.T.);
#4325=ORIENTED_EDGE('',*,*,#3184,.T.);
#4326=ORIENTED_EDGE('',*,*,#3180,.F.);
#4327=ORIENTED_EDGE('',*,*,#3185,.F.);
#4328=ORIENTED_EDGE('',*,*,#3186,.T.);
#4329=ORIENTED_EDGE('',*,*,#3187,.T.);
#4330=ORIENTED_EDGE('',*,*,#3183,.F.);
#4331=ORIENTED_EDGE('',*,*,#3188,.F.);
#4332=ORIENTED_EDGE('',*,*,#3189,.T.);
#4333=ORIENTED_EDGE('',*,*,#3190,.T.);
#4334=ORIENTED_EDGE('',*,*,#3186,.F.);
#4335=ORIENTED_EDGE('',*,*,#3191,.F.);
#4336=ORIENTED_EDGE('',*,*,#3192,.T.);
#4337=ORIENTED_EDGE('',*,*,#3193,.T.);
#4338=ORIENTED_EDGE('',*,*,#3189,.F.);
#4339=ORIENTED_EDGE('',*,*,#3194,.F.);
#4340=ORIENTED_EDGE('',*,*,#3130,.T.);
#4341=ORIENTED_EDGE('',*,*,#3195,.T.);
#4342=ORIENTED_EDGE('',*,*,#3192,.F.);
#4343=ORIENTED_EDGE('',*,*,#3195,.F.);
#4344=ORIENTED_EDGE('',*,*,#3129,.F.);
#4345=ORIENTED_EDGE('',*,*,#3133,.F.);
#4346=ORIENTED_EDGE('',*,*,#3136,.F.);
#4347=ORIENTED_EDGE('',*,*,#3139,.F.);
#4348=ORIENTED_EDGE('',*,*,#3142,.F.);
#4349=ORIENTED_EDGE('',*,*,#3145,.F.);
#4350=ORIENTED_EDGE('',*,*,#3148,.F.);
#4351=ORIENTED_EDGE('',*,*,#3151,.F.);
#4352=ORIENTED_EDGE('',*,*,#3154,.F.);
#4353=ORIENTED_EDGE('',*,*,#3157,.F.);
#4354=ORIENTED_EDGE('',*,*,#3160,.F.);
#4355=ORIENTED_EDGE('',*,*,#3163,.F.);
#4356=ORIENTED_EDGE('',*,*,#3166,.F.);
#4357=ORIENTED_EDGE('',*,*,#3169,.F.);
#4358=ORIENTED_EDGE('',*,*,#3172,.F.);
#4359=ORIENTED_EDGE('',*,*,#3175,.F.);
#4360=ORIENTED_EDGE('',*,*,#3178,.F.);
#4361=ORIENTED_EDGE('',*,*,#3181,.F.);
#4362=ORIENTED_EDGE('',*,*,#3184,.F.);
#4363=ORIENTED_EDGE('',*,*,#3187,.F.);
#4364=ORIENTED_EDGE('',*,*,#3190,.F.);
#4365=ORIENTED_EDGE('',*,*,#3193,.F.);
#4366=ORIENTED_EDGE('',*,*,#3196,.F.);
#4367=ORIENTED_EDGE('',*,*,#3197,.T.);
#4368=ORIENTED_EDGE('',*,*,#3198,.T.);
#4369=ORIENTED_EDGE('',*,*,#3199,.F.);
#4370=ORIENTED_EDGE('',*,*,#3200,.F.);
#4371=ORIENTED_EDGE('',*,*,#3201,.T.);
#4372=ORIENTED_EDGE('',*,*,#3202,.T.);
#4373=ORIENTED_EDGE('',*,*,#3197,.F.);
#4374=ORIENTED_EDGE('',*,*,#3203,.F.);
#4375=ORIENTED_EDGE('',*,*,#3204,.T.);
#4376=ORIENTED_EDGE('',*,*,#3205,.T.);
#4377=ORIENTED_EDGE('',*,*,#3201,.F.);
#4378=ORIENTED_EDGE('',*,*,#3206,.F.);
#4379=ORIENTED_EDGE('',*,*,#3199,.T.);
#4380=ORIENTED_EDGE('',*,*,#3207,.T.);
#4381=ORIENTED_EDGE('',*,*,#3204,.F.);
#4382=ORIENTED_EDGE('',*,*,#3207,.F.);
#4383=ORIENTED_EDGE('',*,*,#3198,.F.);
#4384=ORIENTED_EDGE('',*,*,#3202,.F.);
#4385=ORIENTED_EDGE('',*,*,#3205,.F.);
#4386=ORIENTED_EDGE('',*,*,#3208,.F.);
#4387=ORIENTED_EDGE('',*,*,#3209,.T.);
#4388=ORIENTED_EDGE('',*,*,#3210,.T.);
#4389=ORIENTED_EDGE('',*,*,#3211,.F.);
#4390=ORIENTED_EDGE('',*,*,#3212,.F.);
#4391=ORIENTED_EDGE('',*,*,#3213,.T.);
#4392=ORIENTED_EDGE('',*,*,#3214,.T.);
#4393=ORIENTED_EDGE('',*,*,#3209,.F.);
#4394=ORIENTED_EDGE('',*,*,#3215,.F.);
#4395=ORIENTED_EDGE('',*,*,#3216,.T.);
#4396=ORIENTED_EDGE('',*,*,#3217,.T.);
#4397=ORIENTED_EDGE('',*,*,#3213,.F.);
#4398=ORIENTED_EDGE('',*,*,#3218,.F.);
#4399=ORIENTED_EDGE('',*,*,#3211,.T.);
#4400=ORIENTED_EDGE('',*,*,#3219,.T.);
#4401=ORIENTED_EDGE('',*,*,#3216,.F.);
#4402=ORIENTED_EDGE('',*,*,#3219,.F.);
#4403=ORIENTED_EDGE('',*,*,#3210,.F.);
#4404=ORIENTED_EDGE('',*,*,#3214,.F.);
#4405=ORIENTED_EDGE('',*,*,#3217,.F.);
#4406=ORIENTED_EDGE('',*,*,#3220,.F.);
#4407=ORIENTED_EDGE('',*,*,#3221,.T.);
#4408=ORIENTED_EDGE('',*,*,#3222,.T.);
#4409=ORIENTED_EDGE('',*,*,#3223,.F.);
#4410=ORIENTED_EDGE('',*,*,#3224,.F.);
#4411=ORIENTED_EDGE('',*,*,#3225,.T.);
#4412=ORIENTED_EDGE('',*,*,#3226,.T.);
#4413=ORIENTED_EDGE('',*,*,#3221,.F.);
#4414=ORIENTED_EDGE('',*,*,#3227,.F.);
#4415=ORIENTED_EDGE('',*,*,#3228,.T.);
#4416=ORIENTED_EDGE('',*,*,#3229,.T.);
#4417=ORIENTED_EDGE('',*,*,#3225,.F.);
#4418=ORIENTED_EDGE('',*,*,#3230,.F.);
#4419=ORIENTED_EDGE('',*,*,#3231,.T.);
#4420=ORIENTED_EDGE('',*,*,#3232,.T.);
#4421=ORIENTED_EDGE('',*,*,#3228,.F.);
#4422=ORIENTED_EDGE('',*,*,#3233,.F.);
#4423=ORIENTED_EDGE('',*,*,#3234,.T.);
#4424=ORIENTED_EDGE('',*,*,#3235,.T.);
#4425=ORIENTED_EDGE('',*,*,#3231,.F.);
#4426=ORIENTED_EDGE('',*,*,#3236,.F.);
#4427=ORIENTED_EDGE('',*,*,#3237,.T.);
#4428=ORIENTED_EDGE('',*,*,#3238,.T.);
#4429=ORIENTED_EDGE('',*,*,#3234,.F.);
#4430=ORIENTED_EDGE('',*,*,#3239,.F.);
#4431=ORIENTED_EDGE('',*,*,#3240,.T.);
#4432=ORIENTED_EDGE('',*,*,#3241,.T.);
#4433=ORIENTED_EDGE('',*,*,#3237,.F.);
#4434=ORIENTED_EDGE('',*,*,#3242,.F.);
#4435=ORIENTED_EDGE('',*,*,#3243,.T.);
#4436=ORIENTED_EDGE('',*,*,#3244,.T.);
#4437=ORIENTED_EDGE('',*,*,#3240,.F.);
#4438=ORIENTED_EDGE('',*,*,#3245,.F.);
#4439=ORIENTED_EDGE('',*,*,#3246,.T.);
#4440=ORIENTED_EDGE('',*,*,#3247,.T.);
#4441=ORIENTED_EDGE('',*,*,#3243,.F.);
#4442=ORIENTED_EDGE('',*,*,#3248,.F.);
#4443=ORIENTED_EDGE('',*,*,#3249,.T.);
#4444=ORIENTED_EDGE('',*,*,#3250,.T.);
#4445=ORIENTED_EDGE('',*,*,#3246,.F.);
#4446=ORIENTED_EDGE('',*,*,#3251,.F.);
#4447=ORIENTED_EDGE('',*,*,#3252,.T.);
#4448=ORIENTED_EDGE('',*,*,#3253,.T.);
#4449=ORIENTED_EDGE('',*,*,#3249,.F.);
#4450=ORIENTED_EDGE('',*,*,#3254,.F.);
#4451=ORIENTED_EDGE('',*,*,#3255,.T.);
#4452=ORIENTED_EDGE('',*,*,#3256,.T.);
#4453=ORIENTED_EDGE('',*,*,#3252,.F.);
#4454=ORIENTED_EDGE('',*,*,#3257,.F.);
#4455=ORIENTED_EDGE('',*,*,#3258,.T.);
#4456=ORIENTED_EDGE('',*,*,#3259,.T.);
#4457=ORIENTED_EDGE('',*,*,#3255,.F.);
#4458=ORIENTED_EDGE('',*,*,#3260,.F.);
#4459=ORIENTED_EDGE('',*,*,#3261,.T.);
#4460=ORIENTED_EDGE('',*,*,#3262,.T.);
#4461=ORIENTED_EDGE('',*,*,#3258,.F.);
#4462=ORIENTED_EDGE('',*,*,#3263,.F.);
#4463=ORIENTED_EDGE('',*,*,#3264,.T.);
#4464=ORIENTED_EDGE('',*,*,#3265,.T.);
#4465=ORIENTED_EDGE('',*,*,#3261,.F.);
#4466=ORIENTED_EDGE('',*,*,#3266,.F.);
#4467=ORIENTED_EDGE('',*,*,#3267,.T.);
#4468=ORIENTED_EDGE('',*,*,#3268,.T.);
#4469=ORIENTED_EDGE('',*,*,#3264,.F.);
#4470=ORIENTED_EDGE('',*,*,#3269,.F.);
#4471=ORIENTED_EDGE('',*,*,#3270,.T.);
#4472=ORIENTED_EDGE('',*,*,#3271,.T.);
#4473=ORIENTED_EDGE('',*,*,#3267,.F.);
#4474=ORIENTED_EDGE('',*,*,#3272,.F.);
#4475=ORIENTED_EDGE('',*,*,#3273,.T.);
#4476=ORIENTED_EDGE('',*,*,#3274,.T.);
#4477=ORIENTED_EDGE('',*,*,#3270,.F.);
#4478=ORIENTED_EDGE('',*,*,#3275,.F.);
#4479=ORIENTED_EDGE('',*,*,#3276,.T.);
#4480=ORIENTED_EDGE('',*,*,#3277,.T.);
#4481=ORIENTED_EDGE('',*,*,#3273,.F.);
#4482=ORIENTED_EDGE('',*,*,#3278,.F.);
#4483=ORIENTED_EDGE('',*,*,#3279,.T.);
#4484=ORIENTED_EDGE('',*,*,#3280,.T.);
#4485=ORIENTED_EDGE('',*,*,#3276,.F.);
#4486=ORIENTED_EDGE('',*,*,#3281,.F.);
#4487=ORIENTED_EDGE('',*,*,#3282,.T.);
#4488=ORIENTED_EDGE('',*,*,#3283,.T.);
#4489=ORIENTED_EDGE('',*,*,#3279,.F.);
#4490=ORIENTED_EDGE('',*,*,#3284,.F.);
#4491=ORIENTED_EDGE('',*,*,#3285,.T.);
#4492=ORIENTED_EDGE('',*,*,#3286,.T.);
#4493=ORIENTED_EDGE('',*,*,#3282,.F.);
#4494=ORIENTED_EDGE('',*,*,#3287,.F.);
#4495=ORIENTED_EDGE('',*,*,#3288,.T.);
#4496=ORIENTED_EDGE('',*,*,#3289,.T.);
#4497=ORIENTED_EDGE('',*,*,#3285,.F.);
#4498=ORIENTED_EDGE('',*,*,#3290,.F.);
#4499=ORIENTED_EDGE('',*,*,#3291,.T.);
#4500=ORIENTED_EDGE('',*,*,#3292,.T.);
#4501=ORIENTED_EDGE('',*,*,#3288,.F.);
#4502=ORIENTED_EDGE('',*,*,#3293,.F.);
#4503=ORIENTED_EDGE('',*,*,#3294,.T.);
#4504=ORIENTED_EDGE('',*,*,#3295,.T.);
#4505=ORIENTED_EDGE('',*,*,#3291,.F.);
#4506=ORIENTED_EDGE('',*,*,#3296,.F.);
#4507=ORIENTED_EDGE('',*,*,#3297,.T.);
#4508=ORIENTED_EDGE('',*,*,#3298,.T.);
#4509=ORIENTED_EDGE('',*,*,#3294,.F.);
#4510=ORIENTED_EDGE('',*,*,#3299,.F.);
#4511=ORIENTED_EDGE('',*,*,#3300,.T.);
#4512=ORIENTED_EDGE('',*,*,#3301,.T.);
#4513=ORIENTED_EDGE('',*,*,#3297,.F.);
#4514=ORIENTED_EDGE('',*,*,#3302,.F.);
#4515=ORIENTED_EDGE('',*,*,#3303,.T.);
#4516=ORIENTED_EDGE('',*,*,#3304,.T.);
#4517=ORIENTED_EDGE('',*,*,#3300,.F.);
#4518=ORIENTED_EDGE('',*,*,#3305,.F.);
#4519=ORIENTED_EDGE('',*,*,#3223,.T.);
#4520=ORIENTED_EDGE('',*,*,#3306,.T.);
#4521=ORIENTED_EDGE('',*,*,#3303,.F.);
#4522=ORIENTED_EDGE('',*,*,#3306,.F.);
#4523=ORIENTED_EDGE('',*,*,#3222,.F.);
#4524=ORIENTED_EDGE('',*,*,#3226,.F.);
#4525=ORIENTED_EDGE('',*,*,#3229,.F.);
#4526=ORIENTED_EDGE('',*,*,#3232,.F.);
#4527=ORIENTED_EDGE('',*,*,#3235,.F.);
#4528=ORIENTED_EDGE('',*,*,#3238,.F.);
#4529=ORIENTED_EDGE('',*,*,#3241,.F.);
#4530=ORIENTED_EDGE('',*,*,#3244,.F.);
#4531=ORIENTED_EDGE('',*,*,#3247,.F.);
#4532=ORIENTED_EDGE('',*,*,#3250,.F.);
#4533=ORIENTED_EDGE('',*,*,#3253,.F.);
#4534=ORIENTED_EDGE('',*,*,#3256,.F.);
#4535=ORIENTED_EDGE('',*,*,#3259,.F.);
#4536=ORIENTED_EDGE('',*,*,#3262,.F.);
#4537=ORIENTED_EDGE('',*,*,#3265,.F.);
#4538=ORIENTED_EDGE('',*,*,#3268,.F.);
#4539=ORIENTED_EDGE('',*,*,#3271,.F.);
#4540=ORIENTED_EDGE('',*,*,#3274,.F.);
#4541=ORIENTED_EDGE('',*,*,#3277,.F.);
#4542=ORIENTED_EDGE('',*,*,#3280,.F.);
#4543=ORIENTED_EDGE('',*,*,#3283,.F.);
#4544=ORIENTED_EDGE('',*,*,#3286,.F.);
#4545=ORIENTED_EDGE('',*,*,#3289,.F.);
#4546=ORIENTED_EDGE('',*,*,#3292,.F.);
#4547=ORIENTED_EDGE('',*,*,#3295,.F.);
#4548=ORIENTED_EDGE('',*,*,#3298,.F.);
#4549=ORIENTED_EDGE('',*,*,#3301,.F.);
#4550=ORIENTED_EDGE('',*,*,#3304,.F.);
#4551=ORIENTED_EDGE('',*,*,#3307,.F.);
#4552=ORIENTED_EDGE('',*,*,#3308,.T.);
#4553=ORIENTED_EDGE('',*,*,#3309,.T.);
#4554=ORIENTED_EDGE('',*,*,#3310,.F.);
#4555=ORIENTED_EDGE('',*,*,#3311,.F.);
#4556=ORIENTED_EDGE('',*,*,#3312,.T.);
#4557=ORIENTED_EDGE('',*,*,#3313,.T.);
#4558=ORIENTED_EDGE('',*,*,#3308,.F.);
#4559=ORIENTED_EDGE('',*,*,#3314,.F.);
#4560=ORIENTED_EDGE('',*,*,#3315,.T.);
#4561=ORIENTED_EDGE('',*,*,#3316,.T.);
#4562=ORIENTED_EDGE('',*,*,#3312,.F.);
#4563=ORIENTED_EDGE('',*,*,#3317,.F.);
#4564=ORIENTED_EDGE('',*,*,#3310,.T.);
#4565=ORIENTED_EDGE('',*,*,#3318,.T.);
#4566=ORIENTED_EDGE('',*,*,#3315,.F.);
#4567=ORIENTED_EDGE('',*,*,#3318,.F.);
#4568=ORIENTED_EDGE('',*,*,#3309,.F.);
#4569=ORIENTED_EDGE('',*,*,#3313,.F.);
#4570=ORIENTED_EDGE('',*,*,#3316,.F.);
#4571=ORIENTED_EDGE('',*,*,#3319,.F.);
#4572=ORIENTED_EDGE('',*,*,#3320,.T.);
#4573=ORIENTED_EDGE('',*,*,#3321,.T.);
#4574=ORIENTED_EDGE('',*,*,#3322,.F.);
#4575=ORIENTED_EDGE('',*,*,#3323,.F.);
#4576=ORIENTED_EDGE('',*,*,#3324,.T.);
#4577=ORIENTED_EDGE('',*,*,#3325,.T.);
#4578=ORIENTED_EDGE('',*,*,#3320,.F.);
#4579=ORIENTED_EDGE('',*,*,#3326,.F.);
#4580=ORIENTED_EDGE('',*,*,#3327,.T.);
#4581=ORIENTED_EDGE('',*,*,#3328,.T.);
#4582=ORIENTED_EDGE('',*,*,#3324,.F.);
#4583=ORIENTED_EDGE('',*,*,#3329,.F.);
#4584=ORIENTED_EDGE('',*,*,#3330,.T.);
#4585=ORIENTED_EDGE('',*,*,#3331,.T.);
#4586=ORIENTED_EDGE('',*,*,#3327,.F.);
#4587=ORIENTED_EDGE('',*,*,#3332,.F.);
#4588=ORIENTED_EDGE('',*,*,#3333,.T.);
#4589=ORIENTED_EDGE('',*,*,#3334,.T.);
#4590=ORIENTED_EDGE('',*,*,#3330,.F.);
#4591=ORIENTED_EDGE('',*,*,#3335,.F.);
#4592=ORIENTED_EDGE('',*,*,#3336,.T.);
#4593=ORIENTED_EDGE('',*,*,#3337,.T.);
#4594=ORIENTED_EDGE('',*,*,#3333,.F.);
#4595=ORIENTED_EDGE('',*,*,#3338,.F.);
#4596=ORIENTED_EDGE('',*,*,#3322,.T.);
#4597=ORIENTED_EDGE('',*,*,#3339,.T.);
#4598=ORIENTED_EDGE('',*,*,#3336,.F.);
#4599=ORIENTED_EDGE('',*,*,#3340,.F.);
#4600=ORIENTED_EDGE('',*,*,#3341,.T.);
#4601=ORIENTED_EDGE('',*,*,#3342,.T.);
#4602=ORIENTED_EDGE('',*,*,#3343,.F.);
#4603=ORIENTED_EDGE('',*,*,#3344,.F.);
#4604=ORIENTED_EDGE('',*,*,#3345,.T.);
#4605=ORIENTED_EDGE('',*,*,#3346,.T.);
#4606=ORIENTED_EDGE('',*,*,#3341,.F.);
#4607=ORIENTED_EDGE('',*,*,#3347,.F.);
#4608=ORIENTED_EDGE('',*,*,#3348,.T.);
#4609=ORIENTED_EDGE('',*,*,#3349,.T.);
#4610=ORIENTED_EDGE('',*,*,#3345,.F.);
#4611=ORIENTED_EDGE('',*,*,#3350,.F.);
#4612=ORIENTED_EDGE('',*,*,#3351,.T.);
#4613=ORIENTED_EDGE('',*,*,#3352,.T.);
#4614=ORIENTED_EDGE('',*,*,#3348,.F.);
#4615=ORIENTED_EDGE('',*,*,#3353,.F.);
#4616=ORIENTED_EDGE('',*,*,#3354,.T.);
#4617=ORIENTED_EDGE('',*,*,#3355,.T.);
#4618=ORIENTED_EDGE('',*,*,#3351,.F.);
#4619=ORIENTED_EDGE('',*,*,#3356,.F.);
#4620=ORIENTED_EDGE('',*,*,#3357,.T.);
#4621=ORIENTED_EDGE('',*,*,#3358,.T.);
#4622=ORIENTED_EDGE('',*,*,#3354,.F.);
#4623=ORIENTED_EDGE('',*,*,#3359,.F.);
#4624=ORIENTED_EDGE('',*,*,#3343,.T.);
#4625=ORIENTED_EDGE('',*,*,#3360,.T.);
#4626=ORIENTED_EDGE('',*,*,#3357,.F.);
#4627=ORIENTED_EDGE('',*,*,#3361,.F.);
#4628=ORIENTED_EDGE('',*,*,#3362,.T.);
#4629=ORIENTED_EDGE('',*,*,#3363,.T.);
#4630=ORIENTED_EDGE('',*,*,#3364,.F.);
#4631=ORIENTED_EDGE('',*,*,#3365,.F.);
#4632=ORIENTED_EDGE('',*,*,#3366,.T.);
#4633=ORIENTED_EDGE('',*,*,#3367,.T.);
#4634=ORIENTED_EDGE('',*,*,#3362,.F.);
#4635=ORIENTED_EDGE('',*,*,#3368,.F.);
#4636=ORIENTED_EDGE('',*,*,#3369,.T.);
#4637=ORIENTED_EDGE('',*,*,#3370,.T.);
#4638=ORIENTED_EDGE('',*,*,#3366,.F.);
#4639=ORIENTED_EDGE('',*,*,#3371,.F.);
#4640=ORIENTED_EDGE('',*,*,#3372,.T.);
#4641=ORIENTED_EDGE('',*,*,#3373,.T.);
#4642=ORIENTED_EDGE('',*,*,#3369,.F.);
#4643=ORIENTED_EDGE('',*,*,#3374,.F.);
#4644=ORIENTED_EDGE('',*,*,#3375,.T.);
#4645=ORIENTED_EDGE('',*,*,#3376,.T.);
#4646=ORIENTED_EDGE('',*,*,#3372,.F.);
#4647=ORIENTED_EDGE('',*,*,#3377,.F.);
#4648=ORIENTED_EDGE('',*,*,#3378,.T.);
#4649=ORIENTED_EDGE('',*,*,#3379,.T.);
#4650=ORIENTED_EDGE('',*,*,#3375,.F.);
#4651=ORIENTED_EDGE('',*,*,#3380,.F.);
#4652=ORIENTED_EDGE('',*,*,#3381,.T.);
#4653=ORIENTED_EDGE('',*,*,#3382,.T.);
#4654=ORIENTED_EDGE('',*,*,#3378,.F.);
#4655=ORIENTED_EDGE('',*,*,#3383,.F.);
#4656=ORIENTED_EDGE('',*,*,#3384,.T.);
#4657=ORIENTED_EDGE('',*,*,#3385,.T.);
#4658=ORIENTED_EDGE('',*,*,#3381,.F.);
#4659=ORIENTED_EDGE('',*,*,#3386,.F.);
#4660=ORIENTED_EDGE('',*,*,#3387,.T.);
#4661=ORIENTED_EDGE('',*,*,#3388,.T.);
#4662=ORIENTED_EDGE('',*,*,#3384,.F.);
#4663=ORIENTED_EDGE('',*,*,#3389,.F.);
#4664=ORIENTED_EDGE('',*,*,#3390,.T.);
#4665=ORIENTED_EDGE('',*,*,#3391,.T.);
#4666=ORIENTED_EDGE('',*,*,#3387,.F.);
#4667=ORIENTED_EDGE('',*,*,#3392,.F.);
#4668=ORIENTED_EDGE('',*,*,#3393,.T.);
#4669=ORIENTED_EDGE('',*,*,#3394,.T.);
#4670=ORIENTED_EDGE('',*,*,#3390,.F.);
#4671=ORIENTED_EDGE('',*,*,#3395,.F.);
#4672=ORIENTED_EDGE('',*,*,#3396,.T.);
#4673=ORIENTED_EDGE('',*,*,#3397,.T.);
#4674=ORIENTED_EDGE('',*,*,#3393,.F.);
#4675=ORIENTED_EDGE('',*,*,#3398,.F.);
#4676=ORIENTED_EDGE('',*,*,#3364,.T.);
#4677=ORIENTED_EDGE('',*,*,#3399,.T.);
#4678=ORIENTED_EDGE('',*,*,#3396,.F.);
#4679=ORIENTED_EDGE('',*,*,#3399,.F.);
#4680=ORIENTED_EDGE('',*,*,#3363,.F.);
#4681=ORIENTED_EDGE('',*,*,#3367,.F.);
#4682=ORIENTED_EDGE('',*,*,#3370,.F.);
#4683=ORIENTED_EDGE('',*,*,#3373,.F.);
#4684=ORIENTED_EDGE('',*,*,#3376,.F.);
#4685=ORIENTED_EDGE('',*,*,#3379,.F.);
#4686=ORIENTED_EDGE('',*,*,#3382,.F.);
#4687=ORIENTED_EDGE('',*,*,#3385,.F.);
#4688=ORIENTED_EDGE('',*,*,#3388,.F.);
#4689=ORIENTED_EDGE('',*,*,#3391,.F.);
#4690=ORIENTED_EDGE('',*,*,#3394,.F.);
#4691=ORIENTED_EDGE('',*,*,#3397,.F.);
#4692=ORIENTED_EDGE('',*,*,#3360,.F.);
#4693=ORIENTED_EDGE('',*,*,#3342,.F.);
#4694=ORIENTED_EDGE('',*,*,#3346,.F.);
#4695=ORIENTED_EDGE('',*,*,#3349,.F.);
#4696=ORIENTED_EDGE('',*,*,#3352,.F.);
#4697=ORIENTED_EDGE('',*,*,#3355,.F.);
#4698=ORIENTED_EDGE('',*,*,#3358,.F.);
#4699=ORIENTED_EDGE('',*,*,#3339,.F.);
#4700=ORIENTED_EDGE('',*,*,#3321,.F.);
#4701=ORIENTED_EDGE('',*,*,#3325,.F.);
#4702=ORIENTED_EDGE('',*,*,#3328,.F.);
#4703=ORIENTED_EDGE('',*,*,#3331,.F.);
#4704=ORIENTED_EDGE('',*,*,#3334,.F.);
#4705=ORIENTED_EDGE('',*,*,#3337,.F.);
#4706=ORIENTED_EDGE('',*,*,#3400,.T.);
#4707=ORIENTED_EDGE('',*,*,#3401,.T.);
#4708=ORIENTED_EDGE('',*,*,#3402,.T.);
#4709=ORIENTED_EDGE('',*,*,#3403,.T.);
#4710=ORIENTED_EDGE('',*,*,#2653,.T.);
#4711=ORIENTED_EDGE('',*,*,#2663,.T.);
#4712=ORIENTED_EDGE('',*,*,#2660,.T.);
#4713=ORIENTED_EDGE('',*,*,#2657,.T.);
#4714=ORIENTED_EDGE('',*,*,#2689,.T.);
#4715=ORIENTED_EDGE('',*,*,#2762,.T.);
#4716=ORIENTED_EDGE('',*,*,#2759,.T.);
#4717=ORIENTED_EDGE('',*,*,#2756,.T.);
#4718=ORIENTED_EDGE('',*,*,#2753,.T.);
#4719=ORIENTED_EDGE('',*,*,#2750,.T.);
#4720=ORIENTED_EDGE('',*,*,#2747,.T.);
#4721=ORIENTED_EDGE('',*,*,#2744,.T.);
#4722=ORIENTED_EDGE('',*,*,#2741,.T.);
#4723=ORIENTED_EDGE('',*,*,#2738,.T.);
#4724=ORIENTED_EDGE('',*,*,#2735,.T.);
#4725=ORIENTED_EDGE('',*,*,#2732,.T.);
#4726=ORIENTED_EDGE('',*,*,#2729,.T.);
#4727=ORIENTED_EDGE('',*,*,#2726,.T.);
#4728=ORIENTED_EDGE('',*,*,#2723,.T.);
#4729=ORIENTED_EDGE('',*,*,#2720,.T.);
#4730=ORIENTED_EDGE('',*,*,#2717,.T.);
#4731=ORIENTED_EDGE('',*,*,#2714,.T.);
#4732=ORIENTED_EDGE('',*,*,#2711,.T.);
#4733=ORIENTED_EDGE('',*,*,#2708,.T.);
#4734=ORIENTED_EDGE('',*,*,#2705,.T.);
#4735=ORIENTED_EDGE('',*,*,#2702,.T.);
#4736=ORIENTED_EDGE('',*,*,#2699,.T.);
#4737=ORIENTED_EDGE('',*,*,#2696,.T.);
#4738=ORIENTED_EDGE('',*,*,#2693,.T.);
#4739=ORIENTED_EDGE('',*,*,#2764,.T.);
#4740=ORIENTED_EDGE('',*,*,#2801,.T.);
#4741=ORIENTED_EDGE('',*,*,#2798,.T.);
#4742=ORIENTED_EDGE('',*,*,#2795,.T.);
#4743=ORIENTED_EDGE('',*,*,#2792,.T.);
#4744=ORIENTED_EDGE('',*,*,#2789,.T.);
#4745=ORIENTED_EDGE('',*,*,#2786,.T.);
#4746=ORIENTED_EDGE('',*,*,#2783,.T.);
#4747=ORIENTED_EDGE('',*,*,#2780,.T.);
#4748=ORIENTED_EDGE('',*,*,#2777,.T.);
#4749=ORIENTED_EDGE('',*,*,#2774,.T.);
#4750=ORIENTED_EDGE('',*,*,#2771,.T.);
#4751=ORIENTED_EDGE('',*,*,#2768,.T.);
#4752=ORIENTED_EDGE('',*,*,#2827,.T.);
#4753=ORIENTED_EDGE('',*,*,#2864,.T.);
#4754=ORIENTED_EDGE('',*,*,#2861,.T.);
#4755=ORIENTED_EDGE('',*,*,#2858,.T.);
#4756=ORIENTED_EDGE('',*,*,#2855,.T.);
#4757=ORIENTED_EDGE('',*,*,#2852,.T.);
#4758=ORIENTED_EDGE('',*,*,#2849,.T.);
#4759=ORIENTED_EDGE('',*,*,#2846,.T.);
#4760=ORIENTED_EDGE('',*,*,#2843,.T.);
#4761=ORIENTED_EDGE('',*,*,#2840,.T.);
#4762=ORIENTED_EDGE('',*,*,#2837,.T.);
#4763=ORIENTED_EDGE('',*,*,#2834,.T.);
#4764=ORIENTED_EDGE('',*,*,#2831,.T.);
#4765=ORIENTED_EDGE('',*,*,#2866,.T.);
#4766=ORIENTED_EDGE('',*,*,#2921,.T.);
#4767=ORIENTED_EDGE('',*,*,#2918,.T.);
#4768=ORIENTED_EDGE('',*,*,#2915,.T.);
#4769=ORIENTED_EDGE('',*,*,#2912,.T.);
#4770=ORIENTED_EDGE('',*,*,#2909,.T.);
#4771=ORIENTED_EDGE('',*,*,#2906,.T.);
#4772=ORIENTED_EDGE('',*,*,#2903,.T.);
#4773=ORIENTED_EDGE('',*,*,#2900,.T.);
#4774=ORIENTED_EDGE('',*,*,#2897,.T.);
#4775=ORIENTED_EDGE('',*,*,#2894,.T.);
#4776=ORIENTED_EDGE('',*,*,#2891,.T.);
#4777=ORIENTED_EDGE('',*,*,#2888,.T.);
#4778=ORIENTED_EDGE('',*,*,#2885,.T.);
#4779=ORIENTED_EDGE('',*,*,#2882,.T.);
#4780=ORIENTED_EDGE('',*,*,#2879,.T.);
#4781=ORIENTED_EDGE('',*,*,#2876,.T.);
#4782=ORIENTED_EDGE('',*,*,#2873,.T.);
#4783=ORIENTED_EDGE('',*,*,#2870,.T.);
#4784=ORIENTED_EDGE('',*,*,#2923,.T.);
#4785=ORIENTED_EDGE('',*,*,#2969,.T.);
#4786=ORIENTED_EDGE('',*,*,#2966,.T.);
#4787=ORIENTED_EDGE('',*,*,#2963,.T.);
#4788=ORIENTED_EDGE('',*,*,#2960,.T.);
#4789=ORIENTED_EDGE('',*,*,#2957,.T.);
#4790=ORIENTED_EDGE('',*,*,#2954,.T.);
#4791=ORIENTED_EDGE('',*,*,#2951,.T.);
#4792=ORIENTED_EDGE('',*,*,#2948,.T.);
#4793=ORIENTED_EDGE('',*,*,#2945,.T.);
#4794=ORIENTED_EDGE('',*,*,#2942,.T.);
#4795=ORIENTED_EDGE('',*,*,#2939,.T.);
#4796=ORIENTED_EDGE('',*,*,#2936,.T.);
#4797=ORIENTED_EDGE('',*,*,#2933,.T.);
#4798=ORIENTED_EDGE('',*,*,#2930,.T.);
#4799=ORIENTED_EDGE('',*,*,#2927,.T.);
#4800=ORIENTED_EDGE('',*,*,#2998,.T.);
#4801=ORIENTED_EDGE('',*,*,#3077,.T.);
#4802=ORIENTED_EDGE('',*,*,#3074,.T.);
#4803=ORIENTED_EDGE('',*,*,#3071,.T.);
#4804=ORIENTED_EDGE('',*,*,#3068,.T.);
#4805=ORIENTED_EDGE('',*,*,#3065,.T.);
#4806=ORIENTED_EDGE('',*,*,#3062,.T.);
#4807=ORIENTED_EDGE('',*,*,#3059,.T.);
#4808=ORIENTED_EDGE('',*,*,#3056,.T.);
#4809=ORIENTED_EDGE('',*,*,#3053,.T.);
#4810=ORIENTED_EDGE('',*,*,#3050,.T.);
#4811=ORIENTED_EDGE('',*,*,#3047,.T.);
#4812=ORIENTED_EDGE('',*,*,#3044,.T.);
#4813=ORIENTED_EDGE('',*,*,#3041,.T.);
#4814=ORIENTED_EDGE('',*,*,#3038,.T.);
#4815=ORIENTED_EDGE('',*,*,#3035,.T.);
#4816=ORIENTED_EDGE('',*,*,#3032,.T.);
#4817=ORIENTED_EDGE('',*,*,#3029,.T.);
#4818=ORIENTED_EDGE('',*,*,#3026,.T.);
#4819=ORIENTED_EDGE('',*,*,#3023,.T.);
#4820=ORIENTED_EDGE('',*,*,#3020,.T.);
#4821=ORIENTED_EDGE('',*,*,#3017,.T.);
#4822=ORIENTED_EDGE('',*,*,#3014,.T.);
#4823=ORIENTED_EDGE('',*,*,#3011,.T.);
#4824=ORIENTED_EDGE('',*,*,#3008,.T.);
#4825=ORIENTED_EDGE('',*,*,#3005,.T.);
#4826=ORIENTED_EDGE('',*,*,#3002,.T.);
#4827=ORIENTED_EDGE('',*,*,#3100,.T.);
#4828=ORIENTED_EDGE('',*,*,#3125,.T.);
#4829=ORIENTED_EDGE('',*,*,#3122,.T.);
#4830=ORIENTED_EDGE('',*,*,#3119,.T.);
#4831=ORIENTED_EDGE('',*,*,#3116,.T.);
#4832=ORIENTED_EDGE('',*,*,#3113,.T.);
#4833=ORIENTED_EDGE('',*,*,#3110,.T.);
#4834=ORIENTED_EDGE('',*,*,#3107,.T.);
#4835=ORIENTED_EDGE('',*,*,#3104,.T.);
#4836=ORIENTED_EDGE('',*,*,#3127,.T.);
#4837=ORIENTED_EDGE('',*,*,#3194,.T.);
#4838=ORIENTED_EDGE('',*,*,#3191,.T.);
#4839=ORIENTED_EDGE('',*,*,#3188,.T.);
#4840=ORIENTED_EDGE('',*,*,#3185,.T.);
#4841=ORIENTED_EDGE('',*,*,#3182,.T.);
#4842=ORIENTED_EDGE('',*,*,#3179,.T.);
#4843=ORIENTED_EDGE('',*,*,#3176,.T.);
#4844=ORIENTED_EDGE('',*,*,#3173,.T.);
#4845=ORIENTED_EDGE('',*,*,#3170,.T.);
#4846=ORIENTED_EDGE('',*,*,#3167,.T.);
#4847=ORIENTED_EDGE('',*,*,#3164,.T.);
#4848=ORIENTED_EDGE('',*,*,#3161,.T.);
#4849=ORIENTED_EDGE('',*,*,#3158,.T.);
#4850=ORIENTED_EDGE('',*,*,#3155,.T.);
#4851=ORIENTED_EDGE('',*,*,#3152,.T.);
#4852=ORIENTED_EDGE('',*,*,#3149,.T.);
#4853=ORIENTED_EDGE('',*,*,#3146,.T.);
#4854=ORIENTED_EDGE('',*,*,#3143,.T.);
#4855=ORIENTED_EDGE('',*,*,#3140,.T.);
#4856=ORIENTED_EDGE('',*,*,#3137,.T.);
#4857=ORIENTED_EDGE('',*,*,#3134,.T.);
#4858=ORIENTED_EDGE('',*,*,#3131,.T.);
#4859=ORIENTED_EDGE('',*,*,#3196,.T.);
#4860=ORIENTED_EDGE('',*,*,#3206,.T.);
#4861=ORIENTED_EDGE('',*,*,#3203,.T.);
#4862=ORIENTED_EDGE('',*,*,#3200,.T.);
#4863=ORIENTED_EDGE('',*,*,#3208,.T.);
#4864=ORIENTED_EDGE('',*,*,#3218,.T.);
#4865=ORIENTED_EDGE('',*,*,#3215,.T.);
#4866=ORIENTED_EDGE('',*,*,#3212,.T.);
#4867=ORIENTED_EDGE('',*,*,#3220,.T.);
#4868=ORIENTED_EDGE('',*,*,#3305,.T.);
#4869=ORIENTED_EDGE('',*,*,#3302,.T.);
#4870=ORIENTED_EDGE('',*,*,#3299,.T.);
#4871=ORIENTED_EDGE('',*,*,#3296,.T.);
#4872=ORIENTED_EDGE('',*,*,#3293,.T.);
#4873=ORIENTED_EDGE('',*,*,#3290,.T.);
#4874=ORIENTED_EDGE('',*,*,#3287,.T.);
#4875=ORIENTED_EDGE('',*,*,#3284,.T.);
#4876=ORIENTED_EDGE('',*,*,#3281,.T.);
#4877=ORIENTED_EDGE('',*,*,#3278,.T.);
#4878=ORIENTED_EDGE('',*,*,#3275,.T.);
#4879=ORIENTED_EDGE('',*,*,#3272,.T.);
#4880=ORIENTED_EDGE('',*,*,#3269,.T.);
#4881=ORIENTED_EDGE('',*,*,#3266,.T.);
#4882=ORIENTED_EDGE('',*,*,#3263,.T.);
#4883=ORIENTED_EDGE('',*,*,#3260,.T.);
#4884=ORIENTED_EDGE('',*,*,#3257,.T.);
#4885=ORIENTED_EDGE('',*,*,#3254,.T.);
#4886=ORIENTED_EDGE('',*,*,#3251,.T.);
#4887=ORIENTED_EDGE('',*,*,#3248,.T.);
#4888=ORIENTED_EDGE('',*,*,#3245,.T.);
#4889=ORIENTED_EDGE('',*,*,#3242,.T.);
#4890=ORIENTED_EDGE('',*,*,#3239,.T.);
#4891=ORIENTED_EDGE('',*,*,#3236,.T.);
#4892=ORIENTED_EDGE('',*,*,#3233,.T.);
#4893=ORIENTED_EDGE('',*,*,#3230,.T.);
#4894=ORIENTED_EDGE('',*,*,#3227,.T.);
#4895=ORIENTED_EDGE('',*,*,#3224,.T.);
#4896=ORIENTED_EDGE('',*,*,#3307,.T.);
#4897=ORIENTED_EDGE('',*,*,#3317,.T.);
#4898=ORIENTED_EDGE('',*,*,#3314,.T.);
#4899=ORIENTED_EDGE('',*,*,#3311,.T.);
#4900=ORIENTED_EDGE('',*,*,#3361,.T.);
#4901=ORIENTED_EDGE('',*,*,#3398,.T.);
#4902=ORIENTED_EDGE('',*,*,#3395,.T.);
#4903=ORIENTED_EDGE('',*,*,#3392,.T.);
#4904=ORIENTED_EDGE('',*,*,#3389,.T.);
#4905=ORIENTED_EDGE('',*,*,#3386,.T.);
#4906=ORIENTED_EDGE('',*,*,#3383,.T.);
#4907=ORIENTED_EDGE('',*,*,#3380,.T.);
#4908=ORIENTED_EDGE('',*,*,#3377,.T.);
#4909=ORIENTED_EDGE('',*,*,#3374,.T.);
#4910=ORIENTED_EDGE('',*,*,#3371,.T.);
#4911=ORIENTED_EDGE('',*,*,#3368,.T.);
#4912=ORIENTED_EDGE('',*,*,#3365,.T.);
#4913=ORIENTED_EDGE('',*,*,#3404,.T.);
#4914=ORIENTED_EDGE('',*,*,#3405,.T.);
#4915=ORIENTED_EDGE('',*,*,#3406,.T.);
#4916=ORIENTED_EDGE('',*,*,#3407,.T.);
#4917=ORIENTED_EDGE('',*,*,#3340,.T.);
#4918=ORIENTED_EDGE('',*,*,#3359,.T.);
#4919=ORIENTED_EDGE('',*,*,#3356,.T.);
#4920=ORIENTED_EDGE('',*,*,#3353,.T.);
#4921=ORIENTED_EDGE('',*,*,#3350,.T.);
#4922=ORIENTED_EDGE('',*,*,#3347,.T.);
#4923=ORIENTED_EDGE('',*,*,#3344,.T.);
#4924=ORIENTED_EDGE('',*,*,#3319,.T.);
#4925=ORIENTED_EDGE('',*,*,#3338,.T.);
#4926=ORIENTED_EDGE('',*,*,#3335,.T.);
#4927=ORIENTED_EDGE('',*,*,#3332,.T.);
#4928=ORIENTED_EDGE('',*,*,#3329,.T.);
#4929=ORIENTED_EDGE('',*,*,#3326,.T.);
#4930=ORIENTED_EDGE('',*,*,#3323,.T.);
#4931=ORIENTED_EDGE('',*,*,#3079,.T.);
#4932=ORIENTED_EDGE('',*,*,#3098,.T.);
#4933=ORIENTED_EDGE('',*,*,#3095,.T.);
#4934=ORIENTED_EDGE('',*,*,#3092,.T.);
#4935=ORIENTED_EDGE('',*,*,#3089,.T.);
#4936=ORIENTED_EDGE('',*,*,#3086,.T.);
#4937=ORIENTED_EDGE('',*,*,#3083,.T.);
#4938=ORIENTED_EDGE('',*,*,#2971,.T.);
#4939=ORIENTED_EDGE('',*,*,#2996,.T.);
#4940=ORIENTED_EDGE('',*,*,#2993,.T.);
#4941=ORIENTED_EDGE('',*,*,#2990,.T.);
#4942=ORIENTED_EDGE('',*,*,#2987,.T.);
#4943=ORIENTED_EDGE('',*,*,#2984,.T.);
#4944=ORIENTED_EDGE('',*,*,#2981,.T.);
#4945=ORIENTED_EDGE('',*,*,#2978,.T.);
#4946=ORIENTED_EDGE('',*,*,#2975,.T.);
#4947=ORIENTED_EDGE('',*,*,#2803,.T.);
#4948=ORIENTED_EDGE('',*,*,#2825,.T.);
#4949=ORIENTED_EDGE('',*,*,#2822,.T.);
#4950=ORIENTED_EDGE('',*,*,#2819,.T.);
#4951=ORIENTED_EDGE('',*,*,#2816,.T.);
#4952=ORIENTED_EDGE('',*,*,#2813,.T.);
#4953=ORIENTED_EDGE('',*,*,#2810,.T.);
#4954=ORIENTED_EDGE('',*,*,#2807,.T.);
#4955=ORIENTED_EDGE('',*,*,#3408,.F.);
#4956=ORIENTED_EDGE('',*,*,#3409,.F.);
#4957=ORIENTED_EDGE('',*,*,#3410,.F.);
#4958=ORIENTED_EDGE('',*,*,#3411,.F.);
#4959=ORIENTED_EDGE('',*,*,#3412,.F.);
#4960=ORIENTED_EDGE('',*,*,#3413,.T.);
#4961=ORIENTED_EDGE('',*,*,#3414,.F.);
#4962=ORIENTED_EDGE('',*,*,#3415,.F.);
#4963=ORIENTED_EDGE('',*,*,#3416,.F.);
#4964=ORIENTED_EDGE('',*,*,#3411,.T.);
#4965=ORIENTED_EDGE('',*,*,#3417,.T.);
#4966=ORIENTED_EDGE('',*,*,#3413,.F.);
#4967=ORIENTED_EDGE('',*,*,#3410,.T.);
#4968=ORIENTED_EDGE('',*,*,#3418,.T.);
#4969=ORIENTED_EDGE('',*,*,#3419,.T.);
#4970=ORIENTED_EDGE('',*,*,#3420,.T.);
#4971=ORIENTED_EDGE('',*,*,#3404,.F.);
#4972=ORIENTED_EDGE('',*,*,#3421,.T.);
#4973=ORIENTED_EDGE('',*,*,#3422,.T.);
#4974=ORIENTED_EDGE('',*,*,#3421,.F.);
#4975=ORIENTED_EDGE('',*,*,#3422,.F.);
#4976=ORIENTED_EDGE('',*,*,#3423,.F.);
#4977=ORIENTED_EDGE('',*,*,#3405,.F.);
#4978=ORIENTED_EDGE('',*,*,#3424,.T.);
#4979=ORIENTED_EDGE('',*,*,#3425,.T.);
#4980=ORIENTED_EDGE('',*,*,#3424,.F.);
#4981=ORIENTED_EDGE('',*,*,#3425,.F.);
#4982=ORIENTED_EDGE('',*,*,#3426,.F.);
#4983=ORIENTED_EDGE('',*,*,#3406,.F.);
#4984=ORIENTED_EDGE('',*,*,#3427,.T.);
#4985=ORIENTED_EDGE('',*,*,#3428,.T.);
#4986=ORIENTED_EDGE('',*,*,#3427,.F.);
#4987=ORIENTED_EDGE('',*,*,#3428,.F.);
#4988=ORIENTED_EDGE('',*,*,#3429,.F.);
#4989=ORIENTED_EDGE('',*,*,#3407,.F.);
#4990=ORIENTED_EDGE('',*,*,#3430,.T.);
#4991=ORIENTED_EDGE('',*,*,#3431,.T.);
#4992=ORIENTED_EDGE('',*,*,#3430,.F.);
#4993=ORIENTED_EDGE('',*,*,#3431,.F.);
#4994=ORIENTED_EDGE('',*,*,#3432,.F.);
#4995=ORIENTED_EDGE('',*,*,#3420,.F.);
#4996=ORIENTED_EDGE('',*,*,#3433,.F.);
#4997=ORIENTED_EDGE('',*,*,#3434,.F.);
#4998=ORIENTED_EDGE('',*,*,#3435,.F.);
#4999=ORIENTED_EDGE('',*,*,#3436,.F.);
#5000=ORIENTED_EDGE('',*,*,#3417,.F.);
#5001=ORIENTED_EDGE('',*,*,#3434,.T.);
#5002=ORIENTED_EDGE('',*,*,#3437,.F.);
#5003=ORIENTED_EDGE('',*,*,#3438,.T.);
#5004=ORIENTED_EDGE('',*,*,#3439,.T.);
#5005=ORIENTED_EDGE('',*,*,#3433,.T.);
#5006=ORIENTED_EDGE('',*,*,#3419,.F.);
#5007=ORIENTED_EDGE('',*,*,#3440,.T.);
#5008=ORIENTED_EDGE('',*,*,#3437,.T.);
#5009=ORIENTED_EDGE('',*,*,#3426,.T.);
#5010=ORIENTED_EDGE('',*,*,#3441,.T.);
#5011=ORIENTED_EDGE('',*,*,#3442,.T.);
#5012=ORIENTED_EDGE('',*,*,#3441,.F.);
#5013=ORIENTED_EDGE('',*,*,#3435,.T.);
#5014=ORIENTED_EDGE('',*,*,#3439,.F.);
#5015=ORIENTED_EDGE('',*,*,#3443,.T.);
#5016=ORIENTED_EDGE('',*,*,#3444,.T.);
#5017=ORIENTED_EDGE('',*,*,#3414,.T.);
#5018=ORIENTED_EDGE('',*,*,#3436,.T.);
#5019=ORIENTED_EDGE('',*,*,#3444,.F.);
#5020=ORIENTED_EDGE('',*,*,#3445,.T.);
#5021=ORIENTED_EDGE('',*,*,#3429,.T.);
#5022=ORIENTED_EDGE('',*,*,#3446,.T.);
#5023=ORIENTED_EDGE('',*,*,#3447,.T.);
#5024=ORIENTED_EDGE('',*,*,#3446,.F.);
#5025=ORIENTED_EDGE('',*,*,#3423,.T.);
#5026=ORIENTED_EDGE('',*,*,#3448,.T.);
#5027=ORIENTED_EDGE('',*,*,#3449,.T.);
#5028=ORIENTED_EDGE('',*,*,#3448,.F.);
#5029=ORIENTED_EDGE('',*,*,#3432,.T.);
#5030=ORIENTED_EDGE('',*,*,#3450,.T.);
#5031=ORIENTED_EDGE('',*,*,#3451,.T.);
#5032=ORIENTED_EDGE('',*,*,#3450,.F.);
#5033=ORIENTED_EDGE('',*,*,#3452,.F.);
#5034=ORIENTED_EDGE('',*,*,#3453,.T.);
#5035=ORIENTED_EDGE('',*,*,#3403,.F.);
#5036=ORIENTED_EDGE('',*,*,#3454,.F.);
#5037=ORIENTED_EDGE('',*,*,#3455,.F.);
#5038=ORIENTED_EDGE('',*,*,#3454,.T.);
#5039=ORIENTED_EDGE('',*,*,#3402,.F.);
#5040=ORIENTED_EDGE('',*,*,#3456,.F.);
#5041=ORIENTED_EDGE('',*,*,#3457,.F.);
#5042=ORIENTED_EDGE('',*,*,#3456,.T.);
#5043=ORIENTED_EDGE('',*,*,#3401,.F.);
#5044=ORIENTED_EDGE('',*,*,#3458,.F.);
#5045=ORIENTED_EDGE('',*,*,#3412,.T.);
#5046=ORIENTED_EDGE('',*,*,#3459,.F.);
#5047=ORIENTED_EDGE('',*,*,#3458,.T.);
#5048=ORIENTED_EDGE('',*,*,#3400,.F.);
#5049=ORIENTED_EDGE('',*,*,#3453,.F.);
#5050=ORIENTED_EDGE('',*,*,#3460,.F.);
#5051=ORIENTED_EDGE('',*,*,#3408,.T.);
#5052=ORIENTED_EDGE('',*,*,#3416,.T.);
#5053=ORIENTED_EDGE('',*,*,#2665,.T.);
#5054=ORIENTED_EDGE('',*,*,#2687,.T.);
#5055=ORIENTED_EDGE('',*,*,#2684,.T.);
#5056=ORIENTED_EDGE('',*,*,#2681,.T.);
#5057=ORIENTED_EDGE('',*,*,#2678,.T.);
#5058=ORIENTED_EDGE('',*,*,#2675,.T.);
#5059=ORIENTED_EDGE('',*,*,#2672,.T.);
#5060=ORIENTED_EDGE('',*,*,#2669,.T.);
#5061=ORIENTED_EDGE('',*,*,#3415,.T.);
#5062=ORIENTED_EDGE('',*,*,#3445,.F.);
#5063=ORIENTED_EDGE('',*,*,#3443,.F.);
#5064=ORIENTED_EDGE('',*,*,#3438,.F.);
#5065=ORIENTED_EDGE('',*,*,#3440,.F.);
#5066=ORIENTED_EDGE('',*,*,#3418,.F.);
#5067=ORIENTED_EDGE('',*,*,#3409,.T.);
#5068=ORIENTED_EDGE('',*,*,#3460,.T.);
#5069=ORIENTED_EDGE('',*,*,#3452,.T.);
#5070=ORIENTED_EDGE('',*,*,#3455,.T.);
#5071=ORIENTED_EDGE('',*,*,#3457,.T.);
#5072=ORIENTED_EDGE('',*,*,#3459,.T.);
#5073=ORIENTED_EDGE('',*,*,#3451,.F.);
#5074=ORIENTED_EDGE('',*,*,#3449,.F.);
#5075=ORIENTED_EDGE('',*,*,#3447,.F.);
#5076=ORIENTED_EDGE('',*,*,#3442,.F.);
#5077=PLANE('',#5511);
#5078=PLANE('',#5512);
#5079=PLANE('',#5513);
#5080=PLANE('',#5514);
#5081=PLANE('',#5515);
#5082=PLANE('',#5516);
#5083=PLANE('',#5517);
#5084=PLANE('',#5518);
#5085=PLANE('',#5519);
#5086=PLANE('',#5520);
#5087=PLANE('',#5521);
#5088=PLANE('',#5522);
#5089=PLANE('',#5523);
#5090=PLANE('',#5524);
#5091=PLANE('',#5525);
#5092=PLANE('',#5526);
#5093=PLANE('',#5527);
#5094=PLANE('',#5528);
#5095=PLANE('',#5529);
#5096=PLANE('',#5530);
#5097=PLANE('',#5531);
#5098=PLANE('',#5532);
#5099=PLANE('',#5533);
#5100=PLANE('',#5534);
#5101=PLANE('',#5535);
#5102=PLANE('',#5536);
#5103=PLANE('',#5537);
#5104=PLANE('',#5538);
#5105=PLANE('',#5539);
#5106=PLANE('',#5540);
#5107=PLANE('',#5541);
#5108=PLANE('',#5542);
#5109=PLANE('',#5543);
#5110=PLANE('',#5544);
#5111=PLANE('',#5545);
#5112=PLANE('',#5546);
#5113=PLANE('',#5547);
#5114=PLANE('',#5548);
#5115=PLANE('',#5549);
#5116=PLANE('',#5550);
#5117=PLANE('',#5551);
#5118=PLANE('',#5552);
#5119=PLANE('',#5553);
#5120=PLANE('',#5554);
#5121=PLANE('',#5555);
#5122=PLANE('',#5556);
#5123=PLANE('',#5557);
#5124=PLANE('',#5558);
#5125=PLANE('',#5559);
#5126=PLANE('',#5560);
#5127=PLANE('',#5561);
#5128=PLANE('',#5562);
#5129=PLANE('',#5563);
#5130=PLANE('',#5564);
#5131=PLANE('',#5565);
#5132=PLANE('',#5566);
#5133=PLANE('',#5567);
#5134=PLANE('',#5568);
#5135=PLANE('',#5569);
#5136=PLANE('',#5570);
#5137=PLANE('',#5571);
#5138=PLANE('',#5572);
#5139=PLANE('',#5573);
#5140=PLANE('',#5574);
#5141=PLANE('',#5575);
#5142=PLANE('',#5576);
#5143=PLANE('',#5577);
#5144=PLANE('',#5578);
#5145=PLANE('',#5579);
#5146=PLANE('',#5580);
#5147=PLANE('',#5581);
#5148=PLANE('',#5582);
#5149=PLANE('',#5583);
#5150=PLANE('',#5584);
#5151=PLANE('',#5585);
#5152=PLANE('',#5586);
#5153=PLANE('',#5587);
#5154=PLANE('',#5588);
#5155=PLANE('',#5589);
#5156=PLANE('',#5590);
#5157=PLANE('',#5591);
#5158=PLANE('',#5592);
#5159=PLANE('',#5593);
#5160=PLANE('',#5594);
#5161=PLANE('',#5595);
#5162=PLANE('',#5596);
#5163=PLANE('',#5597);
#5164=PLANE('',#5598);
#5165=PLANE('',#5599);
#5166=PLANE('',#5600);
#5167=PLANE('',#5601);
#5168=PLANE('',#5602);
#5169=PLANE('',#5603);
#5170=PLANE('',#5604);
#5171=PLANE('',#5605);
#5172=PLANE('',#5606);
#5173=PLANE('',#5607);
#5174=PLANE('',#5608);
#5175=PLANE('',#5609);
#5176=PLANE('',#5610);
#5177=PLANE('',#5615);
#5178=PLANE('',#5616);
#5179=PLANE('',#5617);
#5180=PLANE('',#5618);
#5181=PLANE('',#5619);
#5182=PLANE('',#5620);
#5183=PLANE('',#5621);
#5184=PLANE('',#5622);
#5185=PLANE('',#5623);
#5186=PLANE('',#5626);
#5187=PLANE('',#5630);
#5188=PLANE('',#5634);
#5189=PLANE('',#5638);
#5190=PLANE('',#5640);
#5191=PLANE('',#5641);
#5192=PLANE('',#5642);
#5193=PLANE('',#5645);
#5194=PLANE('',#5646);
#5195=PLANE('',#5653);
#5196=PLANE('',#5654);
#5197=PLANE('',#5655);
#5198=PLANE('',#5656);
#5199=PLANE('',#5657);
#5200=PLANE('',#5658);
#5201=ADVANCED_FACE('',(#563),#5077,.F.);
#5202=ADVANCED_FACE('',(#564),#5078,.F.);
#5203=ADVANCED_FACE('',(#565),#5079,.F.);
#5204=ADVANCED_FACE('',(#566),#5080,.F.);
#5205=ADVANCED_FACE('',(#567),#5081,.F.);
#5206=ADVANCED_FACE('',(#568),#399,.F.);
#5207=ADVANCED_FACE('',(#569),#400,.F.);
#5208=ADVANCED_FACE('',(#570),#401,.F.);
#5209=ADVANCED_FACE('',(#571),#402,.F.);
#5210=ADVANCED_FACE('',(#572),#403,.F.);
#5211=ADVANCED_FACE('',(#573),#404,.F.);
#5212=ADVANCED_FACE('',(#574),#405,.F.);
#5213=ADVANCED_FACE('',(#575),#406,.F.);
#5214=ADVANCED_FACE('',(#576),#407,.F.);
#5215=ADVANCED_FACE('',(#577),#408,.F.);
#5216=ADVANCED_FACE('',(#578),#409,.F.);
#5217=ADVANCED_FACE('',(#579),#410,.F.);
#5218=ADVANCED_FACE('',(#580),#411,.F.);
#5219=ADVANCED_FACE('',(#581),#412,.F.);
#5220=ADVANCED_FACE('',(#582),#413,.F.);
#5221=ADVANCED_FACE('',(#583),#414,.F.);
#5222=ADVANCED_FACE('',(#584),#5082,.F.);
#5223=ADVANCED_FACE('',(#585),#415,.F.);
#5224=ADVANCED_FACE('',(#586),#416,.F.);
#5225=ADVANCED_FACE('',(#587),#417,.F.);
#5226=ADVANCED_FACE('',(#588),#418,.F.);
#5227=ADVANCED_FACE('',(#589),#5083,.F.);
#5228=ADVANCED_FACE('',(#590),#419,.F.);
#5229=ADVANCED_FACE('',(#591),#420,.F.);
#5230=ADVANCED_FACE('',(#592),#421,.F.);
#5231=ADVANCED_FACE('',(#593),#422,.F.);
#5232=ADVANCED_FACE('',(#594),#423,.F.);
#5233=ADVANCED_FACE('',(#595),#424,.F.);
#5234=ADVANCED_FACE('',(#596),#425,.F.);
#5235=ADVANCED_FACE('',(#597),#5084,.F.);
#5236=ADVANCED_FACE('',(#598),#5085,.F.);
#5237=ADVANCED_FACE('',(#599),#5086,.F.);
#5238=ADVANCED_FACE('',(#600),#5087,.F.);
#5239=ADVANCED_FACE('',(#601,#39),#5088,.T.);
#5240=ADVANCED_FACE('',(#602),#5089,.F.);
#5241=ADVANCED_FACE('',(#603),#5090,.F.);
#5242=ADVANCED_FACE('',(#604),#5091,.F.);
#5243=ADVANCED_FACE('',(#605),#5092,.F.);
#5244=ADVANCED_FACE('',(#606),#5093,.F.);
#5245=ADVANCED_FACE('',(#607),#5094,.F.);
#5246=ADVANCED_FACE('',(#608),#5095,.F.);
#5247=ADVANCED_FACE('',(#609),#5096,.F.);
#5248=ADVANCED_FACE('',(#610),#5097,.F.);
#5249=ADVANCED_FACE('',(#611),#5098,.F.);
#5250=ADVANCED_FACE('',(#612),#5099,.F.);
#5251=ADVANCED_FACE('',(#613),#5100,.F.);
#5252=ADVANCED_FACE('',(#614),#5101,.F.);
#5253=ADVANCED_FACE('',(#615),#5102,.F.);
#5254=ADVANCED_FACE('',(#616),#426,.F.);
#5255=ADVANCED_FACE('',(#617),#427,.F.);
#5256=ADVANCED_FACE('',(#618),#428,.F.);
#5257=ADVANCED_FACE('',(#619),#429,.F.);
#5258=ADVANCED_FACE('',(#620),#430,.F.);
#5259=ADVANCED_FACE('',(#621),#431,.F.);
#5260=ADVANCED_FACE('',(#622),#432,.F.);
#5261=ADVANCED_FACE('',(#623),#433,.F.);
#5262=ADVANCED_FACE('',(#624),#5103,.F.);
#5263=ADVANCED_FACE('',(#625),#434,.F.);
#5264=ADVANCED_FACE('',(#626),#435,.F.);
#5265=ADVANCED_FACE('',(#627),#436,.F.);
#5266=ADVANCED_FACE('',(#628),#437,.F.);
#5267=ADVANCED_FACE('',(#629),#438,.F.);
#5268=ADVANCED_FACE('',(#630),#439,.F.);
#5269=ADVANCED_FACE('',(#631),#440,.F.);
#5270=ADVANCED_FACE('',(#632),#441,.F.);
#5271=ADVANCED_FACE('',(#633),#5104,.F.);
#5272=ADVANCED_FACE('',(#634),#5105,.F.);
#5273=ADVANCED_FACE('',(#635),#5106,.F.);
#5274=ADVANCED_FACE('',(#636),#5107,.F.);
#5275=ADVANCED_FACE('',(#637,#40),#5108,.T.);
#5276=ADVANCED_FACE('',(#638),#5109,.F.);
#5277=ADVANCED_FACE('',(#639),#5110,.F.);
#5278=ADVANCED_FACE('',(#640),#5111,.F.);
#5279=ADVANCED_FACE('',(#641),#5112,.F.);
#5280=ADVANCED_FACE('',(#642),#5113,.F.);
#5281=ADVANCED_FACE('',(#643),#442,.F.);
#5282=ADVANCED_FACE('',(#644),#443,.F.);
#5283=ADVANCED_FACE('',(#645),#444,.F.);
#5284=ADVANCED_FACE('',(#646),#445,.F.);
#5285=ADVANCED_FACE('',(#647),#5114,.F.);
#5286=ADVANCED_FACE('',(#648),#446,.F.);
#5287=ADVANCED_FACE('',(#649),#447,.F.);
#5288=ADVANCED_FACE('',(#650),#448,.F.);
#5289=ADVANCED_FACE('',(#651),#5115,.F.);
#5290=ADVANCED_FACE('',(#652),#5116,.F.);
#5291=ADVANCED_FACE('',(#653),#5117,.F.);
#5292=ADVANCED_FACE('',(#654),#5118,.F.);
#5293=ADVANCED_FACE('',(#655),#5119,.F.);
#5294=ADVANCED_FACE('',(#656),#5120,.F.);
#5295=ADVANCED_FACE('',(#657),#5121,.T.);
#5296=ADVANCED_FACE('',(#658),#5122,.F.);
#5297=ADVANCED_FACE('',(#659),#5123,.F.);
#5298=ADVANCED_FACE('',(#660),#449,.F.);
#5299=ADVANCED_FACE('',(#661),#450,.F.);
#5300=ADVANCED_FACE('',(#662),#451,.F.);
#5301=ADVANCED_FACE('',(#663),#452,.F.);
#5302=ADVANCED_FACE('',(#664),#5124,.F.);
#5303=ADVANCED_FACE('',(#665),#5125,.F.);
#5304=ADVANCED_FACE('',(#666),#5126,.F.);
#5305=ADVANCED_FACE('',(#667),#453,.F.);
#5306=ADVANCED_FACE('',(#668),#454,.F.);
#5307=ADVANCED_FACE('',(#669),#455,.F.);
#5308=ADVANCED_FACE('',(#670),#456,.F.);
#5309=ADVANCED_FACE('',(#671),#5127,.F.);
#5310=ADVANCED_FACE('',(#672),#5128,.F.);
#5311=ADVANCED_FACE('',(#673),#5129,.F.);
#5312=ADVANCED_FACE('',(#674),#5130,.T.);
#5313=ADVANCED_FACE('',(#675),#457,.F.);
#5314=ADVANCED_FACE('',(#676),#458,.F.);
#5315=ADVANCED_FACE('',(#677),#459,.F.);
#5316=ADVANCED_FACE('',(#678),#460,.F.);
#5317=ADVANCED_FACE('',(#679),#461,.F.);
#5318=ADVANCED_FACE('',(#680),#462,.F.);
#5319=ADVANCED_FACE('',(#681),#463,.F.);
#5320=ADVANCED_FACE('',(#682),#464,.F.);
#5321=ADVANCED_FACE('',(#683),#5131,.F.);
#5322=ADVANCED_FACE('',(#684),#465,.F.);
#5323=ADVANCED_FACE('',(#685),#466,.F.);
#5324=ADVANCED_FACE('',(#686),#467,.F.);
#5325=ADVANCED_FACE('',(#687),#468,.F.);
#5326=ADVANCED_FACE('',(#688),#469,.F.);
#5327=ADVANCED_FACE('',(#689),#470,.F.);
#5328=ADVANCED_FACE('',(#690),#471,.F.);
#5329=ADVANCED_FACE('',(#691),#472,.F.);
#5330=ADVANCED_FACE('',(#692),#473,.F.);
#5331=ADVANCED_FACE('',(#693),#474,.F.);
#5332=ADVANCED_FACE('',(#694),#475,.F.);
#5333=ADVANCED_FACE('',(#695),#476,.F.);
#5334=ADVANCED_FACE('',(#696),#477,.F.);
#5335=ADVANCED_FACE('',(#697),#5132,.F.);
#5336=ADVANCED_FACE('',(#698),#478,.F.);
#5337=ADVANCED_FACE('',(#699),#479,.F.);
#5338=ADVANCED_FACE('',(#700),#5133,.F.);
#5339=ADVANCED_FACE('',(#701),#480,.F.);
#5340=ADVANCED_FACE('',(#702),#481,.F.);
#5341=ADVANCED_FACE('',(#703),#482,.F.);
#5342=ADVANCED_FACE('',(#704),#483,.F.);
#5343=ADVANCED_FACE('',(#705),#484,.F.);
#5344=ADVANCED_FACE('',(#706),#485,.F.);
#5345=ADVANCED_FACE('',(#707),#486,.F.);
#5346=ADVANCED_FACE('',(#708),#487,.F.);
#5347=ADVANCED_FACE('',(#709),#5134,.F.);
#5348=ADVANCED_FACE('',(#710),#488,.F.);
#5349=ADVANCED_FACE('',(#711,#41),#5135,.T.);
#5350=ADVANCED_FACE('',(#712),#5136,.F.);
#5351=ADVANCED_FACE('',(#713),#489,.F.);
#5352=ADVANCED_FACE('',(#714),#490,.F.);
#5353=ADVANCED_FACE('',(#715),#491,.F.);
#5354=ADVANCED_FACE('',(#716),#492,.F.);
#5355=ADVANCED_FACE('',(#717),#5137,.F.);
#5356=ADVANCED_FACE('',(#718),#5138,.F.);
#5357=ADVANCED_FACE('',(#719),#5139,.F.);
#5358=ADVANCED_FACE('',(#720),#5140,.F.);
#5359=ADVANCED_FACE('',(#721),#5141,.F.);
#5360=ADVANCED_FACE('',(#722),#493,.F.);
#5361=ADVANCED_FACE('',(#723),#494,.F.);
#5362=ADVANCED_FACE('',(#724),#495,.F.);
#5363=ADVANCED_FACE('',(#725),#496,.F.);
#5364=ADVANCED_FACE('',(#726),#5142,.F.);
#5365=ADVANCED_FACE('',(#727),#5143,.F.);
#5366=ADVANCED_FACE('',(#728,#42),#5144,.T.);
#5367=ADVANCED_FACE('',(#729),#497,.F.);
#5368=ADVANCED_FACE('',(#730),#498,.F.);
#5369=ADVANCED_FACE('',(#731),#499,.F.);
#5370=ADVANCED_FACE('',(#732),#500,.F.);
#5371=ADVANCED_FACE('',(#733),#501,.F.);
#5372=ADVANCED_FACE('',(#734),#502,.F.);
#5373=ADVANCED_FACE('',(#735),#503,.F.);
#5374=ADVANCED_FACE('',(#736),#5145,.F.);
#5375=ADVANCED_FACE('',(#737),#504,.F.);
#5376=ADVANCED_FACE('',(#738),#505,.F.);
#5377=ADVANCED_FACE('',(#739),#506,.F.);
#5378=ADVANCED_FACE('',(#740),#507,.F.);
#5379=ADVANCED_FACE('',(#741),#508,.F.);
#5380=ADVANCED_FACE('',(#742),#509,.F.);
#5381=ADVANCED_FACE('',(#743),#510,.F.);
#5382=ADVANCED_FACE('',(#744),#511,.F.);
#5383=ADVANCED_FACE('',(#745),#512,.F.);
#5384=ADVANCED_FACE('',(#746),#513,.F.);
#5385=ADVANCED_FACE('',(#747),#514,.F.);
#5386=ADVANCED_FACE('',(#748),#515,.F.);
#5387=ADVANCED_FACE('',(#749),#516,.F.);
#5388=ADVANCED_FACE('',(#750),#5146,.F.);
#5389=ADVANCED_FACE('',(#751),#517,.F.);
#5390=ADVANCED_FACE('',(#752),#5147,.T.);
#5391=ADVANCED_FACE('',(#753),#5148,.F.);
#5392=ADVANCED_FACE('',(#754),#5149,.F.);
#5393=ADVANCED_FACE('',(#755),#5150,.F.);
#5394=ADVANCED_FACE('',(#756),#5151,.F.);
#5395=ADVANCED_FACE('',(#757),#5152,.F.);
#5396=ADVANCED_FACE('',(#758),#5153,.F.);
#5397=ADVANCED_FACE('',(#759),#5154,.F.);
#5398=ADVANCED_FACE('',(#760),#5155,.F.);
#5399=ADVANCED_FACE('',(#761),#5156,.F.);
#5400=ADVANCED_FACE('',(#762),#5157,.F.);
#5401=ADVANCED_FACE('',(#763),#518,.F.);
#5402=ADVANCED_FACE('',(#764),#519,.F.);
#5403=ADVANCED_FACE('',(#765),#520,.F.);
#5404=ADVANCED_FACE('',(#766),#521,.F.);
#5405=ADVANCED_FACE('',(#767),#522,.F.);
#5406=ADVANCED_FACE('',(#768),#523,.F.);
#5407=ADVANCED_FACE('',(#769),#524,.F.);
#5408=ADVANCED_FACE('',(#770),#525,.F.);
#5409=ADVANCED_FACE('',(#771),#526,.F.);
#5410=ADVANCED_FACE('',(#772),#527,.F.);
#5411=ADVANCED_FACE('',(#773),#528,.F.);
#5412=ADVANCED_FACE('',(#774),#529,.F.);
#5413=ADVANCED_FACE('',(#775),#530,.F.);
#5414=ADVANCED_FACE('',(#776),#5158,.F.);
#5415=ADVANCED_FACE('',(#777),#531,.F.);
#5416=ADVANCED_FACE('',(#778),#532,.F.);
#5417=ADVANCED_FACE('',(#779),#533,.F.);
#5418=ADVANCED_FACE('',(#780),#534,.F.);
#5419=ADVANCED_FACE('',(#781),#535,.F.);
#5420=ADVANCED_FACE('',(#782),#536,.F.);
#5421=ADVANCED_FACE('',(#783),#537,.F.);
#5422=ADVANCED_FACE('',(#784),#538,.F.);
#5423=ADVANCED_FACE('',(#785),#539,.F.);
#5424=ADVANCED_FACE('',(#786),#540,.F.);
#5425=ADVANCED_FACE('',(#787),#541,.F.);
#5426=ADVANCED_FACE('',(#788),#542,.F.);
#5427=ADVANCED_FACE('',(#789),#543,.F.);
#5428=ADVANCED_FACE('',(#790),#5159,.F.);
#5429=ADVANCED_FACE('',(#791),#544,.F.);
#5430=ADVANCED_FACE('',(#792),#5160,.T.);
#5431=ADVANCED_FACE('',(#793),#5161,.F.);
#5432=ADVANCED_FACE('',(#794),#5162,.F.);
#5433=ADVANCED_FACE('',(#795),#5163,.F.);
#5434=ADVANCED_FACE('',(#796),#5164,.F.);
#5435=ADVANCED_FACE('',(#797),#5165,.F.);
#5436=ADVANCED_FACE('',(#798),#5166,.F.);
#5437=ADVANCED_FACE('',(#799),#545,.F.);
#5438=ADVANCED_FACE('',(#800),#546,.F.);
#5439=ADVANCED_FACE('',(#801),#547,.F.);
#5440=ADVANCED_FACE('',(#802),#548,.F.);
#5441=ADVANCED_FACE('',(#803),#5167,.F.);
#5442=ADVANCED_FACE('',(#804),#5168,.F.);
#5443=ADVANCED_FACE('',(#805),#5169,.F.);
#5444=ADVANCED_FACE('',(#806),#549,.F.);
#5445=ADVANCED_FACE('',(#807),#550,.F.);
#5446=ADVANCED_FACE('',(#808),#551,.F.);
#5447=ADVANCED_FACE('',(#809),#552,.F.);
#5448=ADVANCED_FACE('',(#810),#5170,.F.);
#5449=ADVANCED_FACE('',(#811),#5171,.F.);
#5450=ADVANCED_FACE('',(#812),#5172,.F.);
#5451=ADVANCED_FACE('',(#813),#553,.F.);
#5452=ADVANCED_FACE('',(#814),#554,.F.);
#5453=ADVANCED_FACE('',(#815),#555,.F.);
#5454=ADVANCED_FACE('',(#816),#556,.F.);
#5455=ADVANCED_FACE('',(#817),#557,.F.);
#5456=ADVANCED_FACE('',(#818),#558,.F.);
#5457=ADVANCED_FACE('',(#819),#559,.F.);
#5458=ADVANCED_FACE('',(#820),#560,.F.);
#5459=ADVANCED_FACE('',(#821),#561,.F.);
#5460=ADVANCED_FACE('',(#822),#562,.F.);
#5461=ADVANCED_FACE('',(#823),#5173,.F.);
#5462=ADVANCED_FACE('',(#824),#5174,.F.);
#5463=ADVANCED_FACE('',(#825,#43,#44),#5175,.T.);
#5464=ADVANCED_FACE('',(#826,#45,#46,#47,#48,#49,#50,#51,#52,#53,#54,#55,
#56,#57,#58,#59,#60,#61,#62),#5176,.T.);
#5465=ADVANCED_FACE('',(#827),#5177,.T.);
#5466=ADVANCED_FACE('',(#828),#5178,.T.);
#5467=ADVANCED_FACE('',(#829),#5179,.T.);
#5468=ADVANCED_FACE('',(#830),#5180,.T.);
#5469=ADVANCED_FACE('',(#831),#5181,.T.);
#5470=ADVANCED_FACE('',(#832),#5182,.F.);
#5471=ADVANCED_FACE('',(#833),#5183,.F.);
#5472=ADVANCED_FACE('',(#834),#5184,.F.);
#5473=ADVANCED_FACE('',(#835),#5185,.T.);
#5474=ADVANCED_FACE('',(#836),#15,.F.);
#5475=ADVANCED_FACE('',(#837,#63),#5186,.T.);
#5476=ADVANCED_FACE('',(#838),#16,.F.);
#5477=ADVANCED_FACE('',(#839,#64),#5187,.T.);
#5478=ADVANCED_FACE('',(#840),#17,.F.);
#5479=ADVANCED_FACE('',(#841,#65),#5188,.T.);
#5480=ADVANCED_FACE('',(#842),#18,.F.);
#5481=ADVANCED_FACE('',(#843,#66),#5189,.T.);
#5482=ADVANCED_FACE('',(#844),#5190,.T.);
#5483=ADVANCED_FACE('',(#845),#5191,.T.);
#5484=ADVANCED_FACE('',(#846),#5192,.T.);
#5485=ADVANCED_FACE('',(#847),#19,.F.);
#5486=ADVANCED_FACE('',(#848),#5193,.T.);
#5487=ADVANCED_FACE('',(#849),#5194,.T.);
#5488=ADVANCED_FACE('',(#850),#20,.F.);
#5489=ADVANCED_FACE('',(#851),#21,.F.);
#5490=ADVANCED_FACE('',(#852),#22,.F.);
#5491=ADVANCED_FACE('',(#853),#5195,.T.);
#5492=ADVANCED_FACE('',(#854),#5196,.T.);
#5493=ADVANCED_FACE('',(#855),#5197,.T.);
#5494=ADVANCED_FACE('',(#856),#5198,.T.);
#5495=ADVANCED_FACE('',(#857),#5199,.T.);
#5496=ADVANCED_FACE('',(#858,#67,#68,#69,#70),#5200,.F.);
#5497=CLOSED_SHELL('',(#5201,#5202,#5203,#5204,#5205,#5206,#5207,#5208,
#5209,#5210,#5211,#5212,#5213,#5214,#5215,#5216,#5217,#5218,#5219,#5220,
#5221,#5222,#5223,#5224,#5225,#5226,#5227,#5228,#5229,#5230,#5231,#5232,
#5233,#5234,#5235,#5236,#5237,#5238,#5239,#5240,#5241,#5242,#5243,#5244,
#5245,#5246,#5247,#5248,#5249,#5250,#5251,#5252,#5253,#5254,#5255,#5256,
#5257,#5258,#5259,#5260,#5261,#5262,#5263,#5264,#5265,#5266,#5267,#5268,
#5269,#5270,#5271,#5272,#5273,#5274,#5275,#5276,#5277,#5278,#5279,#5280,
#5281,#5282,#5283,#5284,#5285,#5286,#5287,#5288,#5289,#5290,#5291,#5292,
#5293,#5294,#5295,#5296,#5297,#5298,#5299,#5300,#5301,#5302,#5303,#5304,
#5305,#5306,#5307,#5308,#5309,#5310,#5311,#5312,#5313,#5314,#5315,#5316,
#5317,#5318,#5319,#5320,#5321,#5322,#5323,#5324,#5325,#5326,#5327,#5328,
#5329,#5330,#5331,#5332,#5333,#5334,#5335,#5336,#5337,#5338,#5339,#5340,
#5341,#5342,#5343,#5344,#5345,#5346,#5347,#5348,#5349,#5350,#5351,#5352,
#5353,#5354,#5355,#5356,#5357,#5358,#5359,#5360,#5361,#5362,#5363,#5364,
#5365,#5366,#5367,#5368,#5369,#5370,#5371,#5372,#5373,#5374,#5375,#5376,
#5377,#5378,#5379,#5380,#5381,#5382,#5383,#5384,#5385,#5386,#5387,#5388,
#5389,#5390,#5391,#5392,#5393,#5394,#5395,#5396,#5397,#5398,#5399,#5400,
#5401,#5402,#5403,#5404,#5405,#5406,#5407,#5408,#5409,#5410,#5411,#5412,
#5413,#5414,#5415,#5416,#5417,#5418,#5419,#5420,#5421,#5422,#5423,#5424,
#5425,#5426,#5427,#5428,#5429,#5430,#5431,#5432,#5433,#5434,#5435,#5436,
#5437,#5438,#5439,#5440,#5441,#5442,#5443,#5444,#5445,#5446,#5447,#5448,
#5449,#5450,#5451,#5452,#5453,#5454,#5455,#5456,#5457,#5458,#5459,#5460,
#5461,#5462,#5463,#5464,#5465,#5466,#5467,#5468,#5469,#5470,#5471,#5472,
#5473,#5474,#5475,#5476,#5477,#5478,#5479,#5480,#5481,#5482,#5483,#5484,
#5485,#5486,#5487,#5488,#5489,#5490,#5491,#5492,#5493,#5494,#5495,#5496));
#5498=DERIVED_UNIT_ELEMENT(#5500,1.);
#5499=DERIVED_UNIT_ELEMENT(#10857,-3.);
#5500=(
MASS_UNIT()
NAMED_UNIT(*)
SI_UNIT(.KILO.,.GRAM.)
);
#5501=DERIVED_UNIT((#5498,#5499));
#5502=MEASURE_REPRESENTATION_ITEM('density measure',
POSITIVE_RATIO_MEASURE(7850.),#5501);
#5503=PROPERTY_DEFINITION_REPRESENTATION(#5508,#5505);
#5504=PROPERTY_DEFINITION_REPRESENTATION(#5509,#5506);
#5505=REPRESENTATION('material name',(#5507),#10854);
#5506=REPRESENTATION('density',(#5502),#10854);
#5507=DESCRIPTIVE_REPRESENTATION_ITEM('Steel','Steel');
#5508=PROPERTY_DEFINITION('material property','material name',#10864);
#5509=PROPERTY_DEFINITION('material property','density of part',#10864);
#5510=AXIS2_PLACEMENT_3D('',#6421,#5659,#5660);
#5511=AXIS2_PLACEMENT_3D('',#6422,#5661,#5662);
#5512=AXIS2_PLACEMENT_3D('',#6431,#5667,#5668);
#5513=AXIS2_PLACEMENT_3D('',#6437,#5672,#5673);
#5514=AXIS2_PLACEMENT_3D('',#6443,#5677,#5678);
#5515=AXIS2_PLACEMENT_3D('',#6446,#5681,#5682);
#5516=AXIS2_PLACEMENT_3D('',#6818,#5700,#5701);
#5517=AXIS2_PLACEMENT_3D('',#6916,#5709,#5710);
#5518=AXIS2_PLACEMENT_3D('',#7083,#5721,#5722);
#5519=AXIS2_PLACEMENT_3D('',#7089,#5726,#5727);
#5520=AXIS2_PLACEMENT_3D('',#7095,#5731,#5732);
#5521=AXIS2_PLACEMENT_3D('',#7101,#5736,#5737);
#5522=AXIS2_PLACEMENT_3D('',#7104,#5740,#5741);
#5523=AXIS2_PLACEMENT_3D('',#7105,#5742,#5743);
#5524=AXIS2_PLACEMENT_3D('',#7114,#5748,#5749);
#5525=AXIS2_PLACEMENT_3D('',#7120,#5753,#5754);
#5526=AXIS2_PLACEMENT_3D('',#7126,#5758,#5759);
#5527=AXIS2_PLACEMENT_3D('',#7132,#5763,#5764);
#5528=AXIS2_PLACEMENT_3D('',#7138,#5768,#5769);
#5529=AXIS2_PLACEMENT_3D('',#7144,#5773,#5774);
#5530=AXIS2_PLACEMENT_3D('',#7150,#5778,#5779);
#5531=AXIS2_PLACEMENT_3D('',#7156,#5783,#5784);
#5532=AXIS2_PLACEMENT_3D('',#7162,#5788,#5789);
#5533=AXIS2_PLACEMENT_3D('',#7168,#5793,#5794);
#5534=AXIS2_PLACEMENT_3D('',#7174,#5798,#5799);
#5535=AXIS2_PLACEMENT_3D('',#7180,#5803,#5804);
#5536=AXIS2_PLACEMENT_3D('',#7183,#5807,#5808);
#5537=AXIS2_PLACEMENT_3D('',#7368,#5817,#5818);
#5538=AXIS2_PLACEMENT_3D('',#7561,#5831,#5832);
#5539=AXIS2_PLACEMENT_3D('',#7567,#5836,#5837);
#5540=AXIS2_PLACEMENT_3D('',#7573,#5841,#5842);
#5541=AXIS2_PLACEMENT_3D('',#7579,#5846,#5847);
#5542=AXIS2_PLACEMENT_3D('',#7582,#5850,#5851);
#5543=AXIS2_PLACEMENT_3D('',#7583,#5852,#5853);
#5544=AXIS2_PLACEMENT_3D('',#7592,#5858,#5859);
#5545=AXIS2_PLACEMENT_3D('',#7598,#5863,#5864);
#5546=AXIS2_PLACEMENT_3D('',#7604,#5868,#5869);
#5547=AXIS2_PLACEMENT_3D('',#7610,#5873,#5874);
#5548=AXIS2_PLACEMENT_3D('',#7708,#5882,#5883);
#5549=AXIS2_PLACEMENT_3D('',#7783,#5890,#5891);
#5550=AXIS2_PLACEMENT_3D('',#7789,#5895,#5896);
#5551=AXIS2_PLACEMENT_3D('',#7795,#5900,#5901);
#5552=AXIS2_PLACEMENT_3D('',#7801,#5905,#5906);
#5553=AXIS2_PLACEMENT_3D('',#7807,#5910,#5911);
#5554=AXIS2_PLACEMENT_3D('',#7813,#5915,#5916);
#5555=AXIS2_PLACEMENT_3D('',#7816,#5919,#5920);
#5556=AXIS2_PLACEMENT_3D('',#7817,#5921,#5922);
#5557=AXIS2_PLACEMENT_3D('',#7826,#5927,#5928);
#5558=AXIS2_PLACEMENT_3D('',#7924,#5936,#5937);
#5559=AXIS2_PLACEMENT_3D('',#7930,#5941,#5942);
#5560=AXIS2_PLACEMENT_3D('',#7936,#5946,#5947);
#5561=AXIS2_PLACEMENT_3D('',#8034,#5955,#5956);
#5562=AXIS2_PLACEMENT_3D('',#8040,#5960,#5961);
#5563=AXIS2_PLACEMENT_3D('',#8046,#5965,#5966);
#5564=AXIS2_PLACEMENT_3D('',#8049,#5969,#5970);
#5565=AXIS2_PLACEMENT_3D('',#8237,#5980,#5981);
#5566=AXIS2_PLACEMENT_3D('',#8542,#5998,#5999);
#5567=AXIS2_PLACEMENT_3D('',#8594,#6005,#6006);
#5568=AXIS2_PLACEMENT_3D('',#8784,#6018,#6019);
#5569=AXIS2_PLACEMENT_3D('',#8810,#6023,#6024);
#5570=AXIS2_PLACEMENT_3D('',#8811,#6025,#6026);
#5571=AXIS2_PLACEMENT_3D('',#8912,#6035,#6036);
#5572=AXIS2_PLACEMENT_3D('',#8918,#6040,#6041);
#5573=AXIS2_PLACEMENT_3D('',#8921,#6044,#6045);
#5574=AXIS2_PLACEMENT_3D('',#8930,#6050,#6051);
#5575=AXIS2_PLACEMENT_3D('',#8936,#6055,#6056);
#5576=AXIS2_PLACEMENT_3D('',#9034,#6064,#6065);
#5577=AXIS2_PLACEMENT_3D('',#9040,#6069,#6070);
#5578=AXIS2_PLACEMENT_3D('',#9043,#6073,#6074);
#5579=AXIS2_PLACEMENT_3D('',#9208,#6083,#6084);
#5580=AXIS2_PLACEMENT_3D('',#9513,#6101,#6102);
#5581=AXIS2_PLACEMENT_3D('',#9539,#6106,#6107);
#5582=AXIS2_PLACEMENT_3D('',#9540,#6108,#6109);
#5583=AXIS2_PLACEMENT_3D('',#9549,#6114,#6115);
#5584=AXIS2_PLACEMENT_3D('',#9555,#6119,#6120);
#5585=AXIS2_PLACEMENT_3D('',#9561,#6124,#6125);
#5586=AXIS2_PLACEMENT_3D('',#9564,#6128,#6129);
#5587=AXIS2_PLACEMENT_3D('',#9565,#6130,#6131);
#5588=AXIS2_PLACEMENT_3D('',#9574,#6136,#6137);
#5589=AXIS2_PLACEMENT_3D('',#9580,#6141,#6142);
#5590=AXIS2_PLACEMENT_3D('',#9586,#6146,#6147);
#5591=AXIS2_PLACEMENT_3D('',#9589,#6150,#6151);
#5592=AXIS2_PLACEMENT_3D('',#9892,#6166,#6167);
#5593=AXIS2_PLACEMENT_3D('',#10197,#6184,#6185);
#5594=AXIS2_PLACEMENT_3D('',#10223,#6189,#6190);
#5595=AXIS2_PLACEMENT_3D('',#10224,#6191,#6192);
#5596=AXIS2_PLACEMENT_3D('',#10233,#6197,#6198);
#5597=AXIS2_PLACEMENT_3D('',#10239,#6202,#6203);
#5598=AXIS2_PLACEMENT_3D('',#10245,#6207,#6208);
#5599=AXIS2_PLACEMENT_3D('',#10248,#6211,#6212);
#5600=AXIS2_PLACEMENT_3D('',#10249,#6213,#6214);
#5601=AXIS2_PLACEMENT_3D('',#10350,#6223,#6224);
#5602=AXIS2_PLACEMENT_3D('',#10356,#6228,#6229);
#5603=AXIS2_PLACEMENT_3D('',#10359,#6232,#6233);
#5604=AXIS2_PLACEMENT_3D('',#10460,#6242,#6243);
#5605=AXIS2_PLACEMENT_3D('',#10466,#6247,#6248);
#5606=AXIS2_PLACEMENT_3D('',#10469,#6251,#6252);
#5607=AXIS2_PLACEMENT_3D('',#10708,#6267,#6268);
#5608=AXIS2_PLACEMENT_3D('',#10714,#6272,#6273);
#5609=AXIS2_PLACEMENT_3D('',#10717,#6276,#6277);
#5610=AXIS2_PLACEMENT_3D('',#10718,#6278,#6279);
#5611=AXIS2_PLACEMENT_3D('',#10728,#6284,#6285);
#5612=AXIS2_PLACEMENT_3D('',#10730,#6286,#6287);
#5613=AXIS2_PLACEMENT_3D('',#10732,#6288,#6289);
#5614=AXIS2_PLACEMENT_3D('',#10734,#6290,#6291);
#5615=AXIS2_PLACEMENT_3D('',#10735,#6292,#6293);
#5616=AXIS2_PLACEMENT_3D('',#10736,#6294,#6295);
#5617=AXIS2_PLACEMENT_3D('',#10737,#6296,#6297);
#5618=AXIS2_PLACEMENT_3D('',#10738,#6298,#6299);
#5619=AXIS2_PLACEMENT_3D('',#10739,#6300,#6301);
#5620=AXIS2_PLACEMENT_3D('',#10740,#6302,#6303);
#5621=AXIS2_PLACEMENT_3D('',#10749,#6308,#6309);
#5622=AXIS2_PLACEMENT_3D('',#10758,#6314,#6315);
#5623=AXIS2_PLACEMENT_3D('',#10761,#6318,#6319);
#5624=AXIS2_PLACEMENT_3D('',#10767,#6323,#6324);
#5625=AXIS2_PLACEMENT_3D('',#10770,#6326,#6327);
#5626=AXIS2_PLACEMENT_3D('',#10771,#6328,#6329);
#5627=AXIS2_PLACEMENT_3D('',#10773,#6330,#6331);
#5628=AXIS2_PLACEMENT_3D('',#10774,#6332,#6333);
#5629=AXIS2_PLACEMENT_3D('',#10777,#6335,#6336);
#5630=AXIS2_PLACEMENT_3D('',#10778,#6337,#6338);
#5631=AXIS2_PLACEMENT_3D('',#10780,#6339,#6340);
#5632=AXIS2_PLACEMENT_3D('',#10781,#6341,#6342);
#5633=AXIS2_PLACEMENT_3D('',#10784,#6344,#6345);
#5634=AXIS2_PLACEMENT_3D('',#10785,#6346,#6347);
#5635=AXIS2_PLACEMENT_3D('',#10787,#6348,#6349);
#5636=AXIS2_PLACEMENT_3D('',#10788,#6350,#6351);
#5637=AXIS2_PLACEMENT_3D('',#10791,#6353,#6354);
#5638=AXIS2_PLACEMENT_3D('',#10792,#6355,#6356);
#5639=AXIS2_PLACEMENT_3D('',#10794,#6357,#6358);
#5640=AXIS2_PLACEMENT_3D('',#10795,#6359,#6360);
#5641=AXIS2_PLACEMENT_3D('',#10803,#6365,#6366);
#5642=AXIS2_PLACEMENT_3D('',#10809,#6370,#6371);
#5643=AXIS2_PLACEMENT_3D('',#10811,#6373,#6374);
#5644=AXIS2_PLACEMENT_3D('',#10814,#6376,#6377);
#5645=AXIS2_PLACEMENT_3D('',#10815,#6378,#6379);
#5646=AXIS2_PLACEMENT_3D('',#10819,#6382,#6383);
#5647=AXIS2_PLACEMENT_3D('',#10821,#6385,#6386);
#5648=AXIS2_PLACEMENT_3D('',#10824,#6388,#6389);
#5649=AXIS2_PLACEMENT_3D('',#10825,#6390,#6391);
#5650=AXIS2_PLACEMENT_3D('',#10828,#6393,#6394);
#5651=AXIS2_PLACEMENT_3D('',#10829,#6395,#6396);
#5652=AXIS2_PLACEMENT_3D('',#10832,#6398,#6399);
#5653=AXIS2_PLACEMENT_3D('',#10833,#6400,#6401);
#5654=AXIS2_PLACEMENT_3D('',#10839,#6405,#6406);
#5655=AXIS2_PLACEMENT_3D('',#10843,#6409,#6410);
#5656=AXIS2_PLACEMENT_3D('',#10847,#6413,#6414);
#5657=AXIS2_PLACEMENT_3D('',#10850,#6417,#6418);
#5658=AXIS2_PLACEMENT_3D('',#10851,#6419,#6420);
#5659=DIRECTION('axis',(0.,0.,1.));
#5660=DIRECTION('refdir',(1.,0.,0.));
#5661=DIRECTION('center_axis',(-0.00425858360438955,0.99999093219173,0.));
#5662=DIRECTION('ref_axis',(0.99999093219173,0.00425858360438955,0.));
#5663=DIRECTION('',(0.99999093219173,0.00425858360438955,0.));
#5664=DIRECTION('',(0.,0.,-1.));
#5665=DIRECTION('',(0.99999093219173,0.00425858360438955,0.));
#5666=DIRECTION('',(0.,0.,-1.));
#5667=DIRECTION('center_axis',(-0.99999093219173,-0.00425858360439015,0.));
#5668=DIRECTION('ref_axis',(-0.00425858360439015,0.99999093219173,0.));
#5669=DIRECTION('',(-0.00425858360439015,0.99999093219173,0.));
#5670=DIRECTION('',(0.,0.,-1.));
#5671=DIRECTION('',(-0.00425858360439015,0.99999093219173,0.));
#5672=DIRECTION('center_axis',(0.00425858360438955,-0.99999093219173,0.));
#5673=DIRECTION('ref_axis',(-0.99999093219173,-0.00425858360438955,0.));
#5674=DIRECTION('',(-0.99999093219173,-0.00425858360438955,0.));
#5675=DIRECTION('',(0.,0.,-1.));
#5676=DIRECTION('',(-0.99999093219173,-0.00425858360438955,0.));
#5677=DIRECTION('center_axis',(0.99999093219173,0.00425858360439015,0.));
#5678=DIRECTION('ref_axis',(0.00425858360439015,-0.99999093219173,0.));
#5679=DIRECTION('',(0.00425858360439015,-0.99999093219173,0.));
#5680=DIRECTION('',(0.00425858360439015,-0.99999093219173,0.));
#5681=DIRECTION('center_axis',(0.,0.,-1.));
#5682=DIRECTION('ref_axis',(-1.,0.,0.));
#5683=DIRECTION('',(0.,0.,-1.));
#5684=DIRECTION('',(0.,0.,-1.));
#5685=DIRECTION('',(0.,0.,-1.));
#5686=DIRECTION('',(0.,0.,-1.));
#5687=DIRECTION('',(0.,0.,-1.));
#5688=DIRECTION('',(0.,0.,-1.));
#5689=DIRECTION('',(0.,0.,-1.));
#5690=DIRECTION('',(0.,0.,-1.));
#5691=DIRECTION('',(0.,0.,-1.));
#5692=DIRECTION('',(0.,0.,-1.));
#5693=DIRECTION('',(0.,0.,-1.));
#5694=DIRECTION('',(0.,0.,-1.));
#5695=DIRECTION('',(0.,0.,-1.));
#5696=DIRECTION('',(0.,0.,-1.));
#5697=DIRECTION('',(0.,0.,-1.));
#5698=DIRECTION('',(0.,0.,-1.));
#5699=DIRECTION('',(0.,0.,-1.));
#5700=DIRECTION('center_axis',(0.99999093219173,0.00425858360439317,0.));
#5701=DIRECTION('ref_axis',(0.00425858360439317,-0.99999093219173,0.));
#5702=DIRECTION('',(0.00425858360439317,-0.99999093219173,0.));
#5703=DIRECTION('',(0.,0.,-1.));
#5704=DIRECTION('',(0.00425858360439317,-0.99999093219173,0.));
#5705=DIRECTION('',(0.,0.,-1.));
#5706=DIRECTION('',(0.,0.,-1.));
#5707=DIRECTION('',(0.,0.,-1.));
#5708=DIRECTION('',(0.,0.,-1.));
#5709=DIRECTION('center_axis',(-0.108959585520207,-0.994046180377584,0.));
#5710=DIRECTION('ref_axis',(-0.994046180377584,0.108959585520207,0.));
#5711=DIRECTION('',(-0.994046180377584,0.108959585520207,0.));
#5712=DIRECTION('',(0.,0.,-1.));
#5713=DIRECTION('',(-0.994046180377584,0.108959585520207,0.));
#5714=DIRECTION('',(0.,0.,-1.));
#5715=DIRECTION('',(0.,0.,-1.));
#5716=DIRECTION('',(0.,0.,-1.));
#5717=DIRECTION('',(0.,0.,-1.));
#5718=DIRECTION('',(0.,0.,-1.));
#5719=DIRECTION('',(0.,0.,-1.));
#5720=DIRECTION('',(0.,0.,-1.));
#5721=DIRECTION('center_axis',(-0.999674022804235,-0.0255313166600806,0.));
#5722=DIRECTION('ref_axis',(-0.0255313166600806,0.999674022804235,0.));
#5723=DIRECTION('',(-0.0255313166600806,0.999674022804235,0.));
#5724=DIRECTION('',(0.,0.,-1.));
#5725=DIRECTION('',(-0.0255313166600806,0.999674022804235,0.));
#5726=DIRECTION('center_axis',(-0.99999093219173,-0.0042585836043915,0.));
#5727=DIRECTION('ref_axis',(-0.0042585836043915,0.99999093219173,0.));
#5728=DIRECTION('',(-0.0042585836043915,0.99999093219173,0.));
#5729=DIRECTION('',(0.,0.,-1.));
#5730=DIRECTION('',(-0.0042585836043915,0.99999093219173,0.));
#5731=DIRECTION('center_axis',(0.00425858360439246,-0.99999093219173,0.));
#5732=DIRECTION('ref_axis',(-0.99999093219173,-0.00425858360439246,0.));
#5733=DIRECTION('',(-0.99999093219173,-0.00425858360439246,0.));
#5734=DIRECTION('',(0.,0.,-1.));
#5735=DIRECTION('',(-0.99999093219173,-0.00425858360439246,0.));
#5736=DIRECTION('center_axis',(0.99999093219173,0.0042585836043866,0.));
#5737=DIRECTION('ref_axis',(0.0042585836043866,-0.99999093219173,0.));
#5738=DIRECTION('',(0.0042585836043866,-0.99999093219173,0.));
#5739=DIRECTION('',(0.0042585836043866,-0.99999093219173,0.));
#5740=DIRECTION('center_axis',(0.,0.,1.));
#5741=DIRECTION('ref_axis',(-1.,0.,0.));
#5742=DIRECTION('center_axis',(-0.0042585836043924,0.99999093219173,0.));
#5743=DIRECTION('ref_axis',(0.99999093219173,0.0042585836043924,0.));
#5744=DIRECTION('',(0.99999093219173,0.0042585836043924,0.));
#5745=DIRECTION('',(0.,0.,-1.));
#5746=DIRECTION('',(0.99999093219173,0.0042585836043924,0.));
#5747=DIRECTION('',(0.,0.,-1.));
#5748=DIRECTION('center_axis',(-0.952248618772479,0.30532371025832,0.));
#5749=DIRECTION('ref_axis',(0.30532371025832,0.952248618772479,0.));
#5750=DIRECTION('',(0.30532371025832,0.952248618772479,0.));
#5751=DIRECTION('',(0.,0.,-1.));
#5752=DIRECTION('',(0.30532371025832,0.952248618772479,0.));
#5753=DIRECTION('center_axis',(0.946373318062646,0.323075135005928,0.));
#5754=DIRECTION('ref_axis',(0.323075135005928,-0.946373318062646,0.));
#5755=DIRECTION('',(0.323075135005928,-0.946373318062646,0.));
#5756=DIRECTION('',(0.,0.,-1.));
#5757=DIRECTION('',(0.323075135005928,-0.946373318062646,0.));
#5758=DIRECTION('center_axis',(-0.00425858360439064,0.99999093219173,0.));
#5759=DIRECTION('ref_axis',(0.99999093219173,0.00425858360439064,0.));
#5760=DIRECTION('',(0.99999093219173,0.00425858360439064,0.));
#5761=DIRECTION('',(0.,0.,-1.));
#5762=DIRECTION('',(0.99999093219173,0.00425858360439064,0.));
#5763=DIRECTION('center_axis',(-0.93982379838572,0.341659520557876,0.));
#5764=DIRECTION('ref_axis',(0.341659520557876,0.93982379838572,0.));
#5765=DIRECTION('',(0.341659520557876,0.93982379838572,0.));
#5766=DIRECTION('',(0.,0.,-1.));
#5767=DIRECTION('',(0.341659520557876,0.93982379838572,0.));
#5768=DIRECTION('center_axis',(0.00425858360439186,-0.99999093219173,0.));
#5769=DIRECTION('ref_axis',(-0.99999093219173,-0.00425858360439186,0.));
#5770=DIRECTION('',(-0.99999093219173,-0.00425858360439186,0.));
#5771=DIRECTION('',(0.,0.,-1.));
#5772=DIRECTION('',(-0.99999093219173,-0.00425858360439186,0.));
#5773=DIRECTION('center_axis',(0.969926185684626,-0.24339924881411,0.));
#5774=DIRECTION('ref_axis',(-0.24339924881411,-0.969926185684626,0.));
#5775=DIRECTION('',(-0.24339924881411,-0.969926185684626,0.));
#5776=DIRECTION('',(0.,0.,-1.));
#5777=DIRECTION('',(-0.24339924881411,-0.969926185684626,0.));
#5778=DIRECTION('center_axis',(-0.946843423550023,-0.321694779690427,0.));
#5779=DIRECTION('ref_axis',(-0.321694779690427,0.946843423550023,0.));
#5780=DIRECTION('',(-0.321694779690427,0.946843423550023,0.));
#5781=DIRECTION('',(0.,0.,-1.));
#5782=DIRECTION('',(-0.321694779690427,0.946843423550023,0.));
#5783=DIRECTION('center_axis',(0.00425858360439215,-0.99999093219173,0.));
#5784=DIRECTION('ref_axis',(-0.99999093219173,-0.00425858360439215,0.));
#5785=DIRECTION('',(-0.99999093219173,-0.00425858360439215,0.));
#5786=DIRECTION('',(0.,0.,-1.));
#5787=DIRECTION('',(-0.99999093219173,-0.00425858360439215,0.));
#5788=DIRECTION('center_axis',(0.953100555461144,-0.302653814084109,0.));
#5789=DIRECTION('ref_axis',(-0.302653814084109,-0.953100555461144,0.));
#5790=DIRECTION('',(-0.302653814084109,-0.953100555461144,0.));
#5791=DIRECTION('',(0.,0.,-1.));
#5792=DIRECTION('',(-0.302653814084109,-0.953100555461144,0.));
#5793=DIRECTION('center_axis',(-0.968006245321651,-0.250926102704122,0.));
#5794=DIRECTION('ref_axis',(-0.250926102704122,0.968006245321651,0.));
#5795=DIRECTION('',(-0.250926102704122,0.968006245321651,0.));
#5796=DIRECTION('',(0.,0.,-1.));
#5797=DIRECTION('',(-0.250926102704122,0.968006245321651,0.));
#5798=DIRECTION('center_axis',(0.00425858360439082,-0.99999093219173,0.));
#5799=DIRECTION('ref_axis',(-0.99999093219173,-0.00425858360439082,0.));
#5800=DIRECTION('',(-0.99999093219173,-0.00425858360439082,0.));
#5801=DIRECTION('',(0.,0.,-1.));
#5802=DIRECTION('',(-0.99999093219173,-0.00425858360439082,0.));
#5803=DIRECTION('center_axis',(0.936126286593271,0.351664009459447,0.));
#5804=DIRECTION('ref_axis',(0.351664009459447,-0.93612628659327,0.));
#5805=DIRECTION('',(0.351664009459447,-0.93612628659327,0.));
#5806=DIRECTION('',(0.351664009459447,-0.93612628659327,0.));
#5807=DIRECTION('center_axis',(0.,0.,-1.));
#5808=DIRECTION('ref_axis',(-1.,0.,0.));
#5809=DIRECTION('',(0.,0.,-1.));
#5810=DIRECTION('',(0.,0.,-1.));
#5811=DIRECTION('',(0.,0.,-1.));
#5812=DIRECTION('',(0.,0.,-1.));
#5813=DIRECTION('',(0.,0.,-1.));
#5814=DIRECTION('',(0.,0.,-1.));
#5815=DIRECTION('',(0.,0.,-1.));
#5816=DIRECTION('',(0.,0.,-1.));
#5817=DIRECTION('center_axis',(0.99999093219173,0.0042585836043915,0.));
#5818=DIRECTION('ref_axis',(0.0042585836043915,-0.99999093219173,0.));
#5819=DIRECTION('',(0.0042585836043915,-0.99999093219173,0.));
#5820=DIRECTION('',(0.,0.,-1.));
#5821=DIRECTION('',(0.0042585836043915,-0.99999093219173,0.));
#5822=DIRECTION('',(0.,0.,-1.));
#5823=DIRECTION('',(0.,0.,-1.));
#5824=DIRECTION('',(0.,0.,-1.));
#5825=DIRECTION('',(0.,0.,-1.));
#5826=DIRECTION('',(0.,0.,-1.));
#5827=DIRECTION('',(0.,0.,-1.));
#5828=DIRECTION('',(0.,0.,-1.));
#5829=DIRECTION('',(0.,0.,-1.));
#5830=DIRECTION('',(0.,0.,-1.));
#5831=DIRECTION('center_axis',(0.99999093219173,0.00425858360439399,0.));
#5832=DIRECTION('ref_axis',(0.00425858360439399,-0.99999093219173,0.));
#5833=DIRECTION('',(0.00425858360439399,-0.99999093219173,0.));
#5834=DIRECTION('',(0.,0.,-1.));
#5835=DIRECTION('',(0.00425858360439399,-0.99999093219173,0.));
#5836=DIRECTION('center_axis',(-0.00425858360439094,0.99999093219173,0.));
#5837=DIRECTION('ref_axis',(0.99999093219173,0.00425858360439094,0.));
#5838=DIRECTION('',(0.99999093219173,0.00425858360439094,0.));
#5839=DIRECTION('',(0.,0.,-1.));
#5840=DIRECTION('',(0.99999093219173,0.00425858360439094,0.));
#5841=DIRECTION('center_axis',(-0.99999093219173,-0.00425858360439157,0.));
#5842=DIRECTION('ref_axis',(-0.00425858360439157,0.99999093219173,0.));
#5843=DIRECTION('',(-0.00425858360439157,0.99999093219173,0.));
#5844=DIRECTION('',(0.,0.,-1.));
#5845=DIRECTION('',(-0.00425858360439157,0.99999093219173,0.));
#5846=DIRECTION('center_axis',(0.00425858360439104,-0.99999093219173,0.));
#5847=DIRECTION('ref_axis',(-0.99999093219173,-0.00425858360439104,0.));
#5848=DIRECTION('',(-0.99999093219173,-0.00425858360439104,0.));
#5849=DIRECTION('',(-0.99999093219173,-0.00425858360439104,0.));
#5850=DIRECTION('center_axis',(0.,0.,1.));
#5851=DIRECTION('ref_axis',(-1.,0.,0.));
#5852=DIRECTION('center_axis',(0.99999093219173,0.00425858360439089,0.));
#5853=DIRECTION('ref_axis',(0.00425858360439089,-0.99999093219173,0.));
#5854=DIRECTION('',(0.00425858360439089,-0.99999093219173,0.));
#5855=DIRECTION('',(0.,0.,-1.));
#5856=DIRECTION('',(0.00425858360439089,-0.99999093219173,0.));
#5857=DIRECTION('',(0.,0.,-1.));
#5858=DIRECTION('center_axis',(0.00425858360439045,-0.99999093219173,0.));
#5859=DIRECTION('ref_axis',(-0.99999093219173,-0.00425858360439045,0.));
#5860=DIRECTION('',(-0.99999093219173,-0.00425858360439045,0.));
#5861=DIRECTION('',(0.,0.,-1.));
#5862=DIRECTION('',(-0.99999093219173,-0.00425858360439045,0.));
#5863=DIRECTION('center_axis',(0.99999093219173,0.00425858360439089,0.));
#5864=DIRECTION('ref_axis',(0.00425858360439089,-0.99999093219173,0.));
#5865=DIRECTION('',(0.00425858360439089,-0.99999093219173,0.));
#5866=DIRECTION('',(0.,0.,-1.));
#5867=DIRECTION('',(0.00425858360439089,-0.99999093219173,0.));
#5868=DIRECTION('center_axis',(-0.00425858360439045,0.99999093219173,0.));
#5869=DIRECTION('ref_axis',(0.99999093219173,0.00425858360439045,0.));
#5870=DIRECTION('',(0.99999093219173,0.00425858360439045,0.));
#5871=DIRECTION('',(0.,0.,-1.));
#5872=DIRECTION('',(0.99999093219173,0.00425858360439045,0.));
#5873=DIRECTION('center_axis',(0.99999093219173,0.00425858360439178,0.));
#5874=DIRECTION('ref_axis',(0.00425858360439178,-0.99999093219173,0.));
#5875=DIRECTION('',(0.00425858360439178,-0.99999093219173,0.));
#5876=DIRECTION('',(0.,0.,-1.));
#5877=DIRECTION('',(0.00425858360439178,-0.99999093219173,0.));
#5878=DIRECTION('',(0.,0.,-1.));
#5879=DIRECTION('',(0.,0.,-1.));
#5880=DIRECTION('',(0.,0.,-1.));
#5881=DIRECTION('',(0.,0.,-1.));
#5882=DIRECTION('center_axis',(-0.993886156368033,-0.11040972864733,0.));
#5883=DIRECTION('ref_axis',(-0.11040972864733,0.993886156368033,0.));
#5884=DIRECTION('',(-0.11040972864733,0.993886156368033,0.));
#5885=DIRECTION('',(0.,0.,-1.));
#5886=DIRECTION('',(-0.11040972864733,0.993886156368033,0.));
#5887=DIRECTION('',(0.,0.,-1.));
#5888=DIRECTION('',(0.,0.,-1.));
#5889=DIRECTION('',(0.,0.,-1.));
#5890=DIRECTION('center_axis',(-0.99999093219173,-0.00425858360439187,0.));
#5891=DIRECTION('ref_axis',(-0.00425858360439187,0.99999093219173,0.));
#5892=DIRECTION('',(-0.00425858360439187,0.99999093219173,0.));
#5893=DIRECTION('',(0.,0.,-1.));
#5894=DIRECTION('',(-0.00425858360439187,0.99999093219173,0.));
#5895=DIRECTION('center_axis',(-0.00425858360439332,0.99999093219173,0.));
#5896=DIRECTION('ref_axis',(0.99999093219173,0.00425858360439332,0.));
#5897=DIRECTION('',(0.99999093219173,0.00425858360439332,0.));
#5898=DIRECTION('',(0.,0.,-1.));
#5899=DIRECTION('',(0.99999093219173,0.00425858360439332,0.));
#5900=DIRECTION('center_axis',(-0.99999093219173,-0.00425858360439089,0.));
#5901=DIRECTION('ref_axis',(-0.00425858360439089,0.99999093219173,0.));
#5902=DIRECTION('',(-0.00425858360439089,0.99999093219173,0.));
#5903=DIRECTION('',(0.,0.,-1.));
#5904=DIRECTION('',(-0.00425858360439089,0.99999093219173,0.));
#5905=DIRECTION('center_axis',(0.00425858360439332,-0.99999093219173,0.));
#5906=DIRECTION('ref_axis',(-0.99999093219173,-0.00425858360439332,0.));
#5907=DIRECTION('',(-0.99999093219173,-0.00425858360439332,0.));
#5908=DIRECTION('',(0.,0.,-1.));
#5909=DIRECTION('',(-0.99999093219173,-0.00425858360439332,0.));
#5910=DIRECTION('center_axis',(-0.99999093219173,-0.00425858360439147,0.));
#5911=DIRECTION('ref_axis',(-0.00425858360439147,0.99999093219173,0.));
#5912=DIRECTION('',(-0.00425858360439147,0.99999093219173,0.));
#5913=DIRECTION('',(0.,0.,-1.));
#5914=DIRECTION('',(-0.00425858360439147,0.99999093219173,0.));
#5915=DIRECTION('center_axis',(0.459703747166389,-0.888072330861164,0.));
#5916=DIRECTION('ref_axis',(-0.888072330861164,-0.459703747166389,0.));
#5917=DIRECTION('',(-0.888072330861164,-0.459703747166389,0.));
#5918=DIRECTION('',(-0.888072330861164,-0.459703747166389,0.));
#5919=DIRECTION('center_axis',(0.,0.,1.));
#5920=DIRECTION('ref_axis',(-1.,0.,0.));
#5921=DIRECTION('center_axis',(-0.00425858360439205,0.99999093219173,0.));
#5922=DIRECTION('ref_axis',(0.99999093219173,0.00425858360439205,0.));
#5923=DIRECTION('',(0.99999093219173,0.00425858360439205,0.));
#5924=DIRECTION('',(0.,0.,-1.));
#5925=DIRECTION('',(0.99999093219173,0.00425858360439205,0.));
#5926=DIRECTION('',(0.,0.,-1.));
#5927=DIRECTION('center_axis',(-0.99999093219173,-0.00425858360439181,0.));
#5928=DIRECTION('ref_axis',(-0.00425858360439181,0.99999093219173,0.));
#5929=DIRECTION('',(-0.00425858360439181,0.99999093219173,0.));
#5930=DIRECTION('',(0.,0.,-1.));
#5931=DIRECTION('',(-0.00425858360439181,0.99999093219173,0.));
#5932=DIRECTION('',(0.,0.,-1.));
#5933=DIRECTION('',(0.,0.,-1.));
#5934=DIRECTION('',(0.,0.,-1.));
#5935=DIRECTION('',(0.,0.,-1.));
#5936=DIRECTION('center_axis',(0.99999093219173,0.00425858360439225,0.));
#5937=DIRECTION('ref_axis',(0.00425858360439225,-0.99999093219173,0.));
#5938=DIRECTION('',(0.00425858360439225,-0.99999093219173,0.));
#5939=DIRECTION('',(0.,0.,-1.));
#5940=DIRECTION('',(0.00425858360439225,-0.99999093219173,0.));
#5941=DIRECTION('center_axis',(-0.00425858360439171,0.99999093219173,0.));
#5942=DIRECTION('ref_axis',(0.99999093219173,0.00425858360439171,0.));
#5943=DIRECTION('',(0.99999093219173,0.00425858360439171,0.));
#5944=DIRECTION('',(0.,0.,-1.));
#5945=DIRECTION('',(0.99999093219173,0.00425858360439171,0.));
#5946=DIRECTION('center_axis',(-0.99999093219173,-0.00425858360439131,0.));
#5947=DIRECTION('ref_axis',(-0.00425858360439131,0.99999093219173,0.));
#5948=DIRECTION('',(-0.00425858360439131,0.99999093219173,0.));
#5949=DIRECTION('',(0.,0.,-1.));
#5950=DIRECTION('',(-0.0042585836043913,0.99999093219173,0.));
#5951=DIRECTION('',(0.,0.,-1.));
#5952=DIRECTION('',(0.,0.,-1.));
#5953=DIRECTION('',(0.,0.,-1.));
#5954=DIRECTION('',(0.,0.,-1.));
#5955=DIRECTION('center_axis',(-0.99999093219173,-0.00425858360439076,0.));
#5956=DIRECTION('ref_axis',(-0.00425858360439076,0.99999093219173,0.));
#5957=DIRECTION('',(-0.00425858360439076,0.99999093219173,0.));
#5958=DIRECTION('',(0.,0.,-1.));
#5959=DIRECTION('',(-0.00425858360439076,0.99999093219173,0.));
#5960=DIRECTION('center_axis',(0.00425858360439205,-0.99999093219173,0.));
#5961=DIRECTION('ref_axis',(-0.99999093219173,-0.00425858360439205,0.));
#5962=DIRECTION('',(-0.99999093219173,-0.00425858360439205,0.));
#5963=DIRECTION('',(0.,0.,-1.));
#5964=DIRECTION('',(-0.99999093219173,-0.00425858360439205,0.));
#5965=DIRECTION('center_axis',(0.99999093219173,0.00425858360439157,0.));
#5966=DIRECTION('ref_axis',(0.00425858360439157,-0.99999093219173,0.));
#5967=DIRECTION('',(0.00425858360439157,-0.99999093219173,0.));
#5968=DIRECTION('',(0.00425858360439157,-0.99999093219173,0.));
#5969=DIRECTION('center_axis',(0.,0.,1.));
#5970=DIRECTION('ref_axis',(-1.,0.,0.));
#5971=DIRECTION('',(0.,0.,-1.));
#5972=DIRECTION('',(0.,0.,-1.));
#5973=DIRECTION('',(0.,0.,-1.));
#5974=DIRECTION('',(0.,0.,-1.));
#5975=DIRECTION('',(0.,0.,-1.));
#5976=DIRECTION('',(0.,0.,-1.));
#5977=DIRECTION('',(0.,0.,-1.));
#5978=DIRECTION('',(0.,0.,-1.));
#5979=DIRECTION('',(0.,0.,-1.));
#5980=DIRECTION('center_axis',(0.99999093219173,0.0042585836043805,0.));
#5981=DIRECTION('ref_axis',(0.0042585836043805,-0.99999093219173,0.));
#5982=DIRECTION('',(0.0042585836043805,-0.99999093219173,0.));
#5983=DIRECTION('',(0.0042585836043805,-0.99999093219173,0.));
#5984=DIRECTION('',(0.,0.,-1.));
#5985=DIRECTION('',(0.,0.,-1.));
#5986=DIRECTION('',(0.,0.,-1.));
#5987=DIRECTION('',(0.,0.,-1.));
#5988=DIRECTION('',(0.,0.,-1.));
#5989=DIRECTION('',(0.,0.,-1.));
#5990=DIRECTION('',(0.,0.,-1.));
#5991=DIRECTION('',(0.,0.,-1.));
#5992=DIRECTION('',(0.,0.,-1.));
#5993=DIRECTION('',(0.,0.,-1.));
#5994=DIRECTION('',(0.,0.,-1.));
#5995=DIRECTION('',(0.,0.,-1.));
#5996=DIRECTION('',(0.,0.,-1.));
#5997=DIRECTION('',(0.,0.,-1.));
#5998=DIRECTION('center_axis',(-0.0042585836043919,0.99999093219173,0.));
#5999=DIRECTION('ref_axis',(0.99999093219173,0.0042585836043919,0.));
#6000=DIRECTION('',(0.99999093219173,0.0042585836043919,0.));
#6001=DIRECTION('',(0.,0.,-1.));
#6002=DIRECTION('',(0.99999093219173,0.0042585836043919,0.));
#6003=DIRECTION('',(0.,0.,-1.));
#6004=DIRECTION('',(0.,0.,-1.));
#6005=DIRECTION('center_axis',(-0.99999093219173,-0.00425858360438995,0.));
#6006=DIRECTION('ref_axis',(-0.00425858360438995,0.99999093219173,0.));
#6007=DIRECTION('',(-0.00425858360438995,0.99999093219173,0.));
#6008=DIRECTION('',(0.,0.,-1.));
#6009=DIRECTION('',(-0.00425858360438995,0.99999093219173,0.));
#6010=DIRECTION('',(0.,0.,-1.));
#6011=DIRECTION('',(0.,0.,-1.));
#6012=DIRECTION('',(0.,0.,-1.));
#6013=DIRECTION('',(0.,0.,-1.));
#6014=DIRECTION('',(0.,0.,-1.));
#6015=DIRECTION('',(0.,0.,-1.));
#6016=DIRECTION('',(0.,0.,-1.));
#6017=DIRECTION('',(0.,0.,-1.));
#6018=DIRECTION('center_axis',(0.100582514554541,0.994928719942231,0.));
#6019=DIRECTION('ref_axis',(0.994928719942231,-0.100582514554541,0.));
#6020=DIRECTION('',(0.994928719942231,-0.100582514554541,0.));
#6021=DIRECTION('',(0.,0.,-1.));
#6022=DIRECTION('',(0.994928719942231,-0.100582514554541,0.));
#6023=DIRECTION('center_axis',(0.,0.,1.));
#6024=DIRECTION('ref_axis',(-1.,0.,0.));
#6025=DIRECTION('center_axis',(-0.00425858360439019,0.99999093219173,0.));
#6026=DIRECTION('ref_axis',(0.99999093219173,0.00425858360439019,0.));
#6027=DIRECTION('',(0.99999093219173,0.00425858360439019,0.));
#6028=DIRECTION('',(0.,0.,-1.));
#6029=DIRECTION('',(0.99999093219173,0.00425858360439019,0.));
#6030=DIRECTION('',(0.,0.,-1.));
#6031=DIRECTION('',(0.,0.,-1.));
#6032=DIRECTION('',(0.,0.,-1.));
#6033=DIRECTION('',(0.,0.,-1.));
#6034=DIRECTION('',(0.,0.,-1.));
#6035=DIRECTION('center_axis',(0.00425858360439098,-0.99999093219173,0.));
#6036=DIRECTION('ref_axis',(-0.99999093219173,-0.00425858360439098,0.));
#6037=DIRECTION('',(-0.99999093219173,-0.00425858360439098,0.));
#6038=DIRECTION('',(0.,0.,-1.));
#6039=DIRECTION('',(-0.99999093219173,-0.00425858360439098,0.));
#6040=DIRECTION('center_axis',(-0.99999093219173,-0.00425858360439344,0.));
#6041=DIRECTION('ref_axis',(-0.00425858360439344,0.99999093219173,0.));
#6042=DIRECTION('',(-0.00425858360439344,0.99999093219173,0.));
#6043=DIRECTION('',(-0.00425858360439344,0.99999093219173,0.));
#6044=DIRECTION('center_axis',(-0.00425858360439135,0.99999093219173,0.));
#6045=DIRECTION('ref_axis',(0.99999093219173,0.00425858360439135,0.));
#6046=DIRECTION('',(0.99999093219173,0.00425858360439135,0.));
#6047=DIRECTION('',(0.,0.,-1.));
#6048=DIRECTION('',(0.99999093219173,0.00425858360439135,0.));
#6049=DIRECTION('',(0.,0.,-1.));
#6050=DIRECTION('center_axis',(-0.99999093219173,-0.00425858360439295,0.));
#6051=DIRECTION('ref_axis',(-0.00425858360439295,0.99999093219173,0.));
#6052=DIRECTION('',(-0.00425858360439295,0.99999093219173,0.));
#6053=DIRECTION('',(0.,0.,-1.));
#6054=DIRECTION('',(-0.00425858360439295,0.99999093219173,0.));
#6055=DIRECTION('center_axis',(-0.00425858360439211,0.99999093219173,0.));
#6056=DIRECTION('ref_axis',(0.99999093219173,0.00425858360439211,0.));
#6057=DIRECTION('',(0.99999093219173,0.00425858360439211,0.));
#6058=DIRECTION('',(0.,0.,-1.));
#6059=DIRECTION('',(0.99999093219173,0.00425858360439211,0.));
#6060=DIRECTION('',(0.,0.,-1.));
#6061=DIRECTION('',(0.,0.,-1.));
#6062=DIRECTION('',(0.,0.,-1.));
#6063=DIRECTION('',(0.,0.,-1.));
#6064=DIRECTION('center_axis',(0.00425858360439161,-0.99999093219173,0.));
#6065=DIRECTION('ref_axis',(-0.99999093219173,-0.00425858360439161,0.));
#6066=DIRECTION('',(-0.99999093219173,-0.00425858360439161,0.));
#6067=DIRECTION('',(0.,0.,-1.));
#6068=DIRECTION('',(-0.99999093219173,-0.00425858360439161,0.));
#6069=DIRECTION('center_axis',(0.99999093219173,0.00425858360439098,0.));
#6070=DIRECTION('ref_axis',(0.00425858360439098,-0.99999093219173,0.));
#6071=DIRECTION('',(0.00425858360439098,-0.99999093219173,0.));
#6072=DIRECTION('',(0.00425858360439098,-0.99999093219173,0.));
#6073=DIRECTION('center_axis',(0.,0.,1.));
#6074=DIRECTION('ref_axis',(-1.,0.,0.));
#6075=DIRECTION('',(0.,0.,-1.));
#6076=DIRECTION('',(0.,0.,-1.));
#6077=DIRECTION('',(0.,0.,-1.));
#6078=DIRECTION('',(0.,0.,-1.));
#6079=DIRECTION('',(0.,0.,-1.));
#6080=DIRECTION('',(0.,0.,-1.));
#6081=DIRECTION('',(0.,0.,-1.));
#6082=DIRECTION('',(0.,0.,-1.));
#6083=DIRECTION('center_axis',(-0.136215247597255,0.990679265111579,0.));
#6084=DIRECTION('ref_axis',(0.990679265111579,0.136215247597255,0.));
#6085=DIRECTION('',(0.990679265111579,0.136215247597255,0.));
#6086=DIRECTION('',(0.,0.,-1.));
#6087=DIRECTION('',(0.990679265111579,0.136215247597255,0.));
#6088=DIRECTION('',(0.,0.,-1.));
#6089=DIRECTION('',(0.,0.,-1.));
#6090=DIRECTION('',(0.,0.,-1.));
#6091=DIRECTION('',(0.,0.,-1.));
#6092=DIRECTION('',(0.,0.,-1.));
#6093=DIRECTION('',(0.,0.,-1.));
#6094=DIRECTION('',(0.,0.,-1.));
#6095=DIRECTION('',(0.,0.,-1.));
#6096=DIRECTION('',(0.,0.,-1.));
#6097=DIRECTION('',(0.,0.,-1.));
#6098=DIRECTION('',(0.,0.,-1.));
#6099=DIRECTION('',(0.,0.,-1.));
#6100=DIRECTION('',(0.,0.,-1.));
#6101=DIRECTION('center_axis',(-0.108735194661708,-0.994070750722443,0.));
#6102=DIRECTION('ref_axis',(-0.994070750722443,0.108735194661708,0.));
#6103=DIRECTION('',(-0.994070750722443,0.108735194661708,0.));
#6104=DIRECTION('',(0.,0.,-1.));
#6105=DIRECTION('',(-0.994070750722443,0.108735194661708,0.));
#6106=DIRECTION('center_axis',(0.,0.,1.));
#6107=DIRECTION('ref_axis',(-1.,0.,0.));
#6108=DIRECTION('center_axis',(-0.00425858360439169,0.99999093219173,0.));
#6109=DIRECTION('ref_axis',(0.99999093219173,0.00425858360439169,0.));
#6110=DIRECTION('',(0.99999093219173,0.00425858360439169,0.));
#6111=DIRECTION('',(0.,0.,-1.));
#6112=DIRECTION('',(0.99999093219173,0.00425858360439169,0.));
#6113=DIRECTION('',(0.,0.,-1.));
#6114=DIRECTION('center_axis',(-0.99999093219173,-0.00425858360439162,0.));
#6115=DIRECTION('ref_axis',(-0.00425858360439162,0.99999093219173,0.));
#6116=DIRECTION('',(-0.00425858360439162,0.99999093219173,0.));
#6117=DIRECTION('',(0.,0.,-1.));
#6118=DIRECTION('',(-0.00425858360439162,0.99999093219173,0.));
#6119=DIRECTION('center_axis',(0.00425858360439169,-0.99999093219173,0.));
#6120=DIRECTION('ref_axis',(-0.99999093219173,-0.00425858360439169,0.));
#6121=DIRECTION('',(-0.99999093219173,-0.00425858360439169,0.));
#6122=DIRECTION('',(0.,0.,-1.));
#6123=DIRECTION('',(-0.99999093219173,-0.00425858360439169,0.));
#6124=DIRECTION('center_axis',(0.99999093219173,0.00425858360439162,0.));
#6125=DIRECTION('ref_axis',(0.00425858360439162,-0.99999093219173,0.));
#6126=DIRECTION('',(0.00425858360439162,-0.99999093219173,0.));
#6127=DIRECTION('',(0.00425858360439162,-0.99999093219173,0.));
#6128=DIRECTION('center_axis',(0.,0.,-1.));
#6129=DIRECTION('ref_axis',(-1.,0.,0.));
#6130=DIRECTION('center_axis',(-0.00425858360439169,0.99999093219173,0.));
#6131=DIRECTION('ref_axis',(0.99999093219173,0.00425858360439169,0.));
#6132=DIRECTION('',(0.99999093219173,0.00425858360439169,0.));
#6133=DIRECTION('',(0.,0.,-1.));
#6134=DIRECTION('',(0.99999093219173,0.00425858360439169,0.));
#6135=DIRECTION('',(0.,0.,-1.));
#6136=DIRECTION('center_axis',(-0.99999093219173,-0.00425858360439015,0.));
#6137=DIRECTION('ref_axis',(-0.00425858360439015,0.99999093219173,0.));
#6138=DIRECTION('',(-0.00425858360439015,0.99999093219173,0.));
#6139=DIRECTION('',(0.,0.,-1.));
#6140=DIRECTION('',(-0.00425858360439015,0.99999093219173,0.));
#6141=DIRECTION('center_axis',(0.00425858360439169,-0.99999093219173,0.));
#6142=DIRECTION('ref_axis',(-0.99999093219173,-0.00425858360439169,0.));
#6143=DIRECTION('',(-0.99999093219173,-0.00425858360439169,0.));
#6144=DIRECTION('',(0.,0.,-1.));
#6145=DIRECTION('',(-0.99999093219173,-0.00425858360439169,0.));
#6146=DIRECTION('center_axis',(0.99999093219173,0.00425858360439015,0.));
#6147=DIRECTION('ref_axis',(0.00425858360439015,-0.99999093219173,0.));
#6148=DIRECTION('',(0.00425858360439015,-0.99999093219173,0.));
#6149=DIRECTION('',(0.00425858360439015,-0.99999093219173,0.));
#6150=DIRECTION('center_axis',(0.,0.,-1.));
#6151=DIRECTION('ref_axis',(-1.,0.,0.));
#6152=DIRECTION('',(0.,0.,-1.));
#6153=DIRECTION('',(0.,0.,-1.));
#6154=DIRECTION('',(0.,0.,-1.));
#6155=DIRECTION('',(0.,0.,-1.));
#6156=DIRECTION('',(0.,0.,-1.));
#6157=DIRECTION('',(0.,0.,-1.));
#6158=DIRECTION('',(0.,0.,-1.));
#6159=DIRECTION('',(0.,0.,-1.));
#6160=DIRECTION('',(0.,0.,-1.));
#6161=DIRECTION('',(0.,0.,-1.));
#6162=DIRECTION('',(0.,0.,-1.));
#6163=DIRECTION('',(0.,0.,-1.));
#6164=DIRECTION('',(0.,0.,-1.));
#6165=DIRECTION('',(0.,0.,-1.));
#6166=DIRECTION('center_axis',(-0.0626989769511097,0.998032483584219,0.));
#6167=DIRECTION('ref_axis',(0.998032483584219,0.0626989769511097,0.));
#6168=DIRECTION('',(0.998032483584219,0.0626989769511097,0.));
#6169=DIRECTION('',(0.,0.,-1.));
#6170=DIRECTION('',(0.998032483584219,0.0626989769511096,0.));
#6171=DIRECTION('',(0.,0.,-1.));
#6172=DIRECTION('',(0.,0.,-1.));
#6173=DIRECTION('',(0.,0.,-1.));
#6174=DIRECTION('',(0.,0.,-1.));
#6175=DIRECTION('',(0.,0.,-1.));
#6176=DIRECTION('',(0.,0.,-1.));
#6177=DIRECTION('',(0.,0.,-1.));
#6178=DIRECTION('',(0.,0.,-1.));
#6179=DIRECTION('',(0.,0.,-1.));
#6180=DIRECTION('',(0.,0.,-1.));
#6181=DIRECTION('',(0.,0.,-1.));
#6182=DIRECTION('',(0.,0.,-1.));
#6183=DIRECTION('',(0.,0.,-1.));
#6184=DIRECTION('center_axis',(0.0667717778358398,-0.997768274543063,0.));
#6185=DIRECTION('ref_axis',(-0.997768274543063,-0.0667717778358398,0.));
#6186=DIRECTION('',(-0.997768274543063,-0.0667717778358398,0.));
#6187=DIRECTION('',(0.,0.,-1.));
#6188=DIRECTION('',(-0.997768274543063,-0.0667717778358398,0.));
#6189=DIRECTION('center_axis',(0.,0.,1.));
#6190=DIRECTION('ref_axis',(-1.,0.,0.));
#6191=DIRECTION('center_axis',(-0.00425858360439168,0.99999093219173,0.));
#6192=DIRECTION('ref_axis',(0.99999093219173,0.00425858360439168,0.));
#6193=DIRECTION('',(0.99999093219173,0.00425858360439168,0.));
#6194=DIRECTION('',(0.,0.,-1.));
#6195=DIRECTION('',(0.99999093219173,0.00425858360439168,0.));
#6196=DIRECTION('',(0.,0.,-1.));
#6197=DIRECTION('center_axis',(-0.99999093219173,-0.0042585836043908,0.));
#6198=DIRECTION('ref_axis',(-0.0042585836043908,0.99999093219173,0.));
#6199=DIRECTION('',(-0.0042585836043908,0.99999093219173,0.));
#6200=DIRECTION('',(0.,0.,-1.));
#6201=DIRECTION('',(-0.0042585836043908,0.99999093219173,0.));
#6202=DIRECTION('center_axis',(0.00425858360438955,-0.99999093219173,0.));
#6203=DIRECTION('ref_axis',(-0.99999093219173,-0.00425858360438955,0.));
#6204=DIRECTION('',(-0.99999093219173,-0.00425858360438955,0.));
#6205=DIRECTION('',(0.,0.,-1.));
#6206=DIRECTION('',(-0.99999093219173,-0.00425858360438955,0.));
#6207=DIRECTION('center_axis',(0.99999093219173,0.0042585836043908,0.));
#6208=DIRECTION('ref_axis',(0.0042585836043908,-0.99999093219173,0.));
#6209=DIRECTION('',(0.0042585836043908,-0.99999093219173,0.));
#6210=DIRECTION('',(0.0042585836043908,-0.99999093219173,0.));
#6211=DIRECTION('center_axis',(0.,0.,-1.));
#6212=DIRECTION('ref_axis',(-1.,0.,0.));
#6213=DIRECTION('center_axis',(-0.00425858360439448,0.99999093219173,0.));
#6214=DIRECTION('ref_axis',(0.99999093219173,0.00425858360439448,0.));
#6215=DIRECTION('',(0.99999093219173,0.00425858360439448,0.));
#6216=DIRECTION('',(0.,0.,-1.));
#6217=DIRECTION('',(0.99999093219173,0.00425858360439448,0.));
#6218=DIRECTION('',(0.,0.,-1.));
#6219=DIRECTION('',(0.,0.,-1.));
#6220=DIRECTION('',(0.,0.,-1.));
#6221=DIRECTION('',(0.,0.,-1.));
#6222=DIRECTION('',(0.,0.,-1.));
#6223=DIRECTION('center_axis',(0.00425858360439536,-0.99999093219173,0.));
#6224=DIRECTION('ref_axis',(-0.99999093219173,-0.00425858360439536,0.));
#6225=DIRECTION('',(-0.99999093219173,-0.00425858360439536,0.));
#6226=DIRECTION('',(0.,0.,-1.));
#6227=DIRECTION('',(-0.99999093219173,-0.00425858360439536,0.));
#6228=DIRECTION('center_axis',(-0.99999093219173,-0.00425858360439304,0.));
#6229=DIRECTION('ref_axis',(-0.00425858360439304,0.99999093219173,0.));
#6230=DIRECTION('',(-0.00425858360439304,0.99999093219173,0.));
#6231=DIRECTION('',(-0.00425858360439304,0.99999093219173,0.));
#6232=DIRECTION('center_axis',(-0.00425858360439453,0.99999093219173,0.));
#6233=DIRECTION('ref_axis',(0.99999093219173,0.00425858360439453,0.));
#6234=DIRECTION('',(0.99999093219173,0.00425858360439453,0.));
#6235=DIRECTION('',(0.,0.,-1.));
#6236=DIRECTION('',(0.99999093219173,0.00425858360439453,0.));
#6237=DIRECTION('',(0.,0.,-1.));
#6238=DIRECTION('',(0.,0.,-1.));
#6239=DIRECTION('',(0.,0.,-1.));
#6240=DIRECTION('',(0.,0.,-1.));
#6241=DIRECTION('',(0.,0.,-1.));
#6242=DIRECTION('center_axis',(0.00425858360439267,-0.99999093219173,0.));
#6243=DIRECTION('ref_axis',(-0.99999093219173,-0.00425858360439267,0.));
#6244=DIRECTION('',(-0.99999093219173,-0.00425858360439267,0.));
#6245=DIRECTION('',(0.,0.,-1.));
#6246=DIRECTION('',(-0.99999093219173,-0.00425858360439267,0.));
#6247=DIRECTION('center_axis',(-0.99999093219173,-0.00425858360439403,0.));
#6248=DIRECTION('ref_axis',(-0.00425858360439403,0.99999093219173,0.));
#6249=DIRECTION('',(-0.00425858360439403,0.99999093219173,0.));
#6250=DIRECTION('',(-0.00425858360439403,0.99999093219173,0.));
#6251=DIRECTION('center_axis',(-0.00425858360439176,0.99999093219173,0.));
#6252=DIRECTION('ref_axis',(0.99999093219173,0.00425858360439176,0.));
#6253=DIRECTION('',(0.99999093219173,0.00425858360439176,0.));
#6254=DIRECTION('',(0.,0.,-1.));
#6255=DIRECTION('',(0.99999093219173,0.00425858360439176,0.));
#6256=DIRECTION('',(0.,0.,-1.));
#6257=DIRECTION('',(0.,0.,-1.));
#6258=DIRECTION('',(0.,0.,-1.));
#6259=DIRECTION('',(0.,0.,-1.));
#6260=DIRECTION('',(0.,0.,-1.));
#6261=DIRECTION('',(0.,0.,-1.));
#6262=DIRECTION('',(0.,0.,-1.));
#6263=DIRECTION('',(0.,0.,-1.));
#6264=DIRECTION('',(0.,0.,-1.));
#6265=DIRECTION('',(0.,0.,-1.));
#6266=DIRECTION('',(0.,0.,-1.));
#6267=DIRECTION('center_axis',(0.00425858360439158,-0.99999093219173,0.));
#6268=DIRECTION('ref_axis',(-0.99999093219173,-0.00425858360439158,0.));
#6269=DIRECTION('',(-0.99999093219173,-0.00425858360439158,0.));
#6270=DIRECTION('',(0.,0.,-1.));
#6271=DIRECTION('',(-0.99999093219173,-0.00425858360439158,0.));
#6272=DIRECTION('center_axis',(0.99999093219173,0.00425858360439133,0.));
#6273=DIRECTION('ref_axis',(0.00425858360439133,-0.99999093219173,0.));
#6274=DIRECTION('',(0.00425858360439133,-0.99999093219173,0.));
#6275=DIRECTION('',(0.00425858360439133,-0.99999093219173,0.));
#6276=DIRECTION('center_axis',(0.,0.,1.));
#6277=DIRECTION('ref_axis',(-1.,0.,0.));
#6278=DIRECTION('center_axis',(0.,0.,1.));
#6279=DIRECTION('ref_axis',(-1.,0.,0.));
#6280=DIRECTION('',(-1.,0.,0.));
#6281=DIRECTION('',(0.,-1.,0.));
#6282=DIRECTION('',(1.,0.,0.));
#6283=DIRECTION('',(0.,1.,0.));
#6284=DIRECTION('center_axis',(0.,0.,-1.));
#6285=DIRECTION('ref_axis',(-1.,0.,0.));
#6286=DIRECTION('center_axis',(0.,0.,-1.));
#6287=DIRECTION('ref_axis',(-1.,0.,0.));
#6288=DIRECTION('center_axis',(0.,0.,-1.));
#6289=DIRECTION('ref_axis',(-1.,0.,0.));
#6290=DIRECTION('center_axis',(0.,0.,-1.));
#6291=DIRECTION('ref_axis',(-1.,0.,0.));
#6292=DIRECTION('center_axis',(0.,0.,1.));
#6293=DIRECTION('ref_axis',(-1.,0.,0.));
#6294=DIRECTION('center_axis',(0.,0.,1.));
#6295=DIRECTION('ref_axis',(-1.,0.,0.));
#6296=DIRECTION('center_axis',(0.,0.,1.));
#6297=DIRECTION('ref_axis',(-1.,0.,0.));
#6298=DIRECTION('center_axis',(0.,0.,1.));
#6299=DIRECTION('ref_axis',(-1.,0.,0.));
#6300=DIRECTION('center_axis',(0.,0.,1.));
#6301=DIRECTION('ref_axis',(-1.,0.,0.));
#6302=DIRECTION('center_axis',(1.,0.,0.));
#6303=DIRECTION('ref_axis',(0.,0.,1.));
#6304=DIRECTION('',(0.,0.,1.));
#6305=DIRECTION('',(0.,1.,0.));
#6306=DIRECTION('',(0.,0.,-1.));
#6307=DIRECTION('',(0.,-1.,0.));
#6308=DIRECTION('center_axis',(-1.,0.,0.));
#6309=DIRECTION('ref_axis',(0.,0.,-1.));
#6310=DIRECTION('',(0.,0.,-1.));
#6311=DIRECTION('',(0.,-1.,0.));
#6312=DIRECTION('',(0.,0.,1.));
#6313=DIRECTION('',(0.,-1.,0.));
#6314=DIRECTION('center_axis',(-9.68575475379652E-9,0.,1.));
#6315=DIRECTION('ref_axis',(-1.,0.,-9.68575475379652E-9));
#6316=DIRECTION('',(-1.,0.,-9.68575475379652E-9));
#6317=DIRECTION('',(-1.,0.,0.));
#6318=DIRECTION('center_axis',(0.,-1.,0.));
#6319=DIRECTION('ref_axis',(1.,0.,0.));
#6320=DIRECTION('',(1.,0.,0.));
#6321=DIRECTION('',(0.,0.,1.));
#6322=DIRECTION('',(-1.,0.,0.));
#6323=DIRECTION('center_axis',(0.,0.,-1.));
#6324=DIRECTION('ref_axis',(-1.,0.,0.));
#6325=DIRECTION('',(0.,0.,-1.));
#6326=DIRECTION('center_axis',(0.,0.,-1.));
#6327=DIRECTION('ref_axis',(-1.,0.,0.));
#6328=DIRECTION('center_axis',(0.,0.,1.));
#6329=DIRECTION('ref_axis',(-1.,0.,0.));
#6330=DIRECTION('center_axis',(0.,0.,1.));
#6331=DIRECTION('ref_axis',(-1.,0.,0.));
#6332=DIRECTION('center_axis',(0.,0.,-1.));
#6333=DIRECTION('ref_axis',(-1.,0.,0.));
#6334=DIRECTION('',(0.,0.,-1.));
#6335=DIRECTION('center_axis',(0.,0.,-1.));
#6336=DIRECTION('ref_axis',(-1.,0.,0.));
#6337=DIRECTION('center_axis',(0.,0.,1.));
#6338=DIRECTION('ref_axis',(-1.,0.,0.));
#6339=DIRECTION('center_axis',(0.,0.,1.));
#6340=DIRECTION('ref_axis',(-1.,0.,0.));
#6341=DIRECTION('center_axis',(0.,0.,-1.));
#6342=DIRECTION('ref_axis',(-1.,0.,0.));
#6343=DIRECTION('',(0.,0.,-1.));
#6344=DIRECTION('center_axis',(0.,0.,-1.));
#6345=DIRECTION('ref_axis',(-1.,0.,0.));
#6346=DIRECTION('center_axis',(0.,0.,1.));
#6347=DIRECTION('ref_axis',(-1.,0.,0.));
#6348=DIRECTION('center_axis',(0.,0.,1.));
#6349=DIRECTION('ref_axis',(-1.,0.,0.));
#6350=DIRECTION('center_axis',(0.,0.,-1.));
#6351=DIRECTION('ref_axis',(-1.,0.,0.));
#6352=DIRECTION('',(0.,0.,-1.));
#6353=DIRECTION('center_axis',(0.,0.,-1.));
#6354=DIRECTION('ref_axis',(-1.,0.,0.));
#6355=DIRECTION('center_axis',(0.,0.,1.));
#6356=DIRECTION('ref_axis',(-1.,0.,0.));
#6357=DIRECTION('center_axis',(0.,0.,1.));
#6358=DIRECTION('ref_axis',(-1.,0.,0.));
#6359=DIRECTION('center_axis',(0.,0.,-1.));
#6360=DIRECTION('ref_axis',(-1.,0.,0.));
#6361=DIRECTION('',(0.,1.,0.));
#6362=DIRECTION('',(1.,0.,0.));
#6363=DIRECTION('',(-5.3103779876841E-17,-1.,0.));
#6364=DIRECTION('',(-1.,0.,0.));
#6365=DIRECTION('center_axis',(0.,1.,0.));
#6366=DIRECTION('ref_axis',(-1.,0.,0.));
#6367=DIRECTION('',(0.,0.,1.));
#6368=DIRECTION('',(-1.,0.,0.));
#6369=DIRECTION('',(0.,0.,1.));
#6370=DIRECTION('center_axis',(-1.,0.,0.));
#6371=DIRECTION('ref_axis',(0.,-1.,0.));
#6372=DIRECTION('',(0.,-1.,0.));
#6373=DIRECTION('center_axis',(0.,0.,1.));
#6374=DIRECTION('ref_axis',(-1.,0.,0.));
#6375=DIRECTION('',(0.,0.,-1.));
#6376=DIRECTION('center_axis',(0.,0.,-1.));
#6377=DIRECTION('ref_axis',(-1.,0.,0.));
#6378=DIRECTION('center_axis',(1.,-5.3103779876841E-17,0.));
#6379=DIRECTION('ref_axis',(5.3103779876841E-17,1.,0.));
#6380=DIRECTION('',(5.3103779876841E-17,1.,0.));
#6381=DIRECTION('',(0.,0.,1.));
#6382=DIRECTION('center_axis',(0.,-1.,0.));
#6383=DIRECTION('ref_axis',(1.,0.,0.));
#6384=DIRECTION('',(1.,0.,0.));
#6385=DIRECTION('center_axis',(0.,0.,1.));
#6386=DIRECTION('ref_axis',(-1.,0.,0.));
#6387=DIRECTION('',(0.,0.,-1.));
#6388=DIRECTION('center_axis',(0.,0.,-1.));
#6389=DIRECTION('ref_axis',(-1.,0.,0.));
#6390=DIRECTION('center_axis',(0.,0.,1.));
#6391=DIRECTION('ref_axis',(-1.,0.,0.));
#6392=DIRECTION('',(0.,0.,-1.));
#6393=DIRECTION('center_axis',(0.,0.,-1.));
#6394=DIRECTION('ref_axis',(-1.,0.,0.));
#6395=DIRECTION('center_axis',(0.,0.,1.));
#6396=DIRECTION('ref_axis',(-1.,0.,0.));
#6397=DIRECTION('',(0.,0.,-1.));
#6398=DIRECTION('center_axis',(0.,0.,-1.));
#6399=DIRECTION('ref_axis',(-1.,0.,0.));
#6400=DIRECTION('center_axis',(1.,0.,0.));
#6401=DIRECTION('ref_axis',(0.,1.,0.));
#6402=DIRECTION('',(0.,-1.,0.));
#6403=DIRECTION('',(0.,0.,1.));
#6404=DIRECTION('',(0.,0.,1.));
#6405=DIRECTION('center_axis',(0.,-1.,0.));
#6406=DIRECTION('ref_axis',(1.,0.,0.));
#6407=DIRECTION('',(-1.,0.,0.));
#6408=DIRECTION('',(0.,0.,1.));
#6409=DIRECTION('center_axis',(-1.,0.,0.));
#6410=DIRECTION('ref_axis',(0.,-1.,0.));
#6411=DIRECTION('',(0.,1.,0.));
#6412=DIRECTION('',(0.,0.,1.));
#6413=DIRECTION('center_axis',(0.,1.,0.));
#6414=DIRECTION('ref_axis',(-1.,0.,0.));
#6415=DIRECTION('',(1.,0.,0.));
#6416=DIRECTION('',(1.,0.,0.));
#6417=DIRECTION('center_axis',(0.,0.,1.));
#6418=DIRECTION('ref_axis',(-1.,0.,0.));
#6419=DIRECTION('center_axis',(0.,0.,1.));
#6420=DIRECTION('ref_axis',(-1.,0.,0.));
#6421=CARTESIAN_POINT('',(0.,0.,0.));
#6422=CARTESIAN_POINT('Origin',(93.7087350070093,-91.883849550396,15.));
#6423=CARTESIAN_POINT('',(93.7087350070093,-91.883849550396,15.));
#6424=CARTESIAN_POINT('',(97.8730901932431,-91.8661151348648,15.));
#6425=CARTESIAN_POINT('',(75.5467575738934,-91.9611945510656,15.));
#6426=CARTESIAN_POINT('',(93.7087350070093,-91.883849550396,14.7));
#6427=CARTESIAN_POINT('',(93.7087350070093,-91.883849550396,15.));
#6428=CARTESIAN_POINT('',(97.8730901932431,-91.8661151348648,14.7));
#6429=CARTESIAN_POINT('',(93.7087350070093,-91.883849550396,14.7));
#6430=CARTESIAN_POINT('',(97.8730901932431,-91.8661151348648,15.));
#6431=CARTESIAN_POINT('Origin',(93.7208048710779,-94.718067624431,15.));
#6432=CARTESIAN_POINT('',(93.7208048710779,-94.718067624431,15.));
#6433=CARTESIAN_POINT('',(93.5973798686549,-65.7356888115459,15.));
#6434=CARTESIAN_POINT('',(93.7208048710779,-94.718067624431,14.7));
#6435=CARTESIAN_POINT('',(93.7208048710779,-94.718067624431,15.));
#6436=CARTESIAN_POINT('',(93.7208048710779,-94.718067624431,14.7));
#6437=CARTESIAN_POINT('Origin',(97.8851600573117,-94.7003332088997,15.));
#6438=CARTESIAN_POINT('',(97.8851600573117,-94.7003332088997,15.));
#6439=CARTESIAN_POINT('',(77.6410050310789,-94.7865454173349,15.));
#6440=CARTESIAN_POINT('',(97.8851600573117,-94.7003332088997,14.7));
#6441=CARTESIAN_POINT('',(97.8851600573117,-94.7003332088997,15.));
#6442=CARTESIAN_POINT('',(97.8851600573117,-94.7003332088997,14.7));
#6443=CARTESIAN_POINT('Origin',(97.8730901932431,-91.8661151348648,15.));
#6444=CARTESIAN_POINT('',(97.7557001228544,-64.3008453589972,15.));
#6445=CARTESIAN_POINT('',(97.8730901932431,-91.8661151348648,14.7));
#6446=CARTESIAN_POINT('Origin',(76.2754375003818,-57.5407274301237,14.7));
#6447=CARTESIAN_POINT('Ctrl Pts',(85.6389402542901,-87.8458738663659,15.));
#6448=CARTESIAN_POINT('Ctrl Pts',(85.6389402542901,-87.8458738663659,14.7));
#6449=CARTESIAN_POINT('Ctrl Pts',(85.8899142713209,-87.8225483998435,15.));
#6450=CARTESIAN_POINT('Ctrl Pts',(85.8899142713209,-87.8225483998435,14.7));
#6451=CARTESIAN_POINT('Ctrl Pts',(86.3827507135628,-87.7767442960141,15.));
#6452=CARTESIAN_POINT('Ctrl Pts',(86.3827507135628,-87.7767442960141,14.7));
#6453=CARTESIAN_POINT('Ctrl Pts',(86.7366592888376,-87.4316882570793,15.));
#6454=CARTESIAN_POINT('Ctrl Pts',(86.7366592888376,-87.4316882570793,14.7));
#6455=CARTESIAN_POINT('Ctrl Pts',(86.9103420342319,-87.2623499467246,15.));
#6456=CARTESIAN_POINT('Ctrl Pts',(86.9103420342319,-87.2623499467246,14.7));
#6457=CARTESIAN_POINT('',(85.6389402542901,-87.8458738663659,15.));
#6458=CARTESIAN_POINT('',(86.9103420342319,-87.2623499467246,15.));
#6459=CARTESIAN_POINT('Ctrl Pts',(85.6389402542901,-87.8458738663659,15.));
#6460=CARTESIAN_POINT('Ctrl Pts',(85.8899142713209,-87.8225483998435,15.));
#6461=CARTESIAN_POINT('Ctrl Pts',(86.3827507135628,-87.7767442960141,15.));
#6462=CARTESIAN_POINT('Ctrl Pts',(86.7366592888376,-87.4316882570793,15.));
#6463=CARTESIAN_POINT('Ctrl Pts',(86.9103420342319,-87.2623499467246,15.));
#6464=CARTESIAN_POINT('',(85.6389402542901,-87.8458738663659,14.7));
#6465=CARTESIAN_POINT('',(85.6389402542901,-87.8458738663659,15.));
#6466=CARTESIAN_POINT('',(86.9103420342319,-87.2623499467246,14.7));
#6467=CARTESIAN_POINT('Ctrl Pts',(85.6389402542901,-87.8458738663659,14.7));
#6468=CARTESIAN_POINT('Ctrl Pts',(85.8899142713209,-87.8225483998435,14.7));
#6469=CARTESIAN_POINT('Ctrl Pts',(86.3827507135628,-87.7767442960141,14.7));
#6470=CARTESIAN_POINT('Ctrl Pts',(86.7366592888376,-87.4316882570793,14.7));
#6471=CARTESIAN_POINT('Ctrl Pts',(86.9103420342319,-87.2623499467246,14.7));
#6472=CARTESIAN_POINT('',(86.9103420342319,-87.2623499467246,15.));
#6473=CARTESIAN_POINT('Ctrl Pts',(84.2856600871572,-87.2223671529713,15.));
#6474=CARTESIAN_POINT('Ctrl Pts',(84.2856600871572,-87.2223671529713,14.7));
#6475=CARTESIAN_POINT('Ctrl Pts',(84.478965851923,-87.4050710269155,15.));
#6476=CARTESIAN_POINT('Ctrl Pts',(84.478965851923,-87.4050710269155,14.7));
#6477=CARTESIAN_POINT('Ctrl Pts',(84.8603235540902,-87.7655130945841,15.));
#6478=CARTESIAN_POINT('Ctrl Pts',(84.8603235540902,-87.7655130945841,14.7));
#6479=CARTESIAN_POINT('Ctrl Pts',(85.3817960670637,-87.8193340999579,15.));
#6480=CARTESIAN_POINT('Ctrl Pts',(85.3817960670637,-87.8193340999579,14.7));
#6481=CARTESIAN_POINT('Ctrl Pts',(85.6389402542901,-87.8458738663659,15.));
#6482=CARTESIAN_POINT('Ctrl Pts',(85.6389402542901,-87.8458738663659,14.7));
#6483=CARTESIAN_POINT('',(84.2856600871572,-87.2223671529713,15.));
#6484=CARTESIAN_POINT('Ctrl Pts',(84.2856600871572,-87.2223671529713,15.));
#6485=CARTESIAN_POINT('Ctrl Pts',(84.478965851923,-87.4050710269155,15.));
#6486=CARTESIAN_POINT('Ctrl Pts',(84.8603235540902,-87.7655130945841,15.));
#6487=CARTESIAN_POINT('Ctrl Pts',(85.3817960670637,-87.8193340999579,15.));
#6488=CARTESIAN_POINT('Ctrl Pts',(85.6389402542901,-87.8458738663659,15.));
#6489=CARTESIAN_POINT('',(84.2856600871572,-87.2223671529713,14.7));
#6490=CARTESIAN_POINT('',(84.2856600871572,-87.2223671529713,15.));
#6491=CARTESIAN_POINT('Ctrl Pts',(84.2856600871572,-87.2223671529713,14.7));
#6492=CARTESIAN_POINT('Ctrl Pts',(84.478965851923,-87.4050710269155,14.7));
#6493=CARTESIAN_POINT('Ctrl Pts',(84.8603235540902,-87.7655130945841,14.7));
#6494=CARTESIAN_POINT('Ctrl Pts',(85.3817960670637,-87.8193340999579,14.7));
#6495=CARTESIAN_POINT('Ctrl Pts',(85.6389402542901,-87.8458738663659,14.7));
#6496=CARTESIAN_POINT('Ctrl Pts',(83.7254052795549,-85.408569958416,15.));
#6497=CARTESIAN_POINT('Ctrl Pts',(83.7254052795549,-85.408569958416,14.7));
#6498=CARTESIAN_POINT('Ctrl Pts',(83.7398351781458,-85.7683952640549,15.));
#6499=CARTESIAN_POINT('Ctrl Pts',(83.7398351781458,-85.7683952640549,14.7));
#6500=CARTESIAN_POINT('Ctrl Pts',(83.7661915462937,-86.4256201339754,15.));
#6501=CARTESIAN_POINT('Ctrl Pts',(83.7661915462937,-86.4256201339754,14.7));
#6502=CARTESIAN_POINT('Ctrl Pts',(84.1238271063788,-86.9741520352741,15.));
#6503=CARTESIAN_POINT('Ctrl Pts',(84.1238271063788,-86.9741520352741,14.7));
#6504=CARTESIAN_POINT('Ctrl Pts',(84.2856600871572,-87.2223671529713,15.));
#6505=CARTESIAN_POINT('Ctrl Pts',(84.2856600871572,-87.2223671529713,14.7));
#6506=CARTESIAN_POINT('',(83.7254052795549,-85.408569958416,15.));
#6507=CARTESIAN_POINT('Ctrl Pts',(83.7254052795549,-85.408569958416,15.));
#6508=CARTESIAN_POINT('Ctrl Pts',(83.7398351781458,-85.7683952640549,15.));
#6509=CARTESIAN_POINT('Ctrl Pts',(83.7661915462937,-86.4256201339754,15.));
#6510=CARTESIAN_POINT('Ctrl Pts',(84.1238271063788,-86.9741520352741,15.));
#6511=CARTESIAN_POINT('Ctrl Pts',(84.2856600871572,-87.2223671529713,15.));
#6512=CARTESIAN_POINT('',(83.7254052795549,-85.408569958416,14.7));
#6513=CARTESIAN_POINT('',(83.7254052795549,-85.408569958416,15.));
#6514=CARTESIAN_POINT('Ctrl Pts',(83.7254052795549,-85.408569958416,14.7));
#6515=CARTESIAN_POINT('Ctrl Pts',(83.7398351781458,-85.7683952640549,14.7));
#6516=CARTESIAN_POINT('Ctrl Pts',(83.7661915462937,-86.4256201339754,14.7));
#6517=CARTESIAN_POINT('Ctrl Pts',(84.1238271063788,-86.9741520352741,14.7));
#6518=CARTESIAN_POINT('Ctrl Pts',(84.2856600871572,-87.2223671529713,14.7));
#6519=CARTESIAN_POINT('Ctrl Pts',(84.2447860906569,-83.6311035001378,15.));
#6520=CARTESIAN_POINT('Ctrl Pts',(84.2447860906569,-83.6311035001378,14.7));
#6521=CARTESIAN_POINT('Ctrl Pts',(84.0925977769574,-83.8708919495369,15.));
#6522=CARTESIAN_POINT('Ctrl Pts',(84.0925977769574,-83.8708919495369,14.7));
#6523=CARTESIAN_POINT('Ctrl Pts',(83.7503248987499,-84.4101783161552,15.));
#6524=CARTESIAN_POINT('Ctrl Pts',(83.7503248987499,-84.4101783161552,14.7));
#6525=CARTESIAN_POINT('Ctrl Pts',(83.7343031263441,-85.0520823331851,15.));
#6526=CARTESIAN_POINT('Ctrl Pts',(83.7343031263441,-85.0520823331851,14.7));
#6527=CARTESIAN_POINT('Ctrl Pts',(83.7254052795549,-85.408569958416,15.));
#6528=CARTESIAN_POINT('Ctrl Pts',(83.7254052795549,-85.408569958416,14.7));
#6529=CARTESIAN_POINT('',(84.2447860906569,-83.6311035001378,15.));
#6530=CARTESIAN_POINT('Ctrl Pts',(84.2447860906569,-83.6311035001378,15.));
#6531=CARTESIAN_POINT('Ctrl Pts',(84.0925977769574,-83.8708919495369,15.));
#6532=CARTESIAN_POINT('Ctrl Pts',(83.7503248987499,-84.4101783161552,15.));
#6533=CARTESIAN_POINT('Ctrl Pts',(83.7343031263441,-85.0520823331851,15.));
#6534=CARTESIAN_POINT('Ctrl Pts',(83.7254052795549,-85.408569958416,15.));
#6535=CARTESIAN_POINT('',(84.2447860906569,-83.6311035001378,14.7));
#6536=CARTESIAN_POINT('',(84.2447860906569,-83.6311035001378,15.));
#6537=CARTESIAN_POINT('Ctrl Pts',(84.2447860906569,-83.6311035001378,14.7));
#6538=CARTESIAN_POINT('Ctrl Pts',(84.0925977769574,-83.8708919495369,14.7));
#6539=CARTESIAN_POINT('Ctrl Pts',(83.7503248987499,-84.4101783161552,14.7));
#6540=CARTESIAN_POINT('Ctrl Pts',(83.7343031263441,-85.0520823331851,14.7));
#6541=CARTESIAN_POINT('Ctrl Pts',(83.7254052795549,-85.408569958416,14.7));
#6542=CARTESIAN_POINT('Ctrl Pts',(85.5468380274531,-83.0372172269551,15.));
#6543=CARTESIAN_POINT('Ctrl Pts',(85.5468380274531,-83.0372172269551,14.7));
#6544=CARTESIAN_POINT('Ctrl Pts',(85.297796643035,-83.0632247771604,15.));
#6545=CARTESIAN_POINT('Ctrl Pts',(85.297796643035,-83.0632247771604,14.7));
#6546=CARTESIAN_POINT('Ctrl Pts',(84.7974911252302,-83.1154720006599,15.));
#6547=CARTESIAN_POINT('Ctrl Pts',(84.7974911252302,-83.1154720006599,14.7));
#6548=CARTESIAN_POINT('Ctrl Pts',(84.4295659727482,-83.4587180111045,15.));
#6549=CARTESIAN_POINT('Ctrl Pts',(84.4295659727482,-83.4587180111045,14.7));
#6550=CARTESIAN_POINT('Ctrl Pts',(84.2447860906569,-83.6311035001378,15.));
#6551=CARTESIAN_POINT('Ctrl Pts',(84.2447860906569,-83.6311035001378,14.7));
#6552=CARTESIAN_POINT('',(85.5468380274531,-83.0372172269551,15.));
#6553=CARTESIAN_POINT('Ctrl Pts',(85.5468380274531,-83.0372172269551,15.));
#6554=CARTESIAN_POINT('Ctrl Pts',(85.297796643035,-83.0632247771604,15.));
#6555=CARTESIAN_POINT('Ctrl Pts',(84.7974911252302,-83.1154720006599,15.));
#6556=CARTESIAN_POINT('Ctrl Pts',(84.4295659727482,-83.4587180111045,15.));
#6557=CARTESIAN_POINT('Ctrl Pts',(84.2447860906569,-83.6311035001378,15.));
#6558=CARTESIAN_POINT('',(85.5468380274531,-83.0372172269551,14.7));
#6559=CARTESIAN_POINT('',(85.5468380274531,-83.0372172269551,15.));
#6560=CARTESIAN_POINT('Ctrl Pts',(85.5468380274531,-83.0372172269551,14.7));
#6561=CARTESIAN_POINT('Ctrl Pts',(85.297796643035,-83.0632247771604,14.7));
#6562=CARTESIAN_POINT('Ctrl Pts',(84.7974911252302,-83.1154720006599,14.7));
#6563=CARTESIAN_POINT('Ctrl Pts',(84.4295659727482,-83.4587180111045,14.7));
#6564=CARTESIAN_POINT('Ctrl Pts',(84.2447860906569,-83.6311035001378,14.7));
#6565=CARTESIAN_POINT('Ctrl Pts',(86.8691630238125,-83.5994636180099,15.));
#6566=CARTESIAN_POINT('Ctrl Pts',(86.8691630238125,-83.5994636180099,14.7));
#6567=CARTESIAN_POINT('Ctrl Pts',(86.6852159351839,-83.4346390400018,15.));
#6568=CARTESIAN_POINT('Ctrl Pts',(86.6852159351839,-83.4346390400018,14.7));
#6569=CARTESIAN_POINT('Ctrl Pts',(86.3089806192987,-83.0975158616202,15.));
#6570=CARTESIAN_POINT('Ctrl Pts',(86.3089806192987,-83.0975158616202,14.7));
#6571=CARTESIAN_POINT('Ctrl Pts',(85.8046128367299,-83.0576116639236,15.));
#6572=CARTESIAN_POINT('Ctrl Pts',(85.8046128367299,-83.0576116639236,14.7));
#6573=CARTESIAN_POINT('Ctrl Pts',(85.5468380274531,-83.0372172269551,15.));
#6574=CARTESIAN_POINT('Ctrl Pts',(85.5468380274531,-83.0372172269551,14.7));
#6575=CARTESIAN_POINT('',(86.8691630238125,-83.5994636180099,15.));
#6576=CARTESIAN_POINT('Ctrl Pts',(86.8691630238125,-83.5994636180099,15.));
#6577=CARTESIAN_POINT('Ctrl Pts',(86.6852159351839,-83.4346390400018,15.));
#6578=CARTESIAN_POINT('Ctrl Pts',(86.3089806192987,-83.0975158616202,15.));
#6579=CARTESIAN_POINT('Ctrl Pts',(85.8046128367299,-83.0576116639236,15.));
#6580=CARTESIAN_POINT('Ctrl Pts',(85.5468380274531,-83.0372172269551,15.));
#6581=CARTESIAN_POINT('',(86.8691630238125,-83.5994636180099,14.7));
#6582=CARTESIAN_POINT('',(86.8691630238125,-83.5994636180099,15.));
#6583=CARTESIAN_POINT('Ctrl Pts',(86.8691630238125,-83.5994636180099,14.7));
#6584=CARTESIAN_POINT('Ctrl Pts',(86.6852159351839,-83.4346390400018,14.7));
#6585=CARTESIAN_POINT('Ctrl Pts',(86.3089806192987,-83.0975158616202,14.7));
#6586=CARTESIAN_POINT('Ctrl Pts',(85.8046128367299,-83.0576116639236,14.7));
#6587=CARTESIAN_POINT('Ctrl Pts',(85.5468380274531,-83.0372172269551,14.7));
#6588=CARTESIAN_POINT('Ctrl Pts',(87.3779510385358,-85.3418560153725,15.));
#6589=CARTESIAN_POINT('Ctrl Pts',(87.3779510385358,-85.3418560153725,14.7));
#6590=CARTESIAN_POINT('Ctrl Pts',(87.3675395342568,-84.9901859001458,15.));
#6591=CARTESIAN_POINT('Ctrl Pts',(87.3675395342568,-84.9901859001458,14.7));
#6592=CARTESIAN_POINT('Ctrl Pts',(87.3489334835761,-84.36172801246,15.));
#6593=CARTESIAN_POINT('Ctrl Pts',(87.3489334835761,-84.36172801246,14.7));
#6594=CARTESIAN_POINT('Ctrl Pts',(87.0158575650804,-83.8325334608755,15.));
#6595=CARTESIAN_POINT('Ctrl Pts',(87.0158575650804,-83.8325334608755,14.7));
#6596=CARTESIAN_POINT('Ctrl Pts',(86.8691630238125,-83.5994636180099,15.));
#6597=CARTESIAN_POINT('Ctrl Pts',(86.8691630238125,-83.5994636180099,14.7));
#6598=CARTESIAN_POINT('',(87.3779510385358,-85.3418560153725,15.));
#6599=CARTESIAN_POINT('Ctrl Pts',(87.3779510385358,-85.3418560153725,15.));
#6600=CARTESIAN_POINT('Ctrl Pts',(87.3675395342568,-84.9901859001458,15.));
#6601=CARTESIAN_POINT('Ctrl Pts',(87.3489334835761,-84.36172801246,15.));
#6602=CARTESIAN_POINT('Ctrl Pts',(87.0158575650804,-83.8325334608755,15.));
#6603=CARTESIAN_POINT('Ctrl Pts',(86.8691630238125,-83.5994636180099,15.));
#6604=CARTESIAN_POINT('',(87.3779510385358,-85.3418560153725,14.7));
#6605=CARTESIAN_POINT('',(87.3779510385358,-85.3418560153725,15.));
#6606=CARTESIAN_POINT('Ctrl Pts',(87.3779510385358,-85.3418560153725,14.7));
#6607=CARTESIAN_POINT('Ctrl Pts',(87.3675395342568,-84.9901859001458,14.7));
#6608=CARTESIAN_POINT('Ctrl Pts',(87.3489334835761,-84.36172801246,14.7));
#6609=CARTESIAN_POINT('Ctrl Pts',(87.0158575650804,-83.8325334608755,14.7));
#6610=CARTESIAN_POINT('Ctrl Pts',(86.8691630238125,-83.5994636180099,14.7));
#6611=CARTESIAN_POINT('Ctrl Pts',(86.9103420342319,-87.2623499467246,15.));
#6612=CARTESIAN_POINT('Ctrl Pts',(86.9103420342319,-87.2623499467246,14.7));
#6613=CARTESIAN_POINT('Ctrl Pts',(87.0472279853303,-87.0107782677552,15.));
#6614=CARTESIAN_POINT('Ctrl Pts',(87.0472279853303,-87.0107782677552,14.7));
#6615=CARTESIAN_POINT('Ctrl Pts',(87.3708282187159,-86.4160594279145,15.));
#6616=CARTESIAN_POINT('Ctrl Pts',(87.3708282187159,-86.4160594279145,14.7));
#6617=CARTESIAN_POINT('Ctrl Pts',(87.3753449355352,-85.734886417298,15.));
#6618=CARTESIAN_POINT('Ctrl Pts',(87.3753449355352,-85.734886417298,14.7));
#6619=CARTESIAN_POINT('Ctrl Pts',(87.3779510385358,-85.3418560153725,15.));
#6620=CARTESIAN_POINT('Ctrl Pts',(87.3779510385358,-85.3418560153725,14.7));
#6621=CARTESIAN_POINT('Ctrl Pts',(86.9103420342319,-87.2623499467246,15.));
#6622=CARTESIAN_POINT('Ctrl Pts',(87.0472279853303,-87.0107782677552,15.));
#6623=CARTESIAN_POINT('Ctrl Pts',(87.3708282187159,-86.4160594279145,15.));
#6624=CARTESIAN_POINT('Ctrl Pts',(87.3753449355352,-85.734886417298,15.));
#6625=CARTESIAN_POINT('Ctrl Pts',(87.3779510385358,-85.3418560153725,15.));
#6626=CARTESIAN_POINT('Ctrl Pts',(86.9103420342319,-87.2623499467246,14.7));
#6627=CARTESIAN_POINT('Ctrl Pts',(87.0472279853303,-87.0107782677552,14.7));
#6628=CARTESIAN_POINT('Ctrl Pts',(87.3708282187159,-86.4160594279145,14.7));
#6629=CARTESIAN_POINT('Ctrl Pts',(87.3753449355352,-85.734886417298,14.7));
#6630=CARTESIAN_POINT('Ctrl Pts',(87.3779510385358,-85.3418560153725,14.7));
#6631=CARTESIAN_POINT('Ctrl Pts',(85.0207071302142,-90.4372063757363,15.));
#6632=CARTESIAN_POINT('Ctrl Pts',(85.0207071302142,-90.4372063757363,14.7));
#6633=CARTESIAN_POINT('Ctrl Pts',(84.7425404217715,-90.2612495509082,15.));
#6634=CARTESIAN_POINT('Ctrl Pts',(84.7425404217715,-90.2612495509082,14.7));
#6635=CARTESIAN_POINT('Ctrl Pts',(84.1435050160574,-89.8823243785209,15.));
#6636=CARTESIAN_POINT('Ctrl Pts',(84.1435050160574,-89.8823243785209,14.7));
#6637=CARTESIAN_POINT('Ctrl Pts',(83.7080222781963,-89.3217872961323,15.));
#6638=CARTESIAN_POINT('Ctrl Pts',(83.7080222781963,-89.3217872961323,14.7));
#6639=CARTESIAN_POINT('Ctrl Pts',(83.4747593066778,-89.0215399289773,15.));
#6640=CARTESIAN_POINT('Ctrl Pts',(83.4747593066778,-89.0215399289773,14.7));
#6641=CARTESIAN_POINT('',(85.0207071302142,-90.4372063757363,15.));
#6642=CARTESIAN_POINT('',(83.4747593066778,-89.0215399289773,15.));
#6643=CARTESIAN_POINT('Ctrl Pts',(85.0207071302142,-90.4372063757363,15.));
#6644=CARTESIAN_POINT('Ctrl Pts',(84.7425404217715,-90.2612495509082,15.));
#6645=CARTESIAN_POINT('Ctrl Pts',(84.1435050160574,-89.8823243785209,15.));
#6646=CARTESIAN_POINT('Ctrl Pts',(83.7080222781963,-89.3217872961323,15.));
#6647=CARTESIAN_POINT('Ctrl Pts',(83.4747593066778,-89.0215399289773,15.));
#6648=CARTESIAN_POINT('',(85.0207071302142,-90.4372063757363,14.7));
#6649=CARTESIAN_POINT('',(85.0207071302142,-90.4372063757363,15.));
#6650=CARTESIAN_POINT('',(83.4747593066778,-89.0215399289773,14.7));
#6651=CARTESIAN_POINT('Ctrl Pts',(85.0207071302142,-90.4372063757363,14.7));
#6652=CARTESIAN_POINT('Ctrl Pts',(84.7425404217715,-90.2612495509082,14.7));
#6653=CARTESIAN_POINT('Ctrl Pts',(84.1435050160574,-89.8823243785209,14.7));
#6654=CARTESIAN_POINT('Ctrl Pts',(83.7080222781963,-89.3217872961323,14.7));
#6655=CARTESIAN_POINT('Ctrl Pts',(83.4747593066778,-89.0215399289773,14.7));
#6656=CARTESIAN_POINT('',(83.4747593066778,-89.0215399289773,15.));
#6657=CARTESIAN_POINT('Ctrl Pts',(87.1149464524646,-90.8580328426489,15.));
#6658=CARTESIAN_POINT('Ctrl Pts',(87.1149464524646,-90.8580328426489,14.7));
#6659=CARTESIAN_POINT('Ctrl Pts',(86.7238050337263,-90.8483298711473,15.));
#6660=CARTESIAN_POINT('Ctrl Pts',(86.7238050337263,-90.8483298711473,14.7));
#6661=CARTESIAN_POINT('Ctrl Pts',(85.9999090605213,-90.8303723200888,15.));
#6662=CARTESIAN_POINT('Ctrl Pts',(85.9999090605213,-90.8303723200888,14.7));
#6663=CARTESIAN_POINT('Ctrl Pts',(85.329071999695,-90.5610200257732,15.));
#6664=CARTESIAN_POINT('Ctrl Pts',(85.329071999695,-90.5610200257732,14.7));
#6665=CARTESIAN_POINT('Ctrl Pts',(85.0207071302142,-90.4372063757363,15.));
#6666=CARTESIAN_POINT('Ctrl Pts',(85.0207071302142,-90.4372063757363,14.7));
#6667=CARTESIAN_POINT('',(87.1149464524646,-90.8580328426489,15.));
#6668=CARTESIAN_POINT('Ctrl Pts',(87.1149464524646,-90.8580328426489,15.));
#6669=CARTESIAN_POINT('Ctrl Pts',(86.7238050337263,-90.8483298711473,15.));
#6670=CARTESIAN_POINT('Ctrl Pts',(85.9999090605213,-90.8303723200888,15.));
#6671=CARTESIAN_POINT('Ctrl Pts',(85.329071999695,-90.5610200257732,15.));
#6672=CARTESIAN_POINT('Ctrl Pts',(85.0207071302142,-90.4372063757363,15.));
#6673=CARTESIAN_POINT('',(87.1149464524646,-90.8580328426489,14.7));
#6674=CARTESIAN_POINT('',(87.1149464524646,-90.8580328426489,15.));
#6675=CARTESIAN_POINT('Ctrl Pts',(87.1149464524646,-90.8580328426489,14.7));
#6676=CARTESIAN_POINT('Ctrl Pts',(86.7238050337263,-90.8483298711473,14.7));
#6677=CARTESIAN_POINT('Ctrl Pts',(85.9999090605213,-90.8303723200888,14.7));
#6678=CARTESIAN_POINT('Ctrl Pts',(85.329071999695,-90.5610200257732,14.7));
#6679=CARTESIAN_POINT('Ctrl Pts',(85.0207071302142,-90.4372063757363,14.7));
#6680=CARTESIAN_POINT('Ctrl Pts',(90.3220766304523,-89.5142124593207,15.));
#6681=CARTESIAN_POINT('Ctrl Pts',(90.3220766304523,-89.5142124593207,14.7));
#6682=CARTESIAN_POINT('Ctrl Pts',(89.8746455988739,-89.904008345661,15.));
#6683=CARTESIAN_POINT('Ctrl Pts',(89.8746455988739,-89.904008345661,14.7));
#6684=CARTESIAN_POINT('Ctrl Pts',(88.9557264254064,-90.7045583487156,15.));
#6685=CARTESIAN_POINT('Ctrl Pts',(88.9557264254064,-90.7045583487156,14.7));
#6686=CARTESIAN_POINT('Ctrl Pts',(87.7391562933387,-90.8059895290294,15.));
#6687=CARTESIAN_POINT('Ctrl Pts',(87.7391562933387,-90.8059895290294,14.7));
#6688=CARTESIAN_POINT('Ctrl Pts',(87.1149464524646,-90.8580328426489,15.));
#6689=CARTESIAN_POINT('Ctrl Pts',(87.1149464524646,-90.8580328426489,14.7));
#6690=CARTESIAN_POINT('',(90.3220766304523,-89.5142124593207,15.));
#6691=CARTESIAN_POINT('Ctrl Pts',(90.3220766304523,-89.5142124593207,15.));
#6692=CARTESIAN_POINT('Ctrl Pts',(89.8746455988739,-89.904008345661,15.));
#6693=CARTESIAN_POINT('Ctrl Pts',(88.9557264254064,-90.7045583487156,15.));
#6694=CARTESIAN_POINT('Ctrl Pts',(87.7391562933387,-90.8059895290294,15.));
#6695=CARTESIAN_POINT('Ctrl Pts',(87.1149464524646,-90.8580328426489,15.));
#6696=CARTESIAN_POINT('',(90.3220766304523,-89.5142124593207,14.7));
#6697=CARTESIAN_POINT('',(90.3220766304523,-89.5142124593207,15.));
#6698=CARTESIAN_POINT('Ctrl Pts',(90.3220766304523,-89.5142124593207,14.7));
#6699=CARTESIAN_POINT('Ctrl Pts',(89.8746455988739,-89.904008345661,14.7));
#6700=CARTESIAN_POINT('Ctrl Pts',(88.9557264254064,-90.7045583487156,14.7));
#6701=CARTESIAN_POINT('Ctrl Pts',(87.7391562933387,-90.8059895290294,14.7));
#6702=CARTESIAN_POINT('Ctrl Pts',(87.1149464524646,-90.8580328426489,14.7));
#6703=CARTESIAN_POINT('Ctrl Pts',(91.533426555137,-85.641351984692,15.));
#6704=CARTESIAN_POINT('Ctrl Pts',(91.533426555137,-85.641351984692,14.7));
#6705=CARTESIAN_POINT('Ctrl Pts',(91.507414092927,-86.4113086242506,15.));
#6706=CARTESIAN_POINT('Ctrl Pts',(91.507414092927,-86.4113086242506,14.7));
#6707=CARTESIAN_POINT('Ctrl Pts',(91.4598014298293,-87.820621044707,15.));
#6708=CARTESIAN_POINT('Ctrl Pts',(91.4598014298293,-87.820621044707,14.7));
#6709=CARTESIAN_POINT('Ctrl Pts',(90.6771419002074,-88.9856703260966,15.));
#6710=CARTESIAN_POINT('Ctrl Pts',(90.6771419002074,-88.9856703260966,14.7));
#6711=CARTESIAN_POINT('Ctrl Pts',(90.3220766304523,-89.5142124593207,15.));
#6712=CARTESIAN_POINT('Ctrl Pts',(90.3220766304523,-89.5142124593207,14.7));
#6713=CARTESIAN_POINT('',(91.533426555137,-85.641351984692,15.));
#6714=CARTESIAN_POINT('Ctrl Pts',(91.533426555137,-85.641351984692,15.));
#6715=CARTESIAN_POINT('Ctrl Pts',(91.507414092927,-86.4113086242506,15.));
#6716=CARTESIAN_POINT('Ctrl Pts',(91.4598014298293,-87.820621044707,15.));
#6717=CARTESIAN_POINT('Ctrl Pts',(90.6771419002074,-88.9856703260966,15.));
#6718=CARTESIAN_POINT('Ctrl Pts',(90.3220766304523,-89.5142124593207,15.));
#6719=CARTESIAN_POINT('',(91.533426555137,-85.641351984692,14.7));
#6720=CARTESIAN_POINT('',(91.533426555137,-85.641351984692,15.));
#6721=CARTESIAN_POINT('Ctrl Pts',(91.533426555137,-85.641351984692,14.7));
#6722=CARTESIAN_POINT('Ctrl Pts',(91.507414092927,-86.4113086242506,14.7));
#6723=CARTESIAN_POINT('Ctrl Pts',(91.4598014298293,-87.820621044707,14.7));
#6724=CARTESIAN_POINT('Ctrl Pts',(90.6771419002074,-88.9856703260966,14.7));
#6725=CARTESIAN_POINT('Ctrl Pts',(90.3220766304523,-89.5142124593207,14.7));
#6726=CARTESIAN_POINT('Ctrl Pts',(90.5666589497113,-82.0744950151604,15.));
#6727=CARTESIAN_POINT('Ctrl Pts',(90.5666589497113,-82.0744950151604,14.7));
#6728=CARTESIAN_POINT('Ctrl Pts',(90.8459209328101,-82.585031183489,15.));
#6729=CARTESIAN_POINT('Ctrl Pts',(90.8459209328101,-82.585031183489,14.7));
#6730=CARTESIAN_POINT('Ctrl Pts',(91.4521278547701,-83.6932756918087,15.));
#6731=CARTESIAN_POINT('Ctrl Pts',(91.4521278547701,-83.6932756918087,14.7));
#6732=CARTESIAN_POINT('Ctrl Pts',(91.5049422325557,-84.9588117560167,15.));
#6733=CARTESIAN_POINT('Ctrl Pts',(91.5049422325557,-84.9588117560167,14.7));
#6734=CARTESIAN_POINT('Ctrl Pts',(91.533426555137,-85.641351984692,15.));
#6735=CARTESIAN_POINT('Ctrl Pts',(91.533426555137,-85.641351984692,14.7));
#6736=CARTESIAN_POINT('',(90.5666589497113,-82.0744950151604,15.));
#6737=CARTESIAN_POINT('Ctrl Pts',(90.5666589497113,-82.0744950151604,15.));
#6738=CARTESIAN_POINT('Ctrl Pts',(90.8459209328101,-82.585031183489,15.));
#6739=CARTESIAN_POINT('Ctrl Pts',(91.4521278547701,-83.6932756918087,15.));
#6740=CARTESIAN_POINT('Ctrl Pts',(91.5049422325557,-84.9588117560167,15.));
#6741=CARTESIAN_POINT('Ctrl Pts',(91.533426555137,-85.641351984692,15.));
#6742=CARTESIAN_POINT('',(90.5666589497113,-82.0744950151604,14.7));
#6743=CARTESIAN_POINT('',(90.5666589497113,-82.0744950151604,15.));
#6744=CARTESIAN_POINT('Ctrl Pts',(90.5666589497113,-82.0744950151604,14.7));
#6745=CARTESIAN_POINT('Ctrl Pts',(90.8459209328101,-82.585031183489,14.7));
#6746=CARTESIAN_POINT('Ctrl Pts',(91.4521278547701,-83.6932756918087,14.7));
#6747=CARTESIAN_POINT('Ctrl Pts',(91.5049422325557,-84.9588117560167,14.7));
#6748=CARTESIAN_POINT('Ctrl Pts',(91.533426555137,-85.641351984692,14.7));
#6749=CARTESIAN_POINT('Ctrl Pts',(87.0388055576054,-80.1863633918536,15.));
#6750=CARTESIAN_POINT('Ctrl Pts',(87.0388055576054,-80.1863633918536,14.7));
#6751=CARTESIAN_POINT('Ctrl Pts',(87.7348480325831,-80.2687269285939,15.));
#6752=CARTESIAN_POINT('Ctrl Pts',(87.7348480325831,-80.2687269285939,14.7));
#6753=CARTESIAN_POINT('Ctrl Pts',(89.1547210927224,-80.4367422023157,15.));
#6754=CARTESIAN_POINT('Ctrl Pts',(89.1547210927224,-80.4367422023157,14.7));
#6755=CARTESIAN_POINT('Ctrl Pts',(90.0899121720135,-81.5215008643737,15.));
#6756=CARTESIAN_POINT('Ctrl Pts',(90.0899121720135,-81.5215008643737,14.7));
#6757=CARTESIAN_POINT('Ctrl Pts',(90.5666589497113,-82.0744950151604,15.));
#6758=CARTESIAN_POINT('Ctrl Pts',(90.5666589497113,-82.0744950151604,14.7));
#6759=CARTESIAN_POINT('',(87.0388055576054,-80.1863633918536,15.));
#6760=CARTESIAN_POINT('Ctrl Pts',(87.0388055576054,-80.1863633918536,15.));
#6761=CARTESIAN_POINT('Ctrl Pts',(87.7348480325831,-80.2687269285939,15.));
#6762=CARTESIAN_POINT('Ctrl Pts',(89.1547210927224,-80.4367422023157,15.));
#6763=CARTESIAN_POINT('Ctrl Pts',(90.0899121720135,-81.5215008643737,15.));
#6764=CARTESIAN_POINT('Ctrl Pts',(90.5666589497113,-82.0744950151604,15.));
#6765=CARTESIAN_POINT('',(87.0388055576054,-80.1863633918536,14.7));
#6766=CARTESIAN_POINT('',(87.0388055576054,-80.1863633918536,15.));
#6767=CARTESIAN_POINT('Ctrl Pts',(87.0388055576054,-80.1863633918536,14.7));
#6768=CARTESIAN_POINT('Ctrl Pts',(87.7348480325831,-80.2687269285939,14.7));
#6769=CARTESIAN_POINT('Ctrl Pts',(89.1547210927224,-80.4367422023157,14.7));
#6770=CARTESIAN_POINT('Ctrl Pts',(90.0899121720135,-81.5215008643737,14.7));
#6771=CARTESIAN_POINT('Ctrl Pts',(90.5666589497113,-82.0744950151604,14.7));
#6772=CARTESIAN_POINT('Ctrl Pts',(84.9639218639204,-80.7068003796057,15.));
#6773=CARTESIAN_POINT('Ctrl Pts',(84.9639218639204,-80.7068003796057,14.7));
#6774=CARTESIAN_POINT('Ctrl Pts',(85.2914056225537,-80.5561907327505,15.));
#6775=CARTESIAN_POINT('Ctrl Pts',(85.2914056225537,-80.5561907327505,14.7));
#6776=CARTESIAN_POINT('Ctrl Pts',(85.9504204105375,-80.2531101008901,15.));
#6777=CARTESIAN_POINT('Ctrl Pts',(85.9504204105375,-80.2531101008901,14.7));
#6778=CARTESIAN_POINT('Ctrl Pts',(86.6745281644524,-80.2087032016488,15.));
#6779=CARTESIAN_POINT('Ctrl Pts',(86.6745281644524,-80.2087032016488,14.7));
#6780=CARTESIAN_POINT('Ctrl Pts',(87.0388055576054,-80.1863633918536,15.));
#6781=CARTESIAN_POINT('Ctrl Pts',(87.0388055576054,-80.1863633918536,14.7));
#6782=CARTESIAN_POINT('',(84.9639218639204,-80.7068003796057,15.));
#6783=CARTESIAN_POINT('Ctrl Pts',(84.9639218639204,-80.7068003796057,15.));
#6784=CARTESIAN_POINT('Ctrl Pts',(85.2914056225537,-80.5561907327505,15.));
#6785=CARTESIAN_POINT('Ctrl Pts',(85.9504204105375,-80.2531101008901,15.));
#6786=CARTESIAN_POINT('Ctrl Pts',(86.6745281644524,-80.2087032016488,15.));
#6787=CARTESIAN_POINT('Ctrl Pts',(87.0388055576054,-80.1863633918536,15.));
#6788=CARTESIAN_POINT('',(84.9639218639204,-80.7068003796057,14.7));
#6789=CARTESIAN_POINT('',(84.9639218639204,-80.7068003796057,15.));
#6790=CARTESIAN_POINT('Ctrl Pts',(84.9639218639204,-80.7068003796057,14.7));
#6791=CARTESIAN_POINT('Ctrl Pts',(85.2914056225537,-80.5561907327505,14.7));
#6792=CARTESIAN_POINT('Ctrl Pts',(85.9504204105375,-80.2531101008901,14.7));
#6793=CARTESIAN_POINT('Ctrl Pts',(86.6745281644524,-80.2087032016488,14.7));
#6794=CARTESIAN_POINT('Ctrl Pts',(87.0388055576054,-80.1863633918536,14.7));
#6795=CARTESIAN_POINT('Ctrl Pts',(83.7405892307039,-81.7659084454491,15.));
#6796=CARTESIAN_POINT('Ctrl Pts',(83.7405892307039,-81.7659084454491,14.7));
#6797=CARTESIAN_POINT('Ctrl Pts',(83.9347334741855,-81.5448750667683,15.));
#6798=CARTESIAN_POINT('Ctrl Pts',(83.9347334741855,-81.5448750667683,14.7));
#6799=CARTESIAN_POINT('Ctrl Pts',(84.2943894946195,-81.1354063957747,15.));
#6800=CARTESIAN_POINT('Ctrl Pts',(84.2943894946195,-81.1354063957747,14.7));
#6801=CARTESIAN_POINT('Ctrl Pts',(84.7529121776417,-80.841879765093,15.));
#6802=CARTESIAN_POINT('Ctrl Pts',(84.7529121776417,-80.841879765093,14.7));
#6803=CARTESIAN_POINT('Ctrl Pts',(84.9639218639204,-80.7068003796057,15.));
#6804=CARTESIAN_POINT('Ctrl Pts',(84.9639218639204,-80.7068003796057,14.7));
#6805=CARTESIAN_POINT('',(83.7405892307039,-81.7659084454491,15.));
#6806=CARTESIAN_POINT('Ctrl Pts',(83.7405892307039,-81.7659084454491,15.));
#6807=CARTESIAN_POINT('Ctrl Pts',(83.9347334741855,-81.5448750667683,15.));
#6808=CARTESIAN_POINT('Ctrl Pts',(84.2943894946195,-81.1354063957747,15.));
#6809=CARTESIAN_POINT('Ctrl Pts',(84.7529121776417,-80.841879765093,15.));
#6810=CARTESIAN_POINT('Ctrl Pts',(84.9639218639204,-80.7068003796057,15.));
#6811=CARTESIAN_POINT('',(83.7405892307039,-81.7659084454491,14.7));
#6812=CARTESIAN_POINT('',(83.7405892307039,-81.7659084454491,15.));
#6813=CARTESIAN_POINT('Ctrl Pts',(83.7405892307039,-81.7659084454491,14.7));
#6814=CARTESIAN_POINT('Ctrl Pts',(83.9347334741855,-81.5448750667683,14.7));
#6815=CARTESIAN_POINT('Ctrl Pts',(84.2943894946195,-81.1354063957747,14.7));
#6816=CARTESIAN_POINT('Ctrl Pts',(84.7529121776417,-80.841879765093,14.7));
#6817=CARTESIAN_POINT('Ctrl Pts',(84.9639218639204,-80.7068003796057,14.7));
#6818=CARTESIAN_POINT('Origin',(83.73357389026,-80.1185821318505,15.));
#6819=CARTESIAN_POINT('',(83.73357389026,-80.1185821318505,15.));
#6820=CARTESIAN_POINT('',(83.6413257326106,-58.457079216741,15.));
#6821=CARTESIAN_POINT('',(83.73357389026,-80.1185821318505,14.7));
#6822=CARTESIAN_POINT('',(83.73357389026,-80.1185821318505,15.));
#6823=CARTESIAN_POINT('',(83.73357389026,-80.1185821318505,14.7));
#6824=CARTESIAN_POINT('Ctrl Pts',(84.1715131410426,-78.4386666385389,15.));
#6825=CARTESIAN_POINT('Ctrl Pts',(84.1715131410426,-78.4386666385389,14.7));
#6826=CARTESIAN_POINT('Ctrl Pts',(84.0434423811382,-78.6539417861333,15.));
#6827=CARTESIAN_POINT('Ctrl Pts',(84.0434423811382,-78.6539417861333,14.7));
#6828=CARTESIAN_POINT('Ctrl Pts',(83.7380249583629,-79.1673203341717,15.));
#6829=CARTESIAN_POINT('Ctrl Pts',(83.7380249583629,-79.1673203341717,14.7));
#6830=CARTESIAN_POINT('Ctrl Pts',(83.7352090203323,-79.7691296552663,15.));
#6831=CARTESIAN_POINT('Ctrl Pts',(83.7352090203323,-79.7691296552663,14.7));
#6832=CARTESIAN_POINT('Ctrl Pts',(83.73357389026,-80.1185821318505,15.));
#6833=CARTESIAN_POINT('Ctrl Pts',(83.73357389026,-80.1185821318505,14.7));
#6834=CARTESIAN_POINT('',(84.1715131410426,-78.4386666385389,15.));
#6835=CARTESIAN_POINT('Ctrl Pts',(84.1715131410426,-78.4386666385389,15.));
#6836=CARTESIAN_POINT('Ctrl Pts',(84.0434423811382,-78.6539417861333,15.));
#6837=CARTESIAN_POINT('Ctrl Pts',(83.7380249583629,-79.1673203341717,15.));
#6838=CARTESIAN_POINT('Ctrl Pts',(83.7352090203323,-79.7691296552663,15.));
#6839=CARTESIAN_POINT('Ctrl Pts',(83.73357389026,-80.1185821318505,15.));
#6840=CARTESIAN_POINT('',(84.1715131410426,-78.4386666385389,14.7));
#6841=CARTESIAN_POINT('',(84.1715131410426,-78.4386666385389,15.));
#6842=CARTESIAN_POINT('Ctrl Pts',(84.1715131410426,-78.4386666385389,14.7));
#6843=CARTESIAN_POINT('Ctrl Pts',(84.0434423811382,-78.6539417861333,14.7));
#6844=CARTESIAN_POINT('Ctrl Pts',(83.7380249583629,-79.1673203341717,14.7));
#6845=CARTESIAN_POINT('Ctrl Pts',(83.7352090203323,-79.7691296552663,14.7));
#6846=CARTESIAN_POINT('Ctrl Pts',(83.73357389026,-80.1185821318505,14.7));
#6847=CARTESIAN_POINT('Ctrl Pts',(85.5149515501291,-77.9520412703399,15.));
#6848=CARTESIAN_POINT('Ctrl Pts',(85.5149515501291,-77.9520412703399,14.7));
#6849=CARTESIAN_POINT('Ctrl Pts',(85.242099790359,-77.9650257456111,15.));
#6850=CARTESIAN_POINT('Ctrl Pts',(85.242099790359,-77.9650257456111,14.7));
#6851=CARTESIAN_POINT('Ctrl Pts',(84.7411543919323,-77.9888647457463,15.));
#6852=CARTESIAN_POINT('Ctrl Pts',(84.7411543919323,-77.9888647457463,14.7));
#6853=CARTESIAN_POINT('Ctrl Pts',(84.3497361703115,-78.2979376169324,15.));
#6854=CARTESIAN_POINT('Ctrl Pts',(84.3497361703115,-78.2979376169324,14.7));
#6855=CARTESIAN_POINT('Ctrl Pts',(84.1715131410426,-78.4386666385389,15.));
#6856=CARTESIAN_POINT('Ctrl Pts',(84.1715131410426,-78.4386666385389,14.7));
#6857=CARTESIAN_POINT('',(85.5149515501291,-77.9520412703399,15.));
#6858=CARTESIAN_POINT('Ctrl Pts',(85.5149515501291,-77.9520412703399,15.));
#6859=CARTESIAN_POINT('Ctrl Pts',(85.242099790359,-77.9650257456111,15.));
#6860=CARTESIAN_POINT('Ctrl Pts',(84.7411543919323,-77.9888647457463,15.));
#6861=CARTESIAN_POINT('Ctrl Pts',(84.3497361703115,-78.2979376169324,15.));
#6862=CARTESIAN_POINT('Ctrl Pts',(84.1715131410426,-78.4386666385389,15.));
#6863=CARTESIAN_POINT('',(85.5149515501291,-77.9520412703399,14.7));
#6864=CARTESIAN_POINT('',(85.5149515501291,-77.9520412703399,15.));
#6865=CARTESIAN_POINT('Ctrl Pts',(85.5149515501291,-77.9520412703399,14.7));
#6866=CARTESIAN_POINT('Ctrl Pts',(85.242099790359,-77.9650257456111,14.7));
#6867=CARTESIAN_POINT('Ctrl Pts',(84.7411543919323,-77.9888647457463,14.7));
#6868=CARTESIAN_POINT('Ctrl Pts',(84.3497361703115,-78.2979376169324,14.7));
#6869=CARTESIAN_POINT('Ctrl Pts',(84.1715131410426,-78.4386666385389,14.7));
#6870=CARTESIAN_POINT('Ctrl Pts',(86.672497975683,-78.2643042871028,15.));
#6871=CARTESIAN_POINT('Ctrl Pts',(86.672497975683,-78.2643042871028,14.7));
#6872=CARTESIAN_POINT('Ctrl Pts',(86.5027458779208,-78.1725978033068,15.));
#6873=CARTESIAN_POINT('Ctrl Pts',(86.5027458779208,-78.1725978033068,14.7));
#6874=CARTESIAN_POINT('Ctrl Pts',(86.142233228309,-77.9778352766828,15.));
#6875=CARTESIAN_POINT('Ctrl Pts',(86.142233228309,-77.9778352766828,14.7));
#6876=CARTESIAN_POINT('Ctrl Pts',(85.7320137958133,-77.9609669334618,15.));
#6877=CARTESIAN_POINT('Ctrl Pts',(85.7320137958133,-77.9609669334618,14.7));
#6878=CARTESIAN_POINT('Ctrl Pts',(85.5149515501291,-77.9520412703399,15.));
#6879=CARTESIAN_POINT('Ctrl Pts',(85.5149515501291,-77.9520412703399,14.7));
#6880=CARTESIAN_POINT('',(86.672497975683,-78.2643042871028,15.));
#6881=CARTESIAN_POINT('Ctrl Pts',(86.672497975683,-78.2643042871028,15.));
#6882=CARTESIAN_POINT('Ctrl Pts',(86.5027458779208,-78.1725978033068,15.));
#6883=CARTESIAN_POINT('Ctrl Pts',(86.142233228309,-77.9778352766828,15.));
#6884=CARTESIAN_POINT('Ctrl Pts',(85.7320137958133,-77.9609669334618,15.));
#6885=CARTESIAN_POINT('Ctrl Pts',(85.5149515501291,-77.9520412703399,15.));
#6886=CARTESIAN_POINT('',(86.672497975683,-78.2643042871028,14.7));
#6887=CARTESIAN_POINT('',(86.672497975683,-78.2643042871028,15.));
#6888=CARTESIAN_POINT('Ctrl Pts',(86.672497975683,-78.2643042871028,14.7));
#6889=CARTESIAN_POINT('Ctrl Pts',(86.5027458779208,-78.1725978033068,14.7));
#6890=CARTESIAN_POINT('Ctrl Pts',(86.142233228309,-77.9778352766828,14.7));
#6891=CARTESIAN_POINT('Ctrl Pts',(85.7320137958133,-77.9609669334618,14.7));
#6892=CARTESIAN_POINT('Ctrl Pts',(85.5149515501291,-77.9520412703399,14.7));
#6893=CARTESIAN_POINT('Ctrl Pts',(87.1464745628002,-79.0399188889022,15.));
#6894=CARTESIAN_POINT('Ctrl Pts',(87.1464745628002,-79.0399188889022,14.7));
#6895=CARTESIAN_POINT('Ctrl Pts',(87.0951197353095,-78.8725739139642,15.));
#6896=CARTESIAN_POINT('Ctrl Pts',(87.0951197353095,-78.8725739139642,14.7));
#6897=CARTESIAN_POINT('Ctrl Pts',(87.0028801420429,-78.5720017345267,15.));
#6898=CARTESIAN_POINT('Ctrl Pts',(87.0028801420429,-78.5720017345267,14.7));
#6899=CARTESIAN_POINT('Ctrl Pts',(86.7739639852498,-78.3588034317993,15.));
#6900=CARTESIAN_POINT('Ctrl Pts',(86.7739639852498,-78.3588034317993,14.7));
#6901=CARTESIAN_POINT('Ctrl Pts',(86.672497975683,-78.2643042871028,15.));
#6902=CARTESIAN_POINT('Ctrl Pts',(86.672497975683,-78.2643042871028,14.7));
#6903=CARTESIAN_POINT('',(87.1464745628002,-79.0399188889022,15.));
#6904=CARTESIAN_POINT('Ctrl Pts',(87.1464745628002,-79.0399188889022,15.));
#6905=CARTESIAN_POINT('Ctrl Pts',(87.0951197353095,-78.8725739139642,15.));
#6906=CARTESIAN_POINT('Ctrl Pts',(87.0028801420429,-78.5720017345267,15.));
#6907=CARTESIAN_POINT('Ctrl Pts',(86.7739639852498,-78.3588034317993,15.));
#6908=CARTESIAN_POINT('Ctrl Pts',(86.672497975683,-78.2643042871028,15.));
#6909=CARTESIAN_POINT('',(87.1464745628002,-79.0399188889022,14.7));
#6910=CARTESIAN_POINT('',(87.1464745628002,-79.0399188889022,15.));
#6911=CARTESIAN_POINT('Ctrl Pts',(87.1464745628002,-79.0399188889022,14.7));
#6912=CARTESIAN_POINT('Ctrl Pts',(87.0951197353095,-78.8725739139642,14.7));
#6913=CARTESIAN_POINT('Ctrl Pts',(87.0028801420429,-78.5720017345267,14.7));
#6914=CARTESIAN_POINT('Ctrl Pts',(86.7739639852498,-78.3588034317993,14.7));
#6915=CARTESIAN_POINT('Ctrl Pts',(86.672497975683,-78.2643042871028,14.7));
#6916=CARTESIAN_POINT('Origin',(91.1900084850229,-79.4831395248237,15.));
#6917=CARTESIAN_POINT('',(91.1900084850229,-79.4831395248237,15.));
#6918=CARTESIAN_POINT('',(72.0663940043499,-77.3869581314493,15.));
#6919=CARTESIAN_POINT('',(91.1900084850229,-79.4831395248237,14.7));
#6920=CARTESIAN_POINT('',(91.1900084850229,-79.4831395248237,15.));
#6921=CARTESIAN_POINT('',(91.1900084850229,-79.4831395248237,14.7));
#6922=CARTESIAN_POINT('Ctrl Pts',(91.2081188001398,-78.9305342534751,15.));
#6923=CARTESIAN_POINT('Ctrl Pts',(91.2081188001398,-78.9305342534751,14.7));
#6924=CARTESIAN_POINT('Ctrl Pts',(91.2072401686438,-79.0107057887124,15.));
#6925=CARTESIAN_POINT('Ctrl Pts',(91.2072401686438,-79.0107057887124,14.7));
#6926=CARTESIAN_POINT('Ctrl Pts',(91.205220066108,-79.1950318939858,15.));
#6927=CARTESIAN_POINT('Ctrl Pts',(91.205220066108,-79.1950318939858,14.7));
#6928=CARTESIAN_POINT('Ctrl Pts',(91.1955005537231,-79.3791196407124,15.));
#6929=CARTESIAN_POINT('Ctrl Pts',(91.1955005537231,-79.3791196407124,14.7));
#6930=CARTESIAN_POINT('Ctrl Pts',(91.1900084850229,-79.4831395248237,15.));
#6931=CARTESIAN_POINT('Ctrl Pts',(91.1900084850229,-79.4831395248237,14.7));
#6932=CARTESIAN_POINT('',(91.2081188001398,-78.9305342534751,15.));
#6933=CARTESIAN_POINT('Ctrl Pts',(91.2081188001398,-78.9305342534751,15.));
#6934=CARTESIAN_POINT('Ctrl Pts',(91.2072401686438,-79.0107057887124,15.));
#6935=CARTESIAN_POINT('Ctrl Pts',(91.205220066108,-79.1950318939858,15.));
#6936=CARTESIAN_POINT('Ctrl Pts',(91.1955005537231,-79.3791196407124,15.));
#6937=CARTESIAN_POINT('Ctrl Pts',(91.1900084850229,-79.4831395248237,15.));
#6938=CARTESIAN_POINT('',(91.2081188001398,-78.9305342534751,14.7));
#6939=CARTESIAN_POINT('',(91.2081188001398,-78.9305342534751,15.));
#6940=CARTESIAN_POINT('Ctrl Pts',(91.2081188001398,-78.9305342534751,14.7));
#6941=CARTESIAN_POINT('Ctrl Pts',(91.2072401686438,-79.0107057887124,14.7));
#6942=CARTESIAN_POINT('Ctrl Pts',(91.205220066108,-79.1950318939858,14.7));
#6943=CARTESIAN_POINT('Ctrl Pts',(91.1955005537231,-79.3791196407124,14.7));
#6944=CARTESIAN_POINT('Ctrl Pts',(91.1900084850229,-79.4831395248237,14.7));
#6945=CARTESIAN_POINT('Ctrl Pts',(89.9742161197541,-76.3061607942843,15.));
#6946=CARTESIAN_POINT('Ctrl Pts',(89.9742161197541,-76.3061607942843,14.7));
#6947=CARTESIAN_POINT('Ctrl Pts',(90.3323463692921,-76.6635917847287,15.));
#6948=CARTESIAN_POINT('Ctrl Pts',(90.3323463692921,-76.6635917847287,14.7));
#6949=CARTESIAN_POINT('Ctrl Pts',(91.0589782956521,-77.3888049424068,15.));
#6950=CARTESIAN_POINT('Ctrl Pts',(91.0589782956521,-77.3888049424068,14.7));
#6951=CARTESIAN_POINT('Ctrl Pts',(91.1579344885397,-78.4117575173001,15.));
#6952=CARTESIAN_POINT('Ctrl Pts',(91.1579344885397,-78.4117575173001,14.7));
#6953=CARTESIAN_POINT('Ctrl Pts',(91.2081188001398,-78.9305342534751,15.));
#6954=CARTESIAN_POINT('Ctrl Pts',(91.2081188001398,-78.9305342534751,14.7));
#6955=CARTESIAN_POINT('',(89.9742161197541,-76.3061607942843,15.));
#6956=CARTESIAN_POINT('Ctrl Pts',(89.9742161197541,-76.3061607942843,15.));
#6957=CARTESIAN_POINT('Ctrl Pts',(90.3323463692921,-76.6635917847287,15.));
#6958=CARTESIAN_POINT('Ctrl Pts',(91.0589782956521,-77.3888049424068,15.));
#6959=CARTESIAN_POINT('Ctrl Pts',(91.1579344885397,-78.4117575173001,15.));
#6960=CARTESIAN_POINT('Ctrl Pts',(91.2081188001398,-78.9305342534751,15.));
#6961=CARTESIAN_POINT('',(89.9742161197541,-76.3061607942843,14.7));
#6962=CARTESIAN_POINT('',(89.9742161197541,-76.3061607942843,15.));
#6963=CARTESIAN_POINT('Ctrl Pts',(89.9742161197541,-76.3061607942843,14.7));
#6964=CARTESIAN_POINT('Ctrl Pts',(90.3323463692921,-76.6635917847287,14.7));
#6965=CARTESIAN_POINT('Ctrl Pts',(91.0589782956521,-77.3888049424068,14.7));
#6966=CARTESIAN_POINT('Ctrl Pts',(91.1579344885397,-78.4117575173001,14.7));
#6967=CARTESIAN_POINT('Ctrl Pts',(91.2081188001398,-78.9305342534751,14.7));
#6968=CARTESIAN_POINT('Ctrl Pts',(85.4731441918757,-75.3430547797257,15.));
#6969=CARTESIAN_POINT('Ctrl Pts',(85.4731441918757,-75.3430547797257,14.7));
#6970=CARTESIAN_POINT('Ctrl Pts',(86.4143558184859,-75.337811767808,15.));
#6971=CARTESIAN_POINT('Ctrl Pts',(86.4143558184859,-75.337811767808,14.7));
#6972=CARTESIAN_POINT('Ctrl Pts',(87.995710848124,-75.3290028421296,15.));
#6973=CARTESIAN_POINT('Ctrl Pts',(87.995710848124,-75.3290028421296,14.7));
#6974=CARTESIAN_POINT('Ctrl Pts',(89.4040932338379,-76.0245845358498,15.));
#6975=CARTESIAN_POINT('Ctrl Pts',(89.4040932338379,-76.0245845358498,14.7));
#6976=CARTESIAN_POINT('Ctrl Pts',(89.9742161197541,-76.3061607942843,15.));
#6977=CARTESIAN_POINT('Ctrl Pts',(89.9742161197541,-76.3061607942843,14.7));
#6978=CARTESIAN_POINT('',(85.4731441918757,-75.3430547797257,15.));
#6979=CARTESIAN_POINT('Ctrl Pts',(85.4731441918757,-75.3430547797257,15.));
#6980=CARTESIAN_POINT('Ctrl Pts',(86.4143558184859,-75.337811767808,15.));
#6981=CARTESIAN_POINT('Ctrl Pts',(87.995710848124,-75.3290028421296,15.));
#6982=CARTESIAN_POINT('Ctrl Pts',(89.4040932338379,-76.0245845358498,15.));
#6983=CARTESIAN_POINT('Ctrl Pts',(89.9742161197541,-76.3061607942843,15.));
#6984=CARTESIAN_POINT('',(85.4731441918757,-75.3430547797257,14.7));
#6985=CARTESIAN_POINT('',(85.4731441918757,-75.3430547797257,15.));
#6986=CARTESIAN_POINT('Ctrl Pts',(85.4731441918757,-75.3430547797257,14.7));
#6987=CARTESIAN_POINT('Ctrl Pts',(86.4143558184859,-75.337811767808,14.7));
#6988=CARTESIAN_POINT('Ctrl Pts',(87.995710848124,-75.3290028421296,14.7));
#6989=CARTESIAN_POINT('Ctrl Pts',(89.4040932338379,-76.0245845358498,14.7));
#6990=CARTESIAN_POINT('Ctrl Pts',(89.9742161197541,-76.3061607942843,14.7));
#6991=CARTESIAN_POINT('Ctrl Pts',(82.9316225803558,-75.6096797732131,15.));
#6992=CARTESIAN_POINT('Ctrl Pts',(82.9316225803558,-75.6096797732131,14.7));
#6993=CARTESIAN_POINT('Ctrl Pts',(83.3271150314042,-75.5334540575457,15.));
#6994=CARTESIAN_POINT('Ctrl Pts',(83.3271150314042,-75.5334540575457,14.7));
#6995=CARTESIAN_POINT('Ctrl Pts',(84.1664037352294,-75.3716927345896,15.));
#6996=CARTESIAN_POINT('Ctrl Pts',(84.1664037352294,-75.3716927345896,14.7));
#6997=CARTESIAN_POINT('Ctrl Pts',(85.0211659226056,-75.3529601386736,15.));
#6998=CARTESIAN_POINT('Ctrl Pts',(85.0211659226056,-75.3529601386736,14.7));
#6999=CARTESIAN_POINT('Ctrl Pts',(85.4731441918757,-75.3430547797257,15.));
#7000=CARTESIAN_POINT('Ctrl Pts',(85.4731441918757,-75.3430547797257,14.7));
#7001=CARTESIAN_POINT('',(82.9316225803558,-75.6096797732131,15.));
#7002=CARTESIAN_POINT('Ctrl Pts',(82.9316225803558,-75.6096797732131,15.));
#7003=CARTESIAN_POINT('Ctrl Pts',(83.3271150314042,-75.5334540575457,15.));
#7004=CARTESIAN_POINT('Ctrl Pts',(84.1664037352294,-75.3716927345896,15.));
#7005=CARTESIAN_POINT('Ctrl Pts',(85.0211659226056,-75.3529601386736,15.));
#7006=CARTESIAN_POINT('Ctrl Pts',(85.4731441918757,-75.3430547797257,15.));
#7007=CARTESIAN_POINT('',(82.9316225803558,-75.6096797732131,14.7));
#7008=CARTESIAN_POINT('',(82.9316225803558,-75.6096797732131,15.));
#7009=CARTESIAN_POINT('Ctrl Pts',(82.9316225803558,-75.6096797732131,14.7));
#7010=CARTESIAN_POINT('Ctrl Pts',(83.3271150314042,-75.5334540575457,14.7));
#7011=CARTESIAN_POINT('Ctrl Pts',(84.1664037352294,-75.3716927345896,14.7));
#7012=CARTESIAN_POINT('Ctrl Pts',(85.0211659226056,-75.3529601386736,14.7));
#7013=CARTESIAN_POINT('Ctrl Pts',(85.4731441918757,-75.3430547797257,14.7));
#7014=CARTESIAN_POINT('Ctrl Pts',(81.1036538068531,-76.4462578132919,15.));
#7015=CARTESIAN_POINT('Ctrl Pts',(81.1036538068531,-76.4462578132919,14.7));
#7016=CARTESIAN_POINT('Ctrl Pts',(81.3687292139796,-76.2653273279197,15.));
#7017=CARTESIAN_POINT('Ctrl Pts',(81.3687292139796,-76.2653273279197,14.7));
#7018=CARTESIAN_POINT('Ctrl Pts',(81.9296713558056,-75.8824493571324,15.));
#7019=CARTESIAN_POINT('Ctrl Pts',(81.9296713558056,-75.8824493571324,14.7));
#7020=CARTESIAN_POINT('Ctrl Pts',(82.5856363922365,-75.7038704945404,15.));
#7021=CARTESIAN_POINT('Ctrl Pts',(82.5856363922365,-75.7038704945404,14.7));
#7022=CARTESIAN_POINT('Ctrl Pts',(82.9316225803558,-75.6096797732131,15.));
#7023=CARTESIAN_POINT('Ctrl Pts',(82.9316225803558,-75.6096797732131,14.7));
#7024=CARTESIAN_POINT('',(81.1036538068531,-76.4462578132919,15.));
#7025=CARTESIAN_POINT('Ctrl Pts',(81.1036538068531,-76.4462578132919,15.));
#7026=CARTESIAN_POINT('Ctrl Pts',(81.3687292139796,-76.2653273279197,15.));
#7027=CARTESIAN_POINT('Ctrl Pts',(81.9296713558056,-75.8824493571324,15.));
#7028=CARTESIAN_POINT('Ctrl Pts',(82.5856363922365,-75.7038704945404,15.));
#7029=CARTESIAN_POINT('Ctrl Pts',(82.9316225803558,-75.6096797732131,15.));
#7030=CARTESIAN_POINT('',(81.1036538068531,-76.4462578132919,14.7));
#7031=CARTESIAN_POINT('',(81.1036538068531,-76.4462578132919,15.));
#7032=CARTESIAN_POINT('Ctrl Pts',(81.1036538068531,-76.4462578132919,14.7));
#7033=CARTESIAN_POINT('Ctrl Pts',(81.3687292139796,-76.2653273279197,14.7));
#7034=CARTESIAN_POINT('Ctrl Pts',(81.9296713558056,-75.8824493571324,14.7));
#7035=CARTESIAN_POINT('Ctrl Pts',(82.5856363922365,-75.7038704945404,14.7));
#7036=CARTESIAN_POINT('Ctrl Pts',(82.9316225803558,-75.6096797732131,14.7));
#7037=CARTESIAN_POINT('Ctrl Pts',(79.9538416736956,-77.950143775124,15.));
#7038=CARTESIAN_POINT('Ctrl Pts',(79.9538416736956,-77.950143775124,14.7));
#7039=CARTESIAN_POINT('Ctrl Pts',(80.1060507327746,-77.6583077760259,15.));
#7040=CARTESIAN_POINT('Ctrl Pts',(80.1060507327746,-77.6583077760259,14.7));
#7041=CARTESIAN_POINT('Ctrl Pts',(80.4023964909144,-77.0901132091023,15.));
#7042=CARTESIAN_POINT('Ctrl Pts',(80.4023964909144,-77.0901132091023,14.7));
#7043=CARTESIAN_POINT('Ctrl Pts',(80.8741851570593,-76.6569431423159,15.));
#7044=CARTESIAN_POINT('Ctrl Pts',(80.8741851570593,-76.6569431423159,14.7));
#7045=CARTESIAN_POINT('Ctrl Pts',(81.1036538068531,-76.4462578132919,15.));
#7046=CARTESIAN_POINT('Ctrl Pts',(81.1036538068531,-76.4462578132919,14.7));
#7047=CARTESIAN_POINT('',(79.9538416736956,-77.950143775124,15.));
#7048=CARTESIAN_POINT('Ctrl Pts',(79.9538416736956,-77.950143775124,15.));
#7049=CARTESIAN_POINT('Ctrl Pts',(80.1060507327746,-77.6583077760259,15.));
#7050=CARTESIAN_POINT('Ctrl Pts',(80.4023964909144,-77.0901132091023,15.));
#7051=CARTESIAN_POINT('Ctrl Pts',(80.8741851570593,-76.6569431423159,15.));
#7052=CARTESIAN_POINT('Ctrl Pts',(81.1036538068531,-76.4462578132919,15.));
#7053=CARTESIAN_POINT('',(79.9538416736956,-77.950143775124,14.7));
#7054=CARTESIAN_POINT('',(79.9538416736956,-77.950143775124,15.));
#7055=CARTESIAN_POINT('Ctrl Pts',(79.9538416736956,-77.950143775124,14.7));
#7056=CARTESIAN_POINT('Ctrl Pts',(80.1060507327746,-77.6583077760259,14.7));
#7057=CARTESIAN_POINT('Ctrl Pts',(80.4023964909144,-77.0901132091023,14.7));
#7058=CARTESIAN_POINT('Ctrl Pts',(80.8741851570593,-76.6569431423159,14.7));
#7059=CARTESIAN_POINT('Ctrl Pts',(81.1036538068531,-76.4462578132919,14.7));
#7060=CARTESIAN_POINT('Ctrl Pts',(79.5272899547146,-79.9011595294193,15.));
#7061=CARTESIAN_POINT('Ctrl Pts',(79.5272899547146,-79.9011595294193,14.7));
#7062=CARTESIAN_POINT('Ctrl Pts',(79.5439702591226,-79.5640780282964,15.));
#7063=CARTESIAN_POINT('Ctrl Pts',(79.5439702591226,-79.5640780282964,14.7));
#7064=CARTESIAN_POINT('Ctrl Pts',(79.5773293149006,-78.8899464103953,15.));
#7065=CARTESIAN_POINT('Ctrl Pts',(79.5773293149006,-78.8899464103953,14.7));
#7066=CARTESIAN_POINT('Ctrl Pts',(79.8283414494055,-78.2634015972376,15.));
#7067=CARTESIAN_POINT('Ctrl Pts',(79.8283414494055,-78.2634015972376,14.7));
#7068=CARTESIAN_POINT('Ctrl Pts',(79.9538416736956,-77.950143775124,15.));
#7069=CARTESIAN_POINT('Ctrl Pts',(79.9538416736956,-77.950143775124,14.7));
#7070=CARTESIAN_POINT('',(79.5272899547146,-79.9011595294193,15.));
#7071=CARTESIAN_POINT('Ctrl Pts',(79.5272899547146,-79.9011595294193,15.));
#7072=CARTESIAN_POINT('Ctrl Pts',(79.5439702591226,-79.5640780282964,15.));
#7073=CARTESIAN_POINT('Ctrl Pts',(79.5773293149006,-78.8899464103953,15.));
#7074=CARTESIAN_POINT('Ctrl Pts',(79.8283414494055,-78.2634015972376,15.));
#7075=CARTESIAN_POINT('Ctrl Pts',(79.9538416736956,-77.950143775124,15.));
#7076=CARTESIAN_POINT('',(79.5272899547146,-79.9011595294193,14.7));
#7077=CARTESIAN_POINT('',(79.5272899547146,-79.9011595294193,15.));
#7078=CARTESIAN_POINT('Ctrl Pts',(79.5272899547146,-79.9011595294193,14.7));
#7079=CARTESIAN_POINT('Ctrl Pts',(79.5439702591226,-79.5640780282964,14.7));
#7080=CARTESIAN_POINT('Ctrl Pts',(79.5773293149006,-78.8899464103953,14.7));
#7081=CARTESIAN_POINT('Ctrl Pts',(79.8283414494055,-78.2634015972376,14.7));
#7082=CARTESIAN_POINT('Ctrl Pts',(79.9538416736956,-77.950143775124,14.7));
#7083=CARTESIAN_POINT('Origin',(79.539570739389,-80.3820114017347,15.));
#7084=CARTESIAN_POINT('',(79.539570739389,-80.3820114017347,15.));
#7085=CARTESIAN_POINT('',(78.9774799726755,-58.3734504872017,15.));
#7086=CARTESIAN_POINT('',(79.539570739389,-80.3820114017347,14.7));
#7087=CARTESIAN_POINT('',(79.539570739389,-80.3820114017347,15.));
#7088=CARTESIAN_POINT('',(79.539570739389,-80.3820114017347,14.7));
#7089=CARTESIAN_POINT('Origin',(79.5832749665715,-90.6445387913263,15.));
#7090=CARTESIAN_POINT('',(79.5832749665715,-90.6445387913263,15.));
#7091=CARTESIAN_POINT('',(79.4686518128764,-63.7289901107439,15.));
#7092=CARTESIAN_POINT('',(79.5832749665715,-90.6445387913263,14.7));
#7093=CARTESIAN_POINT('',(79.5832749665715,-90.6445387913263,15.));
#7094=CARTESIAN_POINT('',(79.5832749665715,-90.6445387913263,14.7));
#7095=CARTESIAN_POINT('Origin',(83.4816003462014,-90.6279372962408,15.));
#7096=CARTESIAN_POINT('',(83.4816003462014,-90.6279372962408,15.));
#7097=CARTESIAN_POINT('',(70.4304233267958,-90.6835173287027,15.));
#7098=CARTESIAN_POINT('',(83.4816003462014,-90.6279372962408,14.7));
#7099=CARTESIAN_POINT('',(83.4816003462014,-90.6279372962408,15.));
#7100=CARTESIAN_POINT('',(83.4816003462014,-90.6279372962408,14.7));
#7101=CARTESIAN_POINT('Origin',(83.4747593066778,-89.0215399289773,15.));
#7102=CARTESIAN_POINT('',(83.3635566727446,-62.9091899320268,15.));
#7103=CARTESIAN_POINT('',(83.4747593066778,-89.0215399289773,14.7));
#7104=CARTESIAN_POINT('Origin',(76.2754375003818,-57.5407274301237,14.7));
#7105=CARTESIAN_POINT('Origin',(92.4812024505546,-50.1731448767949,15.));
#7106=CARTESIAN_POINT('',(92.4812024505546,-50.1731448767949,15.));
#7107=CARTESIAN_POINT('',(96.2036706887995,-50.1572922908394,15.));
#7108=CARTESIAN_POINT('',(74.8441667085121,-50.2482543491143,15.));
#7109=CARTESIAN_POINT('',(92.4812024505546,-50.1731448767949,14.7));
#7110=CARTESIAN_POINT('',(92.4812024505546,-50.1731448767949,15.));
#7111=CARTESIAN_POINT('',(96.2036706887995,-50.1572922908394,14.7));
#7112=CARTESIAN_POINT('',(92.4812024505546,-50.1731448767949,14.7));
#7113=CARTESIAN_POINT('',(96.2036706887995,-50.1572922908394,15.));
#7114=CARTESIAN_POINT('Origin',(90.3819447169666,-56.7203444885293,15.));
#7115=CARTESIAN_POINT('',(90.3819447169666,-56.7203444885293,15.));
#7116=CARTESIAN_POINT('',(91.7131220522003,-52.5686466798494,15.));
#7117=CARTESIAN_POINT('',(90.3819447169666,-56.7203444885293,14.7));
#7118=CARTESIAN_POINT('',(90.3819447169666,-56.7203444885293,15.));
#7119=CARTESIAN_POINT('',(90.3819447169666,-56.7203444885293,14.7));
#7120=CARTESIAN_POINT('Origin',(88.1531386314726,-50.1915764655477,15.));
#7121=CARTESIAN_POINT('',(88.1531386314726,-50.1915764655477,15.));
#7122=CARTESIAN_POINT('',(84.5043982392303,-39.5034417946693,15.));
#7123=CARTESIAN_POINT('',(88.1531386314726,-50.1915764655477,14.7));
#7124=CARTESIAN_POINT('',(88.1531386314726,-50.1915764655477,15.));
#7125=CARTESIAN_POINT('',(88.1531386314726,-50.1915764655477,14.7));
#7126=CARTESIAN_POINT('Origin',(84.4472963620788,-50.2073582477828,15.));
#7127=CARTESIAN_POINT('',(84.4472963620788,-50.2073582477828,15.));
#7128=CARTESIAN_POINT('',(70.8272136642742,-50.2653610346082,15.));
#7129=CARTESIAN_POINT('',(84.4472963620788,-50.2073582477828,14.7));
#7130=CARTESIAN_POINT('',(84.4472963620788,-50.2073582477828,15.));
#7131=CARTESIAN_POINT('',(84.4472963620788,-50.2073582477828,14.7));
#7132=CARTESIAN_POINT('Origin',(80.490845879222,-61.0906092540828,15.));
#7133=CARTESIAN_POINT('',(80.490845879222,-61.0906092540828,15.));
#7134=CARTESIAN_POINT('',(83.0110579514956,-54.1581073333573,15.));
#7135=CARTESIAN_POINT('',(80.490845879222,-61.0906092540828,14.7));
#7136=CARTESIAN_POINT('',(80.490845879222,-61.0906092540828,15.));
#7137=CARTESIAN_POINT('',(80.490845879222,-61.0906092540828,14.7));
#7138=CARTESIAN_POINT('Origin',(84.4927727287679,-61.0735665594755,15.));
#7139=CARTESIAN_POINT('',(84.4927727287679,-61.0735665594755,15.));
#7140=CARTESIAN_POINT('',(70.873089378462,-61.1315676456308,15.));
#7141=CARTESIAN_POINT('',(84.4927727287679,-61.0735665594755,14.7));
#7142=CARTESIAN_POINT('',(84.4927727287679,-61.0735665594755,15.));
#7143=CARTESIAN_POINT('',(84.4927727287679,-61.0735665594755,14.7));
#7144=CARTESIAN_POINT('Origin',(86.2157657886742,-54.2075795250114,15.));
#7145=CARTESIAN_POINT('',(86.2157657886742,-54.2075795250114,15.));
#7146=CARTESIAN_POINT('',(87.3968277388228,-49.501143831614,15.));
#7147=CARTESIAN_POINT('',(86.2157657886742,-54.2075795250114,14.7));
#7148=CARTESIAN_POINT('',(86.2157657886742,-54.2075795250114,15.));
#7149=CARTESIAN_POINT('',(86.2157657886742,-54.2075795250114,14.7));
#7150=CARTESIAN_POINT('Origin',(88.5426594247912,-61.0563196220002,15.));
#7151=CARTESIAN_POINT('',(88.5426594247912,-61.0563196220002,15.));
#7152=CARTESIAN_POINT('',(83.2405612972448,-45.4506677431749,15.));
#7153=CARTESIAN_POINT('',(88.5426594247912,-61.0563196220002,14.7));
#7154=CARTESIAN_POINT('',(88.5426594247912,-61.0563196220002,15.));
#7155=CARTESIAN_POINT('',(88.5426594247912,-61.0563196220002,14.7));
#7156=CARTESIAN_POINT('Origin',(92.3057335551261,-61.0402941108904,15.));
#7157=CARTESIAN_POINT('',(92.3057335551261,-61.0402941108904,15.));
#7158=CARTESIAN_POINT('',(74.7795697916411,-61.1149314213383,15.));
#7159=CARTESIAN_POINT('',(92.3057335551261,-61.0402941108904,14.7));
#7160=CARTESIAN_POINT('',(92.3057335551261,-61.0402941108904,15.));
#7161=CARTESIAN_POINT('',(92.3057335551261,-61.0402941108904,14.7));
#7162=CARTESIAN_POINT('Origin',(94.4810815470182,-54.1898092238325,15.));
#7163=CARTESIAN_POINT('',(94.4810815470182,-54.1898092238325,15.));
#7164=CARTESIAN_POINT('',(95.2638816782259,-51.7246585957891,15.));
#7165=CARTESIAN_POINT('',(94.4810815470182,-54.1898092238325,14.7));
#7166=CARTESIAN_POINT('',(94.4810815470182,-54.1898092238325,15.));
#7167=CARTESIAN_POINT('',(94.4810815470182,-54.1898092238325,14.7));
#7168=CARTESIAN_POINT('Origin',(96.2525039586423,-61.0234863067498,15.));
#7169=CARTESIAN_POINT('',(96.2525039586423,-61.0234863067498,15.));
#7170=CARTESIAN_POINT('',(92.0926785949787,-44.9759851178364,15.));
#7171=CARTESIAN_POINT('',(96.2525039586423,-61.0234863067498,14.7));
#7172=CARTESIAN_POINT('',(96.2525039586423,-61.0234863067498,15.));
#7173=CARTESIAN_POINT('',(96.2525039586423,-61.0234863067498,14.7));
#7174=CARTESIAN_POINT('Origin',(100.279209426424,-61.0063380893682,15.));
#7175=CARTESIAN_POINT('',(100.279209426424,-61.0063380893682,15.));
#7176=CARTESIAN_POINT('',(78.7663077272903,-61.0979534105772,15.));
#7177=CARTESIAN_POINT('',(100.279209426424,-61.0063380893682,14.7));
#7178=CARTESIAN_POINT('',(100.279209426424,-61.0063380893682,15.));
#7179=CARTESIAN_POINT('',(100.279209426424,-61.0063380893682,14.7));
#7180=CARTESIAN_POINT('Origin',(96.2036706887995,-50.1572922908394,15.));
#7181=CARTESIAN_POINT('',(91.6079880513322,-37.9236283216819,15.));
#7182=CARTESIAN_POINT('',(96.2036706887995,-50.1572922908394,14.7));
#7183=CARTESIAN_POINT('Origin',(76.2754375003818,-57.5407274301237,14.7));
#7184=CARTESIAN_POINT('Ctrl Pts',(79.8804703225381,-23.4803101352458,15.));
#7185=CARTESIAN_POINT('Ctrl Pts',(79.8804703225381,-23.4803101352458,14.7));
#7186=CARTESIAN_POINT('Ctrl Pts',(79.624957411285,-23.5082130013551,15.));
#7187=CARTESIAN_POINT('Ctrl Pts',(79.624957411285,-23.5082130013551,14.7));
#7188=CARTESIAN_POINT('Ctrl Pts',(79.1098885745034,-23.5644602442805,15.));
#7189=CARTESIAN_POINT('Ctrl Pts',(79.1098885745034,-23.5644602442805,14.7));
#7190=CARTESIAN_POINT('Ctrl Pts',(78.739592540316,-23.9272842613327,15.));
#7191=CARTESIAN_POINT('Ctrl Pts',(78.739592540316,-23.9272842613327,14.7));
#7192=CARTESIAN_POINT('Ctrl Pts',(78.5529912105333,-24.1101202568832,15.));
#7193=CARTESIAN_POINT('Ctrl Pts',(78.5529912105333,-24.1101202568832,14.7));
#7194=CARTESIAN_POINT('',(79.8804703225381,-23.4803101352458,15.));
#7195=CARTESIAN_POINT('',(78.5529912105333,-24.1101202568832,15.));
#7196=CARTESIAN_POINT('Ctrl Pts',(79.8804703225381,-23.4803101352458,15.));
#7197=CARTESIAN_POINT('Ctrl Pts',(79.624957411285,-23.5082130013551,15.));
#7198=CARTESIAN_POINT('Ctrl Pts',(79.1098885745034,-23.5644602442805,15.));
#7199=CARTESIAN_POINT('Ctrl Pts',(78.739592540316,-23.9272842613327,15.));
#7200=CARTESIAN_POINT('Ctrl Pts',(78.5529912105333,-24.1101202568832,15.));
#7201=CARTESIAN_POINT('',(79.8804703225381,-23.4803101352458,14.7));
#7202=CARTESIAN_POINT('',(79.8804703225381,-23.4803101352458,15.));
#7203=CARTESIAN_POINT('',(78.5529912105333,-24.1101202568832,14.7));
#7204=CARTESIAN_POINT('Ctrl Pts',(79.8804703225381,-23.4803101352458,14.7));
#7205=CARTESIAN_POINT('Ctrl Pts',(79.624957411285,-23.5082130013551,14.7));
#7206=CARTESIAN_POINT('Ctrl Pts',(79.1098885745034,-23.5644602442805,14.7));
#7207=CARTESIAN_POINT('Ctrl Pts',(78.739592540316,-23.9272842613327,14.7));
#7208=CARTESIAN_POINT('Ctrl Pts',(78.5529912105333,-24.1101202568832,14.7));
#7209=CARTESIAN_POINT('',(78.5529912105333,-24.1101202568832,15.));
#7210=CARTESIAN_POINT('Ctrl Pts',(81.1365069380173,-24.0940015302954,15.));
#7211=CARTESIAN_POINT('Ctrl Pts',(81.1365069380173,-24.0940015302954,14.7));
#7212=CARTESIAN_POINT('Ctrl Pts',(80.9594533434494,-23.9142221740216,15.));
#7213=CARTESIAN_POINT('Ctrl Pts',(80.9594533434494,-23.9142221740216,14.7));
#7214=CARTESIAN_POINT('Ctrl Pts',(80.6122302662817,-23.5616535551865,15.));
#7215=CARTESIAN_POINT('Ctrl Pts',(80.6122302662817,-23.5616535551865,14.7));
#7216=CARTESIAN_POINT('Ctrl Pts',(80.1211448522801,-23.5070638398032,15.));
#7217=CARTESIAN_POINT('Ctrl Pts',(80.1211448522801,-23.5070638398032,14.7));
#7218=CARTESIAN_POINT('Ctrl Pts',(79.8804703225381,-23.4803101352458,15.));
#7219=CARTESIAN_POINT('Ctrl Pts',(79.8804703225381,-23.4803101352458,14.7));
#7220=CARTESIAN_POINT('',(81.1365069380173,-24.0940015302954,15.));
#7221=CARTESIAN_POINT('Ctrl Pts',(81.1365069380173,-24.0940015302954,15.));
#7222=CARTESIAN_POINT('Ctrl Pts',(80.9594533434494,-23.9142221740216,15.));
#7223=CARTESIAN_POINT('Ctrl Pts',(80.6122302662817,-23.5616535551865,15.));
#7224=CARTESIAN_POINT('Ctrl Pts',(80.1211448522801,-23.5070638398032,15.));
#7225=CARTESIAN_POINT('Ctrl Pts',(79.8804703225381,-23.4803101352458,15.));
#7226=CARTESIAN_POINT('',(81.1365069380173,-24.0940015302954,14.7));
#7227=CARTESIAN_POINT('',(81.1365069380173,-24.0940015302954,15.));
#7228=CARTESIAN_POINT('Ctrl Pts',(81.1365069380173,-24.0940015302954,14.7));
#7229=CARTESIAN_POINT('Ctrl Pts',(80.9594533434494,-23.9142221740216,14.7));
#7230=CARTESIAN_POINT('Ctrl Pts',(80.6122302662817,-23.5616535551865,14.7));
#7231=CARTESIAN_POINT('Ctrl Pts',(80.1211448522801,-23.5070638398032,14.7));
#7232=CARTESIAN_POINT('Ctrl Pts',(79.8804703225381,-23.4803101352458,14.7));
#7233=CARTESIAN_POINT('Ctrl Pts',(81.6512828381184,-26.0410085258751,15.));
#7234=CARTESIAN_POINT('Ctrl Pts',(81.6512828381184,-26.0410085258751,14.7));
#7235=CARTESIAN_POINT('Ctrl Pts',(81.6426217330967,-25.6468976719156,15.));
#7236=CARTESIAN_POINT('Ctrl Pts',(81.6426217330967,-25.6468976719156,14.7));
#7237=CARTESIAN_POINT('Ctrl Pts',(81.6273658725578,-24.9527021610849,15.));
#7238=CARTESIAN_POINT('Ctrl Pts',(81.6273658725578,-24.9527021610849,14.7));
#7239=CARTESIAN_POINT('Ctrl Pts',(81.2846535467184,-24.3531667963,15.));
#7240=CARTESIAN_POINT('Ctrl Pts',(81.2846535467184,-24.3531667963,14.7));
#7241=CARTESIAN_POINT('Ctrl Pts',(81.1365069380173,-24.0940015302954,15.));
#7242=CARTESIAN_POINT('Ctrl Pts',(81.1365069380173,-24.0940015302954,14.7));
#7243=CARTESIAN_POINT('',(81.6512828381184,-26.0410085258751,15.));
#7244=CARTESIAN_POINT('Ctrl Pts',(81.6512828381184,-26.0410085258751,15.));
#7245=CARTESIAN_POINT('Ctrl Pts',(81.6426217330967,-25.6468976719156,15.));
#7246=CARTESIAN_POINT('Ctrl Pts',(81.6273658725578,-24.9527021610849,15.));
#7247=CARTESIAN_POINT('Ctrl Pts',(81.2846535467184,-24.3531667963,15.));
#7248=CARTESIAN_POINT('Ctrl Pts',(81.1365069380173,-24.0940015302954,15.));
#7249=CARTESIAN_POINT('',(81.6512828381184,-26.0410085258751,14.7));
#7250=CARTESIAN_POINT('',(81.6512828381184,-26.0410085258751,15.));
#7251=CARTESIAN_POINT('Ctrl Pts',(81.6512828381184,-26.0410085258751,14.7));
#7252=CARTESIAN_POINT('Ctrl Pts',(81.6426217330967,-25.6468976719156,14.7));
#7253=CARTESIAN_POINT('Ctrl Pts',(81.6273658725578,-24.9527021610849,14.7));
#7254=CARTESIAN_POINT('Ctrl Pts',(81.2846535467184,-24.3531667963,14.7));
#7255=CARTESIAN_POINT('Ctrl Pts',(81.1365069380173,-24.0940015302954,14.7));
#7256=CARTESIAN_POINT('Ctrl Pts',(81.1687821006791,-28.0690006456196,15.));
#7257=CARTESIAN_POINT('Ctrl Pts',(81.1687821006791,-28.0690006456196,14.7));
#7258=CARTESIAN_POINT('Ctrl Pts',(81.3100119160668,-27.8042467653735,15.));
#7259=CARTESIAN_POINT('Ctrl Pts',(81.3100119160668,-27.8042467653735,14.7));
#7260=CARTESIAN_POINT('Ctrl Pts',(81.6458082276598,-27.1747523755203,15.));
#7261=CARTESIAN_POINT('Ctrl Pts',(81.6458082276598,-27.1747523755203,14.7));
#7262=CARTESIAN_POINT('Ctrl Pts',(81.649274447335,-26.4569286567294,15.));
#7263=CARTESIAN_POINT('Ctrl Pts',(81.649274447335,-26.4569286567294,14.7));
#7264=CARTESIAN_POINT('Ctrl Pts',(81.6512828381184,-26.0410085258751,15.));
#7265=CARTESIAN_POINT('Ctrl Pts',(81.6512828381184,-26.0410085258751,14.7));
#7266=CARTESIAN_POINT('',(81.1687821006791,-28.0690006456196,15.));
#7267=CARTESIAN_POINT('Ctrl Pts',(81.1687821006791,-28.0690006456196,15.));
#7268=CARTESIAN_POINT('Ctrl Pts',(81.3100119160668,-27.8042467653735,15.));
#7269=CARTESIAN_POINT('Ctrl Pts',(81.6458082276598,-27.1747523755203,15.));
#7270=CARTESIAN_POINT('Ctrl Pts',(81.649274447335,-26.4569286567294,15.));
#7271=CARTESIAN_POINT('Ctrl Pts',(81.6512828381184,-26.0410085258751,15.));
#7272=CARTESIAN_POINT('',(81.1687821006791,-28.0690006456196,14.7));
#7273=CARTESIAN_POINT('',(81.1687821006791,-28.0690006456196,15.));
#7274=CARTESIAN_POINT('Ctrl Pts',(81.1687821006791,-28.0690006456196,14.7));
#7275=CARTESIAN_POINT('Ctrl Pts',(81.3100119160668,-27.8042467653735,14.7));
#7276=CARTESIAN_POINT('Ctrl Pts',(81.6458082276598,-27.1747523755203,14.7));
#7277=CARTESIAN_POINT('Ctrl Pts',(81.649274447335,-26.4569286567294,14.7));
#7278=CARTESIAN_POINT('Ctrl Pts',(81.6512828381184,-26.0410085258751,14.7));
#7279=CARTESIAN_POINT('Ctrl Pts',(79.9537650711898,-28.6778657973213,15.));
#7280=CARTESIAN_POINT('Ctrl Pts',(79.9537650711898,-28.6778657973213,14.7));
#7281=CARTESIAN_POINT('Ctrl Pts',(80.1875593027568,-28.649767844591,15.));
#7282=CARTESIAN_POINT('Ctrl Pts',(80.1875593027568,-28.649767844591,14.7));
#7283=CARTESIAN_POINT('Ctrl Pts',(80.6646728419816,-28.5924271925899,15.));
#7284=CARTESIAN_POINT('Ctrl Pts',(80.6646728419816,-28.5924271925899,14.7));
#7285=CARTESIAN_POINT('Ctrl Pts',(80.9985240171659,-28.2457829585995,15.));
#7286=CARTESIAN_POINT('Ctrl Pts',(80.9985240171659,-28.2457829585995,14.7));
#7287=CARTESIAN_POINT('Ctrl Pts',(81.1687821006791,-28.0690006456196,15.));
#7288=CARTESIAN_POINT('Ctrl Pts',(81.1687821006791,-28.0690006456196,14.7));
#7289=CARTESIAN_POINT('',(79.9537650711898,-28.6778657973213,15.));
#7290=CARTESIAN_POINT('Ctrl Pts',(79.9537650711898,-28.6778657973213,15.));
#7291=CARTESIAN_POINT('Ctrl Pts',(80.1875593027568,-28.649767844591,15.));
#7292=CARTESIAN_POINT('Ctrl Pts',(80.6646728419816,-28.5924271925899,15.));
#7293=CARTESIAN_POINT('Ctrl Pts',(80.9985240171659,-28.2457829585995,15.));
#7294=CARTESIAN_POINT('Ctrl Pts',(81.1687821006791,-28.0690006456196,15.));
#7295=CARTESIAN_POINT('',(79.9537650711898,-28.6778657973213,14.7));
#7296=CARTESIAN_POINT('',(79.9537650711898,-28.6778657973213,15.));
#7297=CARTESIAN_POINT('Ctrl Pts',(79.9537650711898,-28.6778657973213,14.7));
#7298=CARTESIAN_POINT('Ctrl Pts',(80.1875593027568,-28.649767844591,14.7));
#7299=CARTESIAN_POINT('Ctrl Pts',(80.6646728419816,-28.5924271925899,14.7));
#7300=CARTESIAN_POINT('Ctrl Pts',(80.9985240171659,-28.2457829585995,14.7));
#7301=CARTESIAN_POINT('Ctrl Pts',(81.1687821006791,-28.0690006456196,14.7));
#7302=CARTESIAN_POINT('Ctrl Pts',(78.580019243884,-28.0544474315455,15.));
#7303=CARTESIAN_POINT('Ctrl Pts',(78.580019243884,-28.0544474315455,14.7));
#7304=CARTESIAN_POINT('Ctrl Pts',(78.7734092578448,-28.2371593248928,15.));
#7305=CARTESIAN_POINT('Ctrl Pts',(78.7734092578448,-28.2371593248928,14.7));
#7306=CARTESIAN_POINT('Ctrl Pts',(79.1599342455187,-28.6023421535069,15.));
#7307=CARTESIAN_POINT('Ctrl Pts',(79.1599342455187,-28.6023421535069,14.7));
#7308=CARTESIAN_POINT('Ctrl Pts',(79.6892712198605,-28.6527023257441,15.));
#7309=CARTESIAN_POINT('Ctrl Pts',(79.6892712198605,-28.6527023257441,14.7));
#7310=CARTESIAN_POINT('Ctrl Pts',(79.9537650711898,-28.6778657973213,15.));
#7311=CARTESIAN_POINT('Ctrl Pts',(79.9537650711898,-28.6778657973213,14.7));
#7312=CARTESIAN_POINT('',(78.580019243884,-28.0544474315455,15.));
#7313=CARTESIAN_POINT('Ctrl Pts',(78.580019243884,-28.0544474315455,15.));
#7314=CARTESIAN_POINT('Ctrl Pts',(78.7734092578448,-28.2371593248928,15.));
#7315=CARTESIAN_POINT('Ctrl Pts',(79.1599342455187,-28.6023421535069,15.));
#7316=CARTESIAN_POINT('Ctrl Pts',(79.6892712198605,-28.6527023257441,15.));
#7317=CARTESIAN_POINT('Ctrl Pts',(79.9537650711898,-28.6778657973213,15.));
#7318=CARTESIAN_POINT('',(78.580019243884,-28.0544474315455,14.7));
#7319=CARTESIAN_POINT('',(78.580019243884,-28.0544474315455,15.));
#7320=CARTESIAN_POINT('Ctrl Pts',(78.580019243884,-28.0544474315455,14.7));
#7321=CARTESIAN_POINT('Ctrl Pts',(78.7734092578448,-28.2371593248928,14.7));
#7322=CARTESIAN_POINT('Ctrl Pts',(79.1599342455187,-28.6023421535069,14.7));
#7323=CARTESIAN_POINT('Ctrl Pts',(79.6892712198605,-28.6527023257441,14.7));
#7324=CARTESIAN_POINT('Ctrl Pts',(79.9537650711898,-28.6778657973213,14.7));
#7325=CARTESIAN_POINT('Ctrl Pts',(78.0296074886915,-26.1485195000196,15.));
#7326=CARTESIAN_POINT('Ctrl Pts',(78.0296074886915,-26.1485195000196,14.7));
#7327=CARTESIAN_POINT('Ctrl Pts',(78.0412231060078,-26.5314610022145,15.));
#7328=CARTESIAN_POINT('Ctrl Pts',(78.0412231060078,-26.5314610022145,14.7));
#7329=CARTESIAN_POINT('Ctrl Pts',(78.062030555278,-27.2174371034764,15.));
#7330=CARTESIAN_POINT('Ctrl Pts',(78.062030555278,-27.2174371034764,14.7));
#7331=CARTESIAN_POINT('Ctrl Pts',(78.4213066086003,-27.7979860109592,15.));
#7332=CARTESIAN_POINT('Ctrl Pts',(78.4213066086003,-27.7979860109592,14.7));
#7333=CARTESIAN_POINT('Ctrl Pts',(78.580019243884,-28.0544474315455,15.));
#7334=CARTESIAN_POINT('Ctrl Pts',(78.580019243884,-28.0544474315455,14.7));
#7335=CARTESIAN_POINT('',(78.0296074886915,-26.1485195000196,15.));
#7336=CARTESIAN_POINT('Ctrl Pts',(78.0296074886915,-26.1485195000196,15.));
#7337=CARTESIAN_POINT('Ctrl Pts',(78.0412231060078,-26.5314610022145,15.));
#7338=CARTESIAN_POINT('Ctrl Pts',(78.062030555278,-27.2174371034764,15.));
#7339=CARTESIAN_POINT('Ctrl Pts',(78.4213066086003,-27.7979860109592,15.));
#7340=CARTESIAN_POINT('Ctrl Pts',(78.580019243884,-28.0544474315455,15.));
#7341=CARTESIAN_POINT('',(78.0296074886915,-26.1485195000196,14.7));
#7342=CARTESIAN_POINT('',(78.0296074886915,-26.1485195000196,15.));
#7343=CARTESIAN_POINT('Ctrl Pts',(78.0296074886915,-26.1485195000196,14.7));
#7344=CARTESIAN_POINT('Ctrl Pts',(78.0412231060078,-26.5314610022145,14.7));
#7345=CARTESIAN_POINT('Ctrl Pts',(78.062030555278,-27.2174371034764,14.7));
#7346=CARTESIAN_POINT('Ctrl Pts',(78.4213066086003,-27.7979860109592,14.7));
#7347=CARTESIAN_POINT('Ctrl Pts',(78.580019243884,-28.0544474315455,14.7));
#7348=CARTESIAN_POINT('Ctrl Pts',(78.5529912105333,-24.1101202568832,15.));
#7349=CARTESIAN_POINT('Ctrl Pts',(78.5529912105333,-24.1101202568832,14.7));
#7350=CARTESIAN_POINT('Ctrl Pts',(78.3997602665738,-24.3783223501922,15.));
#7351=CARTESIAN_POINT('Ctrl Pts',(78.3997602665738,-24.3783223501922,14.7));
#7352=CARTESIAN_POINT('Ctrl Pts',(78.0413755056603,-25.0056078096648,15.));
#7353=CARTESIAN_POINT('Ctrl Pts',(78.0413755056603,-25.0056078096648,14.7));
#7354=CARTESIAN_POINT('Ctrl Pts',(78.0338915851029,-25.7324473712846,15.));
#7355=CARTESIAN_POINT('Ctrl Pts',(78.0338915851029,-25.7324473712846,14.7));
#7356=CARTESIAN_POINT('Ctrl Pts',(78.0296074886915,-26.1485195000196,15.));
#7357=CARTESIAN_POINT('Ctrl Pts',(78.0296074886915,-26.1485195000196,14.7));
#7358=CARTESIAN_POINT('Ctrl Pts',(78.5529912105333,-24.1101202568832,15.));
#7359=CARTESIAN_POINT('Ctrl Pts',(78.3997602665738,-24.3783223501922,15.));
#7360=CARTESIAN_POINT('Ctrl Pts',(78.0413755056603,-25.0056078096648,15.));
#7361=CARTESIAN_POINT('Ctrl Pts',(78.0338915851029,-25.7324473712846,15.));
#7362=CARTESIAN_POINT('Ctrl Pts',(78.0296074886915,-26.1485195000196,15.));
#7363=CARTESIAN_POINT('Ctrl Pts',(78.5529912105333,-24.1101202568832,14.7));
#7364=CARTESIAN_POINT('Ctrl Pts',(78.3997602665738,-24.3783223501922,14.7));
#7365=CARTESIAN_POINT('Ctrl Pts',(78.0413755056603,-25.0056078096648,14.7));
#7366=CARTESIAN_POINT('Ctrl Pts',(78.0338915851029,-25.7324473712846,14.7));
#7367=CARTESIAN_POINT('Ctrl Pts',(78.0296074886915,-26.1485195000196,14.7));
#7368=CARTESIAN_POINT('Origin',(78.0787763847589,-30.4866854387278,15.));
#7369=CARTESIAN_POINT('',(78.0787763847589,-30.4866854387278,15.));
#7370=CARTESIAN_POINT('',(78.1009117183083,-35.6844542010104,15.));
#7371=CARTESIAN_POINT('',(78.0922593359595,-33.6527214244856,15.));
#7372=CARTESIAN_POINT('',(78.0787763847589,-30.4866854387278,14.7));
#7373=CARTESIAN_POINT('',(78.0787763847589,-30.4866854387278,15.));
#7374=CARTESIAN_POINT('',(78.1009117183083,-35.6844542010104,14.7));
#7375=CARTESIAN_POINT('',(78.0787763847589,-30.4866854387278,14.7));
#7376=CARTESIAN_POINT('',(78.1009117183083,-35.6844542010104,15.));
#7377=CARTESIAN_POINT('Ctrl Pts',(79.4898356487874,-31.462950649879,15.));
#7378=CARTESIAN_POINT('Ctrl Pts',(79.4898356487874,-31.462950649879,14.7));
#7379=CARTESIAN_POINT('Ctrl Pts',(79.2312782905528,-31.3400157297518,15.));
#7380=CARTESIAN_POINT('Ctrl Pts',(79.2312782905528,-31.3400157297518,14.7));
#7381=CARTESIAN_POINT('Ctrl Pts',(78.7080426217656,-31.0912355921867,15.));
#7382=CARTESIAN_POINT('Ctrl Pts',(78.7080426217656,-31.0912355921867,14.7));
#7383=CARTESIAN_POINT('Ctrl Pts',(78.2901612933478,-30.6897676500573,15.));
#7384=CARTESIAN_POINT('Ctrl Pts',(78.2901612933478,-30.6897676500573,14.7));
#7385=CARTESIAN_POINT('Ctrl Pts',(78.0787763847589,-30.4866854387278,15.));
#7386=CARTESIAN_POINT('Ctrl Pts',(78.0787763847589,-30.4866854387278,14.7));
#7387=CARTESIAN_POINT('',(79.4898356487874,-31.462950649879,15.));
#7388=CARTESIAN_POINT('Ctrl Pts',(79.4898356487874,-31.462950649879,15.));
#7389=CARTESIAN_POINT('Ctrl Pts',(79.2312782905528,-31.3400157297518,15.));
#7390=CARTESIAN_POINT('Ctrl Pts',(78.7080426217656,-31.0912355921867,15.));
#7391=CARTESIAN_POINT('Ctrl Pts',(78.2901612933478,-30.6897676500573,15.));
#7392=CARTESIAN_POINT('Ctrl Pts',(78.0787763847589,-30.4866854387278,15.));
#7393=CARTESIAN_POINT('',(79.4898356487874,-31.462950649879,14.7));
#7394=CARTESIAN_POINT('',(79.4898356487874,-31.462950649879,15.));
#7395=CARTESIAN_POINT('Ctrl Pts',(79.4898356487874,-31.462950649879,14.7));
#7396=CARTESIAN_POINT('Ctrl Pts',(79.2312782905528,-31.3400157297518,14.7));
#7397=CARTESIAN_POINT('Ctrl Pts',(78.7080426217656,-31.0912355921867,14.7));
#7398=CARTESIAN_POINT('Ctrl Pts',(78.2901612933478,-30.6897676500573,14.7));
#7399=CARTESIAN_POINT('Ctrl Pts',(78.0787763847589,-30.4866854387278,14.7));
#7400=CARTESIAN_POINT('Ctrl Pts',(81.256221963194,-31.782851481561,15.));
#7401=CARTESIAN_POINT('Ctrl Pts',(81.256221963194,-31.782851481561,14.7));
#7402=CARTESIAN_POINT('Ctrl Pts',(80.9441620463281,-31.7723766882469,15.));
#7403=CARTESIAN_POINT('Ctrl Pts',(80.9441620463281,-31.7723766882469,14.7));
#7404=CARTESIAN_POINT('Ctrl Pts',(80.3394477957933,-31.7520784812483,15.));
#7405=CARTESIAN_POINT('Ctrl Pts',(80.3394477957933,-31.7520784812483,14.7));
#7406=CARTESIAN_POINT('Ctrl Pts',(79.7669154141546,-31.55724246522,15.));
#7407=CARTESIAN_POINT('Ctrl Pts',(79.7669154141546,-31.55724246522,14.7));
#7408=CARTESIAN_POINT('Ctrl Pts',(79.4898356487874,-31.462950649879,15.));
#7409=CARTESIAN_POINT('Ctrl Pts',(79.4898356487874,-31.462950649879,14.7));
#7410=CARTESIAN_POINT('',(81.256221963194,-31.782851481561,15.));
#7411=CARTESIAN_POINT('Ctrl Pts',(81.256221963194,-31.782851481561,15.));
#7412=CARTESIAN_POINT('Ctrl Pts',(80.9441620463281,-31.7723766882469,15.));
#7413=CARTESIAN_POINT('Ctrl Pts',(80.3394477957933,-31.7520784812483,15.));
#7414=CARTESIAN_POINT('Ctrl Pts',(79.7669154141546,-31.55724246522,15.));
#7415=CARTESIAN_POINT('Ctrl Pts',(79.4898356487874,-31.462950649879,15.));
#7416=CARTESIAN_POINT('',(81.256221963194,-31.782851481561,14.7));
#7417=CARTESIAN_POINT('',(81.256221963194,-31.782851481561,15.));
#7418=CARTESIAN_POINT('Ctrl Pts',(81.256221963194,-31.782851481561,14.7));
#7419=CARTESIAN_POINT('Ctrl Pts',(80.9441620463281,-31.7723766882469,14.7));
#7420=CARTESIAN_POINT('Ctrl Pts',(80.3394477957933,-31.7520784812483,14.7));
#7421=CARTESIAN_POINT('Ctrl Pts',(79.7669154141546,-31.55724246522,14.7));
#7422=CARTESIAN_POINT('Ctrl Pts',(79.4898356487874,-31.462950649879,14.7));
#7423=CARTESIAN_POINT('Ctrl Pts',(84.5396554912279,-30.3363843137559,15.));
#7424=CARTESIAN_POINT('Ctrl Pts',(84.5396554912279,-30.3363843137559,14.7));
#7425=CARTESIAN_POINT('Ctrl Pts',(84.0777196737274,-30.7561507909741,15.));
#7426=CARTESIAN_POINT('Ctrl Pts',(84.0777196737274,-30.7561507909741,14.7));
#7427=CARTESIAN_POINT('Ctrl Pts',(83.1450936138121,-31.6036389936659,15.));
#7428=CARTESIAN_POINT('Ctrl Pts',(83.1450936138121,-31.6036389936659,14.7));
#7429=CARTESIAN_POINT('Ctrl Pts',(81.8897736818219,-31.7227413202018,15.));
#7430=CARTESIAN_POINT('Ctrl Pts',(81.8897736818219,-31.7227413202018,14.7));
#7431=CARTESIAN_POINT('Ctrl Pts',(81.256221963194,-31.782851481561,15.));
#7432=CARTESIAN_POINT('Ctrl Pts',(81.256221963194,-31.782851481561,14.7));
#7433=CARTESIAN_POINT('',(84.5396554912279,-30.3363843137559,15.));
#7434=CARTESIAN_POINT('Ctrl Pts',(84.5396554912279,-30.3363843137559,15.));
#7435=CARTESIAN_POINT('Ctrl Pts',(84.0777196737274,-30.7561507909741,15.));
#7436=CARTESIAN_POINT('Ctrl Pts',(83.1450936138121,-31.6036389936659,15.));
#7437=CARTESIAN_POINT('Ctrl Pts',(81.8897736818219,-31.7227413202018,15.));
#7438=CARTESIAN_POINT('Ctrl Pts',(81.256221963194,-31.782851481561,15.));
#7439=CARTESIAN_POINT('',(84.5396554912279,-30.3363843137559,14.7));
#7440=CARTESIAN_POINT('',(84.5396554912279,-30.3363843137559,15.));
#7441=CARTESIAN_POINT('Ctrl Pts',(84.5396554912279,-30.3363843137559,14.7));
#7442=CARTESIAN_POINT('Ctrl Pts',(84.0777196737274,-30.7561507909741,14.7));
#7443=CARTESIAN_POINT('Ctrl Pts',(83.1450936138121,-31.6036389936659,14.7));
#7444=CARTESIAN_POINT('Ctrl Pts',(81.8897736818219,-31.7227413202018,14.7));
#7445=CARTESIAN_POINT('Ctrl Pts',(81.256221963194,-31.782851481561,14.7));
#7446=CARTESIAN_POINT('Ctrl Pts',(85.8163787651889,-26.1972131916526,15.));
#7447=CARTESIAN_POINT('Ctrl Pts',(85.8163787651889,-26.1972131916526,14.7));
#7448=CARTESIAN_POINT('Ctrl Pts',(85.788775986174,-27.0175199771037,15.));
#7449=CARTESIAN_POINT('Ctrl Pts',(85.788775986174,-27.0175199771037,14.7));
#7450=CARTESIAN_POINT('Ctrl Pts',(85.7382168477401,-28.5200500050278,15.));
#7451=CARTESIAN_POINT('Ctrl Pts',(85.7382168477401,-28.5200500050278,14.7));
#7452=CARTESIAN_POINT('Ctrl Pts',(84.9139249458258,-29.7692056312449,15.));
#7453=CARTESIAN_POINT('Ctrl Pts',(84.9139249458258,-29.7692056312449,14.7));
#7454=CARTESIAN_POINT('Ctrl Pts',(84.5396554912279,-30.3363843137559,15.));
#7455=CARTESIAN_POINT('Ctrl Pts',(84.5396554912279,-30.3363843137559,14.7));
#7456=CARTESIAN_POINT('',(85.8163787651889,-26.1972131916526,15.));
#7457=CARTESIAN_POINT('Ctrl Pts',(85.8163787651889,-26.1972131916526,15.));
#7458=CARTESIAN_POINT('Ctrl Pts',(85.788775986174,-27.0175199771037,15.));
#7459=CARTESIAN_POINT('Ctrl Pts',(85.7382168477401,-28.5200500050278,15.));
#7460=CARTESIAN_POINT('Ctrl Pts',(84.9139249458258,-29.7692056312449,15.));
#7461=CARTESIAN_POINT('Ctrl Pts',(84.5396554912279,-30.3363843137559,15.));
#7462=CARTESIAN_POINT('',(85.8163787651889,-26.1972131916526,14.7));
#7463=CARTESIAN_POINT('',(85.8163787651889,-26.1972131916526,15.));
#7464=CARTESIAN_POINT('Ctrl Pts',(85.8163787651889,-26.1972131916526,14.7));
#7465=CARTESIAN_POINT('Ctrl Pts',(85.788775986174,-27.0175199771037,14.7));
#7466=CARTESIAN_POINT('Ctrl Pts',(85.7382168477401,-28.5200500050278,14.7));
#7467=CARTESIAN_POINT('Ctrl Pts',(84.9139249458258,-29.7692056312449,14.7));
#7468=CARTESIAN_POINT('Ctrl Pts',(84.5396554912279,-30.3363843137559,14.7));
#7469=CARTESIAN_POINT('Ctrl Pts',(84.6273608901451,-22.0992370158006,15.));
#7470=CARTESIAN_POINT('Ctrl Pts',(84.6273608901451,-22.0992370158006,14.7));
#7471=CARTESIAN_POINT('Ctrl Pts',(84.9714817428783,-22.7068290028791,15.));
#7472=CARTESIAN_POINT('Ctrl Pts',(84.9714817428783,-22.7068290028791,14.7));
#7473=CARTESIAN_POINT('Ctrl Pts',(85.6907377085419,-23.9767728552337,15.));
#7474=CARTESIAN_POINT('Ctrl Pts',(85.6907377085419,-23.9767728552337,14.7));
#7475=CARTESIAN_POINT('Ctrl Pts',(85.7733115537543,-25.4360911826649,15.));
#7476=CARTESIAN_POINT('Ctrl Pts',(85.7733115537543,-25.4360911826649,14.7));
#7477=CARTESIAN_POINT('Ctrl Pts',(85.8163787651889,-26.1972131916526,15.));
#7478=CARTESIAN_POINT('Ctrl Pts',(85.8163787651889,-26.1972131916526,14.7));
#7479=CARTESIAN_POINT('',(84.6273608901451,-22.0992370158006,15.));
#7480=CARTESIAN_POINT('Ctrl Pts',(84.6273608901451,-22.0992370158006,15.));
#7481=CARTESIAN_POINT('Ctrl Pts',(84.9714817428783,-22.7068290028791,15.));
#7482=CARTESIAN_POINT('Ctrl Pts',(85.6907377085419,-23.9767728552337,15.));
#7483=CARTESIAN_POINT('Ctrl Pts',(85.7733115537543,-25.4360911826649,15.));
#7484=CARTESIAN_POINT('Ctrl Pts',(85.8163787651889,-26.1972131916526,15.));
#7485=CARTESIAN_POINT('',(84.6273608901451,-22.0992370158006,14.7));
#7486=CARTESIAN_POINT('',(84.6273608901451,-22.0992370158006,15.));
#7487=CARTESIAN_POINT('Ctrl Pts',(84.6273608901451,-22.0992370158006,14.7));
#7488=CARTESIAN_POINT('Ctrl Pts',(84.9714817428783,-22.7068290028791,14.7));
#7489=CARTESIAN_POINT('Ctrl Pts',(85.6907377085419,-23.9767728552337,14.7));
#7490=CARTESIAN_POINT('Ctrl Pts',(85.7733115537543,-25.4360911826649,14.7));
#7491=CARTESIAN_POINT('Ctrl Pts',(85.8163787651889,-26.1972131916526,14.7));
#7492=CARTESIAN_POINT('Ctrl Pts',(81.2283186730814,-20.4254359114448,15.));
#7493=CARTESIAN_POINT('Ctrl Pts',(81.2283186730814,-20.4254359114448,14.7));
#7494=CARTESIAN_POINT('Ctrl Pts',(81.9202316105688,-20.4861183030011,15.));
#7495=CARTESIAN_POINT('Ctrl Pts',(81.9202316105688,-20.4861183030011,14.7));
#7496=CARTESIAN_POINT('Ctrl Pts',(83.2728713393112,-20.6047479877592,15.));
#7497=CARTESIAN_POINT('Ctrl Pts',(83.2728713393112,-20.6047479877592,14.7));
#7498=CARTESIAN_POINT('Ctrl Pts',(84.1828578521627,-21.6087903284956,15.));
#7499=CARTESIAN_POINT('Ctrl Pts',(84.1828578521627,-21.6087903284956,14.7));
#7500=CARTESIAN_POINT('Ctrl Pts',(84.6273608901451,-22.0992370158006,15.));
#7501=CARTESIAN_POINT('Ctrl Pts',(84.6273608901451,-22.0992370158006,14.7));
#7502=CARTESIAN_POINT('',(81.2283186730814,-20.4254359114448,15.));
#7503=CARTESIAN_POINT('Ctrl Pts',(81.2283186730814,-20.4254359114448,15.));
#7504=CARTESIAN_POINT('Ctrl Pts',(81.9202316105688,-20.4861183030011,15.));
#7505=CARTESIAN_POINT('Ctrl Pts',(83.2728713393112,-20.6047479877592,15.));
#7506=CARTESIAN_POINT('Ctrl Pts',(84.1828578521627,-21.6087903284956,15.));
#7507=CARTESIAN_POINT('Ctrl Pts',(84.6273608901451,-22.0992370158006,15.));
#7508=CARTESIAN_POINT('',(81.2283186730814,-20.4254359114448,14.7));
#7509=CARTESIAN_POINT('',(81.2283186730814,-20.4254359114448,15.));
#7510=CARTESIAN_POINT('Ctrl Pts',(81.2283186730814,-20.4254359114448,14.7));
#7511=CARTESIAN_POINT('Ctrl Pts',(81.9202316105688,-20.4861183030011,14.7));
#7512=CARTESIAN_POINT('Ctrl Pts',(83.2728713393112,-20.6047479877592,14.7));
#7513=CARTESIAN_POINT('Ctrl Pts',(84.1828578521627,-21.6087903284956,14.7));
#7514=CARTESIAN_POINT('Ctrl Pts',(84.6273608901451,-22.0992370158006,14.7));
#7515=CARTESIAN_POINT('Ctrl Pts',(79.2248857385216,-20.9046389287895,15.));
#7516=CARTESIAN_POINT('Ctrl Pts',(79.2248857385216,-20.9046389287895,14.7));
#7517=CARTESIAN_POINT('Ctrl Pts',(79.5368340927386,-20.7660486442347,15.));
#7518=CARTESIAN_POINT('Ctrl Pts',(79.5368340927386,-20.7660486442347,14.7));
#7519=CARTESIAN_POINT('Ctrl Pts',(80.1747152242229,-20.4826551711504,15.));
#7520=CARTESIAN_POINT('Ctrl Pts',(80.1747152242229,-20.4826551711504,14.7));
#7521=CARTESIAN_POINT('Ctrl Pts',(80.8720217830836,-20.4447857382731,15.));
#7522=CARTESIAN_POINT('Ctrl Pts',(80.8720217830836,-20.4447857382731,14.7));
#7523=CARTESIAN_POINT('Ctrl Pts',(81.2283186730814,-20.4254359114448,15.));
#7524=CARTESIAN_POINT('Ctrl Pts',(81.2283186730814,-20.4254359114448,14.7));
#7525=CARTESIAN_POINT('',(79.2248857385216,-20.9046389287895,15.));
#7526=CARTESIAN_POINT('Ctrl Pts',(79.2248857385216,-20.9046389287895,15.));
#7527=CARTESIAN_POINT('Ctrl Pts',(79.5368340927386,-20.7660486442347,15.));
#7528=CARTESIAN_POINT('Ctrl Pts',(80.1747152242229,-20.4826551711504,15.));
#7529=CARTESIAN_POINT('Ctrl Pts',(80.8720217830836,-20.4447857382731,15.));
#7530=CARTESIAN_POINT('Ctrl Pts',(81.2283186730814,-20.4254359114448,15.));
#7531=CARTESIAN_POINT('',(79.2248857385216,-20.9046389287895,14.7));
#7532=CARTESIAN_POINT('',(79.2248857385216,-20.9046389287895,15.));
#7533=CARTESIAN_POINT('Ctrl Pts',(79.2248857385216,-20.9046389287895,14.7));
#7534=CARTESIAN_POINT('Ctrl Pts',(79.5368340927386,-20.7660486442347,14.7));
#7535=CARTESIAN_POINT('Ctrl Pts',(80.1747152242229,-20.4826551711504,14.7));
#7536=CARTESIAN_POINT('Ctrl Pts',(80.8720217830836,-20.4447857382731,14.7));
#7537=CARTESIAN_POINT('Ctrl Pts',(81.2283186730814,-20.4254359114448,14.7));
#7538=CARTESIAN_POINT('Ctrl Pts',(77.7369200394618,-22.2922995547859,15.));
#7539=CARTESIAN_POINT('Ctrl Pts',(77.7369200394618,-22.2922995547859,14.7));
#7540=CARTESIAN_POINT('Ctrl Pts',(77.9822253787761,-21.9897029988737,15.));
#7541=CARTESIAN_POINT('Ctrl Pts',(77.9822253787761,-21.9897029988737,14.7));
#7542=CARTESIAN_POINT('Ctrl Pts',(78.4142791293484,-21.4567428225581,15.));
#7543=CARTESIAN_POINT('Ctrl Pts',(78.4142791293484,-21.4567428225581,14.7));
#7544=CARTESIAN_POINT('Ctrl Pts',(78.980252629984,-21.0712584582134,15.));
#7545=CARTESIAN_POINT('Ctrl Pts',(78.980252629984,-21.0712584582134,14.7));
#7546=CARTESIAN_POINT('Ctrl Pts',(79.2248857385216,-20.9046389287895,15.));
#7547=CARTESIAN_POINT('Ctrl Pts',(79.2248857385216,-20.9046389287895,14.7));
#7548=CARTESIAN_POINT('',(77.7369200394618,-22.2922995547859,15.));
#7549=CARTESIAN_POINT('Ctrl Pts',(77.7369200394618,-22.2922995547859,15.));
#7550=CARTESIAN_POINT('Ctrl Pts',(77.9822253787761,-21.9897029988737,15.));
#7551=CARTESIAN_POINT('Ctrl Pts',(78.4142791293484,-21.4567428225581,15.));
#7552=CARTESIAN_POINT('Ctrl Pts',(78.980252629984,-21.0712584582134,15.));
#7553=CARTESIAN_POINT('Ctrl Pts',(79.2248857385216,-20.9046389287895,15.));
#7554=CARTESIAN_POINT('',(77.7369200394618,-22.2922995547859,14.7));
#7555=CARTESIAN_POINT('',(77.7369200394618,-22.2922995547859,15.));
#7556=CARTESIAN_POINT('Ctrl Pts',(77.7369200394618,-22.2922995547859,14.7));
#7557=CARTESIAN_POINT('Ctrl Pts',(77.9822253787761,-21.9897029988737,14.7));
#7558=CARTESIAN_POINT('Ctrl Pts',(78.4142791293484,-21.4567428225581,14.7));
#7559=CARTESIAN_POINT('Ctrl Pts',(78.980252629984,-21.0712584582134,14.7));
#7560=CARTESIAN_POINT('Ctrl Pts',(79.2248857385216,-20.9046389287895,14.7));
#7561=CARTESIAN_POINT('Origin',(77.7300789796317,-20.685897419194,15.));
#7562=CARTESIAN_POINT('',(77.7300789796316,-20.685897419194,15.));
#7563=CARTESIAN_POINT('',(77.7644336410906,-28.7529810152485,15.));
#7564=CARTESIAN_POINT('',(77.7300789796316,-20.685897419194,14.7));
#7565=CARTESIAN_POINT('',(77.7300789796316,-20.685897419194,15.));
#7566=CARTESIAN_POINT('',(77.7300789796317,-20.685897419194,14.7));
#7567=CARTESIAN_POINT('Origin',(73.8317488316734,-20.702498934586,15.));
#7568=CARTESIAN_POINT('',(73.8317488316734,-20.702498934586,15.));
#7569=CARTESIAN_POINT('',(65.4565197543778,-20.7381658712385,15.));
#7570=CARTESIAN_POINT('',(73.8317488316734,-20.702498934586,14.7));
#7571=CARTESIAN_POINT('',(73.8317488316734,-20.702498934586,15.));
#7572=CARTESIAN_POINT('',(73.8317488316734,-20.702498934586,14.7));
#7573=CARTESIAN_POINT('Origin',(73.8956275857393,-35.7023629174619,15.));
#7574=CARTESIAN_POINT('',(73.8956275857393,-35.7023629174619,15.));
#7575=CARTESIAN_POINT('',(73.8980428701653,-36.2695145220784,15.));
#7576=CARTESIAN_POINT('',(73.8956275857393,-35.7023629174619,14.7));
#7577=CARTESIAN_POINT('',(73.8956275857393,-35.7023629174619,15.));
#7578=CARTESIAN_POINT('',(73.8956275857393,-35.7023629174619,14.7));
#7579=CARTESIAN_POINT('Origin',(78.1009117183083,-35.6844542010104,15.));
#7580=CARTESIAN_POINT('',(67.6230405747282,-35.7290754958887,15.));
#7581=CARTESIAN_POINT('',(78.1009117183083,-35.6844542010104,14.7));
#7582=CARTESIAN_POINT('Origin',(76.2754375003818,-57.5407274301237,14.7));
#7583=CARTESIAN_POINT('Origin',(71.4561463488944,-61.1290846262606,15.));
#7584=CARTESIAN_POINT('',(71.4561463488944,-61.1290846262606,15.));
#7585=CARTESIAN_POINT('',(71.464643181165,-63.124291486641,15.));
#7586=CARTESIAN_POINT('',(71.4044433348163,-48.9883002603675,15.));
#7587=CARTESIAN_POINT('',(71.4561463488944,-61.1290846262606,14.7));
#7588=CARTESIAN_POINT('',(71.4561463488944,-61.1290846262606,15.));
#7589=CARTESIAN_POINT('',(71.464643181165,-63.124291486641,14.7));
#7590=CARTESIAN_POINT('',(71.4561463488944,-61.1290846262606,14.7));
#7591=CARTESIAN_POINT('',(71.464643181165,-63.124291486641,15.));
#7592=CARTESIAN_POINT('Origin',(72.9909186561124,-61.1225486108092,15.));
#7593=CARTESIAN_POINT('',(72.9909186561124,-61.1225486108092,15.));
#7594=CARTESIAN_POINT('',(65.1221623421343,-61.1560586712977,15.));
#7595=CARTESIAN_POINT('',(72.9909186561124,-61.1225486108092,14.7));
#7596=CARTESIAN_POINT('',(72.9909186561124,-61.1225486108092,15.));
#7597=CARTESIAN_POINT('',(72.9909186561124,-61.1225486108092,14.7));
#7598=CARTESIAN_POINT('Origin',(72.97793376044,-58.0734648932945,15.));
#7599=CARTESIAN_POINT('',(72.97793376044,-58.0734648932945,15.));
#7600=CARTESIAN_POINT('',(72.9327231941982,-47.4572223861588,15.));
#7601=CARTESIAN_POINT('',(72.97793376044,-58.0734648932945,14.7));
#7602=CARTESIAN_POINT('',(72.97793376044,-58.0734648932945,15.));
#7603=CARTESIAN_POINT('',(72.97793376044,-58.0734648932945,14.7));
#7604=CARTESIAN_POINT('Origin',(71.443161453222,-58.0800009087459,15.));
#7605=CARTESIAN_POINT('',(71.443161453222,-58.0800009087459,15.));
#7606=CARTESIAN_POINT('',(64.3417912928529,-58.1102429615086,15.));
#7607=CARTESIAN_POINT('',(71.443161453222,-58.0800009087459,14.7));
#7608=CARTESIAN_POINT('',(71.443161453222,-58.0800009087459,15.));
#7609=CARTESIAN_POINT('',(71.443161453222,-58.0800009087459,14.7));
#7610=CARTESIAN_POINT('Origin',(71.4268853800972,-54.2580903749824,15.));
#7611=CARTESIAN_POINT('',(71.4268853800972,-54.2580903749824,15.));
#7612=CARTESIAN_POINT('',(71.3898128504177,-45.5528031347284,15.));
#7613=CARTESIAN_POINT('',(71.4268853800972,-54.2580903749824,14.7));
#7614=CARTESIAN_POINT('',(71.4268853800972,-54.2580903749824,15.));
#7615=CARTESIAN_POINT('',(71.4268853800972,-54.2580903749824,14.7));
#7616=CARTESIAN_POINT('Ctrl Pts',(71.062680495021,-51.628334719418,15.));
#7617=CARTESIAN_POINT('Ctrl Pts',(71.062680495021,-51.628334719418,14.7));
#7618=CARTESIAN_POINT('Ctrl Pts',(71.1663518105264,-51.980464693946,15.));
#7619=CARTESIAN_POINT('Ctrl Pts',(71.1663518105264,-51.980464693946,14.7));
#7620=CARTESIAN_POINT('Ctrl Pts',(71.418443826412,-52.8367203968829,15.));
#7621=CARTESIAN_POINT('Ctrl Pts',(71.418443826412,-52.8367203968829,14.7));
#7622=CARTESIAN_POINT('Ctrl Pts',(71.4237571365749,-53.7313637091832,15.));
#7623=CARTESIAN_POINT('Ctrl Pts',(71.4237571365749,-53.7313637091832,14.7));
#7624=CARTESIAN_POINT('Ctrl Pts',(71.4268853800972,-54.2580903749824,15.));
#7625=CARTESIAN_POINT('Ctrl Pts',(71.4268853800972,-54.2580903749824,14.7));
#7626=CARTESIAN_POINT('',(71.062680495021,-51.628334719418,15.));
#7627=CARTESIAN_POINT('Ctrl Pts',(71.062680495021,-51.628334719418,15.));
#7628=CARTESIAN_POINT('Ctrl Pts',(71.1663518105264,-51.980464693946,15.));
#7629=CARTESIAN_POINT('Ctrl Pts',(71.418443826412,-52.8367203968829,15.));
#7630=CARTESIAN_POINT('Ctrl Pts',(71.4237571365749,-53.7313637091832,15.));
#7631=CARTESIAN_POINT('Ctrl Pts',(71.4268853800972,-54.2580903749824,15.));
#7632=CARTESIAN_POINT('',(71.062680495021,-51.628334719418,14.7));
#7633=CARTESIAN_POINT('',(71.062680495021,-51.628334719418,15.));
#7634=CARTESIAN_POINT('Ctrl Pts',(71.062680495021,-51.628334719418,14.7));
#7635=CARTESIAN_POINT('Ctrl Pts',(71.1663518105264,-51.980464693946,14.7));
#7636=CARTESIAN_POINT('Ctrl Pts',(71.418443826412,-52.8367203968829,14.7));
#7637=CARTESIAN_POINT('Ctrl Pts',(71.4237571365749,-53.7313637091832,14.7));
#7638=CARTESIAN_POINT('Ctrl Pts',(71.4268853800972,-54.2580903749824,14.7));
#7639=CARTESIAN_POINT('Ctrl Pts',(69.9678317232773,-50.4220201755882,15.));
#7640=CARTESIAN_POINT('Ctrl Pts',(69.9678317232773,-50.4220201755882,14.7));
#7641=CARTESIAN_POINT('Ctrl Pts',(70.1989177013479,-50.5731381861984,15.));
#7642=CARTESIAN_POINT('Ctrl Pts',(70.1989177013479,-50.5731381861984,14.7));
#7643=CARTESIAN_POINT('Ctrl Pts',(70.6682172694791,-50.880035288776,15.));
#7644=CARTESIAN_POINT('Ctrl Pts',(70.6682172694791,-50.880035288776,14.7));
#7645=CARTESIAN_POINT('Ctrl Pts',(70.9298681225368,-51.3763887425134,15.));
#7646=CARTESIAN_POINT('Ctrl Pts',(70.9298681225368,-51.3763887425134,14.7));
#7647=CARTESIAN_POINT('Ctrl Pts',(71.062680495021,-51.628334719418,15.));
#7648=CARTESIAN_POINT('Ctrl Pts',(71.062680495021,-51.628334719418,14.7));
#7649=CARTESIAN_POINT('',(69.9678317232773,-50.4220201755882,15.));
#7650=CARTESIAN_POINT('Ctrl Pts',(69.9678317232773,-50.4220201755882,15.));
#7651=CARTESIAN_POINT('Ctrl Pts',(70.1989177013479,-50.5731381861984,15.));
#7652=CARTESIAN_POINT('Ctrl Pts',(70.6682172694791,-50.880035288776,15.));
#7653=CARTESIAN_POINT('Ctrl Pts',(70.9298681225368,-51.3763887425134,15.));
#7654=CARTESIAN_POINT('Ctrl Pts',(71.062680495021,-51.628334719418,15.));
#7655=CARTESIAN_POINT('',(69.9678317232773,-50.4220201755882,14.7));
#7656=CARTESIAN_POINT('',(69.9678317232773,-50.4220201755882,15.));
#7657=CARTESIAN_POINT('Ctrl Pts',(69.9678317232773,-50.4220201755882,14.7));
#7658=CARTESIAN_POINT('Ctrl Pts',(70.1989177013479,-50.5731381861984,14.7));
#7659=CARTESIAN_POINT('Ctrl Pts',(70.6682172694791,-50.880035288776,14.7));
#7660=CARTESIAN_POINT('Ctrl Pts',(70.9298681225368,-51.3763887425134,14.7));
#7661=CARTESIAN_POINT('Ctrl Pts',(71.062680495021,-51.628334719418,14.7));
#7662=CARTESIAN_POINT('Ctrl Pts',(67.6742040071887,-50.0332199167242,15.));
#7663=CARTESIAN_POINT('Ctrl Pts',(67.6742040071887,-50.0332199167242,14.7));
#7664=CARTESIAN_POINT('Ctrl Pts',(68.1301859694016,-50.034592825246,15.));
#7665=CARTESIAN_POINT('Ctrl Pts',(68.1301859694016,-50.034592825246,14.7));
#7666=CARTESIAN_POINT('Ctrl Pts',(68.9187090353118,-50.0369669762573,15.));
#7667=CARTESIAN_POINT('Ctrl Pts',(68.9187090353118,-50.0369669762573,14.7));
#7668=CARTESIAN_POINT('Ctrl Pts',(69.6566306109519,-50.3078019003466,15.));
#7669=CARTESIAN_POINT('Ctrl Pts',(69.6566306109519,-50.3078019003466,14.7));
#7670=CARTESIAN_POINT('Ctrl Pts',(69.9678317232773,-50.4220201755882,15.));
#7671=CARTESIAN_POINT('Ctrl Pts',(69.9678317232773,-50.4220201755882,14.7));
#7672=CARTESIAN_POINT('',(67.6742040071887,-50.0332199167242,15.));
#7673=CARTESIAN_POINT('Ctrl Pts',(67.6742040071887,-50.0332199167242,15.));
#7674=CARTESIAN_POINT('Ctrl Pts',(68.1301859694016,-50.034592825246,15.));
#7675=CARTESIAN_POINT('Ctrl Pts',(68.9187090353118,-50.0369669762573,15.));
#7676=CARTESIAN_POINT('Ctrl Pts',(69.6566306109519,-50.3078019003466,15.));
#7677=CARTESIAN_POINT('Ctrl Pts',(69.9678317232773,-50.4220201755882,15.));
#7678=CARTESIAN_POINT('',(67.6742040071887,-50.0332199167242,14.7));
#7679=CARTESIAN_POINT('',(67.6742040071887,-50.0332199167242,15.));
#7680=CARTESIAN_POINT('Ctrl Pts',(67.6742040071887,-50.0332199167242,14.7));
#7681=CARTESIAN_POINT('Ctrl Pts',(68.1301859694016,-50.034592825246,14.7));
#7682=CARTESIAN_POINT('Ctrl Pts',(68.9187090353118,-50.0369669762573,14.7));
#7683=CARTESIAN_POINT('Ctrl Pts',(69.6566306109519,-50.3078019003466,14.7));
#7684=CARTESIAN_POINT('Ctrl Pts',(69.9678317232773,-50.4220201755882,14.7));
#7685=CARTESIAN_POINT('Ctrl Pts',(64.7902644625696,-50.3831577476494,15.));
#7686=CARTESIAN_POINT('Ctrl Pts',(64.7902644625696,-50.3831577476494,14.7));
#7687=CARTESIAN_POINT('Ctrl Pts',(65.2861852603286,-50.2826142024244,15.));
#7688=CARTESIAN_POINT('Ctrl Pts',(65.2861852603286,-50.2826142024244,14.7));
#7689=CARTESIAN_POINT('Ctrl Pts',(66.2384004487711,-50.0895610147063,15.));
#7690=CARTESIAN_POINT('Ctrl Pts',(66.2384004487711,-50.0895610147063,14.7));
#7691=CARTESIAN_POINT('Ctrl Pts',(67.2090675824611,-50.0514719239205,15.));
#7692=CARTESIAN_POINT('Ctrl Pts',(67.2090675824611,-50.0514719239205,14.7));
#7693=CARTESIAN_POINT('Ctrl Pts',(67.6742040071887,-50.0332199167242,15.));
#7694=CARTESIAN_POINT('Ctrl Pts',(67.6742040071887,-50.0332199167242,14.7));
#7695=CARTESIAN_POINT('',(64.7902644625695,-50.3831577476494,15.));
#7696=CARTESIAN_POINT('Ctrl Pts',(64.7902644625696,-50.3831577476494,15.));
#7697=CARTESIAN_POINT('Ctrl Pts',(65.2861852603286,-50.2826142024244,15.));
#7698=CARTESIAN_POINT('Ctrl Pts',(66.2384004487711,-50.0895610147063,15.));
#7699=CARTESIAN_POINT('Ctrl Pts',(67.2090675824611,-50.0514719239205,15.));
#7700=CARTESIAN_POINT('Ctrl Pts',(67.6742040071887,-50.0332199167242,15.));
#7701=CARTESIAN_POINT('',(64.7902644625695,-50.3831577476494,14.7));
#7702=CARTESIAN_POINT('',(64.7902644625695,-50.3831577476494,15.));
#7703=CARTESIAN_POINT('Ctrl Pts',(64.7902644625696,-50.3831577476494,14.7));
#7704=CARTESIAN_POINT('Ctrl Pts',(65.2861852603286,-50.2826142024244,14.7));
#7705=CARTESIAN_POINT('Ctrl Pts',(66.2384004487711,-50.0895610147063,14.7));
#7706=CARTESIAN_POINT('Ctrl Pts',(67.2090675824611,-50.0514719239205,14.7));
#7707=CARTESIAN_POINT('Ctrl Pts',(67.6742040071887,-50.0332199167242,14.7));
#7708=CARTESIAN_POINT('Origin',(65.1094629555292,-53.2565183398081,15.));
#7709=CARTESIAN_POINT('',(65.1094629555292,-53.2565183398081,15.));
#7710=CARTESIAN_POINT('',(64.1639489178178,-44.7451912652282,15.));
#7711=CARTESIAN_POINT('',(65.1094629555292,-53.2565183398081,14.7));
#7712=CARTESIAN_POINT('',(65.1094629555292,-53.2565183398081,15.));
#7713=CARTESIAN_POINT('',(65.1094629555292,-53.2565183398081,14.7));
#7714=CARTESIAN_POINT('Ctrl Pts',(66.3975450202329,-52.985479863518,15.));
#7715=CARTESIAN_POINT('Ctrl Pts',(66.3975450202329,-52.985479863518,14.7));
#7716=CARTESIAN_POINT('Ctrl Pts',(66.2123660791749,-53.0028573265931,15.));
#7717=CARTESIAN_POINT('Ctrl Pts',(66.2123660791749,-53.0028573265931,14.7));
#7718=CARTESIAN_POINT('Ctrl Pts',(65.773245635873,-53.0440650322071,15.));
#7719=CARTESIAN_POINT('Ctrl Pts',(65.773245635873,-53.0440650322071,14.7));
#7720=CARTESIAN_POINT('Ctrl Pts',(65.3526763826887,-53.1786743426941,15.));
#7721=CARTESIAN_POINT('Ctrl Pts',(65.3526763826887,-53.1786743426941,14.7));
#7722=CARTESIAN_POINT('Ctrl Pts',(65.1094629555292,-53.2565183398081,15.));
#7723=CARTESIAN_POINT('Ctrl Pts',(65.1094629555292,-53.2565183398081,14.7));
#7724=CARTESIAN_POINT('',(66.3975450202329,-52.985479863518,15.));
#7725=CARTESIAN_POINT('Ctrl Pts',(66.3975450202329,-52.985479863518,15.));
#7726=CARTESIAN_POINT('Ctrl Pts',(66.2123660791749,-53.0028573265931,15.));
#7727=CARTESIAN_POINT('Ctrl Pts',(65.773245635873,-53.0440650322071,15.));
#7728=CARTESIAN_POINT('Ctrl Pts',(65.3526763826887,-53.1786743426941,15.));
#7729=CARTESIAN_POINT('Ctrl Pts',(65.1094629555292,-53.2565183398081,15.));
#7730=CARTESIAN_POINT('',(66.3975450202329,-52.985479863518,14.7));
#7731=CARTESIAN_POINT('',(66.3975450202329,-52.985479863518,15.));
#7732=CARTESIAN_POINT('Ctrl Pts',(66.3975450202329,-52.985479863518,14.7));
#7733=CARTESIAN_POINT('Ctrl Pts',(66.2123660791749,-53.0028573265931,14.7));
#7734=CARTESIAN_POINT('Ctrl Pts',(65.773245635873,-53.0440650322071,14.7));
#7735=CARTESIAN_POINT('Ctrl Pts',(65.3526763826887,-53.1786743426941,14.7));
#7736=CARTESIAN_POINT('Ctrl Pts',(65.1094629555292,-53.2565183398081,14.7));
#7737=CARTESIAN_POINT('Ctrl Pts',(67.1152505396473,-53.3296689309473,15.));
#7738=CARTESIAN_POINT('Ctrl Pts',(67.1152505396473,-53.3296689309473,14.7));
#7739=CARTESIAN_POINT('Ctrl Pts',(67.0283400158636,-53.2289001855684,15.));
#7740=CARTESIAN_POINT('Ctrl Pts',(67.0283400158636,-53.2289001855684,14.7));
#7741=CARTESIAN_POINT('Ctrl Pts',(66.8409108477023,-53.0115847063747,15.));
#7742=CARTESIAN_POINT('Ctrl Pts',(66.8409108477023,-53.0115847063747,14.7));
#7743=CARTESIAN_POINT('Ctrl Pts',(66.5523179686628,-52.9945927072396,15.));
#7744=CARTESIAN_POINT('Ctrl Pts',(66.5523179686628,-52.9945927072396,14.7));
#7745=CARTESIAN_POINT('Ctrl Pts',(66.3975450202329,-52.985479863518,15.));
#7746=CARTESIAN_POINT('Ctrl Pts',(66.3975450202329,-52.985479863518,14.7));
#7747=CARTESIAN_POINT('',(67.1152505396473,-53.3296689309473,15.));
#7748=CARTESIAN_POINT('Ctrl Pts',(67.1152505396473,-53.3296689309473,15.));
#7749=CARTESIAN_POINT('Ctrl Pts',(67.0283400158636,-53.2289001855684,15.));
#7750=CARTESIAN_POINT('Ctrl Pts',(66.8409108477023,-53.0115847063747,15.));
#7751=CARTESIAN_POINT('Ctrl Pts',(66.5523179686628,-52.9945927072396,15.));
#7752=CARTESIAN_POINT('Ctrl Pts',(66.3975450202329,-52.985479863518,15.));
#7753=CARTESIAN_POINT('',(67.1152505396473,-53.3296689309473,14.7));
#7754=CARTESIAN_POINT('',(67.1152505396473,-53.3296689309473,15.));
#7755=CARTESIAN_POINT('Ctrl Pts',(67.1152505396473,-53.3296689309473,14.7));
#7756=CARTESIAN_POINT('Ctrl Pts',(67.0283400158636,-53.2289001855684,14.7));
#7757=CARTESIAN_POINT('Ctrl Pts',(66.8409108477023,-53.0115847063747,14.7));
#7758=CARTESIAN_POINT('Ctrl Pts',(66.5523179686628,-52.9945927072396,14.7));
#7759=CARTESIAN_POINT('Ctrl Pts',(66.3975450202329,-52.985479863518,14.7));
#7760=CARTESIAN_POINT('Ctrl Pts',(67.2521765089006,-54.2480499508802,15.));
#7761=CARTESIAN_POINT('Ctrl Pts',(67.2521765089006,-54.2480499508802,14.7));
#7762=CARTESIAN_POINT('Ctrl Pts',(67.253517904955,-54.0534560722415,15.));
#7763=CARTESIAN_POINT('Ctrl Pts',(67.253517904955,-54.0534560722415,14.7));
#7764=CARTESIAN_POINT('Ctrl Pts',(67.2556863844899,-53.7388787018232,15.));
#7765=CARTESIAN_POINT('Ctrl Pts',(67.2556863844899,-53.7388787018232,14.7));
#7766=CARTESIAN_POINT('Ctrl Pts',(67.1540252764012,-53.4426529142074,15.));
#7767=CARTESIAN_POINT('Ctrl Pts',(67.1540252764012,-53.4426529142074,14.7));
#7768=CARTESIAN_POINT('Ctrl Pts',(67.1152505396473,-53.3296689309473,15.));
#7769=CARTESIAN_POINT('Ctrl Pts',(67.1152505396473,-53.3296689309473,14.7));
#7770=CARTESIAN_POINT('',(67.2521765089006,-54.2480499508802,15.));
#7771=CARTESIAN_POINT('Ctrl Pts',(67.2521765089006,-54.2480499508802,15.));
#7772=CARTESIAN_POINT('Ctrl Pts',(67.253517904955,-54.0534560722415,15.));
#7773=CARTESIAN_POINT('Ctrl Pts',(67.2556863844899,-53.7388787018232,15.));
#7774=CARTESIAN_POINT('Ctrl Pts',(67.1540252764012,-53.4426529142074,15.));
#7775=CARTESIAN_POINT('Ctrl Pts',(67.1152505396473,-53.3296689309473,15.));
#7776=CARTESIAN_POINT('',(67.2521765089006,-54.2480499508802,14.7));
#7777=CARTESIAN_POINT('',(67.2521765089006,-54.2480499508802,15.));
#7778=CARTESIAN_POINT('Ctrl Pts',(67.2521765089006,-54.2480499508802,14.7));
#7779=CARTESIAN_POINT('Ctrl Pts',(67.253517904955,-54.0534560722415,14.7));
#7780=CARTESIAN_POINT('Ctrl Pts',(67.2556863844899,-53.7388787018232,14.7));
#7781=CARTESIAN_POINT('Ctrl Pts',(67.1540252764012,-53.4426529142074,14.7));
#7782=CARTESIAN_POINT('Ctrl Pts',(67.1152505396473,-53.3296689309473,14.7));
#7783=CARTESIAN_POINT('Origin',(67.2685710501992,-58.0977789121987,15.));
#7784=CARTESIAN_POINT('',(67.2685710501992,-58.0977789121987,15.));
#7785=CARTESIAN_POINT('',(67.2233604839573,-47.481536405063,15.));
#7786=CARTESIAN_POINT('',(67.2685710501992,-58.0977789121987,14.7));
#7787=CARTESIAN_POINT('',(67.2685710501992,-58.0977789121987,15.));
#7788=CARTESIAN_POINT('',(67.2685710501992,-58.0977789121987,14.7));
#7789=CARTESIAN_POINT('Origin',(64.9766406536687,-58.1075393779139,15.));
#7790=CARTESIAN_POINT('',(64.9766406536687,-58.1075393779139,15.));
#7791=CARTESIAN_POINT('',(61.1085308930762,-58.1240121960927,15.));
#7792=CARTESIAN_POINT('',(64.9766406536687,-58.1075393779139,14.7));
#7793=CARTESIAN_POINT('',(64.9766406536687,-58.1075393779139,15.));
#7794=CARTESIAN_POINT('',(64.9766406536687,-58.1075393779139,14.7));
#7795=CARTESIAN_POINT('Origin',(64.989625549341,-61.1566230954286,15.));
#7796=CARTESIAN_POINT('',(64.989625549341,-61.1566230954286,15.));
#7797=CARTESIAN_POINT('',(64.937922535263,-49.0158387295355,15.));
#7798=CARTESIAN_POINT('',(64.989625549341,-61.1566230954286,14.7));
#7799=CARTESIAN_POINT('',(64.989625549341,-61.1566230954286,15.));
#7800=CARTESIAN_POINT('',(64.989625549341,-61.1566230954286,14.7));
#7801=CARTESIAN_POINT('Origin',(67.2815559458716,-61.1468626297135,15.));
#7802=CARTESIAN_POINT('',(67.2815559458716,-61.1468626297135,15.));
#7803=CARTESIAN_POINT('',(62.2674809870139,-61.1682156807498,15.));
#7804=CARTESIAN_POINT('',(67.2815559458716,-61.1468626297135,14.7));
#7805=CARTESIAN_POINT('',(67.2815559458716,-61.1468626297135,15.));
#7806=CARTESIAN_POINT('',(67.2815559458716,-61.1468626297135,14.7));
#7807=CARTESIAN_POINT('Origin',(67.2991596382509,-65.280521702237,15.));
#7808=CARTESIAN_POINT('',(67.2991596382509,-65.280521702237,15.));
#7809=CARTESIAN_POINT('',(67.2386547779832,-51.0729078000821,15.));
#7810=CARTESIAN_POINT('',(67.2991596382509,-65.280521702237,14.7));
#7811=CARTESIAN_POINT('',(67.2991596382509,-65.280521702237,15.));
#7812=CARTESIAN_POINT('',(67.2991596382509,-65.280521702237,14.7));
#7813=CARTESIAN_POINT('Origin',(71.464643181165,-63.124291486641,15.));
#7814=CARTESIAN_POINT('',(71.1712635569187,-63.2761571713623,15.));
#7815=CARTESIAN_POINT('',(71.464643181165,-63.124291486641,14.7));
#7816=CARTESIAN_POINT('Origin',(76.2754375003818,-57.5407274301237,14.7));
#7817=CARTESIAN_POINT('Origin',(45.1754490294555,-50.3746022094838,15.));
#7818=CARTESIAN_POINT('',(45.1754490294555,-50.3746022094838,15.));
#7819=CARTESIAN_POINT('',(49.3398065998535,-50.3568677837993,15.));
#7820=CARTESIAN_POINT('',(51.1912899979625,-50.3489830154588,15.));
#7821=CARTESIAN_POINT('',(45.1754490294555,-50.3746022094838,14.7));
#7822=CARTESIAN_POINT('',(45.1754490294555,-50.3746022094838,15.));
#7823=CARTESIAN_POINT('',(49.3398065998535,-50.3568677837993,14.7));
#7824=CARTESIAN_POINT('',(45.1754490294555,-50.3746022094838,14.7));
#7825=CARTESIAN_POINT('',(49.3398065998535,-50.3568677837993,15.));
#7826=CARTESIAN_POINT('Origin',(45.1976715185417,-55.5928366370161,15.));
#7827=CARTESIAN_POINT('',(45.1976715185417,-55.5928366370161,15.));
#7828=CARTESIAN_POINT('',(45.1579947907638,-46.2760375125331,15.));
#7829=CARTESIAN_POINT('',(45.1976715185417,-55.5928366370161,14.7));
#7830=CARTESIAN_POINT('',(45.1976715185417,-55.5928366370161,15.));
#7831=CARTESIAN_POINT('',(45.1976715185417,-55.5928366370161,14.7));
#7832=CARTESIAN_POINT('Ctrl Pts',(44.7357671796573,-57.6514400990984,15.));
#7833=CARTESIAN_POINT('Ctrl Pts',(44.7357671796573,-57.6514400990984,14.7));
#7834=CARTESIAN_POINT('Ctrl Pts',(44.8708399625164,-57.388793909713,15.));
#7835=CARTESIAN_POINT('Ctrl Pts',(44.8708399625164,-57.388793909713,14.7));
#7836=CARTESIAN_POINT('Ctrl Pts',(45.2006403319707,-56.7475040179853,15.));
#7837=CARTESIAN_POINT('Ctrl Pts',(45.2006403319707,-56.7475040179853,14.7));
#7838=CARTESIAN_POINT('Ctrl Pts',(45.1987736711866,-56.0214993800085,15.));
#7839=CARTESIAN_POINT('Ctrl Pts',(45.1987736711866,-56.0214993800085,14.7));
#7840=CARTESIAN_POINT('Ctrl Pts',(45.1976715185417,-55.5928366370161,15.));
#7841=CARTESIAN_POINT('Ctrl Pts',(45.1976715185417,-55.5928366370161,14.7));
#7842=CARTESIAN_POINT('',(44.7357671796573,-57.6514400990984,15.));
#7843=CARTESIAN_POINT('Ctrl Pts',(44.7357671796573,-57.6514400990984,15.));
#7844=CARTESIAN_POINT('Ctrl Pts',(44.8708399625164,-57.388793909713,15.));
#7845=CARTESIAN_POINT('Ctrl Pts',(45.2006403319707,-56.7475040179853,15.));
#7846=CARTESIAN_POINT('Ctrl Pts',(45.1987736711866,-56.0214993800085,15.));
#7847=CARTESIAN_POINT('Ctrl Pts',(45.1976715185417,-55.5928366370161,15.));
#7848=CARTESIAN_POINT('',(44.7357671796573,-57.6514400990984,14.7));
#7849=CARTESIAN_POINT('',(44.7357671796573,-57.6514400990984,15.));
#7850=CARTESIAN_POINT('Ctrl Pts',(44.7357671796573,-57.6514400990984,14.7));
#7851=CARTESIAN_POINT('Ctrl Pts',(44.8708399625164,-57.388793909713,14.7));
#7852=CARTESIAN_POINT('Ctrl Pts',(45.2006403319707,-56.7475040179853,14.7));
#7853=CARTESIAN_POINT('Ctrl Pts',(45.1987736711866,-56.0214993800085,14.7));
#7854=CARTESIAN_POINT('Ctrl Pts',(45.1976715185417,-55.5928366370161,14.7));
#7855=CARTESIAN_POINT('Ctrl Pts',(43.510386584238,-58.2296503306939,15.));
#7856=CARTESIAN_POINT('Ctrl Pts',(43.510386584238,-58.2296503306939,14.7));
#7857=CARTESIAN_POINT('Ctrl Pts',(43.7502543330064,-58.2053371371425,15.));
#7858=CARTESIAN_POINT('Ctrl Pts',(43.7502543330064,-58.2053371371425,14.7));
#7859=CARTESIAN_POINT('Ctrl Pts',(44.2271052309088,-58.1570031354461,15.));
#7860=CARTESIAN_POINT('Ctrl Pts',(44.2271052309088,-58.1570031354461,14.7));
#7861=CARTESIAN_POINT('Ctrl Pts',(44.5668983634954,-57.8192801186895,15.));
#7862=CARTESIAN_POINT('Ctrl Pts',(44.5668983634954,-57.8192801186895,14.7));
#7863=CARTESIAN_POINT('Ctrl Pts',(44.7357671796573,-57.6514400990984,15.));
#7864=CARTESIAN_POINT('Ctrl Pts',(44.7357671796573,-57.6514400990984,14.7));
#7865=CARTESIAN_POINT('',(43.510386584238,-58.2296503306939,15.));
#7866=CARTESIAN_POINT('Ctrl Pts',(43.510386584238,-58.2296503306939,15.));
#7867=CARTESIAN_POINT('Ctrl Pts',(43.7502543330064,-58.2053371371425,15.));
#7868=CARTESIAN_POINT('Ctrl Pts',(44.2271052309088,-58.1570031354461,15.));
#7869=CARTESIAN_POINT('Ctrl Pts',(44.5668983634954,-57.8192801186895,15.));
#7870=CARTESIAN_POINT('Ctrl Pts',(44.7357671796573,-57.6514400990984,15.));
#7871=CARTESIAN_POINT('',(43.510386584238,-58.2296503306939,14.7));
#7872=CARTESIAN_POINT('',(43.510386584238,-58.2296503306939,15.));
#7873=CARTESIAN_POINT('Ctrl Pts',(43.510386584238,-58.2296503306939,14.7));
#7874=CARTESIAN_POINT('Ctrl Pts',(43.7502543330064,-58.2053371371425,14.7));
#7875=CARTESIAN_POINT('Ctrl Pts',(44.2271052309088,-58.1570031354461,14.7));
#7876=CARTESIAN_POINT('Ctrl Pts',(44.5668983634954,-57.8192801186895,14.7));
#7877=CARTESIAN_POINT('Ctrl Pts',(44.7357671796573,-57.6514400990984,14.7));
#7878=CARTESIAN_POINT('Ctrl Pts',(42.444468599849,-57.8095623328885,15.));
#7879=CARTESIAN_POINT('Ctrl Pts',(42.444468599849,-57.8095623328885,14.7));
#7880=CARTESIAN_POINT('Ctrl Pts',(42.5895041864041,-57.932698363503,15.));
#7881=CARTESIAN_POINT('Ctrl Pts',(42.5895041864041,-57.932698363503,14.7));
#7882=CARTESIAN_POINT('Ctrl Pts',(42.8958478053382,-58.1927858229716,15.));
#7883=CARTESIAN_POINT('Ctrl Pts',(42.8958478053382,-58.1927858229716,14.7));
#7884=CARTESIAN_POINT('Ctrl Pts',(43.2984124770867,-58.2169345812924,15.));
#7885=CARTESIAN_POINT('Ctrl Pts',(43.2984124770867,-58.2169345812924,14.7));
#7886=CARTESIAN_POINT('Ctrl Pts',(43.510386584238,-58.2296503306939,15.));
#7887=CARTESIAN_POINT('Ctrl Pts',(43.510386584238,-58.2296503306939,14.7));
#7888=CARTESIAN_POINT('',(42.444468599849,-57.8095623328885,15.));
#7889=CARTESIAN_POINT('Ctrl Pts',(42.444468599849,-57.8095623328885,15.));
#7890=CARTESIAN_POINT('Ctrl Pts',(42.5895041864041,-57.932698363503,15.));
#7891=CARTESIAN_POINT('Ctrl Pts',(42.8958478053382,-58.1927858229716,15.));
#7892=CARTESIAN_POINT('Ctrl Pts',(43.2984124770867,-58.2169345812924,15.));
#7893=CARTESIAN_POINT('Ctrl Pts',(43.510386584238,-58.2296503306939,15.));
#7894=CARTESIAN_POINT('',(42.444468599849,-57.8095623328885,14.7));
#7895=CARTESIAN_POINT('',(42.444468599849,-57.8095623328885,15.));
#7896=CARTESIAN_POINT('Ctrl Pts',(42.444468599849,-57.8095623328885,14.7));
#7897=CARTESIAN_POINT('Ctrl Pts',(42.5895041864041,-57.932698363503,14.7));
#7898=CARTESIAN_POINT('Ctrl Pts',(42.8958478053382,-58.1927858229716,14.7));
#7899=CARTESIAN_POINT('Ctrl Pts',(43.2984124770867,-58.2169345812924,14.7));
#7900=CARTESIAN_POINT('Ctrl Pts',(43.510386584238,-58.2296503306939,14.7));
#7901=CARTESIAN_POINT('Ctrl Pts',(42.0597262740175,-56.3633670129752,15.));
#7902=CARTESIAN_POINT('Ctrl Pts',(42.0597262740175,-56.3633670129752,14.7));
#7903=CARTESIAN_POINT('Ctrl Pts',(42.0641338848264,-56.6628150686854,15.));
#7904=CARTESIAN_POINT('Ctrl Pts',(42.0641338848264,-56.6628150686854,14.7));
#7905=CARTESIAN_POINT('Ctrl Pts',(42.0717550632107,-57.1805892434619,15.));
#7906=CARTESIAN_POINT('Ctrl Pts',(42.0717550632107,-57.1805892434619,14.7));
#7907=CARTESIAN_POINT('Ctrl Pts',(42.3339223867061,-57.6230099639243,15.));
#7908=CARTESIAN_POINT('Ctrl Pts',(42.3339223867061,-57.6230099639243,14.7));
#7909=CARTESIAN_POINT('Ctrl Pts',(42.444468599849,-57.8095623328885,15.));
#7910=CARTESIAN_POINT('Ctrl Pts',(42.444468599849,-57.8095623328885,14.7));
#7911=CARTESIAN_POINT('',(42.0597262740175,-56.3633670129752,15.));
#7912=CARTESIAN_POINT('Ctrl Pts',(42.0597262740175,-56.3633670129752,15.));
#7913=CARTESIAN_POINT('Ctrl Pts',(42.0641338848264,-56.6628150686854,15.));
#7914=CARTESIAN_POINT('Ctrl Pts',(42.0717550632107,-57.1805892434619,15.));
#7915=CARTESIAN_POINT('Ctrl Pts',(42.3339223867061,-57.6230099639243,15.));
#7916=CARTESIAN_POINT('Ctrl Pts',(42.444468599849,-57.8095623328885,15.));
#7917=CARTESIAN_POINT('',(42.0597262740175,-56.3633670129752,14.7));
#7918=CARTESIAN_POINT('',(42.0597262740175,-56.3633670129752,15.));
#7919=CARTESIAN_POINT('Ctrl Pts',(42.0597262740175,-56.3633670129752,14.7));
#7920=CARTESIAN_POINT('Ctrl Pts',(42.0641338848264,-56.6628150686854,14.7));
#7921=CARTESIAN_POINT('Ctrl Pts',(42.0717550632107,-57.1805892434619,14.7));
#7922=CARTESIAN_POINT('Ctrl Pts',(42.3339223867061,-57.6230099639243,14.7));
#7923=CARTESIAN_POINT('Ctrl Pts',(42.444468599849,-57.8095623328885,14.7));
#7924=CARTESIAN_POINT('Origin',(42.034279354974,-50.3879792644587,15.));
#7925=CARTESIAN_POINT('',(42.034279354974,-50.3879792644587,15.));
#7926=CARTESIAN_POINT('',(42.0057138717392,-43.6802973537419,15.));
#7927=CARTESIAN_POINT('',(42.034279354974,-50.3879792644587,14.7));
#7928=CARTESIAN_POINT('',(42.034279354974,-50.3879792644587,15.));
#7929=CARTESIAN_POINT('',(42.034279354974,-50.3879792644587,14.7));
#7930=CARTESIAN_POINT('Origin',(37.8494608876546,-50.4058008253735,15.));
#7931=CARTESIAN_POINT('',(37.8494608876546,-50.4058008253735,15.));
#7932=CARTESIAN_POINT('',(47.5282959270621,-50.3645823234036,15.));
#7933=CARTESIAN_POINT('',(37.8494608876546,-50.4058008253735,14.7));
#7934=CARTESIAN_POINT('',(37.8494608876546,-50.4058008253735,15.));
#7935=CARTESIAN_POINT('',(37.8494608876546,-50.4058008253735,14.7));
#7936=CARTESIAN_POINT('Origin',(37.8788729977986,-57.3122857445113,15.));
#7937=CARTESIAN_POINT('',(37.8788729977986,-57.3122857445113,15.));
#7938=CARTESIAN_POINT('',(37.8356014594919,-47.1513613742255,15.));
#7939=CARTESIAN_POINT('',(37.8788729977986,-57.3122857445113,14.7));
#7940=CARTESIAN_POINT('',(37.8788729977986,-57.3122857445113,15.));
#7941=CARTESIAN_POINT('',(37.8788729977986,-57.3122857445113,14.7));
#7942=CARTESIAN_POINT('Ctrl Pts',(38.8695209351835,-60.4799926461155,15.));
#7943=CARTESIAN_POINT('Ctrl Pts',(38.8695209351835,-60.4799926461155,14.7));
#7944=CARTESIAN_POINT('Ctrl Pts',(38.5836330320608,-60.0578471339043,15.));
#7945=CARTESIAN_POINT('Ctrl Pts',(38.5836330320608,-60.0578471339043,14.7));
#7946=CARTESIAN_POINT('Ctrl Pts',(37.9399695215088,-59.1074058616931,15.));
#7947=CARTESIAN_POINT('Ctrl Pts',(37.9399695215088,-59.1074058616931,14.7));
#7948=CARTESIAN_POINT('Ctrl Pts',(37.9007004314286,-57.9536129892748,15.));
#7949=CARTESIAN_POINT('Ctrl Pts',(37.9007004314286,-57.9536129892748,14.7));
#7950=CARTESIAN_POINT('Ctrl Pts',(37.8788729977986,-57.3122857445113,15.));
#7951=CARTESIAN_POINT('Ctrl Pts',(37.8788729977986,-57.3122857445113,14.7));
#7952=CARTESIAN_POINT('',(38.8695209351835,-60.4799926461155,15.));
#7953=CARTESIAN_POINT('Ctrl Pts',(38.8695209351835,-60.4799926461155,15.));
#7954=CARTESIAN_POINT('Ctrl Pts',(38.5836330320608,-60.0578471339043,15.));
#7955=CARTESIAN_POINT('Ctrl Pts',(37.9399695215088,-59.1074058616931,15.));
#7956=CARTESIAN_POINT('Ctrl Pts',(37.9007004314286,-57.9536129892748,15.));
#7957=CARTESIAN_POINT('Ctrl Pts',(37.8788729977986,-57.3122857445113,15.));
#7958=CARTESIAN_POINT('',(38.8695209351835,-60.4799926461155,14.7));
#7959=CARTESIAN_POINT('',(38.8695209351835,-60.4799926461155,15.));
#7960=CARTESIAN_POINT('Ctrl Pts',(38.8695209351835,-60.4799926461155,14.7));
#7961=CARTESIAN_POINT('Ctrl Pts',(38.5836330320608,-60.0578471339043,14.7));
#7962=CARTESIAN_POINT('Ctrl Pts',(37.9399695215088,-59.1074058616931,14.7));
#7963=CARTESIAN_POINT('Ctrl Pts',(37.9007004314286,-57.9536129892748,14.7));
#7964=CARTESIAN_POINT('Ctrl Pts',(37.8788729977986,-57.3122857445113,14.7));
#7965=CARTESIAN_POINT('Ctrl Pts',(41.54954533669,-61.5020141367505,15.));
#7966=CARTESIAN_POINT('Ctrl Pts',(41.54954533669,-61.5020141367505,14.7));
#7967=CARTESIAN_POINT('Ctrl Pts',(41.0224775909957,-61.4705126443182,15.));
#7968=CARTESIAN_POINT('Ctrl Pts',(41.0224775909957,-61.4705126443182,14.7));
#7969=CARTESIAN_POINT('Ctrl Pts',(40.0186404676029,-61.4105158643896,15.));
#7970=CARTESIAN_POINT('Ctrl Pts',(40.0186404676029,-61.4105158643896,14.7));
#7971=CARTESIAN_POINT('Ctrl Pts',(39.2395483556824,-60.7796299740507,15.));
#7972=CARTESIAN_POINT('Ctrl Pts',(39.2395483556824,-60.7796299740507,14.7));
#7973=CARTESIAN_POINT('Ctrl Pts',(38.8695209351835,-60.4799926461155,15.));
#7974=CARTESIAN_POINT('Ctrl Pts',(38.8695209351835,-60.4799926461155,14.7));
#7975=CARTESIAN_POINT('',(41.54954533669,-61.5020141367505,15.));
#7976=CARTESIAN_POINT('Ctrl Pts',(41.54954533669,-61.5020141367505,15.));
#7977=CARTESIAN_POINT('Ctrl Pts',(41.0224775909957,-61.4705126443182,15.));
#7978=CARTESIAN_POINT('Ctrl Pts',(40.0186404676029,-61.4105158643896,15.));
#7979=CARTESIAN_POINT('Ctrl Pts',(39.2395483556824,-60.7796299740507,15.));
#7980=CARTESIAN_POINT('Ctrl Pts',(38.8695209351835,-60.4799926461155,15.));
#7981=CARTESIAN_POINT('',(41.54954533669,-61.5020141367505,14.7));
#7982=CARTESIAN_POINT('',(41.54954533669,-61.5020141367505,15.));
#7983=CARTESIAN_POINT('Ctrl Pts',(41.54954533669,-61.5020141367505,14.7));
#7984=CARTESIAN_POINT('Ctrl Pts',(41.0224775909957,-61.4705126443182,14.7));
#7985=CARTESIAN_POINT('Ctrl Pts',(40.0186404676029,-61.4105158643896,14.7));
#7986=CARTESIAN_POINT('Ctrl Pts',(39.2395483556824,-60.7796299740507,14.7));
#7987=CARTESIAN_POINT('Ctrl Pts',(38.8695209351835,-60.4799926461155,14.7));
#7988=CARTESIAN_POINT('Ctrl Pts',(43.5329071494669,-61.1149842217562,15.));
#7989=CARTESIAN_POINT('Ctrl Pts',(43.5329071494669,-61.1149842217562,14.7));
#7990=CARTESIAN_POINT('Ctrl Pts',(43.2312158814171,-61.2265952998554,15.));
#7991=CARTESIAN_POINT('Ctrl Pts',(43.2312158814171,-61.2265952998554,14.7));
#7992=CARTESIAN_POINT('Ctrl Pts',(42.5917563650297,-61.4631641819649,15.));
#7993=CARTESIAN_POINT('Ctrl Pts',(42.5917563650297,-61.4631641819649,14.7));
#7994=CARTESIAN_POINT('Ctrl Pts',(41.9097743499737,-61.4885860684439,15.));
#7995=CARTESIAN_POINT('Ctrl Pts',(41.9097743499737,-61.4885860684439,14.7));
#7996=CARTESIAN_POINT('Ctrl Pts',(41.54954533669,-61.5020141367505,15.));
#7997=CARTESIAN_POINT('Ctrl Pts',(41.54954533669,-61.5020141367505,14.7));
#7998=CARTESIAN_POINT('',(43.5329071494669,-61.1149842217562,15.));
#7999=CARTESIAN_POINT('Ctrl Pts',(43.5329071494669,-61.1149842217562,15.));
#8000=CARTESIAN_POINT('Ctrl Pts',(43.2312158814171,-61.2265952998554,15.));
#8001=CARTESIAN_POINT('Ctrl Pts',(42.5917563650297,-61.4631641819649,15.));
#8002=CARTESIAN_POINT('Ctrl Pts',(41.9097743499737,-61.4885860684439,15.));
#8003=CARTESIAN_POINT('Ctrl Pts',(41.54954533669,-61.5020141367505,15.));
#8004=CARTESIAN_POINT('',(43.5329071494669,-61.1149842217562,14.7));
#8005=CARTESIAN_POINT('',(43.5329071494669,-61.1149842217562,15.));
#8006=CARTESIAN_POINT('Ctrl Pts',(43.5329071494669,-61.1149842217562,14.7));
#8007=CARTESIAN_POINT('Ctrl Pts',(43.2312158814171,-61.2265952998554,14.7));
#8008=CARTESIAN_POINT('Ctrl Pts',(42.5917563650297,-61.4631641819649,14.7));
#8009=CARTESIAN_POINT('Ctrl Pts',(41.9097743499737,-61.4885860684439,14.7));
#8010=CARTESIAN_POINT('Ctrl Pts',(41.54954533669,-61.5020141367505,14.7));
#8011=CARTESIAN_POINT('Ctrl Pts',(45.2157981035288,-59.8492801643809,15.));
#8012=CARTESIAN_POINT('Ctrl Pts',(45.2157981035288,-59.8492801643809,14.7));
#8013=CARTESIAN_POINT('Ctrl Pts',(44.9460018330765,-60.1173345101758,15.));
#8014=CARTESIAN_POINT('Ctrl Pts',(44.9460018330765,-60.1173345101758,14.7));
#8015=CARTESIAN_POINT('Ctrl Pts',(44.4428624767412,-60.6172253751609,15.));
#8016=CARTESIAN_POINT('Ctrl Pts',(44.4428624767412,-60.6172253751609,14.7));
#8017=CARTESIAN_POINT('Ctrl Pts',(43.8212124394645,-60.9572770197484,15.));
#8018=CARTESIAN_POINT('Ctrl Pts',(43.8212124394645,-60.9572770197484,14.7));
#8019=CARTESIAN_POINT('Ctrl Pts',(43.5329071494669,-61.1149842217562,15.));
#8020=CARTESIAN_POINT('Ctrl Pts',(43.5329071494669,-61.1149842217562,14.7));
#8021=CARTESIAN_POINT('',(45.2157981035288,-59.8492801643809,15.));
#8022=CARTESIAN_POINT('Ctrl Pts',(45.2157981035288,-59.8492801643809,15.));
#8023=CARTESIAN_POINT('Ctrl Pts',(44.9460018330765,-60.1173345101758,15.));
#8024=CARTESIAN_POINT('Ctrl Pts',(44.4428624767412,-60.6172253751609,15.));
#8025=CARTESIAN_POINT('Ctrl Pts',(43.8212124394645,-60.9572770197484,15.));
#8026=CARTESIAN_POINT('Ctrl Pts',(43.5329071494669,-61.1149842217562,15.));
#8027=CARTESIAN_POINT('',(45.2157981035288,-59.8492801643809,14.7));
#8028=CARTESIAN_POINT('',(45.2157981035288,-59.8492801643809,15.));
#8029=CARTESIAN_POINT('Ctrl Pts',(45.2157981035288,-59.8492801643809,14.7));
#8030=CARTESIAN_POINT('Ctrl Pts',(44.9460018330765,-60.1173345101758,14.7));
#8031=CARTESIAN_POINT('Ctrl Pts',(44.4428624767412,-60.6172253751609,14.7));
#8032=CARTESIAN_POINT('Ctrl Pts',(43.8212124394645,-60.9572770197484,14.7));
#8033=CARTESIAN_POINT('Ctrl Pts',(43.5329071494669,-61.1149842217562,14.7));
#8034=CARTESIAN_POINT('Origin',(45.2393277835213,-65.3744661923598,15.));
#8035=CARTESIAN_POINT('',(45.2393277835213,-65.3744661923598,15.));
#8036=CARTESIAN_POINT('',(45.1788229232536,-51.1668522902049,15.));
#8037=CARTESIAN_POINT('',(45.2393277835213,-65.3744661923598,14.7));
#8038=CARTESIAN_POINT('',(45.2393277835213,-65.3744661923598,15.));
#8039=CARTESIAN_POINT('',(45.2393277835213,-65.3744661923598,14.7));
#8040=CARTESIAN_POINT('Origin',(49.4036853539193,-65.3567317666753,15.));
#8041=CARTESIAN_POINT('',(49.4036853539193,-65.3567317666753,15.));
#8042=CARTESIAN_POINT('',(53.3373475372274,-65.3399797854924,15.));
#8043=CARTESIAN_POINT('',(49.4036853539193,-65.3567317666753,14.7));
#8044=CARTESIAN_POINT('',(49.4036853539193,-65.3567317666753,15.));
#8045=CARTESIAN_POINT('',(49.4036853539193,-65.3567317666753,14.7));
#8046=CARTESIAN_POINT('Origin',(49.3398065998535,-50.3568677837993,15.));
#8047=CARTESIAN_POINT('',(49.3112411166187,-43.6491858730825,15.));
#8048=CARTESIAN_POINT('',(49.3398065998535,-50.3568677837993,14.7));
#8049=CARTESIAN_POINT('Origin',(76.2754375003818,-57.5407274301237,14.7));
#8050=CARTESIAN_POINT('Ctrl Pts',(92.1042027415879,-23.8528859849794,15.));
#8051=CARTESIAN_POINT('Ctrl Pts',(92.1042027415879,-23.8528859849794,14.7));
#8052=CARTESIAN_POINT('Ctrl Pts',(92.0320297530918,-24.0373456062137,15.));
#8053=CARTESIAN_POINT('Ctrl Pts',(92.0320297530918,-24.0373456062137,14.7));
#8054=CARTESIAN_POINT('Ctrl Pts',(91.8732651217236,-24.4431160250066,15.));
#8055=CARTESIAN_POINT('Ctrl Pts',(91.8732651217236,-24.4431160250066,14.7));
#8056=CARTESIAN_POINT('Ctrl Pts',(91.8639720398866,-24.8795496230139,15.));
#8057=CARTESIAN_POINT('Ctrl Pts',(91.8639720398866,-24.8795496230139,14.7));
#8058=CARTESIAN_POINT('Ctrl Pts',(91.8589035103491,-25.1175843914026,15.));
#8059=CARTESIAN_POINT('Ctrl Pts',(91.8589035103491,-25.1175843914026,14.7));
#8060=CARTESIAN_POINT('',(92.1042027415879,-23.8528859849794,15.));
#8061=CARTESIAN_POINT('',(91.8589035103491,-25.1175843914026,15.));
#8062=CARTESIAN_POINT('Ctrl Pts',(92.1042027415879,-23.8528859849794,15.));
#8063=CARTESIAN_POINT('Ctrl Pts',(92.0320297530918,-24.0373456062137,15.));
#8064=CARTESIAN_POINT('Ctrl Pts',(91.8732651217236,-24.4431160250066,15.));
#8065=CARTESIAN_POINT('Ctrl Pts',(91.8639720398866,-24.8795496230139,15.));
#8066=CARTESIAN_POINT('Ctrl Pts',(91.8589035103491,-25.1175843914026,15.));
#8067=CARTESIAN_POINT('',(92.1042027415879,-23.8528859849794,14.7));
#8068=CARTESIAN_POINT('',(92.1042027415879,-23.8528859849794,15.));
#8069=CARTESIAN_POINT('',(91.8589035103491,-25.1175843914026,14.7));
#8070=CARTESIAN_POINT('Ctrl Pts',(92.1042027415879,-23.8528859849794,14.7));
#8071=CARTESIAN_POINT('Ctrl Pts',(92.0320297530918,-24.0373456062137,14.7));
#8072=CARTESIAN_POINT('Ctrl Pts',(91.8732651217236,-24.4431160250066,14.7));
#8073=CARTESIAN_POINT('Ctrl Pts',(91.8639720398866,-24.8795496230139,14.7));
#8074=CARTESIAN_POINT('Ctrl Pts',(91.8589035103491,-25.1175843914026,14.7));
#8075=CARTESIAN_POINT('',(91.8589035103491,-25.1175843914026,15.));
#8076=CARTESIAN_POINT('Ctrl Pts',(92.9499367385577,-23.0256074208491,15.));
#8077=CARTESIAN_POINT('Ctrl Pts',(92.9499367385577,-23.0256074208491,14.7));
#8078=CARTESIAN_POINT('Ctrl Pts',(92.7683634433311,-23.139625164598,15.));
#8079=CARTESIAN_POINT('Ctrl Pts',(92.7683634433311,-23.139625164598,14.7));
#8080=CARTESIAN_POINT('Ctrl Pts',(92.4259561335555,-23.3546375586563,15.));
#8081=CARTESIAN_POINT('Ctrl Pts',(92.4259561335555,-23.3546375586563,14.7));
#8082=CARTESIAN_POINT('Ctrl Pts',(92.2070339027497,-23.6936476816548,15.));
#8083=CARTESIAN_POINT('Ctrl Pts',(92.2070339027497,-23.6936476816548,14.7));
#8084=CARTESIAN_POINT('Ctrl Pts',(92.1042027415879,-23.8528859849794,15.));
#8085=CARTESIAN_POINT('Ctrl Pts',(92.1042027415879,-23.8528859849794,14.7));
#8086=CARTESIAN_POINT('',(92.9499367385577,-23.0256074208491,15.));
#8087=CARTESIAN_POINT('Ctrl Pts',(92.9499367385577,-23.0256074208491,15.));
#8088=CARTESIAN_POINT('Ctrl Pts',(92.7683634433311,-23.139625164598,15.));
#8089=CARTESIAN_POINT('Ctrl Pts',(92.4259561335555,-23.3546375586563,15.));
#8090=CARTESIAN_POINT('Ctrl Pts',(92.2070339027497,-23.6936476816548,15.));
#8091=CARTESIAN_POINT('Ctrl Pts',(92.1042027415879,-23.8528859849794,15.));
#8092=CARTESIAN_POINT('',(92.9499367385577,-23.0256074208491,14.7));
#8093=CARTESIAN_POINT('',(92.9499367385577,-23.0256074208491,15.));
#8094=CARTESIAN_POINT('Ctrl Pts',(92.9499367385577,-23.0256074208491,14.7));
#8095=CARTESIAN_POINT('Ctrl Pts',(92.7683634433311,-23.139625164598,14.7));
#8096=CARTESIAN_POINT('Ctrl Pts',(92.4259561335555,-23.3546375586563,14.7));
#8097=CARTESIAN_POINT('Ctrl Pts',(92.2070339027497,-23.6936476816548,14.7));
#8098=CARTESIAN_POINT('Ctrl Pts',(92.1042027415879,-23.8528859849794,14.7));
#8099=CARTESIAN_POINT('Ctrl Pts',(94.2428257806865,-22.6824452729482,15.));
#8100=CARTESIAN_POINT('Ctrl Pts',(94.2428257806865,-22.6824452729482,14.7));
#8101=CARTESIAN_POINT('Ctrl Pts',(94.015338990317,-22.6972979730026,15.));
#8102=CARTESIAN_POINT('Ctrl Pts',(94.015338990317,-22.6972979730026,14.7));
#8103=CARTESIAN_POINT('Ctrl Pts',(93.5618353525218,-22.7269073999711,15.));
#8104=CARTESIAN_POINT('Ctrl Pts',(93.5618353525218,-22.7269073999711,14.7));
#8105=CARTESIAN_POINT('Ctrl Pts',(93.1534617222488,-22.9262561304713,15.));
#8106=CARTESIAN_POINT('Ctrl Pts',(93.1534617222488,-22.9262561304713,14.7));
#8107=CARTESIAN_POINT('Ctrl Pts',(92.9499367385577,-23.0256074208491,15.));
#8108=CARTESIAN_POINT('Ctrl Pts',(92.9499367385577,-23.0256074208491,14.7));
#8109=CARTESIAN_POINT('',(94.2428257806865,-22.6824452729482,15.));
#8110=CARTESIAN_POINT('Ctrl Pts',(94.2428257806865,-22.6824452729482,15.));
#8111=CARTESIAN_POINT('Ctrl Pts',(94.015338990317,-22.6972979730026,15.));
#8112=CARTESIAN_POINT('Ctrl Pts',(93.5618353525218,-22.7269073999711,15.));
#8113=CARTESIAN_POINT('Ctrl Pts',(93.1534617222488,-22.9262561304713,15.));
#8114=CARTESIAN_POINT('Ctrl Pts',(92.9499367385577,-23.0256074208491,15.));
#8115=CARTESIAN_POINT('',(94.2428257806865,-22.6824452729482,14.7));
#8116=CARTESIAN_POINT('',(94.2428257806865,-22.6824452729482,15.));
#8117=CARTESIAN_POINT('Ctrl Pts',(94.2428257806865,-22.6824452729482,14.7));
#8118=CARTESIAN_POINT('Ctrl Pts',(94.015338990317,-22.6972979730026,14.7));
#8119=CARTESIAN_POINT('Ctrl Pts',(93.5618353525218,-22.7269073999711,14.7));
#8120=CARTESIAN_POINT('Ctrl Pts',(93.1534617222488,-22.9262561304713,14.7));
#8121=CARTESIAN_POINT('Ctrl Pts',(92.9499367385577,-23.0256074208491,14.7));
#8122=CARTESIAN_POINT('Ctrl Pts',(95.2519886391279,-22.9902213059567,15.));
#8123=CARTESIAN_POINT('Ctrl Pts',(95.2519886391279,-22.9902213059567,14.7));
#8124=CARTESIAN_POINT('Ctrl Pts',(95.1147049568793,-22.9000116471631,15.));
#8125=CARTESIAN_POINT('Ctrl Pts',(95.1147049568793,-22.9000116471631,14.7));
#8126=CARTESIAN_POINT('Ctrl Pts',(94.8100725634462,-22.6998364783524,15.));
#8127=CARTESIAN_POINT('Ctrl Pts',(94.8100725634462,-22.6998364783524,14.7));
#8128=CARTESIAN_POINT('Ctrl Pts',(94.4439525145529,-22.6886116126212,15.));
#8129=CARTESIAN_POINT('Ctrl Pts',(94.4439525145529,-22.6886116126212,14.7));
#8130=CARTESIAN_POINT('Ctrl Pts',(94.2428257806865,-22.6824452729482,15.));
#8131=CARTESIAN_POINT('Ctrl Pts',(94.2428257806865,-22.6824452729482,14.7));
#8132=CARTESIAN_POINT('',(95.2519886391279,-22.9902213059567,15.));
#8133=CARTESIAN_POINT('Ctrl Pts',(95.2519886391279,-22.9902213059567,15.));
#8134=CARTESIAN_POINT('Ctrl Pts',(95.1147049568793,-22.9000116471631,15.));
#8135=CARTESIAN_POINT('Ctrl Pts',(94.8100725634462,-22.6998364783524,15.));
#8136=CARTESIAN_POINT('Ctrl Pts',(94.4439525145529,-22.6886116126212,15.));
#8137=CARTESIAN_POINT('Ctrl Pts',(94.2428257806865,-22.6824452729482,15.));
#8138=CARTESIAN_POINT('',(95.2519886391279,-22.9902213059567,14.7));
#8139=CARTESIAN_POINT('',(95.2519886391279,-22.9902213059567,15.));
#8140=CARTESIAN_POINT('Ctrl Pts',(95.2519886391279,-22.9902213059567,14.7));
#8141=CARTESIAN_POINT('Ctrl Pts',(95.1147049568793,-22.9000116471631,14.7));
#8142=CARTESIAN_POINT('Ctrl Pts',(94.8100725634462,-22.6998364783524,14.7));
#8143=CARTESIAN_POINT('Ctrl Pts',(94.4439525145529,-22.6886116126212,14.7));
#8144=CARTESIAN_POINT('Ctrl Pts',(94.2428257806865,-22.6824452729482,14.7));
#8145=CARTESIAN_POINT('Ctrl Pts',(95.5981768757586,-23.7919626555803,15.));
#8146=CARTESIAN_POINT('Ctrl Pts',(95.5981768757586,-23.7919626555803,14.7));
#8147=CARTESIAN_POINT('Ctrl Pts',(95.5841977096941,-23.6366580059792,15.));
#8148=CARTESIAN_POINT('Ctrl Pts',(95.5841977096941,-23.6366580059792,14.7));
#8149=CARTESIAN_POINT('Ctrl Pts',(95.5566922841959,-23.331080373564,15.));
#8150=CARTESIAN_POINT('Ctrl Pts',(95.5566922841959,-23.331080373564,14.7));
#8151=CARTESIAN_POINT('Ctrl Pts',(95.3524354172806,-23.1025868640965,15.));
#8152=CARTESIAN_POINT('Ctrl Pts',(95.3524354172806,-23.1025868640965,14.7));
#8153=CARTESIAN_POINT('Ctrl Pts',(95.2519886391279,-22.9902213059567,15.));
#8154=CARTESIAN_POINT('Ctrl Pts',(95.2519886391279,-22.9902213059567,14.7));
#8155=CARTESIAN_POINT('',(95.5981768757586,-23.7919626555803,15.));
#8156=CARTESIAN_POINT('Ctrl Pts',(95.5981768757586,-23.7919626555803,15.));
#8157=CARTESIAN_POINT('Ctrl Pts',(95.5841977096941,-23.6366580059792,15.));
#8158=CARTESIAN_POINT('Ctrl Pts',(95.5566922841959,-23.331080373564,15.));
#8159=CARTESIAN_POINT('Ctrl Pts',(95.3524354172806,-23.1025868640965,15.));
#8160=CARTESIAN_POINT('Ctrl Pts',(95.2519886391279,-22.9902213059567,15.));
#8161=CARTESIAN_POINT('',(95.5981768757586,-23.7919626555803,14.7));
#8162=CARTESIAN_POINT('',(95.5981768757586,-23.7919626555803,15.));
#8163=CARTESIAN_POINT('Ctrl Pts',(95.5981768757586,-23.7919626555803,14.7));
#8164=CARTESIAN_POINT('Ctrl Pts',(95.5841977096941,-23.6366580059792,14.7));
#8165=CARTESIAN_POINT('Ctrl Pts',(95.5566922841959,-23.331080373564,14.7));
#8166=CARTESIAN_POINT('Ctrl Pts',(95.3524354172806,-23.1025868640965,14.7));
#8167=CARTESIAN_POINT('Ctrl Pts',(95.2519886391279,-22.9902213059567,14.7));
#8168=CARTESIAN_POINT('Ctrl Pts',(95.2535631446204,-24.5608303060926,15.));
#8169=CARTESIAN_POINT('Ctrl Pts',(95.2535631446204,-24.5608303060926,14.7));
#8170=CARTESIAN_POINT('Ctrl Pts',(95.3545092915939,-24.4466054659731,15.));
#8171=CARTESIAN_POINT('Ctrl Pts',(95.3545092915939,-24.4466054659731,14.7));
#8172=CARTESIAN_POINT('Ctrl Pts',(95.5497707276549,-24.2256588822321,15.));
#8173=CARTESIAN_POINT('Ctrl Pts',(95.5497707276549,-24.2256588822321,14.7));
#8174=CARTESIAN_POINT('Ctrl Pts',(95.582410968296,-23.933217740815,15.));
#8175=CARTESIAN_POINT('Ctrl Pts',(95.582410968296,-23.933217740815,14.7));
#8176=CARTESIAN_POINT('Ctrl Pts',(95.5981768757586,-23.7919626555803,15.));
#8177=CARTESIAN_POINT('Ctrl Pts',(95.5981768757586,-23.7919626555803,14.7));
#8178=CARTESIAN_POINT('',(95.2535631446204,-24.5608303060926,15.));
#8179=CARTESIAN_POINT('Ctrl Pts',(95.2535631446204,-24.5608303060926,15.));
#8180=CARTESIAN_POINT('Ctrl Pts',(95.3545092915939,-24.4466054659731,15.));
#8181=CARTESIAN_POINT('Ctrl Pts',(95.5497707276549,-24.2256588822321,15.));
#8182=CARTESIAN_POINT('Ctrl Pts',(95.582410968296,-23.933217740815,15.));
#8183=CARTESIAN_POINT('Ctrl Pts',(95.5981768757586,-23.7919626555803,15.));
#8184=CARTESIAN_POINT('',(95.2535631446204,-24.5608303060926,14.7));
#8185=CARTESIAN_POINT('',(95.2535631446204,-24.5608303060926,15.));
#8186=CARTESIAN_POINT('Ctrl Pts',(95.2535631446204,-24.5608303060926,14.7));
#8187=CARTESIAN_POINT('Ctrl Pts',(95.3545092915939,-24.4466054659731,14.7));
#8188=CARTESIAN_POINT('Ctrl Pts',(95.5497707276549,-24.2256588822321,14.7));
#8189=CARTESIAN_POINT('Ctrl Pts',(95.582410968296,-23.933217740815,14.7));
#8190=CARTESIAN_POINT('Ctrl Pts',(95.5981768757586,-23.7919626555803,14.7));
#8191=CARTESIAN_POINT('Ctrl Pts',(93.6499956638475,-25.2327387197868,15.));
#8192=CARTESIAN_POINT('Ctrl Pts',(93.6499956638475,-25.2327387197868,14.7));
#8193=CARTESIAN_POINT('Ctrl Pts',(94.0046438143543,-25.1413434038644,15.));
#8194=CARTESIAN_POINT('Ctrl Pts',(94.0046438143543,-25.1413434038644,14.7));
#8195=CARTESIAN_POINT('Ctrl Pts',(94.5739365876906,-24.9946326631005,15.));
#8196=CARTESIAN_POINT('Ctrl Pts',(94.5739365876906,-24.9946326631005,14.7));
#8197=CARTESIAN_POINT('Ctrl Pts',(95.067479170708,-24.6796068101323,15.));
#8198=CARTESIAN_POINT('Ctrl Pts',(95.067479170708,-24.6796068101323,14.7));
#8199=CARTESIAN_POINT('Ctrl Pts',(95.2535631446204,-24.5608303060926,15.));
#8200=CARTESIAN_POINT('Ctrl Pts',(95.2535631446204,-24.5608303060926,14.7));
#8201=CARTESIAN_POINT('',(93.6499956638475,-25.2327387197868,15.));
#8202=CARTESIAN_POINT('Ctrl Pts',(93.6499956638475,-25.2327387197868,15.));
#8203=CARTESIAN_POINT('Ctrl Pts',(94.0046438143543,-25.1413434038644,15.));
#8204=CARTESIAN_POINT('Ctrl Pts',(94.5739365876906,-24.9946326631005,15.));
#8205=CARTESIAN_POINT('Ctrl Pts',(95.067479170708,-24.6796068101323,15.));
#8206=CARTESIAN_POINT('Ctrl Pts',(95.2535631446204,-24.5608303060926,15.));
#8207=CARTESIAN_POINT('',(93.6499956638475,-25.2327387197868,14.7));
#8208=CARTESIAN_POINT('',(93.6499956638475,-25.2327387197868,15.));
#8209=CARTESIAN_POINT('Ctrl Pts',(93.6499956638475,-25.2327387197868,14.7));
#8210=CARTESIAN_POINT('Ctrl Pts',(94.0046438143543,-25.1413434038644,14.7));
#8211=CARTESIAN_POINT('Ctrl Pts',(94.5739365876906,-24.9946326631005,14.7));
#8212=CARTESIAN_POINT('Ctrl Pts',(95.067479170708,-24.6796068101323,14.7));
#8213=CARTESIAN_POINT('Ctrl Pts',(95.2535631446204,-24.5608303060926,14.7));
#8214=CARTESIAN_POINT('Ctrl Pts',(91.8617357810038,-25.7826517554199,15.));
#8215=CARTESIAN_POINT('Ctrl Pts',(91.8617357810038,-25.7826517554199,14.7));
#8216=CARTESIAN_POINT('Ctrl Pts',(92.1527182107022,-25.6815910564649,15.));
#8217=CARTESIAN_POINT('Ctrl Pts',(92.1527182107022,-25.6815910564649,14.7));
#8218=CARTESIAN_POINT('Ctrl Pts',(92.7422075729724,-25.4768563340304,15.));
#8219=CARTESIAN_POINT('Ctrl Pts',(92.7422075729724,-25.4768563340304,14.7));
#8220=CARTESIAN_POINT('Ctrl Pts',(93.3448355635111,-25.3148007741421,15.));
#8221=CARTESIAN_POINT('Ctrl Pts',(93.3448355635111,-25.3148007741421,14.7));
#8222=CARTESIAN_POINT('Ctrl Pts',(93.6499956638475,-25.2327387197868,15.));
#8223=CARTESIAN_POINT('Ctrl Pts',(93.6499956638475,-25.2327387197868,14.7));
#8224=CARTESIAN_POINT('',(91.8617357810038,-25.7826517554199,15.));
#8225=CARTESIAN_POINT('Ctrl Pts',(91.8617357810038,-25.7826517554199,15.));
#8226=CARTESIAN_POINT('Ctrl Pts',(92.1527182107022,-25.6815910564649,15.));
#8227=CARTESIAN_POINT('Ctrl Pts',(92.7422075729724,-25.4768563340304,15.));
#8228=CARTESIAN_POINT('Ctrl Pts',(93.3448355635111,-25.3148007741421,15.));
#8229=CARTESIAN_POINT('Ctrl Pts',(93.6499956638475,-25.2327387197868,15.));
#8230=CARTESIAN_POINT('',(91.8617357810038,-25.7826517554199,14.7));
#8231=CARTESIAN_POINT('',(91.8617357810038,-25.7826517554199,15.));
#8232=CARTESIAN_POINT('Ctrl Pts',(91.8617357810038,-25.7826517554199,14.7));
#8233=CARTESIAN_POINT('Ctrl Pts',(92.1527182107022,-25.6815910564649,14.7));
#8234=CARTESIAN_POINT('Ctrl Pts',(92.7422075729724,-25.4768563340304,14.7));
#8235=CARTESIAN_POINT('Ctrl Pts',(93.3448355635111,-25.3148007741421,14.7));
#8236=CARTESIAN_POINT('Ctrl Pts',(93.6499956638475,-25.2327387197868,14.7));
#8237=CARTESIAN_POINT('Origin',(91.8589035103491,-25.1175843914026,15.));
#8238=CARTESIAN_POINT('',(91.8836937857441,-30.9387805694101,15.));
#8239=CARTESIAN_POINT('',(91.8589035103491,-25.1175843914026,14.7));
#8240=CARTESIAN_POINT('Ctrl Pts',(93.3090066822873,-29.2553760080173,15.));
#8241=CARTESIAN_POINT('Ctrl Pts',(93.3090066822873,-29.2553760080173,14.7));
#8242=CARTESIAN_POINT('Ctrl Pts',(93.6127142489829,-29.2495404176504,15.));
#8243=CARTESIAN_POINT('Ctrl Pts',(93.6127142489829,-29.2495404176504,14.7));
#8244=CARTESIAN_POINT('Ctrl Pts',(94.1478353302169,-29.2392583312977,15.));
#8245=CARTESIAN_POINT('Ctrl Pts',(94.1478353302169,-29.2392583312977,14.7));
#8246=CARTESIAN_POINT('Ctrl Pts',(94.6327048418168,-29.0173759287715,15.));
#8247=CARTESIAN_POINT('Ctrl Pts',(94.6327048418168,-29.0173759287715,14.7));
#8248=CARTESIAN_POINT('Ctrl Pts',(94.8423870272264,-28.9214227167164,15.));
#8249=CARTESIAN_POINT('Ctrl Pts',(94.8423870272264,-28.9214227167164,14.7));
#8250=CARTESIAN_POINT('',(93.3090066822873,-29.2553760080173,15.));
#8251=CARTESIAN_POINT('',(94.8423870272264,-28.9214227167164,15.));
#8252=CARTESIAN_POINT('Ctrl Pts',(93.3090066822873,-29.2553760080173,15.));
#8253=CARTESIAN_POINT('Ctrl Pts',(93.6127142489829,-29.2495404176504,15.));
#8254=CARTESIAN_POINT('Ctrl Pts',(94.1478353302169,-29.2392583312977,15.));
#8255=CARTESIAN_POINT('Ctrl Pts',(94.6327048418168,-29.0173759287715,15.));
#8256=CARTESIAN_POINT('Ctrl Pts',(94.8423870272264,-28.9214227167164,15.));
#8257=CARTESIAN_POINT('',(93.3090066822873,-29.2553760080173,14.7));
#8258=CARTESIAN_POINT('',(93.3090066822873,-29.2553760080173,15.));
#8259=CARTESIAN_POINT('',(94.8423870272264,-28.9214227167164,14.7));
#8260=CARTESIAN_POINT('Ctrl Pts',(93.3090066822873,-29.2553760080173,14.7));
#8261=CARTESIAN_POINT('Ctrl Pts',(93.6127142489829,-29.2495404176504,14.7));
#8262=CARTESIAN_POINT('Ctrl Pts',(94.1478353302169,-29.2392583312977,14.7));
#8263=CARTESIAN_POINT('Ctrl Pts',(94.6327048418168,-29.0173759287715,14.7));
#8264=CARTESIAN_POINT('Ctrl Pts',(94.8423870272264,-28.9214227167164,14.7));
#8265=CARTESIAN_POINT('',(94.8423870272264,-28.9214227167164,15.));
#8266=CARTESIAN_POINT('Ctrl Pts',(92.1924303865195,-28.9531691489479,15.));
#8267=CARTESIAN_POINT('Ctrl Pts',(92.1924303865195,-28.9531691489479,14.7));
#8268=CARTESIAN_POINT('Ctrl Pts',(92.3348492728569,-29.0415295097822,15.));
#8269=CARTESIAN_POINT('Ctrl Pts',(92.3348492728569,-29.0415295097822,14.7));
#8270=CARTESIAN_POINT('Ctrl Pts',(92.6738241591687,-29.2518382970401,15.));
#8271=CARTESIAN_POINT('Ctrl Pts',(92.6738241591687,-29.2518382970401,14.7));
#8272=CARTESIAN_POINT('Ctrl Pts',(93.0758755236652,-29.2540775613048,15.));
#8273=CARTESIAN_POINT('Ctrl Pts',(93.0758755236652,-29.2540775613048,14.7));
#8274=CARTESIAN_POINT('Ctrl Pts',(93.3090066822873,-29.2553760080173,15.));
#8275=CARTESIAN_POINT('Ctrl Pts',(93.3090066822873,-29.2553760080173,14.7));
#8276=CARTESIAN_POINT('',(92.1924303865195,-28.9531691489479,15.));
#8277=CARTESIAN_POINT('Ctrl Pts',(92.1924303865195,-28.9531691489479,15.));
#8278=CARTESIAN_POINT('Ctrl Pts',(92.3348492728569,-29.0415295097822,15.));
#8279=CARTESIAN_POINT('Ctrl Pts',(92.6738241591687,-29.2518382970401,15.));
#8280=CARTESIAN_POINT('Ctrl Pts',(93.0758755236652,-29.2540775613048,15.));
#8281=CARTESIAN_POINT('Ctrl Pts',(93.3090066822873,-29.2553760080173,15.));
#8282=CARTESIAN_POINT('',(92.1924303865195,-28.9531691489479,14.7));
#8283=CARTESIAN_POINT('',(92.1924303865195,-28.9531691489479,15.));
#8284=CARTESIAN_POINT('Ctrl Pts',(92.1924303865195,-28.9531691489479,14.7));
#8285=CARTESIAN_POINT('Ctrl Pts',(92.3348492728569,-29.0415295097822,14.7));
#8286=CARTESIAN_POINT('Ctrl Pts',(92.6738241591687,-29.2518382970401,14.7));
#8287=CARTESIAN_POINT('Ctrl Pts',(93.0758755236652,-29.2540775613048,14.7));
#8288=CARTESIAN_POINT('Ctrl Pts',(93.3090066822873,-29.2553760080173,14.7));
#8289=CARTESIAN_POINT('Ctrl Pts',(91.8706683503454,-27.880177405392,15.));
#8290=CARTESIAN_POINT('Ctrl Pts',(91.8706683503454,-27.880177405392,14.7));
#8291=CARTESIAN_POINT('Ctrl Pts',(91.8747154389391,-28.1052516945598,15.));
#8292=CARTESIAN_POINT('Ctrl Pts',(91.8747154389391,-28.1052516945598,14.7));
#8293=CARTESIAN_POINT('Ctrl Pts',(91.8817465863157,-28.4962810632408,15.));
#8294=CARTESIAN_POINT('Ctrl Pts',(91.8817465863157,-28.4962810632408,14.7));
#8295=CARTESIAN_POINT('Ctrl Pts',(92.0998612763164,-28.8170380615577,15.));
#8296=CARTESIAN_POINT('Ctrl Pts',(92.0998612763164,-28.8170380615577,14.7));
#8297=CARTESIAN_POINT('Ctrl Pts',(92.1924303865195,-28.9531691489479,15.));
#8298=CARTESIAN_POINT('Ctrl Pts',(92.1924303865195,-28.9531691489479,14.7));
#8299=CARTESIAN_POINT('',(91.8706683503454,-27.880177405392,15.));
#8300=CARTESIAN_POINT('Ctrl Pts',(91.8706683503454,-27.880177405392,15.));
#8301=CARTESIAN_POINT('Ctrl Pts',(91.8747154389391,-28.1052516945598,15.));
#8302=CARTESIAN_POINT('Ctrl Pts',(91.8817465863157,-28.4962810632408,15.));
#8303=CARTESIAN_POINT('Ctrl Pts',(92.0998612763164,-28.8170380615577,15.));
#8304=CARTESIAN_POINT('Ctrl Pts',(92.1924303865195,-28.9531691489479,15.));
#8305=CARTESIAN_POINT('',(91.8706683503454,-27.880177405392,14.7));
#8306=CARTESIAN_POINT('',(91.8706683503454,-27.880177405392,15.));
#8307=CARTESIAN_POINT('Ctrl Pts',(91.8706683503454,-27.880177405392,14.7));
#8308=CARTESIAN_POINT('Ctrl Pts',(91.8747154389391,-28.1052516945598,14.7));
#8309=CARTESIAN_POINT('Ctrl Pts',(91.8817465863157,-28.4962810632408,14.7));
#8310=CARTESIAN_POINT('Ctrl Pts',(92.0998612763164,-28.8170380615577,14.7));
#8311=CARTESIAN_POINT('Ctrl Pts',(92.1924303865195,-28.9531691489479,14.7));
#8312=CARTESIAN_POINT('Ctrl Pts',(93.3419398797689,-27.3776581169171,15.));
#8313=CARTESIAN_POINT('Ctrl Pts',(93.3419398797689,-27.3776581169171,14.7));
#8314=CARTESIAN_POINT('Ctrl Pts',(93.1024425181099,-27.4484483808491,15.));
#8315=CARTESIAN_POINT('Ctrl Pts',(93.1024425181099,-27.4484483808491,14.7));
#8316=CARTESIAN_POINT('Ctrl Pts',(92.6050447376799,-27.5954684561931,15.));
#8317=CARTESIAN_POINT('Ctrl Pts',(92.6050447376799,-27.5954684561931,14.7));
#8318=CARTESIAN_POINT('Ctrl Pts',(92.1214249098466,-27.7829620839416,15.));
#8319=CARTESIAN_POINT('Ctrl Pts',(92.1214249098466,-27.7829620839416,14.7));
#8320=CARTESIAN_POINT('Ctrl Pts',(91.8706683503454,-27.880177405392,15.));
#8321=CARTESIAN_POINT('Ctrl Pts',(91.8706683503454,-27.880177405392,14.7));
#8322=CARTESIAN_POINT('',(93.3419398797689,-27.3776581169171,15.));
#8323=CARTESIAN_POINT('Ctrl Pts',(93.3419398797689,-27.3776581169171,15.));
#8324=CARTESIAN_POINT('Ctrl Pts',(93.1024425181099,-27.4484483808491,15.));
#8325=CARTESIAN_POINT('Ctrl Pts',(92.6050447376799,-27.5954684561931,15.));
#8326=CARTESIAN_POINT('Ctrl Pts',(92.1214249098466,-27.7829620839416,15.));
#8327=CARTESIAN_POINT('Ctrl Pts',(91.8706683503454,-27.880177405392,15.));
#8328=CARTESIAN_POINT('',(93.3419398797689,-27.3776581169171,14.7));
#8329=CARTESIAN_POINT('',(93.3419398797689,-27.3776581169171,15.));
#8330=CARTESIAN_POINT('Ctrl Pts',(93.3419398797689,-27.3776581169171,14.7));
#8331=CARTESIAN_POINT('Ctrl Pts',(93.1024425181099,-27.4484483808491,14.7));
#8332=CARTESIAN_POINT('Ctrl Pts',(92.6050447376799,-27.5954684561931,14.7));
#8333=CARTESIAN_POINT('Ctrl Pts',(92.1214249098466,-27.7829620839416,14.7));
#8334=CARTESIAN_POINT('Ctrl Pts',(91.8706683503454,-27.880177405392,14.7));
#8335=CARTESIAN_POINT('Ctrl Pts',(96.3779826670524,-26.7047658411549,15.));
#8336=CARTESIAN_POINT('Ctrl Pts',(96.3779826670524,-26.7047658411549,14.7));
#8337=CARTESIAN_POINT('Ctrl Pts',(95.7336139423917,-26.835687914563,15.));
#8338=CARTESIAN_POINT('Ctrl Pts',(95.7336139423917,-26.835687914563,14.7));
#8339=CARTESIAN_POINT('Ctrl Pts',(94.7175761848929,-27.0421252613519,15.));
#8340=CARTESIAN_POINT('Ctrl Pts',(94.7175761848929,-27.0421252613519,14.7));
#8341=CARTESIAN_POINT('Ctrl Pts',(93.7103760786999,-27.2877924675006,15.));
#8342=CARTESIAN_POINT('Ctrl Pts',(93.7103760786999,-27.2877924675006,14.7));
#8343=CARTESIAN_POINT('Ctrl Pts',(93.3419398797689,-27.3776581169171,15.));
#8344=CARTESIAN_POINT('Ctrl Pts',(93.3419398797689,-27.3776581169171,14.7));
#8345=CARTESIAN_POINT('',(96.3779826670524,-26.7047658411549,15.));
#8346=CARTESIAN_POINT('Ctrl Pts',(96.3779826670524,-26.7047658411549,15.));
#8347=CARTESIAN_POINT('Ctrl Pts',(95.7336139423917,-26.835687914563,15.));
#8348=CARTESIAN_POINT('Ctrl Pts',(94.7175761848929,-27.0421252613519,15.));
#8349=CARTESIAN_POINT('Ctrl Pts',(93.7103760786999,-27.2877924675006,15.));
#8350=CARTESIAN_POINT('Ctrl Pts',(93.3419398797689,-27.3776581169171,15.));
#8351=CARTESIAN_POINT('',(96.3779826670524,-26.7047658411549,14.7));
#8352=CARTESIAN_POINT('',(96.3779826670524,-26.7047658411549,15.));
#8353=CARTESIAN_POINT('Ctrl Pts',(96.3779826670524,-26.7047658411549,14.7));
#8354=CARTESIAN_POINT('Ctrl Pts',(95.7336139423917,-26.835687914563,14.7));
#8355=CARTESIAN_POINT('Ctrl Pts',(94.7175761848929,-27.0421252613519,14.7));
#8356=CARTESIAN_POINT('Ctrl Pts',(93.7103760786999,-27.2877924675006,14.7));
#8357=CARTESIAN_POINT('Ctrl Pts',(93.3419398797689,-27.3776581169171,14.7));
#8358=CARTESIAN_POINT('Ctrl Pts',(99.053668022922,-25.5064554380923,15.));
#8359=CARTESIAN_POINT('Ctrl Pts',(99.053668022922,-25.5064554380923,14.7));
#8360=CARTESIAN_POINT('Ctrl Pts',(98.7215228307138,-25.7635957949069,15.));
#8361=CARTESIAN_POINT('Ctrl Pts',(98.7215228307138,-25.7635957949069,14.7));
#8362=CARTESIAN_POINT('Ctrl Pts',(97.9310808083906,-26.3755406564602,15.));
#8363=CARTESIAN_POINT('Ctrl Pts',(97.9310808083906,-26.3755406564602,14.7));
#8364=CARTESIAN_POINT('Ctrl Pts',(96.9479817134047,-26.5839376485788,15.));
#8365=CARTESIAN_POINT('Ctrl Pts',(96.9479817134047,-26.5839376485788,14.7));
#8366=CARTESIAN_POINT('Ctrl Pts',(96.3779826670524,-26.7047658411549,15.));
#8367=CARTESIAN_POINT('Ctrl Pts',(96.3779826670524,-26.7047658411549,14.7));
#8368=CARTESIAN_POINT('',(99.053668022922,-25.5064554380923,15.));
#8369=CARTESIAN_POINT('Ctrl Pts',(99.053668022922,-25.5064554380923,15.));
#8370=CARTESIAN_POINT('Ctrl Pts',(98.7215228307138,-25.7635957949069,15.));
#8371=CARTESIAN_POINT('Ctrl Pts',(97.9310808083906,-26.3755406564602,15.));
#8372=CARTESIAN_POINT('Ctrl Pts',(96.9479817134047,-26.5839376485788,15.));
#8373=CARTESIAN_POINT('Ctrl Pts',(96.3779826670524,-26.7047658411549,15.));
#8374=CARTESIAN_POINT('',(99.053668022922,-25.5064554380923,14.7));
#8375=CARTESIAN_POINT('',(99.053668022922,-25.5064554380923,15.));
#8376=CARTESIAN_POINT('Ctrl Pts',(99.053668022922,-25.5064554380923,14.7));
#8377=CARTESIAN_POINT('Ctrl Pts',(98.7215228307138,-25.7635957949069,14.7));
#8378=CARTESIAN_POINT('Ctrl Pts',(97.9310808083906,-26.3755406564602,14.7));
#8379=CARTESIAN_POINT('Ctrl Pts',(96.9479817134047,-26.5839376485788,14.7));
#8380=CARTESIAN_POINT('Ctrl Pts',(96.3779826670524,-26.7047658411549,14.7));
#8381=CARTESIAN_POINT('Ctrl Pts',(99.7714564913223,-23.4672282985823,15.));
#8382=CARTESIAN_POINT('Ctrl Pts',(99.7714564913223,-23.4672282985823,14.7));
#8383=CARTESIAN_POINT('Ctrl Pts',(99.7477134008878,-23.8561833300495,15.));
#8384=CARTESIAN_POINT('Ctrl Pts',(99.7477134008878,-23.8561833300495,14.7));
#8385=CARTESIAN_POINT('Ctrl Pts',(99.7019643274256,-24.6056364122902,15.));
#8386=CARTESIAN_POINT('Ctrl Pts',(99.7019643274256,-24.6056364122902,14.7));
#8387=CARTESIAN_POINT('Ctrl Pts',(99.2642264404467,-25.2138808433716,15.));
#8388=CARTESIAN_POINT('Ctrl Pts',(99.2642264404467,-25.2138808433716,14.7));
#8389=CARTESIAN_POINT('Ctrl Pts',(99.053668022922,-25.5064554380923,15.));
#8390=CARTESIAN_POINT('Ctrl Pts',(99.053668022922,-25.5064554380923,14.7));
#8391=CARTESIAN_POINT('',(99.7714564913223,-23.4672282985823,15.));
#8392=CARTESIAN_POINT('Ctrl Pts',(99.7714564913223,-23.4672282985823,15.));
#8393=CARTESIAN_POINT('Ctrl Pts',(99.7477134008878,-23.8561833300495,15.));
#8394=CARTESIAN_POINT('Ctrl Pts',(99.7019643274256,-24.6056364122902,15.));
#8395=CARTESIAN_POINT('Ctrl Pts',(99.2642264404467,-25.2138808433716,15.));
#8396=CARTESIAN_POINT('Ctrl Pts',(99.053668022922,-25.5064554380923,15.));
#8397=CARTESIAN_POINT('',(99.7714564913223,-23.4672282985823,14.7));
#8398=CARTESIAN_POINT('',(99.7714564913223,-23.4672282985823,15.));
#8399=CARTESIAN_POINT('Ctrl Pts',(99.7714564913223,-23.4672282985823,14.7));
#8400=CARTESIAN_POINT('Ctrl Pts',(99.7477134008878,-23.8561833300495,14.7));
#8401=CARTESIAN_POINT('Ctrl Pts',(99.7019643274256,-24.6056364122902,14.7));
#8402=CARTESIAN_POINT('Ctrl Pts',(99.2642264404467,-25.2138808433716,14.7));
#8403=CARTESIAN_POINT('Ctrl Pts',(99.053668022922,-25.5064554380923,14.7));
#8404=CARTESIAN_POINT('Ctrl Pts',(98.75416595864,-21.251210182596,15.));
#8405=CARTESIAN_POINT('Ctrl Pts',(98.75416595864,-21.251210182596,14.7));
#8406=CARTESIAN_POINT('Ctrl Pts',(99.0494603410798,-21.5660678546968,15.));
#8407=CARTESIAN_POINT('Ctrl Pts',(99.0494603410798,-21.5660678546968,14.7));
#8408=CARTESIAN_POINT('Ctrl Pts',(99.6360887852219,-22.1915605064181,15.));
#8409=CARTESIAN_POINT('Ctrl Pts',(99.6360887852219,-22.1915605064181,14.7));
#8410=CARTESIAN_POINT('Ctrl Pts',(99.7265374618888,-23.0439237989026,15.));
#8411=CARTESIAN_POINT('Ctrl Pts',(99.7265374618888,-23.0439237989026,14.7));
#8412=CARTESIAN_POINT('Ctrl Pts',(99.7714564913223,-23.4672282985823,15.));
#8413=CARTESIAN_POINT('Ctrl Pts',(99.7714564913223,-23.4672282985823,14.7));
#8414=CARTESIAN_POINT('',(98.75416595864,-21.251210182596,15.));
#8415=CARTESIAN_POINT('Ctrl Pts',(98.75416595864,-21.251210182596,15.));
#8416=CARTESIAN_POINT('Ctrl Pts',(99.0494603410798,-21.5660678546968,15.));
#8417=CARTESIAN_POINT('Ctrl Pts',(99.6360887852219,-22.1915605064181,15.));
#8418=CARTESIAN_POINT('Ctrl Pts',(99.7265374618888,-23.0439237989026,15.));
#8419=CARTESIAN_POINT('Ctrl Pts',(99.7714564913223,-23.4672282985823,15.));
#8420=CARTESIAN_POINT('',(98.75416595864,-21.251210182596,14.7));
#8421=CARTESIAN_POINT('',(98.75416595864,-21.251210182596,15.));
#8422=CARTESIAN_POINT('Ctrl Pts',(98.75416595864,-21.251210182596,14.7));
#8423=CARTESIAN_POINT('Ctrl Pts',(99.0494603410798,-21.5660678546968,14.7));
#8424=CARTESIAN_POINT('Ctrl Pts',(99.6360887852219,-22.1915605064181,14.7));
#8425=CARTESIAN_POINT('Ctrl Pts',(99.7265374618888,-23.0439237989026,14.7));
#8426=CARTESIAN_POINT('Ctrl Pts',(99.7714564913223,-23.4672282985823,14.7));
#8427=CARTESIAN_POINT('Ctrl Pts',(95.7984477927516,-20.3633872358164,15.));
#8428=CARTESIAN_POINT('Ctrl Pts',(95.7984477927516,-20.3633872358164,14.7));
#8429=CARTESIAN_POINT('Ctrl Pts',(96.3863720583348,-20.3810696152415,15.));
#8430=CARTESIAN_POINT('Ctrl Pts',(96.3863720583348,-20.3810696152415,14.7));
#8431=CARTESIAN_POINT('Ctrl Pts',(97.4561626649315,-20.4132445815061,15.));
#8432=CARTESIAN_POINT('Ctrl Pts',(97.4561626649315,-20.4132445815061,14.7));
#8433=CARTESIAN_POINT('Ctrl Pts',(98.3510716414805,-20.9909803562067,15.));
#8434=CARTESIAN_POINT('Ctrl Pts',(98.3510716414805,-20.9909803562067,14.7));
#8435=CARTESIAN_POINT('Ctrl Pts',(98.75416595864,-21.251210182596,15.));
#8436=CARTESIAN_POINT('Ctrl Pts',(98.75416595864,-21.251210182596,14.7));
#8437=CARTESIAN_POINT('',(95.7984477927516,-20.3633872358164,15.));
#8438=CARTESIAN_POINT('Ctrl Pts',(95.7984477927516,-20.3633872358164,15.));
#8439=CARTESIAN_POINT('Ctrl Pts',(96.3863720583348,-20.3810696152415,15.));
#8440=CARTESIAN_POINT('Ctrl Pts',(97.4561626649315,-20.4132445815061,15.));
#8441=CARTESIAN_POINT('Ctrl Pts',(98.3510716414805,-20.9909803562067,15.));
#8442=CARTESIAN_POINT('Ctrl Pts',(98.75416595864,-21.251210182596,15.));
#8443=CARTESIAN_POINT('',(95.7984477927516,-20.3633872358164,14.7));
#8444=CARTESIAN_POINT('',(95.7984477927516,-20.3633872358164,15.));
#8445=CARTESIAN_POINT('Ctrl Pts',(95.7984477927516,-20.3633872358164,14.7));
#8446=CARTESIAN_POINT('Ctrl Pts',(96.3863720583348,-20.3810696152415,14.7));
#8447=CARTESIAN_POINT('Ctrl Pts',(97.4561626649315,-20.4132445815061,14.7));
#8448=CARTESIAN_POINT('Ctrl Pts',(98.3510716414805,-20.9909803562067,14.7));
#8449=CARTESIAN_POINT('Ctrl Pts',(98.75416595864,-21.251210182596,14.7));
#8450=CARTESIAN_POINT('Ctrl Pts',(93.2321755519829,-20.8245211367251,15.));
#8451=CARTESIAN_POINT('Ctrl Pts',(93.2321755519829,-20.8245211367251,14.7));
#8452=CARTESIAN_POINT('Ctrl Pts',(93.6264367157745,-20.6916307718341,15.));
#8453=CARTESIAN_POINT('Ctrl Pts',(93.6264367157745,-20.6916307718341,14.7));
#8454=CARTESIAN_POINT('Ctrl Pts',(94.4584257753974,-20.411199068505,15.));
#8455=CARTESIAN_POINT('Ctrl Pts',(94.4584257753974,-20.411199068505,14.7));
#8456=CARTESIAN_POINT('Ctrl Pts',(95.3364826157848,-20.3798701006224,15.));
#8457=CARTESIAN_POINT('Ctrl Pts',(95.3364826157848,-20.3798701006224,14.7));
#8458=CARTESIAN_POINT('Ctrl Pts',(95.7984477927516,-20.3633872358164,15.));
#8459=CARTESIAN_POINT('Ctrl Pts',(95.7984477927516,-20.3633872358164,14.7));
#8460=CARTESIAN_POINT('',(93.2321755519829,-20.8245211367251,15.));
#8461=CARTESIAN_POINT('Ctrl Pts',(93.2321755519829,-20.8245211367251,15.));
#8462=CARTESIAN_POINT('Ctrl Pts',(93.6264367157745,-20.6916307718341,15.));
#8463=CARTESIAN_POINT('Ctrl Pts',(94.4584257753974,-20.411199068505,15.));
#8464=CARTESIAN_POINT('Ctrl Pts',(95.3364826157848,-20.3798701006224,15.));
#8465=CARTESIAN_POINT('Ctrl Pts',(95.7984477927516,-20.3633872358164,15.));
#8466=CARTESIAN_POINT('',(93.2321755519829,-20.8245211367251,14.7));
#8467=CARTESIAN_POINT('',(93.2321755519829,-20.8245211367251,15.));
#8468=CARTESIAN_POINT('Ctrl Pts',(93.2321755519829,-20.8245211367251,14.7));
#8469=CARTESIAN_POINT('Ctrl Pts',(93.6264367157745,-20.6916307718341,14.7));
#8470=CARTESIAN_POINT('Ctrl Pts',(94.4584257753974,-20.411199068505,14.7));
#8471=CARTESIAN_POINT('Ctrl Pts',(95.3364826157848,-20.3798701006224,14.7));
#8472=CARTESIAN_POINT('Ctrl Pts',(95.7984477927516,-20.3633872358164,14.7));
#8473=CARTESIAN_POINT('Ctrl Pts',(91.6101079708014,-21.9569464704836,15.));
#8474=CARTESIAN_POINT('Ctrl Pts',(91.6101079708014,-21.9569464704836,14.7));
#8475=CARTESIAN_POINT('Ctrl Pts',(91.871305843971,-21.7164086216754,15.));
#8476=CARTESIAN_POINT('Ctrl Pts',(91.871305843971,-21.7164086216754,14.7));
#8477=CARTESIAN_POINT('Ctrl Pts',(92.361220012674,-21.2652452993614,15.));
#8478=CARTESIAN_POINT('Ctrl Pts',(92.361220012674,-21.2652452993614,14.7));
#8479=CARTESIAN_POINT('Ctrl Pts',(92.9549792258618,-20.9647890530558,15.));
#8480=CARTESIAN_POINT('Ctrl Pts',(92.9549792258618,-20.9647890530558,14.7));
#8481=CARTESIAN_POINT('Ctrl Pts',(93.2321755519829,-20.8245211367251,15.));
#8482=CARTESIAN_POINT('Ctrl Pts',(93.2321755519829,-20.8245211367251,14.7));
#8483=CARTESIAN_POINT('',(91.6101079708014,-21.9569464704836,15.));
#8484=CARTESIAN_POINT('Ctrl Pts',(91.6101079708014,-21.9569464704836,15.));
#8485=CARTESIAN_POINT('Ctrl Pts',(91.871305843971,-21.7164086216754,15.));
#8486=CARTESIAN_POINT('Ctrl Pts',(92.361220012674,-21.2652452993614,15.));
#8487=CARTESIAN_POINT('Ctrl Pts',(92.9549792258618,-20.9647890530558,15.));
#8488=CARTESIAN_POINT('Ctrl Pts',(93.2321755519829,-20.8245211367251,15.));
#8489=CARTESIAN_POINT('',(91.6101079708014,-21.9569464704836,14.7));
#8490=CARTESIAN_POINT('',(91.6101079708014,-21.9569464704836,15.));
#8491=CARTESIAN_POINT('Ctrl Pts',(91.6101079708014,-21.9569464704836,14.7));
#8492=CARTESIAN_POINT('Ctrl Pts',(91.871305843971,-21.7164086216754,14.7));
#8493=CARTESIAN_POINT('Ctrl Pts',(92.361220012674,-21.2652452993614,14.7));
#8494=CARTESIAN_POINT('Ctrl Pts',(92.9549792258618,-20.9647890530558,14.7));
#8495=CARTESIAN_POINT('Ctrl Pts',(93.2321755519829,-20.8245211367251,14.7));
#8496=CARTESIAN_POINT('Ctrl Pts',(91.4639214242696,-21.2669118210706,15.));
#8497=CARTESIAN_POINT('Ctrl Pts',(91.4639214242696,-21.2669118210706,14.7));
#8498=CARTESIAN_POINT('Ctrl Pts',(91.4896546546863,-21.3607070912014,15.));
#8499=CARTESIAN_POINT('Ctrl Pts',(91.4896546546863,-21.3607070912014,14.7));
#8500=CARTESIAN_POINT('Ctrl Pts',(91.5519460690764,-21.5877535966314,15.));
#8501=CARTESIAN_POINT('Ctrl Pts',(91.5519460690764,-21.5877535966314,14.7));
#8502=CARTESIAN_POINT('Ctrl Pts',(91.5885975798772,-21.8204054907792,15.));
#8503=CARTESIAN_POINT('Ctrl Pts',(91.5885975798772,-21.8204054907792,14.7));
#8504=CARTESIAN_POINT('Ctrl Pts',(91.6101079708014,-21.9569464704836,15.));
#8505=CARTESIAN_POINT('Ctrl Pts',(91.6101079708014,-21.9569464704836,14.7));
#8506=CARTESIAN_POINT('',(91.4639214242696,-21.2669118210706,15.));
#8507=CARTESIAN_POINT('Ctrl Pts',(91.4639214242696,-21.2669118210706,15.));
#8508=CARTESIAN_POINT('Ctrl Pts',(91.4896546546863,-21.3607070912014,15.));
#8509=CARTESIAN_POINT('Ctrl Pts',(91.5519460690764,-21.5877535966314,15.));
#8510=CARTESIAN_POINT('Ctrl Pts',(91.5885975798772,-21.8204054907792,15.));
#8511=CARTESIAN_POINT('Ctrl Pts',(91.6101079708014,-21.9569464704836,15.));
#8512=CARTESIAN_POINT('',(91.4639214242696,-21.2669118210706,14.7));
#8513=CARTESIAN_POINT('',(91.4639214242696,-21.2669118210706,15.));
#8514=CARTESIAN_POINT('Ctrl Pts',(91.4639214242696,-21.2669118210706,14.7));
#8515=CARTESIAN_POINT('Ctrl Pts',(91.4896546546863,-21.3607070912014,14.7));
#8516=CARTESIAN_POINT('Ctrl Pts',(91.5519460690764,-21.5877535966314,14.7));
#8517=CARTESIAN_POINT('Ctrl Pts',(91.5885975798772,-21.8204054907792,14.7));
#8518=CARTESIAN_POINT('Ctrl Pts',(91.6101079708014,-21.9569464704836,14.7));
#8519=CARTESIAN_POINT('Ctrl Pts',(91.1542417089544,-20.6287289814998,15.));
#8520=CARTESIAN_POINT('Ctrl Pts',(91.1542417089544,-20.6287289814998,14.7));
#8521=CARTESIAN_POINT('Ctrl Pts',(91.2228600135485,-20.7500946440664,15.));
#8522=CARTESIAN_POINT('Ctrl Pts',(91.2228600135485,-20.7500946440664,14.7));
#8523=CARTESIAN_POINT('Ctrl Pts',(91.33952073814,-20.9564332620096,15.));
#8524=CARTESIAN_POINT('Ctrl Pts',(91.33952073814,-20.9564332620096,14.7));
#8525=CARTESIAN_POINT('Ctrl Pts',(91.4276348674712,-21.1763480290323,15.));
#8526=CARTESIAN_POINT('Ctrl Pts',(91.4276348674712,-21.1763480290323,14.7));
#8527=CARTESIAN_POINT('Ctrl Pts',(91.4639214242696,-21.2669118210706,15.));
#8528=CARTESIAN_POINT('Ctrl Pts',(91.4639214242696,-21.2669118210706,14.7));
#8529=CARTESIAN_POINT('',(91.1542417089544,-20.6287289814998,15.));
#8530=CARTESIAN_POINT('Ctrl Pts',(91.1542417089544,-20.6287289814998,15.));
#8531=CARTESIAN_POINT('Ctrl Pts',(91.2228600135485,-20.7500946440664,15.));
#8532=CARTESIAN_POINT('Ctrl Pts',(91.33952073814,-20.9564332620096,15.));
#8533=CARTESIAN_POINT('Ctrl Pts',(91.4276348674712,-21.1763480290323,15.));
#8534=CARTESIAN_POINT('Ctrl Pts',(91.4639214242696,-21.2669118210706,15.));
#8535=CARTESIAN_POINT('',(91.1542417089544,-20.6287289814998,14.7));
#8536=CARTESIAN_POINT('',(91.1542417089544,-20.6287289814998,15.));
#8537=CARTESIAN_POINT('Ctrl Pts',(91.1542417089544,-20.6287289814998,14.7));
#8538=CARTESIAN_POINT('Ctrl Pts',(91.2228600135485,-20.7500946440664,14.7));
#8539=CARTESIAN_POINT('Ctrl Pts',(91.33952073814,-20.9564332620096,14.7));
#8540=CARTESIAN_POINT('Ctrl Pts',(91.4276348674712,-21.1763480290323,14.7));
#8541=CARTESIAN_POINT('Ctrl Pts',(91.4639214242696,-21.2669118210706,14.7));
#8542=CARTESIAN_POINT('Origin',(87.2456811125355,-20.6453740645069,15.));
#8543=CARTESIAN_POINT('',(87.2456811125355,-20.6453740645069,15.));
#8544=CARTESIAN_POINT('',(72.1634858948089,-20.709603436199,15.));
#8545=CARTESIAN_POINT('',(87.2456811125355,-20.6453740645069,14.7));
#8546=CARTESIAN_POINT('',(87.2456811125355,-20.6453740645069,15.));
#8547=CARTESIAN_POINT('',(87.2456811125355,-20.6453740645069,14.7));
#8548=CARTESIAN_POINT('Ctrl Pts',(87.6750308564966,-21.7537184279663,15.));
#8549=CARTESIAN_POINT('Ctrl Pts',(87.6750308564966,-21.7537184279663,14.7));
#8550=CARTESIAN_POINT('Ctrl Pts',(87.6266254008254,-21.587478111258,15.));
#8551=CARTESIAN_POINT('Ctrl Pts',(87.6266254008254,-21.587478111258,14.7));
#8552=CARTESIAN_POINT('Ctrl Pts',(87.5155160634236,-21.2058919618704,15.));
#8553=CARTESIAN_POINT('Ctrl Pts',(87.5155160634236,-21.2058919618704,14.7));
#8554=CARTESIAN_POINT('Ctrl Pts',(87.3430252554709,-20.847583356295,15.));
#8555=CARTESIAN_POINT('Ctrl Pts',(87.3430252554709,-20.847583356295,14.7));
#8556=CARTESIAN_POINT('Ctrl Pts',(87.2456811125355,-20.6453740645069,15.));
#8557=CARTESIAN_POINT('Ctrl Pts',(87.2456811125355,-20.6453740645069,14.7));
#8558=CARTESIAN_POINT('',(87.6750308564966,-21.7537184279663,15.));
#8559=CARTESIAN_POINT('Ctrl Pts',(87.6750308564966,-21.7537184279663,15.));
#8560=CARTESIAN_POINT('Ctrl Pts',(87.6266254008254,-21.587478111258,15.));
#8561=CARTESIAN_POINT('Ctrl Pts',(87.5155160634236,-21.2058919618704,15.));
#8562=CARTESIAN_POINT('Ctrl Pts',(87.3430252554709,-20.847583356295,15.));
#8563=CARTESIAN_POINT('Ctrl Pts',(87.2456811125355,-20.6453740645069,15.));
#8564=CARTESIAN_POINT('',(87.6750308564966,-21.7537184279663,14.7));
#8565=CARTESIAN_POINT('',(87.6750308564966,-21.7537184279663,15.));
#8566=CARTESIAN_POINT('Ctrl Pts',(87.6750308564966,-21.7537184279663,14.7));
#8567=CARTESIAN_POINT('Ctrl Pts',(87.6266254008254,-21.587478111258,14.7));
#8568=CARTESIAN_POINT('Ctrl Pts',(87.5155160634236,-21.2058919618704,14.7));
#8569=CARTESIAN_POINT('Ctrl Pts',(87.3430252554709,-20.847583356295,14.7));
#8570=CARTESIAN_POINT('Ctrl Pts',(87.2456811125355,-20.6453740645069,14.7));
#8571=CARTESIAN_POINT('Ctrl Pts',(87.7773531302063,-22.9555478733172,15.));
#8572=CARTESIAN_POINT('Ctrl Pts',(87.7773531302063,-22.9555478733172,14.7));
#8573=CARTESIAN_POINT('Ctrl Pts',(87.7749993555906,-22.7268797224755,15.));
#8574=CARTESIAN_POINT('Ctrl Pts',(87.7749993555906,-22.7268797224755,14.7));
#8575=CARTESIAN_POINT('Ctrl Pts',(87.7708472926571,-22.3235086661206,15.));
#8576=CARTESIAN_POINT('Ctrl Pts',(87.7708472926571,-22.3235086661206,14.7));
#8577=CARTESIAN_POINT('Ctrl Pts',(87.7039880676795,-21.9259178638601,15.));
#8578=CARTESIAN_POINT('Ctrl Pts',(87.7039880676795,-21.9259178638601,14.7));
#8579=CARTESIAN_POINT('Ctrl Pts',(87.6750308564966,-21.7537184279663,15.));
#8580=CARTESIAN_POINT('Ctrl Pts',(87.6750308564966,-21.7537184279663,14.7));
#8581=CARTESIAN_POINT('',(87.7773531302063,-22.9555478733172,15.));
#8582=CARTESIAN_POINT('Ctrl Pts',(87.7773531302063,-22.9555478733172,15.));
#8583=CARTESIAN_POINT('Ctrl Pts',(87.7749993555906,-22.7268797224755,15.));
#8584=CARTESIAN_POINT('Ctrl Pts',(87.7708472926571,-22.3235086661206,15.));
#8585=CARTESIAN_POINT('Ctrl Pts',(87.7039880676795,-21.9259178638601,15.));
#8586=CARTESIAN_POINT('Ctrl Pts',(87.6750308564966,-21.7537184279663,15.));
#8587=CARTESIAN_POINT('',(87.7773531302063,-22.9555478733172,14.7));
#8588=CARTESIAN_POINT('',(87.7773531302063,-22.9555478733172,15.));
#8589=CARTESIAN_POINT('Ctrl Pts',(87.7773531302063,-22.9555478733172,14.7));
#8590=CARTESIAN_POINT('Ctrl Pts',(87.7749993555906,-22.7268797224755,14.7));
#8591=CARTESIAN_POINT('Ctrl Pts',(87.7708472926571,-22.3235086661206,14.7));
#8592=CARTESIAN_POINT('Ctrl Pts',(87.7039880676795,-21.9259178638601,14.7));
#8593=CARTESIAN_POINT('Ctrl Pts',(87.6750308564966,-21.7537184279663,14.7));
#8594=CARTESIAN_POINT('Origin',(87.7977890932403,-27.754274309858,15.));
#8595=CARTESIAN_POINT('',(87.7977890932403,-27.754274309858,15.));
#8596=CARTESIAN_POINT('',(87.8170019625563,-32.265796656752,15.));
#8597=CARTESIAN_POINT('',(87.7977890932403,-27.754274309858,14.7));
#8598=CARTESIAN_POINT('',(87.7977890932403,-27.754274309858,15.));
#8599=CARTESIAN_POINT('',(87.7977890932403,-27.754274309858,14.7));
#8600=CARTESIAN_POINT('Ctrl Pts',(88.1116059062589,-29.3644808923744,15.));
#8601=CARTESIAN_POINT('Ctrl Pts',(88.1116059062589,-29.3644808923744,14.7));
#8602=CARTESIAN_POINT('Ctrl Pts',(88.0209588542379,-29.0922635340355,15.));
#8603=CARTESIAN_POINT('Ctrl Pts',(88.0209588542379,-29.0922635340355,14.7));
#8604=CARTESIAN_POINT('Ctrl Pts',(87.846666323429,-28.5688548709055,15.));
#8605=CARTESIAN_POINT('Ctrl Pts',(87.846666323429,-28.5688548709055,14.7));
#8606=CARTESIAN_POINT('Ctrl Pts',(87.8136392555617,-28.0184307292498,15.));
#8607=CARTESIAN_POINT('Ctrl Pts',(87.8136392555617,-28.0184307292498,14.7));
#8608=CARTESIAN_POINT('Ctrl Pts',(87.7977890932403,-27.754274309858,15.));
#8609=CARTESIAN_POINT('Ctrl Pts',(87.7977890932403,-27.754274309858,14.7));
#8610=CARTESIAN_POINT('',(88.1116059062589,-29.3644808923744,15.));
#8611=CARTESIAN_POINT('Ctrl Pts',(88.1116059062589,-29.3644808923744,15.));
#8612=CARTESIAN_POINT('Ctrl Pts',(88.0209588542379,-29.0922635340355,15.));
#8613=CARTESIAN_POINT('Ctrl Pts',(87.846666323429,-28.5688548709055,15.));
#8614=CARTESIAN_POINT('Ctrl Pts',(87.8136392555617,-28.0184307292498,15.));
#8615=CARTESIAN_POINT('Ctrl Pts',(87.7977890932403,-27.754274309858,15.));
#8616=CARTESIAN_POINT('',(88.1116059062589,-29.3644808923744,14.7));
#8617=CARTESIAN_POINT('',(88.1116059062589,-29.3644808923744,15.));
#8618=CARTESIAN_POINT('Ctrl Pts',(88.1116059062589,-29.3644808923744,14.7));
#8619=CARTESIAN_POINT('Ctrl Pts',(88.0209588542379,-29.0922635340355,14.7));
#8620=CARTESIAN_POINT('Ctrl Pts',(87.846666323429,-28.5688548709055,14.7));
#8621=CARTESIAN_POINT('Ctrl Pts',(87.8136392555617,-28.0184307292498,14.7));
#8622=CARTESIAN_POINT('Ctrl Pts',(87.7977890932403,-27.754274309858,14.7));
#8623=CARTESIAN_POINT('Ctrl Pts',(88.9561727371083,-30.6654652753774,15.));
#8624=CARTESIAN_POINT('Ctrl Pts',(88.9561727371083,-30.6654652753774,14.7));
#8625=CARTESIAN_POINT('Ctrl Pts',(88.7846467737562,-30.4887143792532,15.));
#8626=CARTESIAN_POINT('Ctrl Pts',(88.7846467737562,-30.4887143792532,14.7));
#8627=CARTESIAN_POINT('Ctrl Pts',(88.4182427634723,-30.1111491646612,15.));
#8628=CARTESIAN_POINT('Ctrl Pts',(88.4182427634723,-30.1111491646612,14.7));
#8629=CARTESIAN_POINT('Ctrl Pts',(88.2180707238721,-29.6237253359452,15.));
#8630=CARTESIAN_POINT('Ctrl Pts',(88.2180707238721,-29.6237253359452,14.7));
#8631=CARTESIAN_POINT('Ctrl Pts',(88.1116059062589,-29.3644808923744,15.));
#8632=CARTESIAN_POINT('Ctrl Pts',(88.1116059062589,-29.3644808923744,14.7));
#8633=CARTESIAN_POINT('',(88.9561727371083,-30.6654652753774,15.));
#8634=CARTESIAN_POINT('Ctrl Pts',(88.9561727371083,-30.6654652753774,15.));
#8635=CARTESIAN_POINT('Ctrl Pts',(88.7846467737562,-30.4887143792532,15.));
#8636=CARTESIAN_POINT('Ctrl Pts',(88.4182427634723,-30.1111491646612,15.));
#8637=CARTESIAN_POINT('Ctrl Pts',(88.2180707238721,-29.6237253359452,15.));
#8638=CARTESIAN_POINT('Ctrl Pts',(88.1116059062589,-29.3644808923744,15.));
#8639=CARTESIAN_POINT('',(88.9561727371083,-30.6654652753774,14.7));
#8640=CARTESIAN_POINT('',(88.9561727371083,-30.6654652753774,15.));
#8641=CARTESIAN_POINT('Ctrl Pts',(88.9561727371083,-30.6654652753774,14.7));
#8642=CARTESIAN_POINT('Ctrl Pts',(88.7846467737562,-30.4887143792532,14.7));
#8643=CARTESIAN_POINT('Ctrl Pts',(88.4182427634723,-30.1111491646612,14.7));
#8644=CARTESIAN_POINT('Ctrl Pts',(88.2180707238721,-29.6237253359452,14.7));
#8645=CARTESIAN_POINT('Ctrl Pts',(88.1116059062589,-29.3644808923744,14.7));
#8646=CARTESIAN_POINT('Ctrl Pts',(90.8527863415779,-31.5322255396908,15.));
#8647=CARTESIAN_POINT('Ctrl Pts',(90.8527863415779,-31.5322255396908,14.7));
#8648=CARTESIAN_POINT('Ctrl Pts',(90.4945355085186,-31.4490873668608,15.));
#8649=CARTESIAN_POINT('Ctrl Pts',(90.4945355085186,-31.4490873668608,14.7));
#8650=CARTESIAN_POINT('Ctrl Pts',(89.8028795624324,-31.2885768912995,15.));
#8651=CARTESIAN_POINT('Ctrl Pts',(89.8028795624324,-31.2885768912995,14.7));
#8652=CARTESIAN_POINT('Ctrl Pts',(89.2315674390025,-30.8681347621245,15.));
#8653=CARTESIAN_POINT('Ctrl Pts',(89.2315674390025,-30.8681347621245,14.7));
#8654=CARTESIAN_POINT('Ctrl Pts',(88.9561727371083,-30.6654652753774,15.));
#8655=CARTESIAN_POINT('Ctrl Pts',(88.9561727371083,-30.6654652753774,14.7));
#8656=CARTESIAN_POINT('',(90.8527863415779,-31.5322255396908,15.));
#8657=CARTESIAN_POINT('Ctrl Pts',(90.8527863415779,-31.5322255396908,15.));
#8658=CARTESIAN_POINT('Ctrl Pts',(90.4945355085186,-31.4490873668608,15.));
#8659=CARTESIAN_POINT('Ctrl Pts',(89.8028795624324,-31.2885768912995,15.));
#8660=CARTESIAN_POINT('Ctrl Pts',(89.2315674390025,-30.8681347621245,15.));
#8661=CARTESIAN_POINT('Ctrl Pts',(88.9561727371083,-30.6654652753774,15.));
#8662=CARTESIAN_POINT('',(90.8527863415779,-31.5322255396908,14.7));
#8663=CARTESIAN_POINT('',(90.8527863415779,-31.5322255396908,15.));
#8664=CARTESIAN_POINT('Ctrl Pts',(90.8527863415779,-31.5322255396908,14.7));
#8665=CARTESIAN_POINT('Ctrl Pts',(90.4945355085186,-31.4490873668608,14.7));
#8666=CARTESIAN_POINT('Ctrl Pts',(89.8028795624324,-31.2885768912995,14.7));
#8667=CARTESIAN_POINT('Ctrl Pts',(89.2315674390025,-30.8681347621245,14.7));
#8668=CARTESIAN_POINT('Ctrl Pts',(88.9561727371083,-30.6654652753774,14.7));
#8669=CARTESIAN_POINT('Ctrl Pts',(93.8618391441119,-31.729168920128,15.));
#8670=CARTESIAN_POINT('Ctrl Pts',(93.8618391441119,-31.729168920128,14.7));
#8671=CARTESIAN_POINT('Ctrl Pts',(93.2980410860137,-31.7278443632398,15.));
#8672=CARTESIAN_POINT('Ctrl Pts',(93.2980410860137,-31.7278443632398,14.7));
#8673=CARTESIAN_POINT('Ctrl Pts',(92.2905496585228,-31.7254774169707,15.));
#8674=CARTESIAN_POINT('Ctrl Pts',(92.2905496585228,-31.7254774169707,14.7));
#8675=CARTESIAN_POINT('Ctrl Pts',(91.2923761525065,-31.5913114512549,15.));
#8676=CARTESIAN_POINT('Ctrl Pts',(91.2923761525065,-31.5913114512549,14.7));
#8677=CARTESIAN_POINT('Ctrl Pts',(90.8527863415779,-31.5322255396908,15.));
#8678=CARTESIAN_POINT('Ctrl Pts',(90.8527863415779,-31.5322255396908,14.7));
#8679=CARTESIAN_POINT('',(93.8618391441119,-31.729168920128,15.));
#8680=CARTESIAN_POINT('Ctrl Pts',(93.8618391441119,-31.729168920128,15.));
#8681=CARTESIAN_POINT('Ctrl Pts',(93.2980410860137,-31.7278443632398,15.));
#8682=CARTESIAN_POINT('Ctrl Pts',(92.2905496585228,-31.7254774169707,15.));
#8683=CARTESIAN_POINT('Ctrl Pts',(91.2923761525065,-31.5913114512549,15.));
#8684=CARTESIAN_POINT('Ctrl Pts',(90.8527863415779,-31.5322255396908,15.));
#8685=CARTESIAN_POINT('',(93.8618391441119,-31.729168920128,14.7));
#8686=CARTESIAN_POINT('',(93.8618391441119,-31.729168920128,15.));
#8687=CARTESIAN_POINT('Ctrl Pts',(93.8618391441119,-31.729168920128,14.7));
#8688=CARTESIAN_POINT('Ctrl Pts',(93.2980410860137,-31.7278443632398,14.7));
#8689=CARTESIAN_POINT('Ctrl Pts',(92.2905496585228,-31.7254774169707,14.7));
#8690=CARTESIAN_POINT('Ctrl Pts',(91.2923761525065,-31.5913114512549,14.7));
#8691=CARTESIAN_POINT('Ctrl Pts',(90.8527863415779,-31.5322255396908,14.7));
#8692=CARTESIAN_POINT('Ctrl Pts',(96.0302467291286,-31.5459922555586,15.));
#8693=CARTESIAN_POINT('Ctrl Pts',(96.0302467291286,-31.5459922555586,14.7));
#8694=CARTESIAN_POINT('Ctrl Pts',(95.6831710658714,-31.5981858767628,15.));
#8695=CARTESIAN_POINT('Ctrl Pts',(95.6831710658714,-31.5981858767628,14.7));
#8696=CARTESIAN_POINT('Ctrl Pts',(94.9644108928181,-31.7062738246671,15.));
#8697=CARTESIAN_POINT('Ctrl Pts',(94.9644108928181,-31.7062738246671,14.7));
#8698=CARTESIAN_POINT('Ctrl Pts',(94.2376572359219,-31.7213649916326,15.));
#8699=CARTESIAN_POINT('Ctrl Pts',(94.2376572359219,-31.7213649916326,14.7));
#8700=CARTESIAN_POINT('Ctrl Pts',(93.8618391441119,-31.729168920128,15.));
#8701=CARTESIAN_POINT('Ctrl Pts',(93.8618391441119,-31.729168920128,14.7));
#8702=CARTESIAN_POINT('',(96.0302467291286,-31.5459922555586,15.));
#8703=CARTESIAN_POINT('Ctrl Pts',(96.0302467291286,-31.5459922555586,15.));
#8704=CARTESIAN_POINT('Ctrl Pts',(95.6831710658714,-31.5981858767628,15.));
#8705=CARTESIAN_POINT('Ctrl Pts',(94.9644108928181,-31.7062738246671,15.));
#8706=CARTESIAN_POINT('Ctrl Pts',(94.2376572359219,-31.7213649916326,15.));
#8707=CARTESIAN_POINT('Ctrl Pts',(93.8618391441119,-31.729168920128,15.));
#8708=CARTESIAN_POINT('',(96.0302467291286,-31.5459922555586,14.7));
#8709=CARTESIAN_POINT('',(96.0302467291286,-31.5459922555586,15.));
#8710=CARTESIAN_POINT('Ctrl Pts',(96.0302467291286,-31.5459922555586,14.7));
#8711=CARTESIAN_POINT('Ctrl Pts',(95.6831710658714,-31.5981858767628,14.7));
#8712=CARTESIAN_POINT('Ctrl Pts',(94.9644108928181,-31.7062738246671,14.7));
#8713=CARTESIAN_POINT('Ctrl Pts',(94.2376572359219,-31.7213649916326,14.7));
#8714=CARTESIAN_POINT('Ctrl Pts',(93.8618391441119,-31.729168920128,14.7));
#8715=CARTESIAN_POINT('Ctrl Pts',(97.6038576449459,-31.0481536514017,15.));
#8716=CARTESIAN_POINT('Ctrl Pts',(97.6038576449459,-31.0481536514017,14.7));
#8717=CARTESIAN_POINT('Ctrl Pts',(97.3801902945226,-31.1513049738745,15.));
#8718=CARTESIAN_POINT('Ctrl Pts',(97.3801902945226,-31.1513049738745,14.7));
#8719=CARTESIAN_POINT('Ctrl Pts',(96.8771959131906,-31.3832768532417,15.));
#8720=CARTESIAN_POINT('Ctrl Pts',(96.8771959131906,-31.3832768532417,14.7));
#8721=CARTESIAN_POINT('Ctrl Pts',(96.3326490374548,-31.4878948936544,15.));
#8722=CARTESIAN_POINT('Ctrl Pts',(96.3326490374548,-31.4878948936544,14.7));
#8723=CARTESIAN_POINT('Ctrl Pts',(96.0302467291286,-31.5459922555586,15.));
#8724=CARTESIAN_POINT('Ctrl Pts',(96.0302467291286,-31.5459922555586,14.7));
#8725=CARTESIAN_POINT('',(97.6038576449459,-31.0481536514017,15.));
#8726=CARTESIAN_POINT('Ctrl Pts',(97.6038576449459,-31.0481536514017,15.));
#8727=CARTESIAN_POINT('Ctrl Pts',(97.3801902945226,-31.1513049738745,15.));
#8728=CARTESIAN_POINT('Ctrl Pts',(96.8771959131906,-31.3832768532417,15.));
#8729=CARTESIAN_POINT('Ctrl Pts',(96.3326490374548,-31.4878948936544,15.));
#8730=CARTESIAN_POINT('Ctrl Pts',(96.0302467291286,-31.5459922555586,15.));
#8731=CARTESIAN_POINT('',(97.6038576449459,-31.0481536514017,14.7));
#8732=CARTESIAN_POINT('',(97.6038576449459,-31.0481536514017,15.));
#8733=CARTESIAN_POINT('Ctrl Pts',(97.6038576449459,-31.0481536514017,14.7));
#8734=CARTESIAN_POINT('Ctrl Pts',(97.3801902945226,-31.1513049738745,14.7));
#8735=CARTESIAN_POINT('Ctrl Pts',(96.8771959131906,-31.3832768532417,14.7));
#8736=CARTESIAN_POINT('Ctrl Pts',(96.3326490374548,-31.4878948936544,14.7));
#8737=CARTESIAN_POINT('Ctrl Pts',(96.0302467291286,-31.5459922555586,14.7));
#8738=CARTESIAN_POINT('Ctrl Pts',(98.8221380262672,-30.0044142442922,15.));
#8739=CARTESIAN_POINT('Ctrl Pts',(98.8221380262672,-30.0044142442922,14.7));
#8740=CARTESIAN_POINT('Ctrl Pts',(98.6591229159295,-30.2016566466844,15.));
#8741=CARTESIAN_POINT('Ctrl Pts',(98.6591229159295,-30.2016566466844,14.7));
#8742=CARTESIAN_POINT('Ctrl Pts',(98.313752175483,-30.6195427826418,15.));
#8743=CARTESIAN_POINT('Ctrl Pts',(98.313752175483,-30.6195427826418,14.7));
#8744=CARTESIAN_POINT('Ctrl Pts',(97.8491614077476,-30.9000473421378,15.));
#8745=CARTESIAN_POINT('Ctrl Pts',(97.8491614077476,-30.9000473421378,14.7));
#8746=CARTESIAN_POINT('Ctrl Pts',(97.6038576449459,-31.0481536514017,15.));
#8747=CARTESIAN_POINT('Ctrl Pts',(97.6038576449459,-31.0481536514017,14.7));
#8748=CARTESIAN_POINT('',(98.8221380262672,-30.0044142442922,15.));
#8749=CARTESIAN_POINT('Ctrl Pts',(98.8221380262672,-30.0044142442922,15.));
#8750=CARTESIAN_POINT('Ctrl Pts',(98.6591229159295,-30.2016566466844,15.));
#8751=CARTESIAN_POINT('Ctrl Pts',(98.313752175483,-30.6195427826418,15.));
#8752=CARTESIAN_POINT('Ctrl Pts',(97.8491614077476,-30.9000473421378,15.));
#8753=CARTESIAN_POINT('Ctrl Pts',(97.6038576449459,-31.0481536514017,15.));
#8754=CARTESIAN_POINT('',(98.8221380262672,-30.0044142442922,14.7));
#8755=CARTESIAN_POINT('',(98.8221380262672,-30.0044142442922,15.));
#8756=CARTESIAN_POINT('Ctrl Pts',(98.8221380262672,-30.0044142442922,14.7));
#8757=CARTESIAN_POINT('Ctrl Pts',(98.6591229159295,-30.2016566466844,14.7));
#8758=CARTESIAN_POINT('Ctrl Pts',(98.313752175483,-30.6195427826418,14.7));
#8759=CARTESIAN_POINT('Ctrl Pts',(97.8491614077476,-30.9000473421378,14.7));
#8760=CARTESIAN_POINT('Ctrl Pts',(97.6038576449459,-31.0481536514017,14.7));
#8761=CARTESIAN_POINT('Ctrl Pts',(99.464866176187,-28.3594398119381,15.));
#8762=CARTESIAN_POINT('Ctrl Pts',(99.464866176187,-28.3594398119381,14.7));
#8763=CARTESIAN_POINT('Ctrl Pts',(99.3908840474463,-28.6771922547816,15.));
#8764=CARTESIAN_POINT('Ctrl Pts',(99.3908840474463,-28.6771922547816,14.7));
#8765=CARTESIAN_POINT('Ctrl Pts',(99.2558123951087,-29.2573235408057,15.));
#8766=CARTESIAN_POINT('Ctrl Pts',(99.2558123951087,-29.2573235408057,14.7));
#8767=CARTESIAN_POINT('Ctrl Pts',(98.9571951315404,-29.7717514100579,15.));
#8768=CARTESIAN_POINT('Ctrl Pts',(98.9571951315404,-29.7717514100579,14.7));
#8769=CARTESIAN_POINT('Ctrl Pts',(98.8221380262672,-30.0044142442922,15.));
#8770=CARTESIAN_POINT('Ctrl Pts',(98.8221380262672,-30.0044142442922,14.7));
#8771=CARTESIAN_POINT('',(99.464866176187,-28.3594398119381,15.));
#8772=CARTESIAN_POINT('Ctrl Pts',(99.464866176187,-28.3594398119381,15.));
#8773=CARTESIAN_POINT('Ctrl Pts',(99.3908840474463,-28.6771922547816,15.));
#8774=CARTESIAN_POINT('Ctrl Pts',(99.2558123951087,-29.2573235408057,15.));
#8775=CARTESIAN_POINT('Ctrl Pts',(98.9571951315404,-29.7717514100579,15.));
#8776=CARTESIAN_POINT('Ctrl Pts',(98.8221380262672,-30.0044142442922,15.));
#8777=CARTESIAN_POINT('',(99.464866176187,-28.3594398119381,14.7));
#8778=CARTESIAN_POINT('',(99.464866176187,-28.3594398119381,15.));
#8779=CARTESIAN_POINT('Ctrl Pts',(99.464866176187,-28.3594398119381,14.7));
#8780=CARTESIAN_POINT('Ctrl Pts',(99.3908840474463,-28.6771922547816,14.7));
#8781=CARTESIAN_POINT('Ctrl Pts',(99.2558123951087,-29.2573235408057,14.7));
#8782=CARTESIAN_POINT('Ctrl Pts',(98.9571951315404,-29.7717514100579,14.7));
#8783=CARTESIAN_POINT('Ctrl Pts',(98.8221380262672,-30.0044142442922,14.7));
#8784=CARTESIAN_POINT('Origin',(95.4828975699167,-27.9568819127962,15.));
#8785=CARTESIAN_POINT('',(95.4828975699167,-27.9568819127962,15.));
#8786=CARTESIAN_POINT('',(76.9582328035902,-26.0841272861278,15.));
#8787=CARTESIAN_POINT('',(95.4828975699167,-27.9568819127962,14.7));
#8788=CARTESIAN_POINT('',(95.4828975699167,-27.9568819127962,15.));
#8789=CARTESIAN_POINT('',(95.4828975699167,-27.9568819127962,14.7));
#8790=CARTESIAN_POINT('Ctrl Pts',(94.8423870272264,-28.9214227167164,15.));
#8791=CARTESIAN_POINT('Ctrl Pts',(94.8423870272264,-28.9214227167164,14.7));
#8792=CARTESIAN_POINT('Ctrl Pts',(94.9722359515879,-28.8051663985002,15.));
#8793=CARTESIAN_POINT('Ctrl Pts',(94.9722359515879,-28.8051663985002,14.7));
#8794=CARTESIAN_POINT('Ctrl Pts',(95.2677908926736,-28.5405501958618,15.));
#8795=CARTESIAN_POINT('Ctrl Pts',(95.2677908926736,-28.5405501958618,14.7));
#8796=CARTESIAN_POINT('Ctrl Pts',(95.4056214205847,-28.1665622350465,15.));
#8797=CARTESIAN_POINT('Ctrl Pts',(95.4056214205847,-28.1665622350465,14.7));
#8798=CARTESIAN_POINT('Ctrl Pts',(95.4828975699167,-27.9568819127962,15.));
#8799=CARTESIAN_POINT('Ctrl Pts',(95.4828975699167,-27.9568819127962,14.7));
#8800=CARTESIAN_POINT('Ctrl Pts',(94.8423870272264,-28.9214227167164,15.));
#8801=CARTESIAN_POINT('Ctrl Pts',(94.9722359515879,-28.8051663985002,15.));
#8802=CARTESIAN_POINT('Ctrl Pts',(95.2677908926736,-28.5405501958618,15.));
#8803=CARTESIAN_POINT('Ctrl Pts',(95.4056214205847,-28.1665622350465,15.));
#8804=CARTESIAN_POINT('Ctrl Pts',(95.4828975699167,-27.9568819127962,15.));
#8805=CARTESIAN_POINT('Ctrl Pts',(94.8423870272264,-28.9214227167164,14.7));
#8806=CARTESIAN_POINT('Ctrl Pts',(94.9722359515879,-28.8051663985002,14.7));
#8807=CARTESIAN_POINT('Ctrl Pts',(95.2677908926736,-28.5405501958618,14.7));
#8808=CARTESIAN_POINT('Ctrl Pts',(95.4056214205847,-28.1665622350465,14.7));
#8809=CARTESIAN_POINT('Ctrl Pts',(95.4828975699167,-27.9568819127962,14.7));
#8810=CARTESIAN_POINT('Origin',(76.2754375003818,-57.5407274301237,14.7));
#8811=CARTESIAN_POINT('Origin',(107.84209422328,-32.508658725043,15.));
#8812=CARTESIAN_POINT('',(107.84209422328,-32.508658725043,15.));
#8813=CARTESIAN_POINT('',(109.162000290977,-32.5030377437338,15.));
#8814=CARTESIAN_POINT('',(82.4871393793778,-32.6166358991476,15.));
#8815=CARTESIAN_POINT('',(107.84209422328,-32.508658725043,14.7));
#8816=CARTESIAN_POINT('',(107.84209422328,-32.508658725043,15.));
#8817=CARTESIAN_POINT('',(109.162000290977,-32.5030377437338,14.7));
#8818=CARTESIAN_POINT('',(107.84209422328,-32.508658725043,14.7));
#8819=CARTESIAN_POINT('',(109.162000290977,-32.5030377437338,15.));
#8820=CARTESIAN_POINT('Ctrl Pts',(106.069895501268,-32.0250686601563,15.));
#8821=CARTESIAN_POINT('Ctrl Pts',(106.069895501268,-32.0250686601563,14.7));
#8822=CARTESIAN_POINT('Ctrl Pts',(106.290351009492,-32.1663085357281,15.));
#8823=CARTESIAN_POINT('Ctrl Pts',(106.290351009492,-32.1663085357281,14.7));
#8824=CARTESIAN_POINT('Ctrl Pts',(106.824892965502,-32.508775094912,15.));
#8825=CARTESIAN_POINT('Ctrl Pts',(106.824892965502,-32.508775094912,14.7));
#8826=CARTESIAN_POINT('Ctrl Pts',(107.465617159456,-32.508701794776,15.));
#8827=CARTESIAN_POINT('Ctrl Pts',(107.465617159456,-32.508701794776,14.7));
#8828=CARTESIAN_POINT('Ctrl Pts',(107.84209422328,-32.508658725043,15.));
#8829=CARTESIAN_POINT('Ctrl Pts',(107.84209422328,-32.508658725043,14.7));
#8830=CARTESIAN_POINT('',(106.069895501268,-32.0250686601563,15.));
#8831=CARTESIAN_POINT('Ctrl Pts',(106.069895501268,-32.0250686601563,15.));
#8832=CARTESIAN_POINT('Ctrl Pts',(106.290351009492,-32.1663085357281,15.));
#8833=CARTESIAN_POINT('Ctrl Pts',(106.824892965502,-32.508775094912,15.));
#8834=CARTESIAN_POINT('Ctrl Pts',(107.465617159456,-32.508701794776,15.));
#8835=CARTESIAN_POINT('Ctrl Pts',(107.84209422328,-32.508658725043,15.));
#8836=CARTESIAN_POINT('',(106.069895501268,-32.0250686601563,14.7));
#8837=CARTESIAN_POINT('',(106.069895501268,-32.0250686601563,15.));
#8838=CARTESIAN_POINT('Ctrl Pts',(106.069895501268,-32.0250686601563,14.7));
#8839=CARTESIAN_POINT('Ctrl Pts',(106.290351009492,-32.1663085357281,14.7));
#8840=CARTESIAN_POINT('Ctrl Pts',(106.824892965502,-32.508775094912,14.7));
#8841=CARTESIAN_POINT('Ctrl Pts',(107.465617159456,-32.508701794776,14.7));
#8842=CARTESIAN_POINT('Ctrl Pts',(107.84209422328,-32.508658725043,14.7));
#8843=CARTESIAN_POINT('Ctrl Pts',(105.594133600487,-30.8299508306172,15.));
#8844=CARTESIAN_POINT('Ctrl Pts',(105.594133600487,-30.8299508306172,14.7));
#8845=CARTESIAN_POINT('Ctrl Pts',(105.613878555645,-31.0553814381647,15.));
#8846=CARTESIAN_POINT('Ctrl Pts',(105.613878555645,-31.0553814381647,14.7));
#8847=CARTESIAN_POINT('Ctrl Pts',(105.652963157983,-31.5016152016845,15.));
#8848=CARTESIAN_POINT('Ctrl Pts',(105.652963157983,-31.5016152016845,14.7));
#8849=CARTESIAN_POINT('Ctrl Pts',(105.931882185162,-31.8517946295026,15.));
#8850=CARTESIAN_POINT('Ctrl Pts',(105.931882185162,-31.8517946295026,14.7));
#8851=CARTESIAN_POINT('Ctrl Pts',(106.069895501268,-32.0250686601563,15.));
#8852=CARTESIAN_POINT('Ctrl Pts',(106.069895501268,-32.0250686601563,14.7));
#8853=CARTESIAN_POINT('',(105.594133600487,-30.8299508306172,15.));
#8854=CARTESIAN_POINT('Ctrl Pts',(105.594133600487,-30.8299508306172,15.));
#8855=CARTESIAN_POINT('Ctrl Pts',(105.613878555645,-31.0553814381647,15.));
#8856=CARTESIAN_POINT('Ctrl Pts',(105.652963157983,-31.5016152016845,15.));
#8857=CARTESIAN_POINT('Ctrl Pts',(105.931882185162,-31.8517946295026,15.));
#8858=CARTESIAN_POINT('Ctrl Pts',(106.069895501268,-32.0250686601563,15.));
#8859=CARTESIAN_POINT('',(105.594133600487,-30.8299508306172,14.7));
#8860=CARTESIAN_POINT('',(105.594133600487,-30.8299508306172,15.));
#8861=CARTESIAN_POINT('Ctrl Pts',(105.594133600487,-30.8299508306172,14.7));
#8862=CARTESIAN_POINT('Ctrl Pts',(105.613878555645,-31.0553814381647,14.7));
#8863=CARTESIAN_POINT('Ctrl Pts',(105.652963157983,-31.5016152016845,14.7));
#8864=CARTESIAN_POINT('Ctrl Pts',(105.931882185162,-31.8517946295026,14.7));
#8865=CARTESIAN_POINT('Ctrl Pts',(106.069895501268,-32.0250686601563,14.7));
#8866=CARTESIAN_POINT('Ctrl Pts',(106.131343763248,-29.6356308764275,15.));
#8867=CARTESIAN_POINT('Ctrl Pts',(106.131343763248,-29.6356308764275,14.7));
#8868=CARTESIAN_POINT('Ctrl Pts',(105.973887570225,-29.8029217991274,15.));
#8869=CARTESIAN_POINT('Ctrl Pts',(105.973887570225,-29.8029217991274,14.7));
#8870=CARTESIAN_POINT('Ctrl Pts',(105.657491082839,-30.1390804429869,15.));
#8871=CARTESIAN_POINT('Ctrl Pts',(105.657491082839,-30.1390804429869,14.7));
#8872=CARTESIAN_POINT('Ctrl Pts',(105.61531869973,-30.5989416872205,15.));
#8873=CARTESIAN_POINT('Ctrl Pts',(105.61531869973,-30.5989416872205,14.7));
#8874=CARTESIAN_POINT('Ctrl Pts',(105.594133600487,-30.8299508306172,15.));
#8875=CARTESIAN_POINT('Ctrl Pts',(105.594133600487,-30.8299508306172,14.7));
#8876=CARTESIAN_POINT('',(106.131343763248,-29.6356308764275,15.));
#8877=CARTESIAN_POINT('Ctrl Pts',(106.131343763248,-29.6356308764275,15.));
#8878=CARTESIAN_POINT('Ctrl Pts',(105.973887570225,-29.8029217991274,15.));
#8879=CARTESIAN_POINT('Ctrl Pts',(105.657491082839,-30.1390804429869,15.));
#8880=CARTESIAN_POINT('Ctrl Pts',(105.61531869973,-30.5989416872205,15.));
#8881=CARTESIAN_POINT('Ctrl Pts',(105.594133600487,-30.8299508306172,15.));
#8882=CARTESIAN_POINT('',(106.131343763248,-29.6356308764275,14.7));
#8883=CARTESIAN_POINT('',(106.131343763248,-29.6356308764275,15.));
#8884=CARTESIAN_POINT('Ctrl Pts',(106.131343763248,-29.6356308764275,14.7));
#8885=CARTESIAN_POINT('Ctrl Pts',(105.973887570225,-29.8029217991274,14.7));
#8886=CARTESIAN_POINT('Ctrl Pts',(105.657491082839,-30.1390804429869,14.7));
#8887=CARTESIAN_POINT('Ctrl Pts',(105.61531869973,-30.5989416872205,14.7));
#8888=CARTESIAN_POINT('Ctrl Pts',(105.594133600487,-30.8299508306172,14.7));
#8889=CARTESIAN_POINT('Ctrl Pts',(108.012018779872,-29.1620623793681,15.));
#8890=CARTESIAN_POINT('Ctrl Pts',(108.012018779872,-29.1620623793681,14.7));
#8891=CARTESIAN_POINT('Ctrl Pts',(107.621710359178,-29.1663672031053,15.));
#8892=CARTESIAN_POINT('Ctrl Pts',(107.621710359178,-29.1663672031053,14.7));
#8893=CARTESIAN_POINT('Ctrl Pts',(106.952353654661,-29.1737497305566,15.));
#8894=CARTESIAN_POINT('Ctrl Pts',(106.952353654661,-29.1737497305566,14.7));
#8895=CARTESIAN_POINT('Ctrl Pts',(106.372908710731,-29.4997320329269,15.));
#8896=CARTESIAN_POINT('Ctrl Pts',(106.372908710731,-29.4997320329269,14.7));
#8897=CARTESIAN_POINT('Ctrl Pts',(106.131343763248,-29.6356308764275,15.));
#8898=CARTESIAN_POINT('Ctrl Pts',(106.131343763248,-29.6356308764275,14.7));
#8899=CARTESIAN_POINT('',(108.012018779872,-29.1620623793681,15.));
#8900=CARTESIAN_POINT('Ctrl Pts',(108.012018779872,-29.1620623793681,15.));
#8901=CARTESIAN_POINT('Ctrl Pts',(107.621710359178,-29.1663672031053,15.));
#8902=CARTESIAN_POINT('Ctrl Pts',(106.952353654661,-29.1737497305566,15.));
#8903=CARTESIAN_POINT('Ctrl Pts',(106.372908710731,-29.4997320329269,15.));
#8904=CARTESIAN_POINT('Ctrl Pts',(106.131343763248,-29.6356308764275,15.));
#8905=CARTESIAN_POINT('',(108.012018779872,-29.1620623793681,14.7));
#8906=CARTESIAN_POINT('',(108.012018779872,-29.1620623793681,15.));
#8907=CARTESIAN_POINT('Ctrl Pts',(108.012018779872,-29.1620623793681,14.7));
#8908=CARTESIAN_POINT('Ctrl Pts',(107.621710359178,-29.1663672031053,14.7));
#8909=CARTESIAN_POINT('Ctrl Pts',(106.952353654661,-29.1737497305566,14.7));
#8910=CARTESIAN_POINT('Ctrl Pts',(106.372908710731,-29.4997320329269,14.7));
#8911=CARTESIAN_POINT('Ctrl Pts',(106.131343763248,-29.6356308764275,14.7));
#8912=CARTESIAN_POINT('Origin',(109.147751741554,-29.1572257217406,15.));
#8913=CARTESIAN_POINT('',(109.147751741554,-29.1572257217406,15.));
#8914=CARTESIAN_POINT('',(83.132843863803,-29.2680133864999,15.));
#8915=CARTESIAN_POINT('',(109.147751741554,-29.1572257217406,14.7));
#8916=CARTESIAN_POINT('',(109.147751741554,-29.1572257217406,15.));
#8917=CARTESIAN_POINT('',(109.147751741554,-29.1572257217406,14.7));
#8918=CARTESIAN_POINT('Origin',(109.162000290977,-32.5030377437338,15.));
#8919=CARTESIAN_POINT('',(109.170908023239,-34.5947312071076,15.));
#8920=CARTESIAN_POINT('',(109.162000290977,-32.5030377437338,14.7));
#8921=CARTESIAN_POINT('Origin',(109.111106432583,-20.5522574783726,15.));
#8922=CARTESIAN_POINT('',(109.111106432583,-20.5522574783726,15.));
#8923=CARTESIAN_POINT('',(113.766589603505,-20.5324315342925,15.));
#8924=CARTESIAN_POINT('',(83.0961985548328,-20.6630451431318,15.));
#8925=CARTESIAN_POINT('',(109.111106432583,-20.5522574783726,14.7));
#8926=CARTESIAN_POINT('',(109.111106432583,-20.5522574783726,15.));
#8927=CARTESIAN_POINT('',(113.766589603505,-20.5324315342925,14.7));
#8928=CARTESIAN_POINT('',(109.111106432583,-20.5522574783726,14.7));
#8929=CARTESIAN_POINT('',(113.766589603505,-20.5324315342925,15.));
#8930=CARTESIAN_POINT('Origin',(109.13481042365,-26.1183748368508,15.));
#8931=CARTESIAN_POINT('',(109.13481042365,-26.1183748368508,15.));
#8932=CARTESIAN_POINT('',(109.157313089575,-31.4023997536661,15.));
#8933=CARTESIAN_POINT('',(109.13481042365,-26.1183748368508,14.7));
#8934=CARTESIAN_POINT('',(109.13481042365,-26.1183748368508,15.));
#8935=CARTESIAN_POINT('',(109.13481042365,-26.1183748368508,14.7));
#8936=CARTESIAN_POINT('Origin',(106.597316481806,-26.1291810649366,15.));
#8937=CARTESIAN_POINT('',(106.597316481806,-26.1291810649366,15.));
#8938=CARTESIAN_POINT('',(81.8511555749771,-26.2345656156529,15.));
#8939=CARTESIAN_POINT('',(106.597316481806,-26.1291810649366,14.7));
#8940=CARTESIAN_POINT('',(106.597316481806,-26.1291810649366,15.));
#8941=CARTESIAN_POINT('',(106.597316481806,-26.1291810649366,14.7));
#8942=CARTESIAN_POINT('Ctrl Pts',(102.43329157234,-27.4259173709192,15.));
#8943=CARTESIAN_POINT('Ctrl Pts',(102.43329157234,-27.4259173709192,14.7));
#8944=CARTESIAN_POINT('Ctrl Pts',(102.989623667231,-27.0516791544884,15.));
#8945=CARTESIAN_POINT('Ctrl Pts',(102.989623667231,-27.0516791544884,14.7));
#8946=CARTESIAN_POINT('Ctrl Pts',(104.240629775951,-26.2101417002043,15.));
#8947=CARTESIAN_POINT('Ctrl Pts',(104.240629775951,-26.2101417002043,14.7));
#8948=CARTESIAN_POINT('Ctrl Pts',(105.755899131482,-26.1580867667587,15.));
#8949=CARTESIAN_POINT('Ctrl Pts',(105.755899131482,-26.1580867667587,14.7));
#8950=CARTESIAN_POINT('Ctrl Pts',(106.597316481806,-26.1291810649366,15.));
#8951=CARTESIAN_POINT('Ctrl Pts',(106.597316481806,-26.1291810649366,14.7));
#8952=CARTESIAN_POINT('',(102.43329157234,-27.4259173709192,15.));
#8953=CARTESIAN_POINT('Ctrl Pts',(102.43329157234,-27.4259173709192,15.));
#8954=CARTESIAN_POINT('Ctrl Pts',(102.989623667231,-27.0516791544884,15.));
#8955=CARTESIAN_POINT('Ctrl Pts',(104.240629775951,-26.2101417002043,15.));
#8956=CARTESIAN_POINT('Ctrl Pts',(105.755899131482,-26.1580867667587,15.));
#8957=CARTESIAN_POINT('Ctrl Pts',(106.597316481806,-26.1291810649366,15.));
#8958=CARTESIAN_POINT('',(102.43329157234,-27.4259173709192,14.7));
#8959=CARTESIAN_POINT('',(102.43329157234,-27.4259173709192,15.));
#8960=CARTESIAN_POINT('Ctrl Pts',(102.43329157234,-27.4259173709192,14.7));
#8961=CARTESIAN_POINT('Ctrl Pts',(102.989623667231,-27.0516791544884,14.7));
#8962=CARTESIAN_POINT('Ctrl Pts',(104.240629775951,-26.2101417002043,14.7));
#8963=CARTESIAN_POINT('Ctrl Pts',(105.755899131482,-26.1580867667587,14.7));
#8964=CARTESIAN_POINT('Ctrl Pts',(106.597316481806,-26.1291810649366,14.7));
#8965=CARTESIAN_POINT('Ctrl Pts',(101.082461933377,-30.9821792672662,15.));
#8966=CARTESIAN_POINT('Ctrl Pts',(101.082461933377,-30.9821792672662,14.7));
#8967=CARTESIAN_POINT('Ctrl Pts',(101.12283522277,-30.2794798938563,15.));
#8968=CARTESIAN_POINT('Ctrl Pts',(101.12283522277,-30.2794798938563,14.7));
#8969=CARTESIAN_POINT('Ctrl Pts',(101.199389776739,-28.9470435748157,15.));
#8970=CARTESIAN_POINT('Ctrl Pts',(101.199389776739,-28.9470435748157,14.7));
#8971=CARTESIAN_POINT('Ctrl Pts',(102.037284980078,-27.9141053341372,15.));
#8972=CARTESIAN_POINT('Ctrl Pts',(102.037284980078,-27.9141053341372,14.7));
#8973=CARTESIAN_POINT('Ctrl Pts',(102.43329157234,-27.4259173709192,15.));
#8974=CARTESIAN_POINT('Ctrl Pts',(102.43329157234,-27.4259173709192,14.7));
#8975=CARTESIAN_POINT('',(101.082461933377,-30.9821792672662,15.));
#8976=CARTESIAN_POINT('Ctrl Pts',(101.082461933377,-30.9821792672662,15.));
#8977=CARTESIAN_POINT('Ctrl Pts',(101.12283522277,-30.2794798938563,15.));
#8978=CARTESIAN_POINT('Ctrl Pts',(101.199389776739,-28.9470435748157,15.));
#8979=CARTESIAN_POINT('Ctrl Pts',(102.037284980078,-27.9141053341372,15.));
#8980=CARTESIAN_POINT('Ctrl Pts',(102.43329157234,-27.4259173709192,15.));
#8981=CARTESIAN_POINT('',(101.082461933377,-30.9821792672662,14.7));
#8982=CARTESIAN_POINT('',(101.082461933377,-30.9821792672662,15.));
#8983=CARTESIAN_POINT('Ctrl Pts',(101.082461933377,-30.9821792672662,14.7));
#8984=CARTESIAN_POINT('Ctrl Pts',(101.12283522277,-30.2794798938563,14.7));
#8985=CARTESIAN_POINT('Ctrl Pts',(101.199389776739,-28.9470435748157,14.7));
#8986=CARTESIAN_POINT('Ctrl Pts',(102.037284980078,-27.9141053341372,14.7));
#8987=CARTESIAN_POINT('Ctrl Pts',(102.43329157234,-27.4259173709192,14.7));
#8988=CARTESIAN_POINT('Ctrl Pts',(102.350371120885,-34.3840409946155,15.));
#8989=CARTESIAN_POINT('Ctrl Pts',(102.350371120885,-34.3840409946155,14.7));
#8990=CARTESIAN_POINT('Ctrl Pts',(101.983278179852,-33.9220379207075,15.));
#8991=CARTESIAN_POINT('Ctrl Pts',(101.983278179852,-33.9220379207075,14.7));
#8992=CARTESIAN_POINT('Ctrl Pts',(101.195271827903,-32.9302962766567,15.));
#8993=CARTESIAN_POINT('Ctrl Pts',(101.195271827903,-32.9302962766567,14.7));
#8994=CARTESIAN_POINT('Ctrl Pts',(101.121739310544,-31.6604613174683,15.));
#8995=CARTESIAN_POINT('Ctrl Pts',(101.121739310544,-31.6604613174683,14.7));
#8996=CARTESIAN_POINT('Ctrl Pts',(101.082461933377,-30.9821792672662,15.));
#8997=CARTESIAN_POINT('Ctrl Pts',(101.082461933377,-30.9821792672662,14.7));
#8998=CARTESIAN_POINT('',(102.350371120885,-34.3840409946155,15.));
#8999=CARTESIAN_POINT('Ctrl Pts',(102.350371120885,-34.3840409946155,15.));
#9000=CARTESIAN_POINT('Ctrl Pts',(101.983278179852,-33.9220379207075,15.));
#9001=CARTESIAN_POINT('Ctrl Pts',(101.195271827903,-32.9302962766567,15.));
#9002=CARTESIAN_POINT('Ctrl Pts',(101.121739310544,-31.6604613174683,15.));
#9003=CARTESIAN_POINT('Ctrl Pts',(101.082461933377,-30.9821792672662,15.));
#9004=CARTESIAN_POINT('',(102.350371120885,-34.3840409946155,14.7));
#9005=CARTESIAN_POINT('',(102.350371120885,-34.3840409946155,15.));
#9006=CARTESIAN_POINT('Ctrl Pts',(102.350371120885,-34.3840409946155,14.7));
#9007=CARTESIAN_POINT('Ctrl Pts',(101.983278179852,-33.9220379207075,14.7));
#9008=CARTESIAN_POINT('Ctrl Pts',(101.195271827903,-32.9302962766567,14.7));
#9009=CARTESIAN_POINT('Ctrl Pts',(101.121739310544,-31.6604613174683,14.7));
#9010=CARTESIAN_POINT('Ctrl Pts',(101.082461933377,-30.9821792672662,14.7));
#9011=CARTESIAN_POINT('Ctrl Pts',(106.125899681012,-35.5651063645358,15.));
#9012=CARTESIAN_POINT('Ctrl Pts',(106.125899681012,-35.5651063645358,14.7));
#9013=CARTESIAN_POINT('Ctrl Pts',(105.366996729749,-35.5424375923038,15.));
#9014=CARTESIAN_POINT('Ctrl Pts',(105.366996729749,-35.5424375923038,14.7));
#9015=CARTESIAN_POINT('Ctrl Pts',(103.990416928974,-35.5013185349709,15.));
#9016=CARTESIAN_POINT('Ctrl Pts',(103.990416928974,-35.5013185349709,14.7));
#9017=CARTESIAN_POINT('Ctrl Pts',(102.85833900338,-34.730092978977,15.));
#9018=CARTESIAN_POINT('Ctrl Pts',(102.85833900338,-34.730092978977,14.7));
#9019=CARTESIAN_POINT('Ctrl Pts',(102.350371120885,-34.3840409946155,15.));
#9020=CARTESIAN_POINT('Ctrl Pts',(102.350371120885,-34.3840409946155,14.7));
#9021=CARTESIAN_POINT('',(106.125899681012,-35.5651063645358,15.));
#9022=CARTESIAN_POINT('Ctrl Pts',(106.125899681012,-35.5651063645358,15.));
#9023=CARTESIAN_POINT('Ctrl Pts',(105.366996729749,-35.5424375923038,15.));
#9024=CARTESIAN_POINT('Ctrl Pts',(103.990416928974,-35.5013185349709,15.));
#9025=CARTESIAN_POINT('Ctrl Pts',(102.85833900338,-34.730092978977,15.));
#9026=CARTESIAN_POINT('Ctrl Pts',(102.350371120885,-34.3840409946155,15.));
#9027=CARTESIAN_POINT('',(106.125899681012,-35.5651063645358,14.7));
#9028=CARTESIAN_POINT('',(106.125899681012,-35.5651063645358,15.));
#9029=CARTESIAN_POINT('Ctrl Pts',(106.125899681012,-35.5651063645358,14.7));
#9030=CARTESIAN_POINT('Ctrl Pts',(105.366996729749,-35.5424375923038,14.7));
#9031=CARTESIAN_POINT('Ctrl Pts',(103.990416928974,-35.5013185349709,14.7));
#9032=CARTESIAN_POINT('Ctrl Pts',(102.85833900338,-34.730092978977,14.7));
#9033=CARTESIAN_POINT('Ctrl Pts',(102.350371120885,-34.3840409946155,14.7));
#9034=CARTESIAN_POINT('Origin',(113.830468357571,-35.5322955171684,15.));
#9035=CARTESIAN_POINT('',(113.830468357571,-35.5322955171684,15.));
#9036=CARTESIAN_POINT('',(85.4878188943596,-35.6529961539677,15.));
#9037=CARTESIAN_POINT('',(113.830468357571,-35.5322955171684,14.7));
#9038=CARTESIAN_POINT('',(113.830468357571,-35.5322955171684,15.));
#9039=CARTESIAN_POINT('',(113.830468357571,-35.5322955171684,14.7));
#9040=CARTESIAN_POINT('Origin',(113.766589603505,-20.5324315342925,15.));
#9041=CARTESIAN_POINT('',(113.800944264964,-28.599515130347,15.));
#9042=CARTESIAN_POINT('',(113.766589603505,-20.5324315342925,14.7));
#9043=CARTESIAN_POINT('Origin',(76.2754375003818,-57.5407274301237,14.7));
#9044=CARTESIAN_POINT('Ctrl Pts',(57.0756868757886,-52.8716971679038,15.));
#9045=CARTESIAN_POINT('Ctrl Pts',(57.0756868757886,-52.8716971679038,14.7));
#9046=CARTESIAN_POINT('Ctrl Pts',(56.8181715228302,-52.8870606597221,15.));
#9047=CARTESIAN_POINT('Ctrl Pts',(56.8181715228302,-52.8870606597221,14.7));
#9048=CARTESIAN_POINT('Ctrl Pts',(56.3243922339386,-52.9165197734323,15.));
#9049=CARTESIAN_POINT('Ctrl Pts',(56.3243922339386,-52.9165197734323,14.7));
#9050=CARTESIAN_POINT('Ctrl Pts',(55.9029452294121,-53.1739064398351,15.));
#9051=CARTESIAN_POINT('Ctrl Pts',(55.9029452294121,-53.1739064398351,14.7));
#9052=CARTESIAN_POINT('Ctrl Pts',(55.7012909066878,-53.2970610318341,15.));
#9053=CARTESIAN_POINT('Ctrl Pts',(55.7012909066878,-53.2970610318341,14.7));
#9054=CARTESIAN_POINT('',(57.0756868757886,-52.8716971679038,15.));
#9055=CARTESIAN_POINT('',(55.7012909066878,-53.2970610318341,15.));
#9056=CARTESIAN_POINT('Ctrl Pts',(57.0756868757886,-52.8716971679038,15.));
#9057=CARTESIAN_POINT('Ctrl Pts',(56.8181715228302,-52.8870606597221,15.));
#9058=CARTESIAN_POINT('Ctrl Pts',(56.3243922339386,-52.9165197734323,15.));
#9059=CARTESIAN_POINT('Ctrl Pts',(55.9029452294121,-53.1739064398351,15.));
#9060=CARTESIAN_POINT('Ctrl Pts',(55.7012909066878,-53.2970610318341,15.));
#9061=CARTESIAN_POINT('',(57.0756868757886,-52.8716971679038,14.7));
#9062=CARTESIAN_POINT('',(57.0756868757886,-52.8716971679038,15.));
#9063=CARTESIAN_POINT('',(55.7012909066878,-53.2970610318341,14.7));
#9064=CARTESIAN_POINT('Ctrl Pts',(57.0756868757886,-52.8716971679038,14.7));
#9065=CARTESIAN_POINT('Ctrl Pts',(56.8181715228302,-52.8870606597221,14.7));
#9066=CARTESIAN_POINT('Ctrl Pts',(56.3243922339386,-52.9165197734323,14.7));
#9067=CARTESIAN_POINT('Ctrl Pts',(55.9029452294121,-53.1739064398351,14.7));
#9068=CARTESIAN_POINT('Ctrl Pts',(55.7012909066878,-53.2970610318341,14.7));
#9069=CARTESIAN_POINT('',(55.7012909066878,-53.2970610318341,15.));
#9070=CARTESIAN_POINT('Ctrl Pts',(58.6952746171859,-53.5592957321793,15.));
#9071=CARTESIAN_POINT('Ctrl Pts',(58.6952746171859,-53.5592957321793,14.7));
#9072=CARTESIAN_POINT('Ctrl Pts',(58.4664844909595,-53.3577192725616,15.));
#9073=CARTESIAN_POINT('Ctrl Pts',(58.4664844909595,-53.3577192725616,14.7));
#9074=CARTESIAN_POINT('Ctrl Pts',(58.0031875671539,-52.9495296570705,15.));
#9075=CARTESIAN_POINT('Ctrl Pts',(58.0031875671539,-52.9495296570705,14.7));
#9076=CARTESIAN_POINT('Ctrl Pts',(57.3873865847739,-52.8978538753314,15.));
#9077=CARTESIAN_POINT('Ctrl Pts',(57.3873865847739,-52.8978538753314,14.7));
#9078=CARTESIAN_POINT('Ctrl Pts',(57.0756868757886,-52.8716971679038,15.));
#9079=CARTESIAN_POINT('Ctrl Pts',(57.0756868757886,-52.8716971679038,14.7));
#9080=CARTESIAN_POINT('',(58.6952746171859,-53.5592957321793,15.));
#9081=CARTESIAN_POINT('Ctrl Pts',(58.6952746171859,-53.5592957321793,15.));
#9082=CARTESIAN_POINT('Ctrl Pts',(58.4664844909595,-53.3577192725616,15.));
#9083=CARTESIAN_POINT('Ctrl Pts',(58.0031875671539,-52.9495296570705,15.));
#9084=CARTESIAN_POINT('Ctrl Pts',(57.3873865847739,-52.8978538753314,15.));
#9085=CARTESIAN_POINT('Ctrl Pts',(57.0756868757886,-52.8716971679038,15.));
#9086=CARTESIAN_POINT('',(58.6952746171859,-53.5592957321793,14.7));
#9087=CARTESIAN_POINT('',(58.6952746171859,-53.5592957321793,15.));
#9088=CARTESIAN_POINT('Ctrl Pts',(58.6952746171859,-53.5592957321793,14.7));
#9089=CARTESIAN_POINT('Ctrl Pts',(58.4664844909595,-53.3577192725616,14.7));
#9090=CARTESIAN_POINT('Ctrl Pts',(58.0031875671539,-52.9495296570705,14.7));
#9091=CARTESIAN_POINT('Ctrl Pts',(57.3873865847739,-52.8978538753314,14.7));
#9092=CARTESIAN_POINT('Ctrl Pts',(57.0756868757886,-52.8716971679038,14.7));
#9093=CARTESIAN_POINT('Ctrl Pts',(59.3383037183763,-55.589051215922,15.));
#9094=CARTESIAN_POINT('Ctrl Pts',(59.3383037183763,-55.589051215922,14.7));
#9095=CARTESIAN_POINT('Ctrl Pts',(59.3219761695696,-55.1840341936722,15.));
#9096=CARTESIAN_POINT('Ctrl Pts',(59.3219761695696,-55.1840341936722,14.7));
#9097=CARTESIAN_POINT('Ctrl Pts',(59.29219360667,-54.445255514563,15.));
#9098=CARTESIAN_POINT('Ctrl Pts',(59.29219360667,-54.445255514563,14.7));
#9099=CARTESIAN_POINT('Ctrl Pts',(58.8810286296549,-53.8349957641153,15.));
#9100=CARTESIAN_POINT('Ctrl Pts',(58.8810286296549,-53.8349957641153,14.7));
#9101=CARTESIAN_POINT('Ctrl Pts',(58.6952746171859,-53.5592957321793,15.));
#9102=CARTESIAN_POINT('Ctrl Pts',(58.6952746171859,-53.5592957321793,14.7));
#9103=CARTESIAN_POINT('',(59.3383037183763,-55.589051215922,15.));
#9104=CARTESIAN_POINT('Ctrl Pts',(59.3383037183763,-55.589051215922,15.));
#9105=CARTESIAN_POINT('Ctrl Pts',(59.3219761695696,-55.1840341936722,15.));
#9106=CARTESIAN_POINT('Ctrl Pts',(59.29219360667,-54.445255514563,15.));
#9107=CARTESIAN_POINT('Ctrl Pts',(58.8810286296549,-53.8349957641153,15.));
#9108=CARTESIAN_POINT('Ctrl Pts',(58.6952746171859,-53.5592957321793,15.));
#9109=CARTESIAN_POINT('',(59.3383037183763,-55.589051215922,14.7));
#9110=CARTESIAN_POINT('',(59.3383037183763,-55.589051215922,15.));
#9111=CARTESIAN_POINT('Ctrl Pts',(59.3383037183763,-55.589051215922,14.7));
#9112=CARTESIAN_POINT('Ctrl Pts',(59.3219761695696,-55.1840341936722,14.7));
#9113=CARTESIAN_POINT('Ctrl Pts',(59.29219360667,-54.445255514563,14.7));
#9114=CARTESIAN_POINT('Ctrl Pts',(58.8810286296549,-53.8349957641153,14.7));
#9115=CARTESIAN_POINT('Ctrl Pts',(58.6952746171859,-53.5592957321793,14.7));
#9116=CARTESIAN_POINT('Ctrl Pts',(58.7083613820126,-57.8337471829395,15.));
#9117=CARTESIAN_POINT('Ctrl Pts',(58.7083613820126,-57.8337471829395,14.7));
#9118=CARTESIAN_POINT('Ctrl Pts',(58.892953006156,-57.5307195455779,15.));
#9119=CARTESIAN_POINT('Ctrl Pts',(58.892953006156,-57.5307195455779,14.7));
#9120=CARTESIAN_POINT('Ctrl Pts',(59.3104303946488,-56.8453840799307,15.));
#9121=CARTESIAN_POINT('Ctrl Pts',(59.3104303946488,-56.8453840799307,14.7));
#9122=CARTESIAN_POINT('Ctrl Pts',(59.3283226789019,-56.0389260866513,15.));
#9123=CARTESIAN_POINT('Ctrl Pts',(59.3283226789019,-56.0389260866513,14.7));
#9124=CARTESIAN_POINT('Ctrl Pts',(59.3383037183763,-55.589051215922,15.));
#9125=CARTESIAN_POINT('Ctrl Pts',(59.3383037183763,-55.589051215922,14.7));
#9126=CARTESIAN_POINT('',(58.7083613820126,-57.8337471829395,15.));
#9127=CARTESIAN_POINT('Ctrl Pts',(58.7083613820126,-57.8337471829395,15.));
#9128=CARTESIAN_POINT('Ctrl Pts',(58.892953006156,-57.5307195455779,15.));
#9129=CARTESIAN_POINT('Ctrl Pts',(59.3104303946488,-56.8453840799307,15.));
#9130=CARTESIAN_POINT('Ctrl Pts',(59.3283226789019,-56.0389260866513,15.));
#9131=CARTESIAN_POINT('Ctrl Pts',(59.3383037183763,-55.589051215922,15.));
#9132=CARTESIAN_POINT('',(58.7083613820126,-57.8337471829395,14.7));
#9133=CARTESIAN_POINT('',(58.7083613820126,-57.8337471829395,15.));
#9134=CARTESIAN_POINT('Ctrl Pts',(58.7083613820126,-57.8337471829395,14.7));
#9135=CARTESIAN_POINT('Ctrl Pts',(58.892953006156,-57.5307195455779,14.7));
#9136=CARTESIAN_POINT('Ctrl Pts',(59.3104303946488,-56.8453840799307,14.7));
#9137=CARTESIAN_POINT('Ctrl Pts',(59.3283226789019,-56.0389260866513,14.7));
#9138=CARTESIAN_POINT('Ctrl Pts',(59.3383037183763,-55.589051215922,14.7));
#9139=CARTESIAN_POINT('Ctrl Pts',(57.0386086469656,-58.5813165561202,15.));
#9140=CARTESIAN_POINT('Ctrl Pts',(57.0386086469656,-58.5813165561202,14.7));
#9141=CARTESIAN_POINT('Ctrl Pts',(57.3648071389492,-58.5510618551903,15.));
#9142=CARTESIAN_POINT('Ctrl Pts',(57.3648071389492,-58.5510618551903,14.7));
#9143=CARTESIAN_POINT('Ctrl Pts',(58.0071051298096,-58.4914891284643,15.));
#9144=CARTESIAN_POINT('Ctrl Pts',(58.0071051298096,-58.4914891284643,14.7));
#9145=CARTESIAN_POINT('Ctrl Pts',(58.4770724311553,-58.0506842070834,15.));
#9146=CARTESIAN_POINT('Ctrl Pts',(58.4770724311553,-58.0506842070834,14.7));
#9147=CARTESIAN_POINT('Ctrl Pts',(58.7083613820126,-57.8337471829395,15.));
#9148=CARTESIAN_POINT('Ctrl Pts',(58.7083613820126,-57.8337471829395,14.7));
#9149=CARTESIAN_POINT('',(57.0386086469656,-58.5813165561202,15.));
#9150=CARTESIAN_POINT('Ctrl Pts',(57.0386086469656,-58.5813165561202,15.));
#9151=CARTESIAN_POINT('Ctrl Pts',(57.3648071389492,-58.5510618551903,15.));
#9152=CARTESIAN_POINT('Ctrl Pts',(58.0071051298096,-58.4914891284643,15.));
#9153=CARTESIAN_POINT('Ctrl Pts',(58.4770724311553,-58.0506842070834,15.));
#9154=CARTESIAN_POINT('Ctrl Pts',(58.7083613820126,-57.8337471829395,15.));
#9155=CARTESIAN_POINT('',(57.0386086469656,-58.5813165561202,14.7));
#9156=CARTESIAN_POINT('',(57.0386086469656,-58.5813165561202,15.));
#9157=CARTESIAN_POINT('Ctrl Pts',(57.0386086469656,-58.5813165561202,14.7));
#9158=CARTESIAN_POINT('Ctrl Pts',(57.3648071389492,-58.5510618551903,14.7));
#9159=CARTESIAN_POINT('Ctrl Pts',(58.0071051298096,-58.4914891284643,14.7));
#9160=CARTESIAN_POINT('Ctrl Pts',(58.4770724311553,-58.0506842070834,14.7));
#9161=CARTESIAN_POINT('Ctrl Pts',(58.7083613820126,-57.8337471829395,14.7));
#9162=CARTESIAN_POINT('Ctrl Pts',(55.732547961607,-58.2338775943851,15.));
#9163=CARTESIAN_POINT('Ctrl Pts',(55.732547961607,-58.2338775943851,14.7));
#9164=CARTESIAN_POINT('Ctrl Pts',(55.918566051083,-58.3358593793679,15.));
#9165=CARTESIAN_POINT('Ctrl Pts',(55.918566051083,-58.3358593793679,14.7));
#9166=CARTESIAN_POINT('Ctrl Pts',(56.3240817852319,-58.5581776416595,15.));
#9167=CARTESIAN_POINT('Ctrl Pts',(56.3240817852319,-58.5581776416595,14.7));
#9168=CARTESIAN_POINT('Ctrl Pts',(56.787674877353,-58.5731904305099,15.));
#9169=CARTESIAN_POINT('Ctrl Pts',(56.787674877353,-58.5731904305099,14.7));
#9170=CARTESIAN_POINT('Ctrl Pts',(57.0386086469656,-58.5813165561202,15.));
#9171=CARTESIAN_POINT('Ctrl Pts',(57.0386086469656,-58.5813165561202,14.7));
#9172=CARTESIAN_POINT('',(55.732547961607,-58.2338775943851,15.));
#9173=CARTESIAN_POINT('Ctrl Pts',(55.732547961607,-58.2338775943851,15.));
#9174=CARTESIAN_POINT('Ctrl Pts',(55.918566051083,-58.3358593793679,15.));
#9175=CARTESIAN_POINT('Ctrl Pts',(56.3240817852319,-58.5581776416595,15.));
#9176=CARTESIAN_POINT('Ctrl Pts',(56.787674877353,-58.5731904305099,15.));
#9177=CARTESIAN_POINT('Ctrl Pts',(57.0386086469656,-58.5813165561202,15.));
#9178=CARTESIAN_POINT('',(55.732547961607,-58.2338775943851,14.7));
#9179=CARTESIAN_POINT('',(55.732547961607,-58.2338775943851,15.));
#9180=CARTESIAN_POINT('Ctrl Pts',(55.732547961607,-58.2338775943851,14.7));
#9181=CARTESIAN_POINT('Ctrl Pts',(55.918566051083,-58.3358593793679,14.7));
#9182=CARTESIAN_POINT('Ctrl Pts',(56.3240817852319,-58.5581776416595,14.7));
#9183=CARTESIAN_POINT('Ctrl Pts',(56.787674877353,-58.5731904305099,14.7));
#9184=CARTESIAN_POINT('Ctrl Pts',(57.0386086469656,-58.5813165561202,14.7));
#9185=CARTESIAN_POINT('Ctrl Pts',(55.0578978864532,-57.1879664447738,15.));
#9186=CARTESIAN_POINT('Ctrl Pts',(55.0578978864532,-57.1879664447738,14.7));
#9187=CARTESIAN_POINT('Ctrl Pts',(55.128443436729,-57.4020427563539,15.));
#9188=CARTESIAN_POINT('Ctrl Pts',(55.128443436729,-57.4020427563539,14.7));
#9189=CARTESIAN_POINT('Ctrl Pts',(55.2629178825828,-57.8101165931526,15.));
#9190=CARTESIAN_POINT('Ctrl Pts',(55.2629178825828,-57.8101165931526,14.7));
#9191=CARTESIAN_POINT('Ctrl Pts',(55.5812252466489,-58.0973346682313,15.));
#9192=CARTESIAN_POINT('Ctrl Pts',(55.5812252466489,-58.0973346682313,14.7));
#9193=CARTESIAN_POINT('Ctrl Pts',(55.732547961607,-58.2338775943851,15.));
#9194=CARTESIAN_POINT('Ctrl Pts',(55.732547961607,-58.2338775943851,14.7));
#9195=CARTESIAN_POINT('',(55.0578978864532,-57.1879664447738,15.));
#9196=CARTESIAN_POINT('Ctrl Pts',(55.0578978864532,-57.1879664447738,15.));
#9197=CARTESIAN_POINT('Ctrl Pts',(55.128443436729,-57.4020427563539,15.));
#9198=CARTESIAN_POINT('Ctrl Pts',(55.2629178825828,-57.8101165931526,15.));
#9199=CARTESIAN_POINT('Ctrl Pts',(55.5812252466489,-58.0973346682313,15.));
#9200=CARTESIAN_POINT('Ctrl Pts',(55.732547961607,-58.2338775943851,15.));
#9201=CARTESIAN_POINT('',(55.0578978864532,-57.1879664447738,14.7));
#9202=CARTESIAN_POINT('',(55.0578978864532,-57.1879664447738,15.));
#9203=CARTESIAN_POINT('Ctrl Pts',(55.0578978864532,-57.1879664447738,14.7));
#9204=CARTESIAN_POINT('Ctrl Pts',(55.128443436729,-57.4020427563539,14.7));
#9205=CARTESIAN_POINT('Ctrl Pts',(55.2629178825828,-57.8101165931526,14.7));
#9206=CARTESIAN_POINT('Ctrl Pts',(55.5812252466489,-58.0973346682313,14.7));
#9207=CARTESIAN_POINT('Ctrl Pts',(55.732547961607,-58.2338775943851,14.7));
#9208=CARTESIAN_POINT('Origin',(51.141331488861,-57.7264818658259,15.));
#9209=CARTESIAN_POINT('',(51.141331488861,-57.7264818658259,15.));
#9210=CARTESIAN_POINT('',(55.4946030289007,-57.1279208768485,15.));
#9211=CARTESIAN_POINT('',(51.141331488861,-57.7264818658259,14.7));
#9212=CARTESIAN_POINT('',(51.141331488861,-57.7264818658259,15.));
#9213=CARTESIAN_POINT('',(51.141331488861,-57.7264818658259,14.7));
#9214=CARTESIAN_POINT('Ctrl Pts',(53.1125754305876,-60.5011962349838,15.));
#9215=CARTESIAN_POINT('Ctrl Pts',(53.1125754305876,-60.5011962349838,14.7));
#9216=CARTESIAN_POINT('Ctrl Pts',(52.677311606594,-60.139378424673,15.));
#9217=CARTESIAN_POINT('Ctrl Pts',(52.677311606594,-60.139378424673,14.7));
#9218=CARTESIAN_POINT('Ctrl Pts',(51.7760200376581,-59.390169958571,15.));
#9219=CARTESIAN_POINT('Ctrl Pts',(51.7760200376581,-59.390169958571,14.7));
#9220=CARTESIAN_POINT('Ctrl Pts',(51.3576543844235,-58.2935219143938,15.));
#9221=CARTESIAN_POINT('Ctrl Pts',(51.3576543844235,-58.2935219143938,14.7));
#9222=CARTESIAN_POINT('Ctrl Pts',(51.141331488861,-57.7264818658259,15.));
#9223=CARTESIAN_POINT('Ctrl Pts',(51.141331488861,-57.7264818658259,14.7));
#9224=CARTESIAN_POINT('',(53.1125754305876,-60.5011962349838,15.));
#9225=CARTESIAN_POINT('Ctrl Pts',(53.1125754305876,-60.5011962349838,15.));
#9226=CARTESIAN_POINT('Ctrl Pts',(52.677311606594,-60.139378424673,15.));
#9227=CARTESIAN_POINT('Ctrl Pts',(51.7760200376581,-59.390169958571,15.));
#9228=CARTESIAN_POINT('Ctrl Pts',(51.3576543844235,-58.2935219143938,15.));
#9229=CARTESIAN_POINT('Ctrl Pts',(51.141331488861,-57.7264818658259,15.));
#9230=CARTESIAN_POINT('',(53.1125754305876,-60.5011962349838,14.7));
#9231=CARTESIAN_POINT('',(53.1125754305876,-60.5011962349838,15.));
#9232=CARTESIAN_POINT('Ctrl Pts',(53.1125754305876,-60.5011962349838,14.7));
#9233=CARTESIAN_POINT('Ctrl Pts',(52.677311606594,-60.139378424673,14.7));
#9234=CARTESIAN_POINT('Ctrl Pts',(51.7760200376581,-59.390169958571,14.7));
#9235=CARTESIAN_POINT('Ctrl Pts',(51.3576543844235,-58.2935219143938,14.7));
#9236=CARTESIAN_POINT('Ctrl Pts',(51.141331488861,-57.7264818658259,14.7));
#9237=CARTESIAN_POINT('Ctrl Pts',(57.1735501214123,-61.435477402797,15.));
#9238=CARTESIAN_POINT('Ctrl Pts',(57.1735501214123,-61.435477402797,14.7));
#9239=CARTESIAN_POINT('Ctrl Pts',(56.376237987278,-61.4219142822184,15.));
#9240=CARTESIAN_POINT('Ctrl Pts',(56.376237987278,-61.4219142822184,14.7));
#9241=CARTESIAN_POINT('Ctrl Pts',(54.9511655719222,-61.3976722969591,15.));
#9242=CARTESIAN_POINT('Ctrl Pts',(54.9511655719222,-61.3976722969591,14.7));
#9243=CARTESIAN_POINT('Ctrl Pts',(53.6748199165117,-60.7753403801507,15.));
#9244=CARTESIAN_POINT('Ctrl Pts',(53.6748199165117,-60.7753403801507,14.7));
#9245=CARTESIAN_POINT('Ctrl Pts',(53.1125754305876,-60.5011962349838,15.));
#9246=CARTESIAN_POINT('Ctrl Pts',(53.1125754305876,-60.5011962349838,14.7));
#9247=CARTESIAN_POINT('',(57.1735501214123,-61.435477402797,15.));
#9248=CARTESIAN_POINT('Ctrl Pts',(57.1735501214123,-61.435477402797,15.));
#9249=CARTESIAN_POINT('Ctrl Pts',(56.376237987278,-61.4219142822184,15.));
#9250=CARTESIAN_POINT('Ctrl Pts',(54.9511655719222,-61.3976722969591,15.));
#9251=CARTESIAN_POINT('Ctrl Pts',(53.6748199165117,-60.7753403801507,15.));
#9252=CARTESIAN_POINT('Ctrl Pts',(53.1125754305876,-60.5011962349838,15.));
#9253=CARTESIAN_POINT('',(57.1735501214123,-61.435477402797,14.7));
#9254=CARTESIAN_POINT('',(57.1735501214123,-61.435477402797,15.));
#9255=CARTESIAN_POINT('Ctrl Pts',(57.1735501214123,-61.435477402797,14.7));
#9256=CARTESIAN_POINT('Ctrl Pts',(56.376237987278,-61.4219142822184,14.7));
#9257=CARTESIAN_POINT('Ctrl Pts',(54.9511655719222,-61.3976722969591,14.7));
#9258=CARTESIAN_POINT('Ctrl Pts',(53.6748199165117,-60.7753403801507,14.7));
#9259=CARTESIAN_POINT('Ctrl Pts',(53.1125754305876,-60.5011962349838,14.7));
#9260=CARTESIAN_POINT('Ctrl Pts',(60.2921258423435,-60.9213079688817,15.));
#9261=CARTESIAN_POINT('Ctrl Pts',(60.2921258423435,-60.9213079688817,14.7));
#9262=CARTESIAN_POINT('Ctrl Pts',(59.8332422961639,-61.0690193227804,15.));
#9263=CARTESIAN_POINT('Ctrl Pts',(59.8332422961639,-61.0690193227804,14.7));
#9264=CARTESIAN_POINT('Ctrl Pts',(58.820633823541,-61.3949707971919,15.));
#9265=CARTESIAN_POINT('Ctrl Pts',(58.820633823541,-61.3949707971919,14.7));
#9266=CARTESIAN_POINT('Ctrl Pts',(57.7558216239869,-61.4211576435283,15.));
#9267=CARTESIAN_POINT('Ctrl Pts',(57.7558216239869,-61.4211576435283,14.7));
#9268=CARTESIAN_POINT('Ctrl Pts',(57.1735501214123,-61.435477402797,15.));
#9269=CARTESIAN_POINT('Ctrl Pts',(57.1735501214123,-61.435477402797,14.7));
#9270=CARTESIAN_POINT('',(60.2921258423435,-60.9213079688817,15.));
#9271=CARTESIAN_POINT('Ctrl Pts',(60.2921258423435,-60.9213079688817,15.));
#9272=CARTESIAN_POINT('Ctrl Pts',(59.8332422961639,-61.0690193227804,15.));
#9273=CARTESIAN_POINT('Ctrl Pts',(58.820633823541,-61.3949707971919,15.));
#9274=CARTESIAN_POINT('Ctrl Pts',(57.7558216239869,-61.4211576435283,15.));
#9275=CARTESIAN_POINT('Ctrl Pts',(57.1735501214123,-61.435477402797,15.));
#9276=CARTESIAN_POINT('',(60.2921258423435,-60.9213079688817,14.7));
#9277=CARTESIAN_POINT('',(60.2921258423435,-60.9213079688817,15.));
#9278=CARTESIAN_POINT('Ctrl Pts',(60.2921258423435,-60.9213079688817,14.7));
#9279=CARTESIAN_POINT('Ctrl Pts',(59.8332422961639,-61.0690193227804,14.7));
#9280=CARTESIAN_POINT('Ctrl Pts',(58.820633823541,-61.3949707971919,14.7));
#9281=CARTESIAN_POINT('Ctrl Pts',(57.7558216239869,-61.4211576435283,14.7));
#9282=CARTESIAN_POINT('Ctrl Pts',(57.1735501214123,-61.435477402797,14.7));
#9283=CARTESIAN_POINT('Ctrl Pts',(61.7818576308048,-59.9489163001327,15.));
#9284=CARTESIAN_POINT('Ctrl Pts',(61.7818576308048,-59.9489163001327,14.7));
#9285=CARTESIAN_POINT('Ctrl Pts',(61.5445016657288,-60.150087719985,15.));
#9286=CARTESIAN_POINT('Ctrl Pts',(61.5445016657288,-60.150087719985,14.7));
#9287=CARTESIAN_POINT('Ctrl Pts',(61.0883826444425,-60.5366721106675,15.));
#9288=CARTESIAN_POINT('Ctrl Pts',(61.0883826444425,-60.5366721106675,14.7));
#9289=CARTESIAN_POINT('Ctrl Pts',(60.550232521071,-60.7966282378936,15.));
#9290=CARTESIAN_POINT('Ctrl Pts',(60.550232521071,-60.7966282378936,14.7));
#9291=CARTESIAN_POINT('Ctrl Pts',(60.2921258423435,-60.9213079688817,15.));
#9292=CARTESIAN_POINT('Ctrl Pts',(60.2921258423435,-60.9213079688817,14.7));
#9293=CARTESIAN_POINT('',(61.7818576308048,-59.9489163001327,15.));
#9294=CARTESIAN_POINT('Ctrl Pts',(61.7818576308048,-59.9489163001327,15.));
#9295=CARTESIAN_POINT('Ctrl Pts',(61.5445016657288,-60.150087719985,15.));
#9296=CARTESIAN_POINT('Ctrl Pts',(61.0883826444425,-60.5366721106675,15.));
#9297=CARTESIAN_POINT('Ctrl Pts',(60.550232521071,-60.7966282378936,15.));
#9298=CARTESIAN_POINT('Ctrl Pts',(60.2921258423435,-60.9213079688817,15.));
#9299=CARTESIAN_POINT('',(61.7818576308048,-59.9489163001327,14.7));
#9300=CARTESIAN_POINT('',(61.7818576308048,-59.9489163001327,15.));
#9301=CARTESIAN_POINT('Ctrl Pts',(61.7818576308048,-59.9489163001327,14.7));
#9302=CARTESIAN_POINT('Ctrl Pts',(61.5445016657288,-60.150087719985,14.7));
#9303=CARTESIAN_POINT('Ctrl Pts',(61.0883826444425,-60.5366721106675,14.7));
#9304=CARTESIAN_POINT('Ctrl Pts',(60.550232521071,-60.7966282378936,14.7));
#9305=CARTESIAN_POINT('Ctrl Pts',(60.2921258423435,-60.9213079688817,14.7));
#9306=CARTESIAN_POINT('Ctrl Pts',(62.9215782000196,-58.4771265988865,15.));
#9307=CARTESIAN_POINT('Ctrl Pts',(62.9215782000196,-58.4771265988865,14.7));
#9308=CARTESIAN_POINT('Ctrl Pts',(62.7683290066897,-58.7449087526373,15.));
#9309=CARTESIAN_POINT('Ctrl Pts',(62.7683290066897,-58.7449087526373,14.7));
#9310=CARTESIAN_POINT('Ctrl Pts',(62.457180808527,-59.2885979742853,15.));
#9311=CARTESIAN_POINT('Ctrl Pts',(62.457180808527,-59.2885979742853,14.7));
#9312=CARTESIAN_POINT('Ctrl Pts',(62.0091969199464,-59.7266282108779,15.));
#9313=CARTESIAN_POINT('Ctrl Pts',(62.0091969199464,-59.7266282108779,14.7));
#9314=CARTESIAN_POINT('Ctrl Pts',(61.7818576308048,-59.9489163001327,15.));
#9315=CARTESIAN_POINT('Ctrl Pts',(61.7818576308048,-59.9489163001327,14.7));
#9316=CARTESIAN_POINT('',(62.9215782000196,-58.4771265988865,15.));
#9317=CARTESIAN_POINT('Ctrl Pts',(62.9215782000196,-58.4771265988865,15.));
#9318=CARTESIAN_POINT('Ctrl Pts',(62.7683290066897,-58.7449087526373,15.));
#9319=CARTESIAN_POINT('Ctrl Pts',(62.457180808527,-59.2885979742853,15.));
#9320=CARTESIAN_POINT('Ctrl Pts',(62.0091969199464,-59.7266282108779,15.));
#9321=CARTESIAN_POINT('Ctrl Pts',(61.7818576308048,-59.9489163001327,15.));
#9322=CARTESIAN_POINT('',(62.9215782000196,-58.4771265988865,14.7));
#9323=CARTESIAN_POINT('',(62.9215782000196,-58.4771265988865,15.));
#9324=CARTESIAN_POINT('Ctrl Pts',(62.9215782000196,-58.4771265988865,14.7));
#9325=CARTESIAN_POINT('Ctrl Pts',(62.7683290066897,-58.7449087526373,14.7));
#9326=CARTESIAN_POINT('Ctrl Pts',(62.457180808527,-59.2885979742853,14.7));
#9327=CARTESIAN_POINT('Ctrl Pts',(62.0091969199464,-59.7266282108779,14.7));
#9328=CARTESIAN_POINT('Ctrl Pts',(61.7818576308048,-59.9489163001327,14.7));
#9329=CARTESIAN_POINT('Ctrl Pts',(63.4826742479427,-55.6837934448271,15.));
#9330=CARTESIAN_POINT('Ctrl Pts',(63.4826742479427,-55.6837934448271,14.7));
#9331=CARTESIAN_POINT('Ctrl Pts',(63.4690877129917,-56.2027239674289,15.));
#9332=CARTESIAN_POINT('Ctrl Pts',(63.4690877129917,-56.2027239674289,14.7));
#9333=CARTESIAN_POINT('Ctrl Pts',(63.4438192125985,-57.1678409867222,15.));
#9334=CARTESIAN_POINT('Ctrl Pts',(63.4438192125985,-57.1678409867222,14.7));
#9335=CARTESIAN_POINT('Ctrl Pts',(63.0866857656084,-58.0631932714034,15.));
#9336=CARTESIAN_POINT('Ctrl Pts',(63.0866857656084,-58.0631932714034,14.7));
#9337=CARTESIAN_POINT('Ctrl Pts',(62.9215782000196,-58.4771265988865,15.));
#9338=CARTESIAN_POINT('Ctrl Pts',(62.9215782000196,-58.4771265988865,14.7));
#9339=CARTESIAN_POINT('',(63.4826742479427,-55.6837934448271,15.));
#9340=CARTESIAN_POINT('Ctrl Pts',(63.4826742479427,-55.6837934448271,15.));
#9341=CARTESIAN_POINT('Ctrl Pts',(63.4690877129917,-56.2027239674289,15.));
#9342=CARTESIAN_POINT('Ctrl Pts',(63.4438192125985,-57.1678409867222,15.));
#9343=CARTESIAN_POINT('Ctrl Pts',(63.0866857656084,-58.0631932714034,15.));
#9344=CARTESIAN_POINT('Ctrl Pts',(62.9215782000196,-58.4771265988865,15.));
#9345=CARTESIAN_POINT('',(63.4826742479427,-55.6837934448271,14.7));
#9346=CARTESIAN_POINT('',(63.4826742479427,-55.6837934448271,15.));
#9347=CARTESIAN_POINT('Ctrl Pts',(63.4826742479427,-55.6837934448271,14.7));
#9348=CARTESIAN_POINT('Ctrl Pts',(63.4690877129917,-56.2027239674289,14.7));
#9349=CARTESIAN_POINT('Ctrl Pts',(63.4438192125985,-57.1678409867222,14.7));
#9350=CARTESIAN_POINT('Ctrl Pts',(63.0866857656084,-58.0631932714034,14.7));
#9351=CARTESIAN_POINT('Ctrl Pts',(62.9215782000196,-58.4771265988865,14.7));
#9352=CARTESIAN_POINT('Ctrl Pts',(63.0010409983625,-53.1096988949557,15.));
#9353=CARTESIAN_POINT('Ctrl Pts',(63.0010409983625,-53.1096988949557,14.7));
#9354=CARTESIAN_POINT('Ctrl Pts',(63.1395384507601,-53.4819071716064,15.));
#9355=CARTESIAN_POINT('Ctrl Pts',(63.1395384507601,-53.4819071716064,14.7));
#9356=CARTESIAN_POINT('Ctrl Pts',(63.4478741679575,-54.3105513375548,15.));
#9357=CARTESIAN_POINT('Ctrl Pts',(63.4478741679575,-54.3105513375548,14.7));
#9358=CARTESIAN_POINT('Ctrl Pts',(63.4703139242486,-55.1960440786339,15.));
#9359=CARTESIAN_POINT('Ctrl Pts',(63.4703139242486,-55.1960440786339,14.7));
#9360=CARTESIAN_POINT('Ctrl Pts',(63.4826742479427,-55.6837934448271,15.));
#9361=CARTESIAN_POINT('Ctrl Pts',(63.4826742479427,-55.6837934448271,14.7));
#9362=CARTESIAN_POINT('',(63.0010409983625,-53.1096988949557,15.));
#9363=CARTESIAN_POINT('Ctrl Pts',(63.0010409983625,-53.1096988949557,15.));
#9364=CARTESIAN_POINT('Ctrl Pts',(63.1395384507601,-53.4819071716064,15.));
#9365=CARTESIAN_POINT('Ctrl Pts',(63.4478741679575,-54.3105513375548,15.));
#9366=CARTESIAN_POINT('Ctrl Pts',(63.4703139242486,-55.1960440786339,15.));
#9367=CARTESIAN_POINT('Ctrl Pts',(63.4826742479427,-55.6837934448271,15.));
#9368=CARTESIAN_POINT('',(63.0010409983625,-53.1096988949557,14.7));
#9369=CARTESIAN_POINT('',(63.0010409983625,-53.1096988949557,15.));
#9370=CARTESIAN_POINT('Ctrl Pts',(63.0010409983625,-53.1096988949557,14.7));
#9371=CARTESIAN_POINT('Ctrl Pts',(63.1395384507601,-53.4819071716064,14.7));
#9372=CARTESIAN_POINT('Ctrl Pts',(63.4478741679575,-54.3105513375548,14.7));
#9373=CARTESIAN_POINT('Ctrl Pts',(63.4703139242486,-55.1960440786339,14.7));
#9374=CARTESIAN_POINT('Ctrl Pts',(63.4826742479427,-55.6837934448271,14.7));
#9375=CARTESIAN_POINT('Ctrl Pts',(61.6943902790735,-51.4233821640682,15.));
#9376=CARTESIAN_POINT('Ctrl Pts',(61.6943902790735,-51.4233821640682,14.7));
#9377=CARTESIAN_POINT('Ctrl Pts',(61.9564350724047,-51.6722004879024,15.));
#9378=CARTESIAN_POINT('Ctrl Pts',(61.9564350724047,-51.6722004879024,14.7));
#9379=CARTESIAN_POINT('Ctrl Pts',(62.4781630256768,-52.1675947034499,15.));
#9380=CARTESIAN_POINT('Ctrl Pts',(62.4781630256768,-52.1675947034499,14.7));
#9381=CARTESIAN_POINT('Ctrl Pts',(62.8272750998303,-52.7966132614051,15.));
#9382=CARTESIAN_POINT('Ctrl Pts',(62.8272750998303,-52.7966132614051,14.7));
#9383=CARTESIAN_POINT('Ctrl Pts',(63.0010409983625,-53.1096988949557,15.));
#9384=CARTESIAN_POINT('Ctrl Pts',(63.0010409983625,-53.1096988949557,14.7));
#9385=CARTESIAN_POINT('',(61.6943902790735,-51.4233821640682,15.));
#9386=CARTESIAN_POINT('Ctrl Pts',(61.6943902790735,-51.4233821640682,15.));
#9387=CARTESIAN_POINT('Ctrl Pts',(61.9564350724047,-51.6722004879024,15.));
#9388=CARTESIAN_POINT('Ctrl Pts',(62.4781630256768,-52.1675947034499,15.));
#9389=CARTESIAN_POINT('Ctrl Pts',(62.8272750998303,-52.7966132614051,15.));
#9390=CARTESIAN_POINT('Ctrl Pts',(63.0010409983625,-53.1096988949557,15.));
#9391=CARTESIAN_POINT('',(61.6943902790735,-51.4233821640682,14.7));
#9392=CARTESIAN_POINT('',(61.6943902790735,-51.4233821640682,15.));
#9393=CARTESIAN_POINT('Ctrl Pts',(61.6943902790735,-51.4233821640682,14.7));
#9394=CARTESIAN_POINT('Ctrl Pts',(61.9564350724047,-51.6722004879024,14.7));
#9395=CARTESIAN_POINT('Ctrl Pts',(62.4781630256768,-52.1675947034499,14.7));
#9396=CARTESIAN_POINT('Ctrl Pts',(62.8272750998303,-52.7966132614051,14.7));
#9397=CARTESIAN_POINT('Ctrl Pts',(63.0010409983625,-53.1096988949557,14.7));
#9398=CARTESIAN_POINT('Ctrl Pts',(59.7100922432988,-50.3891232708455,15.));
#9399=CARTESIAN_POINT('Ctrl Pts',(59.7100922432988,-50.3891232708455,14.7));
#9400=CARTESIAN_POINT('Ctrl Pts',(60.0776925562745,-50.5087655775221,15.));
#9401=CARTESIAN_POINT('Ctrl Pts',(60.0776925562745,-50.5087655775221,14.7));
#9402=CARTESIAN_POINT('Ctrl Pts',(60.7971204845368,-50.7429166752948,15.));
#9403=CARTESIAN_POINT('Ctrl Pts',(60.7971204845368,-50.7429166752948,14.7));
#9404=CARTESIAN_POINT('Ctrl Pts',(61.3997040167884,-51.1998999598064,15.));
#9405=CARTESIAN_POINT('Ctrl Pts',(61.3997040167884,-51.1998999598064,14.7));
#9406=CARTESIAN_POINT('Ctrl Pts',(61.6943902790735,-51.4233821640682,15.));
#9407=CARTESIAN_POINT('Ctrl Pts',(61.6943902790735,-51.4233821640682,14.7));
#9408=CARTESIAN_POINT('',(59.7100922432988,-50.3891232708455,15.));
#9409=CARTESIAN_POINT('Ctrl Pts',(59.7100922432988,-50.3891232708455,15.));
#9410=CARTESIAN_POINT('Ctrl Pts',(60.0776925562745,-50.5087655775221,15.));
#9411=CARTESIAN_POINT('Ctrl Pts',(60.7971204845368,-50.7429166752948,15.));
#9412=CARTESIAN_POINT('Ctrl Pts',(61.3997040167884,-51.1998999598064,15.));
#9413=CARTESIAN_POINT('Ctrl Pts',(61.6943902790735,-51.4233821640682,15.));
#9414=CARTESIAN_POINT('',(59.7100922432988,-50.3891232708455,14.7));
#9415=CARTESIAN_POINT('',(59.7100922432988,-50.3891232708455,15.));
#9416=CARTESIAN_POINT('Ctrl Pts',(59.7100922432988,-50.3891232708455,14.7));
#9417=CARTESIAN_POINT('Ctrl Pts',(60.0776925562745,-50.5087655775221,14.7));
#9418=CARTESIAN_POINT('Ctrl Pts',(60.7971204845368,-50.7429166752948,14.7));
#9419=CARTESIAN_POINT('Ctrl Pts',(61.3997040167884,-51.1998999598064,14.7));
#9420=CARTESIAN_POINT('Ctrl Pts',(61.6943902790735,-51.4233821640682,14.7));
#9421=CARTESIAN_POINT('Ctrl Pts',(56.8284599937576,-50.0794078431805,15.));
#9422=CARTESIAN_POINT('Ctrl Pts',(56.8284599937576,-50.0794078431805,14.7));
#9423=CARTESIAN_POINT('Ctrl Pts',(57.3589720758328,-50.0848385105328,15.));
#9424=CARTESIAN_POINT('Ctrl Pts',(57.3589720758328,-50.0848385105328,14.7));
#9425=CARTESIAN_POINT('Ctrl Pts',(58.3301279510898,-50.0947798948744,15.));
#9426=CARTESIAN_POINT('Ctrl Pts',(58.3301279510898,-50.0947798948744,14.7));
#9427=CARTESIAN_POINT('Ctrl Pts',(59.2793847472084,-50.297254300633,15.));
#9428=CARTESIAN_POINT('Ctrl Pts',(59.2793847472084,-50.297254300633,14.7));
#9429=CARTESIAN_POINT('Ctrl Pts',(59.7100922432988,-50.3891232708455,15.));
#9430=CARTESIAN_POINT('Ctrl Pts',(59.7100922432988,-50.3891232708455,14.7));
#9431=CARTESIAN_POINT('',(56.8284599937576,-50.0794078431805,15.));
#9432=CARTESIAN_POINT('Ctrl Pts',(56.8284599937576,-50.0794078431805,15.));
#9433=CARTESIAN_POINT('Ctrl Pts',(57.3589720758328,-50.0848385105328,15.));
#9434=CARTESIAN_POINT('Ctrl Pts',(58.3301279510898,-50.0947798948744,15.));
#9435=CARTESIAN_POINT('Ctrl Pts',(59.2793847472084,-50.297254300633,15.));
#9436=CARTESIAN_POINT('Ctrl Pts',(59.7100922432988,-50.3891232708455,15.));
#9437=CARTESIAN_POINT('',(56.8284599937576,-50.0794078431805,14.7));
#9438=CARTESIAN_POINT('',(56.8284599937576,-50.0794078431805,15.));
#9439=CARTESIAN_POINT('Ctrl Pts',(56.8284599937576,-50.0794078431805,14.7));
#9440=CARTESIAN_POINT('Ctrl Pts',(57.3589720758328,-50.0848385105328,14.7));
#9441=CARTESIAN_POINT('Ctrl Pts',(58.3301279510898,-50.0947798948744,14.7));
#9442=CARTESIAN_POINT('Ctrl Pts',(59.2793847472084,-50.297254300633,14.7));
#9443=CARTESIAN_POINT('Ctrl Pts',(59.7100922432988,-50.3891232708455,14.7));
#9444=CARTESIAN_POINT('Ctrl Pts',(53.8787137571085,-50.5933399059995,15.));
#9445=CARTESIAN_POINT('Ctrl Pts',(53.8787137571085,-50.5933399059995,14.7));
#9446=CARTESIAN_POINT('Ctrl Pts',(54.3139469293507,-50.4455552629752,15.));
#9447=CARTESIAN_POINT('Ctrl Pts',(54.3139469293507,-50.4455552629752,14.7));
#9448=CARTESIAN_POINT('Ctrl Pts',(55.2691212937002,-50.1212231314556,15.));
#9449=CARTESIAN_POINT('Ctrl Pts',(55.2691212937002,-50.1212231314556,14.7));
#9450=CARTESIAN_POINT('Ctrl Pts',(56.2788322584537,-50.0941466822761,15.));
#9451=CARTESIAN_POINT('Ctrl Pts',(56.2788322584537,-50.0941466822761,14.7));
#9452=CARTESIAN_POINT('Ctrl Pts',(56.8284599937576,-50.0794078431805,15.));
#9453=CARTESIAN_POINT('Ctrl Pts',(56.8284599937576,-50.0794078431805,14.7));
#9454=CARTESIAN_POINT('',(53.8787137571085,-50.5933399059995,15.));
#9455=CARTESIAN_POINT('Ctrl Pts',(53.8787137571085,-50.5933399059995,15.));
#9456=CARTESIAN_POINT('Ctrl Pts',(54.3139469293507,-50.4455552629752,15.));
#9457=CARTESIAN_POINT('Ctrl Pts',(55.2691212937002,-50.1212231314556,15.));
#9458=CARTESIAN_POINT('Ctrl Pts',(56.2788322584537,-50.0941466822761,15.));
#9459=CARTESIAN_POINT('Ctrl Pts',(56.8284599937576,-50.0794078431805,15.));
#9460=CARTESIAN_POINT('',(53.8787137571085,-50.5933399059995,14.7));
#9461=CARTESIAN_POINT('',(53.8787137571085,-50.5933399059995,15.));
#9462=CARTESIAN_POINT('Ctrl Pts',(53.8787137571085,-50.5933399059995,14.7));
#9463=CARTESIAN_POINT('Ctrl Pts',(54.3139469293507,-50.4455552629752,14.7));
#9464=CARTESIAN_POINT('Ctrl Pts',(55.2691212937002,-50.1212231314556,14.7));
#9465=CARTESIAN_POINT('Ctrl Pts',(56.2788322584537,-50.0941466822761,14.7));
#9466=CARTESIAN_POINT('Ctrl Pts',(56.8284599937576,-50.0794078431805,14.7));
#9467=CARTESIAN_POINT('Ctrl Pts',(51.9764677916484,-52.0083425722444,15.));
#9468=CARTESIAN_POINT('Ctrl Pts',(51.9764677916484,-52.0083425722444,14.7));
#9469=CARTESIAN_POINT('Ctrl Pts',(52.2451275142346,-51.7206405879378,15.));
#9470=CARTESIAN_POINT('Ctrl Pts',(52.2451275142346,-51.7206405879378,14.7));
#9471=CARTESIAN_POINT('Ctrl Pts',(52.7931208992841,-51.1338061240741,15.));
#9472=CARTESIAN_POINT('Ctrl Pts',(52.7931208992841,-51.1338061240741,14.7));
#9473=CARTESIAN_POINT('Ctrl Pts',(53.5121808003634,-50.7758196261855,15.));
#9474=CARTESIAN_POINT('Ctrl Pts',(53.5121808003634,-50.7758196261855,14.7));
#9475=CARTESIAN_POINT('Ctrl Pts',(53.8787137571085,-50.5933399059995,15.));
#9476=CARTESIAN_POINT('Ctrl Pts',(53.8787137571085,-50.5933399059995,14.7));
#9477=CARTESIAN_POINT('',(51.9764677916484,-52.0083425722444,15.));
#9478=CARTESIAN_POINT('Ctrl Pts',(51.9764677916484,-52.0083425722444,15.));
#9479=CARTESIAN_POINT('Ctrl Pts',(52.2451275142346,-51.7206405879378,15.));
#9480=CARTESIAN_POINT('Ctrl Pts',(52.7931208992841,-51.1338061240741,15.));
#9481=CARTESIAN_POINT('Ctrl Pts',(53.5121808003634,-50.7758196261855,15.));
#9482=CARTESIAN_POINT('Ctrl Pts',(53.8787137571085,-50.5933399059995,15.));
#9483=CARTESIAN_POINT('',(51.9764677916484,-52.0083425722444,14.7));
#9484=CARTESIAN_POINT('',(51.9764677916484,-52.0083425722444,15.));
#9485=CARTESIAN_POINT('Ctrl Pts',(51.9764677916484,-52.0083425722444,14.7));
#9486=CARTESIAN_POINT('Ctrl Pts',(52.2451275142346,-51.7206405879378,14.7));
#9487=CARTESIAN_POINT('Ctrl Pts',(52.7931208992841,-51.1338061240741,14.7));
#9488=CARTESIAN_POINT('Ctrl Pts',(53.5121808003634,-50.7758196261855,14.7));
#9489=CARTESIAN_POINT('Ctrl Pts',(53.8787137571085,-50.5933399059995,14.7));
#9490=CARTESIAN_POINT('Ctrl Pts',(50.9112539182573,-54.1564864196384,15.));
#9491=CARTESIAN_POINT('Ctrl Pts',(50.9112539182573,-54.1564864196384,14.7));
#9492=CARTESIAN_POINT('Ctrl Pts',(51.0332749193967,-53.7607024487599,15.));
#9493=CARTESIAN_POINT('Ctrl Pts',(51.0332749193967,-53.7607024487599,14.7));
#9494=CARTESIAN_POINT('Ctrl Pts',(51.2719403165946,-52.9865739157024,15.));
#9495=CARTESIAN_POINT('Ctrl Pts',(51.2719403165946,-52.9865739157024,14.7));
#9496=CARTESIAN_POINT('Ctrl Pts',(51.7451789744134,-52.329485435258,15.));
#9497=CARTESIAN_POINT('Ctrl Pts',(51.7451789744134,-52.329485435258,14.7));
#9498=CARTESIAN_POINT('Ctrl Pts',(51.9764677916484,-52.0083425722444,15.));
#9499=CARTESIAN_POINT('Ctrl Pts',(51.9764677916484,-52.0083425722444,14.7));
#9500=CARTESIAN_POINT('',(50.9112539182573,-54.1564864196384,15.));
#9501=CARTESIAN_POINT('Ctrl Pts',(50.9112539182573,-54.1564864196384,15.));
#9502=CARTESIAN_POINT('Ctrl Pts',(51.0332749193967,-53.7607024487599,15.));
#9503=CARTESIAN_POINT('Ctrl Pts',(51.2719403165946,-52.9865739157024,15.));
#9504=CARTESIAN_POINT('Ctrl Pts',(51.7451789744134,-52.329485435258,15.));
#9505=CARTESIAN_POINT('Ctrl Pts',(51.9764677916484,-52.0083425722444,15.));
#9506=CARTESIAN_POINT('',(50.9112539182573,-54.1564864196384,14.7));
#9507=CARTESIAN_POINT('',(50.9112539182573,-54.1564864196384,15.));
#9508=CARTESIAN_POINT('Ctrl Pts',(50.9112539182573,-54.1564864196384,14.7));
#9509=CARTESIAN_POINT('Ctrl Pts',(51.0332749193967,-53.7607024487599,14.7));
#9510=CARTESIAN_POINT('Ctrl Pts',(51.2719403165946,-52.9865739157024,14.7));
#9511=CARTESIAN_POINT('Ctrl Pts',(51.7451789744134,-52.329485435258,14.7));
#9512=CARTESIAN_POINT('Ctrl Pts',(51.9764677916484,-52.0083425722444,14.7));
#9513=CARTESIAN_POINT('Origin',(54.8728911485229,-54.5898251886334,15.));
#9514=CARTESIAN_POINT('',(54.8728911485229,-54.5898251886334,15.));
#9515=CARTESIAN_POINT('',(55.0423655994784,-54.6083629410031,15.));
#9516=CARTESIAN_POINT('',(54.8728911485229,-54.5898251886334,14.7));
#9517=CARTESIAN_POINT('',(54.8728911485229,-54.5898251886334,15.));
#9518=CARTESIAN_POINT('',(54.8728911485229,-54.5898251886334,14.7));
#9519=CARTESIAN_POINT('Ctrl Pts',(55.7012909066878,-53.2970610318341,15.));
#9520=CARTESIAN_POINT('Ctrl Pts',(55.7012909066878,-53.2970610318341,14.7));
#9521=CARTESIAN_POINT('Ctrl Pts',(55.525110371296,-53.4655758096652,15.));
#9522=CARTESIAN_POINT('Ctrl Pts',(55.525110371296,-53.4655758096652,14.7));
#9523=CARTESIAN_POINT('Ctrl Pts',(55.1455842758814,-53.8285884177701,15.));
#9524=CARTESIAN_POINT('Ctrl Pts',(55.1455842758814,-53.8285884177701,14.7));
#9525=CARTESIAN_POINT('Ctrl Pts',(54.968025190777,-54.3242536583709,15.));
#9526=CARTESIAN_POINT('Ctrl Pts',(54.968025190777,-54.3242536583709,14.7));
#9527=CARTESIAN_POINT('Ctrl Pts',(54.8728911485229,-54.5898251886334,15.));
#9528=CARTESIAN_POINT('Ctrl Pts',(54.8728911485229,-54.5898251886334,14.7));
#9529=CARTESIAN_POINT('Ctrl Pts',(55.7012909066878,-53.2970610318341,15.));
#9530=CARTESIAN_POINT('Ctrl Pts',(55.525110371296,-53.4655758096652,15.));
#9531=CARTESIAN_POINT('Ctrl Pts',(55.1455842758814,-53.8285884177701,15.));
#9532=CARTESIAN_POINT('Ctrl Pts',(54.968025190777,-54.3242536583709,15.));
#9533=CARTESIAN_POINT('Ctrl Pts',(54.8728911485229,-54.5898251886334,15.));
#9534=CARTESIAN_POINT('Ctrl Pts',(55.7012909066878,-53.2970610318341,14.7));
#9535=CARTESIAN_POINT('Ctrl Pts',(55.525110371296,-53.4655758096652,14.7));
#9536=CARTESIAN_POINT('Ctrl Pts',(55.1455842758814,-53.8285884177701,14.7));
#9537=CARTESIAN_POINT('Ctrl Pts',(54.968025190777,-54.3242536583709,14.7));
#9538=CARTESIAN_POINT('Ctrl Pts',(54.8728911485229,-54.5898251886334,14.7));
#9539=CARTESIAN_POINT('Origin',(76.2754375003818,-57.5407274301237,14.7));
#9540=CARTESIAN_POINT('Origin',(74.9193847895566,-50.247934023723,15.));
#9541=CARTESIAN_POINT('',(74.9193847895566,-50.247934023723,15.));
#9542=CARTESIAN_POINT('',(79.0837399757904,-50.2301996081917,15.));
#9543=CARTESIAN_POINT('',(66.0632578780131,-50.2856489225783,15.));
#9544=CARTESIAN_POINT('',(74.9193847895566,-50.247934023723,14.7));
#9545=CARTESIAN_POINT('',(74.9193847895566,-50.247934023723,15.));
#9546=CARTESIAN_POINT('',(79.0837399757904,-50.2301996081917,14.7));
#9547=CARTESIAN_POINT('',(74.9193847895566,-50.247934023723,14.7));
#9548=CARTESIAN_POINT('',(79.0837399757904,-50.2301996081917,15.));
#9549=CARTESIAN_POINT('Origin',(74.9656598512432,-61.1141389340754,15.));
#9550=CARTESIAN_POINT('',(74.9656598512432,-61.1141389340754,15.));
#9551=CARTESIAN_POINT('',(74.9139568371651,-48.9733545681823,15.));
#9552=CARTESIAN_POINT('',(74.9656598512432,-61.1141389340754,14.7));
#9553=CARTESIAN_POINT('',(74.9656598512432,-61.1141389340754,15.));
#9554=CARTESIAN_POINT('',(74.9656598512432,-61.1141389340754,14.7));
#9555=CARTESIAN_POINT('Origin',(79.130015037477,-61.0964045185442,15.));
#9556=CARTESIAN_POINT('',(79.130015037477,-61.0964045185442,15.));
#9557=CARTESIAN_POINT('',(68.1917105328166,-61.1429866251652,15.));
#9558=CARTESIAN_POINT('',(79.130015037477,-61.0964045185442,14.7));
#9559=CARTESIAN_POINT('',(79.130015037477,-61.0964045185442,15.));
#9560=CARTESIAN_POINT('',(79.130015037477,-61.0964045185442,14.7));
#9561=CARTESIAN_POINT('Origin',(79.0837399757904,-50.2301996081917,15.));
#9562=CARTESIAN_POINT('',(79.0551744925556,-43.5225176974749,15.));
#9563=CARTESIAN_POINT('',(79.0837399757904,-50.2301996081917,14.7));
#9564=CARTESIAN_POINT('Origin',(76.2754375003818,-57.5407274301237,14.7));
#9565=CARTESIAN_POINT('Origin',(74.9711936795539,-62.413579932564,15.));
#9566=CARTESIAN_POINT('',(74.9711936795539,-62.413579932564,15.));
#9567=CARTESIAN_POINT('',(79.1355488657877,-62.3958455170327,15.));
#9568=CARTESIAN_POINT('',(66.1150667680104,-62.4512948314193,15.));
#9569=CARTESIAN_POINT('',(74.9711936795539,-62.413579932564,14.7));
#9570=CARTESIAN_POINT('',(74.9711936795539,-62.413579932564,15.));
#9571=CARTESIAN_POINT('',(79.1355488657877,-62.3958455170327,14.7));
#9572=CARTESIAN_POINT('',(74.9711936795539,-62.413579932564,14.7));
#9573=CARTESIAN_POINT('',(79.1355488657877,-62.3958455170327,15.));
#9574=CARTESIAN_POINT('Origin',(74.9832635436225,-65.2477980065989,15.));
#9575=CARTESIAN_POINT('',(74.9832635436225,-65.2477980065989,15.));
#9576=CARTESIAN_POINT('',(74.9227586833548,-51.0401841044441,15.));
#9577=CARTESIAN_POINT('',(74.9832635436225,-65.2477980065989,14.7));
#9578=CARTESIAN_POINT('',(74.9832635436225,-65.2477980065989,15.));
#9579=CARTESIAN_POINT('',(74.9832635436225,-65.2477980065989,14.7));
#9580=CARTESIAN_POINT('Origin',(79.1476187298563,-65.2300635910677,15.));
#9581=CARTESIAN_POINT('',(79.1476187298563,-65.2300635910677,15.));
#9582=CARTESIAN_POINT('',(68.2093142251959,-65.2766456976887,15.));
#9583=CARTESIAN_POINT('',(79.1476187298563,-65.2300635910677,14.7));
#9584=CARTESIAN_POINT('',(79.1476187298563,-65.2300635910677,15.));
#9585=CARTESIAN_POINT('',(79.1476187298563,-65.2300635910677,14.7));
#9586=CARTESIAN_POINT('Origin',(79.1355488657877,-62.3958455170327,15.));
#9587=CARTESIAN_POINT('',(79.0810789375543,-49.6053406518954,15.));
#9588=CARTESIAN_POINT('',(79.1355488657877,-62.3958455170327,14.7));
#9589=CARTESIAN_POINT('Origin',(76.2754375003818,-57.5407274301237,14.7));
#9590=CARTESIAN_POINT('Ctrl Pts',(107.711314328454,-49.8524839708489,15.));
#9591=CARTESIAN_POINT('Ctrl Pts',(107.711314328454,-49.8524839708489,14.7));
#9592=CARTESIAN_POINT('Ctrl Pts',(108.826297236044,-49.8568632336465,15.));
#9593=CARTESIAN_POINT('Ctrl Pts',(108.826297236044,-49.8568632336465,14.7));
#9594=CARTESIAN_POINT('Ctrl Pts',(110.741508956055,-49.8643855152689,15.));
#9595=CARTESIAN_POINT('Ctrl Pts',(110.741508956055,-49.8643855152689,14.7));
#9596=CARTESIAN_POINT('Ctrl Pts',(112.346900394395,-50.879256410151,15.));
#9597=CARTESIAN_POINT('Ctrl Pts',(112.346900394395,-50.879256410151,14.7));
#9598=CARTESIAN_POINT('Ctrl Pts',(113.017677661864,-51.3032977432776,15.));
#9599=CARTESIAN_POINT('Ctrl Pts',(113.017677661864,-51.3032977432776,14.7));
#9600=CARTESIAN_POINT('',(107.711314328454,-49.8524839708489,15.));
#9601=CARTESIAN_POINT('',(113.017677661864,-51.3032977432776,15.));
#9602=CARTESIAN_POINT('Ctrl Pts',(107.711314328454,-49.8524839708489,15.));
#9603=CARTESIAN_POINT('Ctrl Pts',(108.826297236044,-49.8568632336465,15.));
#9604=CARTESIAN_POINT('Ctrl Pts',(110.741508956055,-49.8643855152689,15.));
#9605=CARTESIAN_POINT('Ctrl Pts',(112.346900394395,-50.879256410151,15.));
#9606=CARTESIAN_POINT('Ctrl Pts',(113.017677661864,-51.3032977432776,15.));
#9607=CARTESIAN_POINT('',(107.711314328454,-49.8524839708489,14.7));
#9608=CARTESIAN_POINT('',(107.711314328454,-49.8524839708489,15.));
#9609=CARTESIAN_POINT('',(113.017677661864,-51.3032977432776,14.7));
#9610=CARTESIAN_POINT('Ctrl Pts',(107.711314328454,-49.8524839708489,14.7));
#9611=CARTESIAN_POINT('Ctrl Pts',(108.826297236044,-49.8568632336465,14.7));
#9612=CARTESIAN_POINT('Ctrl Pts',(110.741508956055,-49.8643855152689,14.7));
#9613=CARTESIAN_POINT('Ctrl Pts',(112.346900394395,-50.879256410151,14.7));
#9614=CARTESIAN_POINT('Ctrl Pts',(113.017677661864,-51.3032977432776,14.7));
#9615=CARTESIAN_POINT('',(113.017677661864,-51.3032977432776,15.));
#9616=CARTESIAN_POINT('Ctrl Pts',(104.102157632998,-50.497122636032,15.));
#9617=CARTESIAN_POINT('Ctrl Pts',(104.102157632998,-50.497122636032,14.7));
#9618=CARTESIAN_POINT('Ctrl Pts',(104.63636672009,-50.3116591957605,15.));
#9619=CARTESIAN_POINT('Ctrl Pts',(104.63636672009,-50.3116591957605,14.7));
#9620=CARTESIAN_POINT('Ctrl Pts',(105.803699819354,-49.9063916371144,15.));
#9621=CARTESIAN_POINT('Ctrl Pts',(105.803699819354,-49.9063916371144,14.7));
#9622=CARTESIAN_POINT('Ctrl Pts',(107.040508818005,-49.8714404001557,15.));
#9623=CARTESIAN_POINT('Ctrl Pts',(107.040508818005,-49.8714404001557,14.7));
#9624=CARTESIAN_POINT('Ctrl Pts',(107.711314328454,-49.8524839708489,15.));
#9625=CARTESIAN_POINT('Ctrl Pts',(107.711314328454,-49.8524839708489,14.7));
#9626=CARTESIAN_POINT('',(104.102157632998,-50.497122636032,15.));
#9627=CARTESIAN_POINT('Ctrl Pts',(104.102157632998,-50.497122636032,15.));
#9628=CARTESIAN_POINT('Ctrl Pts',(104.63636672009,-50.3116591957605,15.));
#9629=CARTESIAN_POINT('Ctrl Pts',(105.803699819354,-49.9063916371144,15.));
#9630=CARTESIAN_POINT('Ctrl Pts',(107.040508818005,-49.8714404001557,15.));
#9631=CARTESIAN_POINT('Ctrl Pts',(107.711314328454,-49.8524839708489,15.));
#9632=CARTESIAN_POINT('',(104.102157632998,-50.497122636032,14.7));
#9633=CARTESIAN_POINT('',(104.102157632998,-50.497122636032,15.));
#9634=CARTESIAN_POINT('Ctrl Pts',(104.102157632998,-50.497122636032,14.7));
#9635=CARTESIAN_POINT('Ctrl Pts',(104.63636672009,-50.3116591957605,14.7));
#9636=CARTESIAN_POINT('Ctrl Pts',(105.803699819354,-49.9063916371144,14.7));
#9637=CARTESIAN_POINT('Ctrl Pts',(107.040508818005,-49.8714404001557,14.7));
#9638=CARTESIAN_POINT('Ctrl Pts',(107.711314328454,-49.8524839708489,14.7));
#9639=CARTESIAN_POINT('Ctrl Pts',(101.879483287355,-52.3534667528252,15.));
#9640=CARTESIAN_POINT('Ctrl Pts',(101.879483287355,-52.3534667528252,14.7));
#9641=CARTESIAN_POINT('Ctrl Pts',(102.174733083458,-51.9689377729334,15.));
#9642=CARTESIAN_POINT('Ctrl Pts',(102.174733083458,-51.9689377729334,14.7));
#9643=CARTESIAN_POINT('Ctrl Pts',(102.77676893712,-51.1848551563769,15.));
#9644=CARTESIAN_POINT('Ctrl Pts',(102.77676893712,-51.1848551563769,14.7));
#9645=CARTESIAN_POINT('Ctrl Pts',(103.654753397118,-50.7292767533198,15.));
#9646=CARTESIAN_POINT('Ctrl Pts',(103.654753397118,-50.7292767533198,14.7));
#9647=CARTESIAN_POINT('Ctrl Pts',(104.102157632998,-50.497122636032,15.));
#9648=CARTESIAN_POINT('Ctrl Pts',(104.102157632998,-50.497122636032,14.7));
#9649=CARTESIAN_POINT('',(101.879483287355,-52.3534667528252,15.));
#9650=CARTESIAN_POINT('Ctrl Pts',(101.879483287355,-52.3534667528252,15.));
#9651=CARTESIAN_POINT('Ctrl Pts',(102.174733083458,-51.9689377729334,15.));
#9652=CARTESIAN_POINT('Ctrl Pts',(102.77676893712,-51.1848551563769,15.));
#9653=CARTESIAN_POINT('Ctrl Pts',(103.654753397118,-50.7292767533198,15.));
#9654=CARTESIAN_POINT('Ctrl Pts',(104.102157632998,-50.497122636032,15.));
#9655=CARTESIAN_POINT('',(101.879483287355,-52.3534667528252,14.7));
#9656=CARTESIAN_POINT('',(101.879483287355,-52.3534667528252,15.));
#9657=CARTESIAN_POINT('Ctrl Pts',(101.879483287355,-52.3534667528252,14.7));
#9658=CARTESIAN_POINT('Ctrl Pts',(102.174733083458,-51.9689377729334,14.7));
#9659=CARTESIAN_POINT('Ctrl Pts',(102.77676893712,-51.1848551563769,14.7));
#9660=CARTESIAN_POINT('Ctrl Pts',(103.654753397118,-50.7292767533198,14.7));
#9661=CARTESIAN_POINT('Ctrl Pts',(104.102157632998,-50.497122636032,14.7));
#9662=CARTESIAN_POINT('Ctrl Pts',(101.092730143267,-55.017144476429,15.));
#9663=CARTESIAN_POINT('Ctrl Pts',(101.092730143267,-55.017144476429,14.7));
#9664=CARTESIAN_POINT('Ctrl Pts',(101.124293903295,-54.5449960601275,15.));
#9665=CARTESIAN_POINT('Ctrl Pts',(101.124293903295,-54.5449960601275,14.7));
#9666=CARTESIAN_POINT('Ctrl Pts',(101.187574274323,-53.5984127969885,15.));
#9667=CARTESIAN_POINT('Ctrl Pts',(101.187574274323,-53.5984127969885,14.7));
#9668=CARTESIAN_POINT('Ctrl Pts',(101.648475853798,-52.7691164772284,15.));
#9669=CARTESIAN_POINT('Ctrl Pts',(101.648475853798,-52.7691164772284,14.7));
#9670=CARTESIAN_POINT('Ctrl Pts',(101.879483287355,-52.3534667528252,15.));
#9671=CARTESIAN_POINT('Ctrl Pts',(101.879483287355,-52.3534667528252,14.7));
#9672=CARTESIAN_POINT('',(101.092730143267,-55.017144476429,15.));
#9673=CARTESIAN_POINT('Ctrl Pts',(101.092730143267,-55.017144476429,15.));
#9674=CARTESIAN_POINT('Ctrl Pts',(101.124293903295,-54.5449960601275,15.));
#9675=CARTESIAN_POINT('Ctrl Pts',(101.187574274323,-53.5984127969885,15.));
#9676=CARTESIAN_POINT('Ctrl Pts',(101.648475853798,-52.7691164772284,15.));
#9677=CARTESIAN_POINT('Ctrl Pts',(101.879483287355,-52.3534667528252,15.));
#9678=CARTESIAN_POINT('',(101.092730143267,-55.017144476429,14.7));
#9679=CARTESIAN_POINT('',(101.092730143267,-55.017144476429,15.));
#9680=CARTESIAN_POINT('Ctrl Pts',(101.092730143267,-55.017144476429,14.7));
#9681=CARTESIAN_POINT('Ctrl Pts',(101.124293903295,-54.5449960601275,14.7));
#9682=CARTESIAN_POINT('Ctrl Pts',(101.187574274323,-53.5984127969885,14.7));
#9683=CARTESIAN_POINT('Ctrl Pts',(101.648475853798,-52.7691164772284,14.7));
#9684=CARTESIAN_POINT('Ctrl Pts',(101.879483287355,-52.3534667528252,14.7));
#9685=CARTESIAN_POINT('Ctrl Pts',(101.70074788144,-57.2349007622175,15.));
#9686=CARTESIAN_POINT('Ctrl Pts',(101.70074788144,-57.2349007622175,14.7));
#9687=CARTESIAN_POINT('Ctrl Pts',(101.524715228201,-56.8919809030314,15.));
#9688=CARTESIAN_POINT('Ctrl Pts',(101.524715228201,-56.8919809030314,14.7));
#9689=CARTESIAN_POINT('Ctrl Pts',(101.167203852294,-56.1955319861572,15.));
#9690=CARTESIAN_POINT('Ctrl Pts',(101.167203852294,-56.1955319861572,14.7));
#9691=CARTESIAN_POINT('Ctrl Pts',(101.117805545621,-55.4139092048313,15.));
#9692=CARTESIAN_POINT('Ctrl Pts',(101.117805545621,-55.4139092048313,14.7));
#9693=CARTESIAN_POINT('Ctrl Pts',(101.092730143267,-55.017144476429,15.));
#9694=CARTESIAN_POINT('Ctrl Pts',(101.092730143267,-55.017144476429,14.7));
#9695=CARTESIAN_POINT('',(101.70074788144,-57.2349007622175,15.));
#9696=CARTESIAN_POINT('Ctrl Pts',(101.70074788144,-57.2349007622175,15.));
#9697=CARTESIAN_POINT('Ctrl Pts',(101.524715228201,-56.8919809030314,15.));
#9698=CARTESIAN_POINT('Ctrl Pts',(101.167203852294,-56.1955319861572,15.));
#9699=CARTESIAN_POINT('Ctrl Pts',(101.117805545621,-55.4139092048313,15.));
#9700=CARTESIAN_POINT('Ctrl Pts',(101.092730143267,-55.017144476429,15.));
#9701=CARTESIAN_POINT('',(101.70074788144,-57.2349007622175,14.7));
#9702=CARTESIAN_POINT('',(101.70074788144,-57.2349007622175,15.));
#9703=CARTESIAN_POINT('Ctrl Pts',(101.70074788144,-57.2349007622175,14.7));
#9704=CARTESIAN_POINT('Ctrl Pts',(101.524715228201,-56.8919809030314,14.7));
#9705=CARTESIAN_POINT('Ctrl Pts',(101.167203852294,-56.1955319861572,14.7));
#9706=CARTESIAN_POINT('Ctrl Pts',(101.117805545621,-55.4139092048313,14.7));
#9707=CARTESIAN_POINT('Ctrl Pts',(101.092730143267,-55.017144476429,14.7));
#9708=CARTESIAN_POINT('Ctrl Pts',(103.62118112234,-58.8894256949294,15.));
#9709=CARTESIAN_POINT('Ctrl Pts',(103.62118112234,-58.8894256949294,14.7));
#9710=CARTESIAN_POINT('Ctrl Pts',(103.219276666394,-58.6661584038948,15.));
#9711=CARTESIAN_POINT('Ctrl Pts',(103.219276666394,-58.6661584038948,14.7));
#9712=CARTESIAN_POINT('Ctrl Pts',(102.463584772783,-58.2463539467733,15.));
#9713=CARTESIAN_POINT('Ctrl Pts',(102.463584772783,-58.2463539467733,14.7));
#9714=CARTESIAN_POINT('Ctrl Pts',(101.943999018741,-57.5574299165643,15.));
#9715=CARTESIAN_POINT('Ctrl Pts',(101.943999018741,-57.5574299165643,14.7));
#9716=CARTESIAN_POINT('Ctrl Pts',(101.70074788144,-57.2349007622175,15.));
#9717=CARTESIAN_POINT('Ctrl Pts',(101.70074788144,-57.2349007622175,14.7));
#9718=CARTESIAN_POINT('',(103.62118112234,-58.8894256949294,15.));
#9719=CARTESIAN_POINT('Ctrl Pts',(103.62118112234,-58.8894256949294,15.));
#9720=CARTESIAN_POINT('Ctrl Pts',(103.219276666394,-58.6661584038948,15.));
#9721=CARTESIAN_POINT('Ctrl Pts',(102.463584772783,-58.2463539467733,15.));
#9722=CARTESIAN_POINT('Ctrl Pts',(101.943999018741,-57.5574299165643,15.));
#9723=CARTESIAN_POINT('Ctrl Pts',(101.70074788144,-57.2349007622175,15.));
#9724=CARTESIAN_POINT('',(103.62118112234,-58.8894256949294,14.7));
#9725=CARTESIAN_POINT('',(103.62118112234,-58.8894256949294,15.));
#9726=CARTESIAN_POINT('Ctrl Pts',(103.62118112234,-58.8894256949294,14.7));
#9727=CARTESIAN_POINT('Ctrl Pts',(103.219276666394,-58.6661584038948,14.7));
#9728=CARTESIAN_POINT('Ctrl Pts',(102.463584772783,-58.2463539467733,14.7));
#9729=CARTESIAN_POINT('Ctrl Pts',(101.943999018741,-57.5574299165643,14.7));
#9730=CARTESIAN_POINT('Ctrl Pts',(101.70074788144,-57.2349007622175,14.7));
#9731=CARTESIAN_POINT('Ctrl Pts',(107.980467411552,-60.1959082519595,15.));
#9732=CARTESIAN_POINT('Ctrl Pts',(107.980467411552,-60.1959082519595,14.7));
#9733=CARTESIAN_POINT('Ctrl Pts',(107.101043975749,-60.009638939087,15.));
#9734=CARTESIAN_POINT('Ctrl Pts',(107.101043975749,-60.009638939087,14.7));
#9735=CARTESIAN_POINT('Ctrl Pts',(105.61065476369,-59.6939619135033,15.));
#9736=CARTESIAN_POINT('Ctrl Pts',(105.61065476369,-59.6939619135033,14.7));
#9737=CARTESIAN_POINT('Ctrl Pts',(104.199617566629,-59.1233433804422,15.));
#9738=CARTESIAN_POINT('Ctrl Pts',(104.199617566629,-59.1233433804422,14.7));
#9739=CARTESIAN_POINT('Ctrl Pts',(103.62118112234,-58.8894256949294,15.));
#9740=CARTESIAN_POINT('Ctrl Pts',(103.62118112234,-58.8894256949294,14.7));
#9741=CARTESIAN_POINT('',(107.980467411552,-60.1959082519595,15.));
#9742=CARTESIAN_POINT('Ctrl Pts',(107.980467411552,-60.1959082519595,15.));
#9743=CARTESIAN_POINT('Ctrl Pts',(107.101043975749,-60.009638939087,15.));
#9744=CARTESIAN_POINT('Ctrl Pts',(105.61065476369,-59.6939619135033,15.));
#9745=CARTESIAN_POINT('Ctrl Pts',(104.199617566629,-59.1233433804422,15.));
#9746=CARTESIAN_POINT('Ctrl Pts',(103.62118112234,-58.8894256949294,15.));
#9747=CARTESIAN_POINT('',(107.980467411552,-60.1959082519595,14.7));
#9748=CARTESIAN_POINT('',(107.980467411552,-60.1959082519595,15.));
#9749=CARTESIAN_POINT('Ctrl Pts',(107.980467411552,-60.1959082519595,14.7));
#9750=CARTESIAN_POINT('Ctrl Pts',(107.101043975749,-60.009638939087,14.7));
#9751=CARTESIAN_POINT('Ctrl Pts',(105.61065476369,-59.6939619135033,14.7));
#9752=CARTESIAN_POINT('Ctrl Pts',(104.199617566629,-59.1233433804422,14.7));
#9753=CARTESIAN_POINT('Ctrl Pts',(103.62118112234,-58.8894256949294,14.7));
#9754=CARTESIAN_POINT('Ctrl Pts',(109.538058956182,-60.7418055885623,15.));
#9755=CARTESIAN_POINT('Ctrl Pts',(109.538058956182,-60.7418055885623,14.7));
#9756=CARTESIAN_POINT('Ctrl Pts',(109.356510833315,-60.6391498549384,15.));
#9757=CARTESIAN_POINT('Ctrl Pts',(109.356510833315,-60.6391498549384,14.7));
#9758=CARTESIAN_POINT('Ctrl Pts',(108.872349324333,-60.3653824696732,15.));
#9759=CARTESIAN_POINT('Ctrl Pts',(108.872349324333,-60.3653824696732,14.7));
#9760=CARTESIAN_POINT('Ctrl Pts',(108.323507596646,-60.2610922927839,15.));
#9761=CARTESIAN_POINT('Ctrl Pts',(108.323507596646,-60.2610922927839,14.7));
#9762=CARTESIAN_POINT('Ctrl Pts',(107.980467411552,-60.1959082519595,15.));
#9763=CARTESIAN_POINT('Ctrl Pts',(107.980467411552,-60.1959082519595,14.7));
#9764=CARTESIAN_POINT('',(109.538058956182,-60.7418055885623,15.));
#9765=CARTESIAN_POINT('Ctrl Pts',(109.538058956182,-60.7418055885623,15.));
#9766=CARTESIAN_POINT('Ctrl Pts',(109.356510833315,-60.6391498549384,15.));
#9767=CARTESIAN_POINT('Ctrl Pts',(108.872349324333,-60.3653824696732,15.));
#9768=CARTESIAN_POINT('Ctrl Pts',(108.323507596646,-60.2610922927839,15.));
#9769=CARTESIAN_POINT('Ctrl Pts',(107.980467411552,-60.1959082519595,15.));
#9770=CARTESIAN_POINT('',(109.538058956182,-60.7418055885623,14.7));
#9771=CARTESIAN_POINT('',(109.538058956182,-60.7418055885623,15.));
#9772=CARTESIAN_POINT('Ctrl Pts',(109.538058956182,-60.7418055885623,14.7));
#9773=CARTESIAN_POINT('Ctrl Pts',(109.356510833315,-60.6391498549384,14.7));
#9774=CARTESIAN_POINT('Ctrl Pts',(108.872349324333,-60.3653824696732,14.7));
#9775=CARTESIAN_POINT('Ctrl Pts',(108.323507596646,-60.2610922927839,14.7));
#9776=CARTESIAN_POINT('Ctrl Pts',(107.980467411552,-60.1959082519595,14.7));
#9777=CARTESIAN_POINT('Ctrl Pts',(109.878454169621,-61.3849693631184,15.));
#9778=CARTESIAN_POINT('Ctrl Pts',(109.878454169621,-61.3849693631184,14.7));
#9779=CARTESIAN_POINT('Ctrl Pts',(109.860748139194,-61.2661042897671,15.));
#9780=CARTESIAN_POINT('Ctrl Pts',(109.860748139194,-61.2661042897671,14.7));
#9781=CARTESIAN_POINT('Ctrl Pts',(109.823040732853,-61.012964906599,15.));
#9782=CARTESIAN_POINT('Ctrl Pts',(109.823040732853,-61.012964906599,14.7));
#9783=CARTESIAN_POINT('Ctrl Pts',(109.636831230022,-60.8357871151295,15.));
#9784=CARTESIAN_POINT('Ctrl Pts',(109.636831230022,-60.8357871151295,14.7));
#9785=CARTESIAN_POINT('Ctrl Pts',(109.538058956182,-60.7418055885623,15.));
#9786=CARTESIAN_POINT('Ctrl Pts',(109.538058956182,-60.7418055885623,14.7));
#9787=CARTESIAN_POINT('',(109.878454169621,-61.3849693631184,15.));
#9788=CARTESIAN_POINT('Ctrl Pts',(109.878454169621,-61.3849693631184,15.));
#9789=CARTESIAN_POINT('Ctrl Pts',(109.860748139194,-61.2661042897671,15.));
#9790=CARTESIAN_POINT('Ctrl Pts',(109.823040732853,-61.012964906599,15.));
#9791=CARTESIAN_POINT('Ctrl Pts',(109.636831230022,-60.8357871151295,15.));
#9792=CARTESIAN_POINT('Ctrl Pts',(109.538058956182,-60.7418055885623,15.));
#9793=CARTESIAN_POINT('',(109.878454169621,-61.3849693631184,14.7));
#9794=CARTESIAN_POINT('',(109.878454169621,-61.3849693631184,15.));
#9795=CARTESIAN_POINT('Ctrl Pts',(109.878454169621,-61.3849693631184,14.7));
#9796=CARTESIAN_POINT('Ctrl Pts',(109.860748139194,-61.2661042897671,14.7));
#9797=CARTESIAN_POINT('Ctrl Pts',(109.823040732853,-61.012964906599,14.7));
#9798=CARTESIAN_POINT('Ctrl Pts',(109.636831230022,-60.8357871151295,14.7));
#9799=CARTESIAN_POINT('Ctrl Pts',(109.538058956182,-60.7418055885623,14.7));
#9800=CARTESIAN_POINT('Ctrl Pts',(109.472732042291,-62.2206071011294,15.));
#9801=CARTESIAN_POINT('Ctrl Pts',(109.472732042291,-62.2206071011294,14.7));
#9802=CARTESIAN_POINT('Ctrl Pts',(109.591579163589,-62.1017221031579,15.));
#9803=CARTESIAN_POINT('Ctrl Pts',(109.591579163589,-62.1017221031579,14.7));
#9804=CARTESIAN_POINT('Ctrl Pts',(109.823688564746,-61.869538728546,15.));
#9805=CARTESIAN_POINT('Ctrl Pts',(109.823688564746,-61.869538728546,14.7));
#9806=CARTESIAN_POINT('Ctrl Pts',(109.860494164192,-61.5438805712318,15.));
#9807=CARTESIAN_POINT('Ctrl Pts',(109.860494164192,-61.5438805712318,14.7));
#9808=CARTESIAN_POINT('Ctrl Pts',(109.878454169621,-61.3849693631184,15.));
#9809=CARTESIAN_POINT('Ctrl Pts',(109.878454169621,-61.3849693631184,14.7));
#9810=CARTESIAN_POINT('',(109.472732042291,-62.2206071011294,15.));
#9811=CARTESIAN_POINT('Ctrl Pts',(109.472732042291,-62.2206071011294,15.));
#9812=CARTESIAN_POINT('Ctrl Pts',(109.591579163589,-62.1017221031579,15.));
#9813=CARTESIAN_POINT('Ctrl Pts',(109.823688564746,-61.869538728546,15.));
#9814=CARTESIAN_POINT('Ctrl Pts',(109.860494164192,-61.5438805712318,15.));
#9815=CARTESIAN_POINT('Ctrl Pts',(109.878454169621,-61.3849693631184,15.));
#9816=CARTESIAN_POINT('',(109.472732042291,-62.2206071011294,14.7));
#9817=CARTESIAN_POINT('',(109.472732042291,-62.2206071011294,15.));
#9818=CARTESIAN_POINT('Ctrl Pts',(109.472732042291,-62.2206071011294,14.7));
#9819=CARTESIAN_POINT('Ctrl Pts',(109.591579163589,-62.1017221031579,14.7));
#9820=CARTESIAN_POINT('Ctrl Pts',(109.823688564746,-61.869538728546,14.7));
#9821=CARTESIAN_POINT('Ctrl Pts',(109.860494164192,-61.5438805712318,14.7));
#9822=CARTESIAN_POINT('Ctrl Pts',(109.878454169621,-61.3849693631184,14.7));
#9823=CARTESIAN_POINT('Ctrl Pts',(108.256603881241,-62.5685588625395,15.));
#9824=CARTESIAN_POINT('Ctrl Pts',(108.256603881241,-62.5685588625395,14.7));
#9825=CARTESIAN_POINT('Ctrl Pts',(108.499381646266,-62.5608296339203,15.));
#9826=CARTESIAN_POINT('Ctrl Pts',(108.499381646266,-62.5608296339203,14.7));
#9827=CARTESIAN_POINT('Ctrl Pts',(108.936140555661,-62.54692469719,15.));
#9828=CARTESIAN_POINT('Ctrl Pts',(108.936140555661,-62.54692469719,14.7));
#9829=CARTESIAN_POINT('Ctrl Pts',(109.307705848039,-62.3209645468537,15.));
#9830=CARTESIAN_POINT('Ctrl Pts',(109.307705848039,-62.3209645468537,14.7));
#9831=CARTESIAN_POINT('Ctrl Pts',(109.472732042291,-62.2206071011294,15.));
#9832=CARTESIAN_POINT('Ctrl Pts',(109.472732042291,-62.2206071011294,14.7));
#9833=CARTESIAN_POINT('',(108.256603881241,-62.5685588625395,15.));
#9834=CARTESIAN_POINT('Ctrl Pts',(108.256603881241,-62.5685588625395,15.));
#9835=CARTESIAN_POINT('Ctrl Pts',(108.499381646266,-62.5608296339203,15.));
#9836=CARTESIAN_POINT('Ctrl Pts',(108.936140555661,-62.54692469719,15.));
#9837=CARTESIAN_POINT('Ctrl Pts',(109.307705848039,-62.3209645468537,15.));
#9838=CARTESIAN_POINT('Ctrl Pts',(109.472732042291,-62.2206071011294,15.));
#9839=CARTESIAN_POINT('',(108.256603881241,-62.5685588625395,14.7));
#9840=CARTESIAN_POINT('',(108.256603881241,-62.5685588625395,15.));
#9841=CARTESIAN_POINT('Ctrl Pts',(108.256603881241,-62.5685588625395,14.7));
#9842=CARTESIAN_POINT('Ctrl Pts',(108.499381646266,-62.5608296339203,14.7));
#9843=CARTESIAN_POINT('Ctrl Pts',(108.936140555661,-62.54692469719,14.7));
#9844=CARTESIAN_POINT('Ctrl Pts',(109.307705848039,-62.3209645468537,14.7));
#9845=CARTESIAN_POINT('Ctrl Pts',(109.472732042291,-62.2206071011294,14.7));
#9846=CARTESIAN_POINT('Ctrl Pts',(106.714752573074,-62.1146868896559,15.));
#9847=CARTESIAN_POINT('Ctrl Pts',(106.714752573074,-62.1146868896559,14.7));
#9848=CARTESIAN_POINT('Ctrl Pts',(106.930620303773,-62.2478181705903,15.));
#9849=CARTESIAN_POINT('Ctrl Pts',(106.930620303773,-62.2478181705903,14.7));
#9850=CARTESIAN_POINT('Ctrl Pts',(107.401415456178,-62.5381698664846,15.));
#9851=CARTESIAN_POINT('Ctrl Pts',(107.401415456178,-62.5381698664846,14.7));
#9852=CARTESIAN_POINT('Ctrl Pts',(107.95619848109,-62.5578840004243,15.));
#9853=CARTESIAN_POINT('Ctrl Pts',(107.95619848109,-62.5578840004243,14.7));
#9854=CARTESIAN_POINT('Ctrl Pts',(108.256603881241,-62.5685588625395,15.));
#9855=CARTESIAN_POINT('Ctrl Pts',(108.256603881241,-62.5685588625395,14.7));
#9856=CARTESIAN_POINT('',(106.714752573074,-62.1146868896559,15.));
#9857=CARTESIAN_POINT('Ctrl Pts',(106.714752573074,-62.1146868896559,15.));
#9858=CARTESIAN_POINT('Ctrl Pts',(106.930620303773,-62.2478181705903,15.));
#9859=CARTESIAN_POINT('Ctrl Pts',(107.401415456178,-62.5381698664846,15.));
#9860=CARTESIAN_POINT('Ctrl Pts',(107.95619848109,-62.5578840004243,15.));
#9861=CARTESIAN_POINT('Ctrl Pts',(108.256603881241,-62.5685588625395,15.));
#9862=CARTESIAN_POINT('',(106.714752573074,-62.1146868896559,14.7));
#9863=CARTESIAN_POINT('',(106.714752573074,-62.1146868896559,15.));
#9864=CARTESIAN_POINT('Ctrl Pts',(106.714752573074,-62.1146868896559,14.7));
#9865=CARTESIAN_POINT('Ctrl Pts',(106.930620303773,-62.2478181705903,14.7));
#9866=CARTESIAN_POINT('Ctrl Pts',(107.401415456178,-62.5381698664846,14.7));
#9867=CARTESIAN_POINT('Ctrl Pts',(107.95619848109,-62.5578840004243,14.7));
#9868=CARTESIAN_POINT('Ctrl Pts',(108.256603881241,-62.5685588625395,14.7));
#9869=CARTESIAN_POINT('Ctrl Pts',(105.97690197587,-60.644417547373,15.));
#9870=CARTESIAN_POINT('Ctrl Pts',(105.97690197587,-60.644417547373,14.7));
#9871=CARTESIAN_POINT('Ctrl Pts',(106.041747634184,-60.9494402448365,15.));
#9872=CARTESIAN_POINT('Ctrl Pts',(106.041747634184,-60.9494402448365,14.7));
#9873=CARTESIAN_POINT('Ctrl Pts',(106.160137686297,-61.5063264572282,15.));
#9874=CARTESIAN_POINT('Ctrl Pts',(106.160137686297,-61.5063264572282,14.7));
#9875=CARTESIAN_POINT('Ctrl Pts',(106.542032570709,-61.9252292717075,15.));
#9876=CARTESIAN_POINT('Ctrl Pts',(106.542032570709,-61.9252292717075,14.7));
#9877=CARTESIAN_POINT('Ctrl Pts',(106.714752573074,-62.1146868896559,15.));
#9878=CARTESIAN_POINT('Ctrl Pts',(106.714752573074,-62.1146868896559,14.7));
#9879=CARTESIAN_POINT('',(105.97690197587,-60.644417547373,15.));
#9880=CARTESIAN_POINT('Ctrl Pts',(105.97690197587,-60.644417547373,15.));
#9881=CARTESIAN_POINT('Ctrl Pts',(106.041747634184,-60.9494402448365,15.));
#9882=CARTESIAN_POINT('Ctrl Pts',(106.160137686297,-61.5063264572282,15.));
#9883=CARTESIAN_POINT('Ctrl Pts',(106.542032570709,-61.9252292717075,15.));
#9884=CARTESIAN_POINT('Ctrl Pts',(106.714752573074,-62.1146868896559,15.));
#9885=CARTESIAN_POINT('',(105.97690197587,-60.644417547373,14.7));
#9886=CARTESIAN_POINT('',(105.97690197587,-60.644417547373,15.));
#9887=CARTESIAN_POINT('Ctrl Pts',(105.97690197587,-60.644417547373,14.7));
#9888=CARTESIAN_POINT('Ctrl Pts',(106.041747634184,-60.9494402448365,14.7));
#9889=CARTESIAN_POINT('Ctrl Pts',(106.160137686297,-61.5063264572282,14.7));
#9890=CARTESIAN_POINT('Ctrl Pts',(106.542032570709,-61.9252292717075,14.7));
#9891=CARTESIAN_POINT('Ctrl Pts',(106.714752573074,-62.1146868896559,14.7));
#9892=CARTESIAN_POINT('Origin',(101.609000341253,-60.9188204034103,15.));
#9893=CARTESIAN_POINT('',(101.609000341253,-60.9188204034103,15.));
#9894=CARTESIAN_POINT('',(80.2181338654649,-62.2626498540441,15.));
#9895=CARTESIAN_POINT('',(101.609000341253,-60.9188204034103,14.7));
#9896=CARTESIAN_POINT('',(101.609000341253,-60.9188204034103,15.));
#9897=CARTESIAN_POINT('',(101.609000341253,-60.9188204034103,14.7));
#9898=CARTESIAN_POINT('Ctrl Pts',(103.419174225299,-64.3132563211704,15.));
#9899=CARTESIAN_POINT('Ctrl Pts',(103.419174225299,-64.3132563211704,14.7));
#9900=CARTESIAN_POINT('Ctrl Pts',(102.962824427166,-63.8826500141489,15.));
#9901=CARTESIAN_POINT('Ctrl Pts',(102.962824427166,-63.8826500141489,14.7));
#9902=CARTESIAN_POINT('Ctrl Pts',(101.983689998964,-62.958750273357,15.));
#9903=CARTESIAN_POINT('Ctrl Pts',(101.983689998964,-62.958750273357,14.7));
#9904=CARTESIAN_POINT('Ctrl Pts',(101.739421480141,-61.628874634731,15.));
#9905=CARTESIAN_POINT('Ctrl Pts',(101.739421480141,-61.628874634731,14.7));
#9906=CARTESIAN_POINT('Ctrl Pts',(101.609000341253,-60.9188204034103,15.));
#9907=CARTESIAN_POINT('Ctrl Pts',(101.609000341253,-60.9188204034103,14.7));
#9908=CARTESIAN_POINT('',(103.419174225299,-64.3132563211704,15.));
#9909=CARTESIAN_POINT('Ctrl Pts',(103.419174225299,-64.3132563211704,15.));
#9910=CARTESIAN_POINT('Ctrl Pts',(102.962824427166,-63.8826500141489,15.));
#9911=CARTESIAN_POINT('Ctrl Pts',(101.983689998964,-62.958750273357,15.));
#9912=CARTESIAN_POINT('Ctrl Pts',(101.739421480141,-61.628874634731,15.));
#9913=CARTESIAN_POINT('Ctrl Pts',(101.609000341253,-60.9188204034103,15.));
#9914=CARTESIAN_POINT('',(103.419174225299,-64.3132563211704,14.7));
#9915=CARTESIAN_POINT('',(103.419174225299,-64.3132563211704,15.));
#9916=CARTESIAN_POINT('Ctrl Pts',(103.419174225299,-64.3132563211704,14.7));
#9917=CARTESIAN_POINT('Ctrl Pts',(102.962824427166,-63.8826500141489,14.7));
#9918=CARTESIAN_POINT('Ctrl Pts',(101.983689998964,-62.958750273357,14.7));
#9919=CARTESIAN_POINT('Ctrl Pts',(101.739421480141,-61.628874634731,14.7));
#9920=CARTESIAN_POINT('Ctrl Pts',(101.609000341253,-60.9188204034103,14.7));
#9921=CARTESIAN_POINT('Ctrl Pts',(107.808067285544,-65.3638111810695,15.));
#9922=CARTESIAN_POINT('Ctrl Pts',(107.808067285544,-65.3638111810695,14.7));
#9923=CARTESIAN_POINT('Ctrl Pts',(106.945201610306,-65.347745597472,15.));
#9924=CARTESIAN_POINT('Ctrl Pts',(106.945201610306,-65.347745597472,14.7));
#9925=CARTESIAN_POINT('Ctrl Pts',(105.399230668719,-65.3189613659118,15.));
#9926=CARTESIAN_POINT('Ctrl Pts',(105.399230668719,-65.3189613659118,14.7));
#9927=CARTESIAN_POINT('Ctrl Pts',(104.025966841609,-64.6214568259403,15.));
#9928=CARTESIAN_POINT('Ctrl Pts',(104.025966841609,-64.6214568259403,14.7));
#9929=CARTESIAN_POINT('Ctrl Pts',(103.419174225299,-64.3132563211704,15.));
#9930=CARTESIAN_POINT('Ctrl Pts',(103.419174225299,-64.3132563211704,14.7));
#9931=CARTESIAN_POINT('',(107.808067285544,-65.3638111810695,15.));
#9932=CARTESIAN_POINT('Ctrl Pts',(107.808067285544,-65.3638111810695,15.));
#9933=CARTESIAN_POINT('Ctrl Pts',(106.945201610306,-65.347745597472,15.));
#9934=CARTESIAN_POINT('Ctrl Pts',(105.399230668719,-65.3189613659118,15.));
#9935=CARTESIAN_POINT('Ctrl Pts',(104.025966841609,-64.6214568259403,15.));
#9936=CARTESIAN_POINT('Ctrl Pts',(103.419174225299,-64.3132563211704,15.));
#9937=CARTESIAN_POINT('',(107.808067285544,-65.3638111810695,14.7));
#9938=CARTESIAN_POINT('',(107.808067285544,-65.3638111810695,15.));
#9939=CARTESIAN_POINT('Ctrl Pts',(107.808067285544,-65.3638111810695,14.7));
#9940=CARTESIAN_POINT('Ctrl Pts',(106.945201610306,-65.347745597472,14.7));
#9941=CARTESIAN_POINT('Ctrl Pts',(105.399230668719,-65.3189613659118,14.7));
#9942=CARTESIAN_POINT('Ctrl Pts',(104.025966841609,-64.6214568259403,14.7));
#9943=CARTESIAN_POINT('Ctrl Pts',(103.419174225299,-64.3132563211704,14.7));
#9944=CARTESIAN_POINT('Ctrl Pts',(111.494137363961,-64.7597722752541,15.));
#9945=CARTESIAN_POINT('Ctrl Pts',(111.494137363961,-64.7597722752541,14.7));
#9946=CARTESIAN_POINT('Ctrl Pts',(110.967339641801,-64.9330011663015,15.));
#9947=CARTESIAN_POINT('Ctrl Pts',(110.967339641801,-64.9330011663015,14.7));
#9948=CARTESIAN_POINT('Ctrl Pts',(109.772383619257,-65.3259430829585,15.));
#9949=CARTESIAN_POINT('Ctrl Pts',(109.772383619257,-65.3259430829585,14.7));
#9950=CARTESIAN_POINT('Ctrl Pts',(108.512519098726,-65.3502307562071,15.));
#9951=CARTESIAN_POINT('Ctrl Pts',(108.512519098726,-65.3502307562071,14.7));
#9952=CARTESIAN_POINT('Ctrl Pts',(107.808067285544,-65.3638111810695,15.));
#9953=CARTESIAN_POINT('Ctrl Pts',(107.808067285544,-65.3638111810695,14.7));
#9954=CARTESIAN_POINT('',(111.494137363961,-64.7597722752541,15.));
#9955=CARTESIAN_POINT('Ctrl Pts',(111.494137363961,-64.7597722752541,15.));
#9956=CARTESIAN_POINT('Ctrl Pts',(110.967339641801,-64.9330011663015,15.));
#9957=CARTESIAN_POINT('Ctrl Pts',(109.772383619257,-65.3259430829585,15.));
#9958=CARTESIAN_POINT('Ctrl Pts',(108.512519098726,-65.3502307562071,15.));
#9959=CARTESIAN_POINT('Ctrl Pts',(107.808067285544,-65.3638111810695,15.));
#9960=CARTESIAN_POINT('',(111.494137363961,-64.7597722752541,14.7));
#9961=CARTESIAN_POINT('',(111.494137363961,-64.7597722752541,15.));
#9962=CARTESIAN_POINT('Ctrl Pts',(111.494137363961,-64.7597722752541,14.7));
#9963=CARTESIAN_POINT('Ctrl Pts',(110.967339641801,-64.9330011663015,14.7));
#9964=CARTESIAN_POINT('Ctrl Pts',(109.772383619257,-65.3259430829585,14.7));
#9965=CARTESIAN_POINT('Ctrl Pts',(108.512519098726,-65.3502307562071,14.7));
#9966=CARTESIAN_POINT('Ctrl Pts',(107.808067285544,-65.3638111810695,14.7));
#9967=CARTESIAN_POINT('Ctrl Pts',(113.502923186155,-63.1345580964425,15.));
#9968=CARTESIAN_POINT('Ctrl Pts',(113.502923186155,-63.1345580964425,14.7));
#9969=CARTESIAN_POINT('Ctrl Pts',(113.242959568308,-63.4642709727681,15.));
#9970=CARTESIAN_POINT('Ctrl Pts',(113.242959568308,-63.4642709727681,14.7));
#9971=CARTESIAN_POINT('Ctrl Pts',(112.6970324153,-64.1566725225439,15.));
#9972=CARTESIAN_POINT('Ctrl Pts',(112.6970324153,-64.1566725225439,14.7));
#9973=CARTESIAN_POINT('Ctrl Pts',(111.907634144488,-64.5524559297384,15.));
#9974=CARTESIAN_POINT('Ctrl Pts',(111.907634144488,-64.5524559297384,14.7));
#9975=CARTESIAN_POINT('Ctrl Pts',(111.494137363961,-64.7597722752541,15.));
#9976=CARTESIAN_POINT('Ctrl Pts',(111.494137363961,-64.7597722752541,14.7));
#9977=CARTESIAN_POINT('',(113.502923186155,-63.1345580964425,15.));
#9978=CARTESIAN_POINT('Ctrl Pts',(113.502923186155,-63.1345580964425,15.));
#9979=CARTESIAN_POINT('Ctrl Pts',(113.242959568308,-63.4642709727681,15.));
#9980=CARTESIAN_POINT('Ctrl Pts',(112.6970324153,-64.1566725225439,15.));
#9981=CARTESIAN_POINT('Ctrl Pts',(111.907634144488,-64.5524559297384,15.));
#9982=CARTESIAN_POINT('Ctrl Pts',(111.494137363961,-64.7597722752541,15.));
#9983=CARTESIAN_POINT('',(113.502923186155,-63.1345580964425,14.7));
#9984=CARTESIAN_POINT('',(113.502923186155,-63.1345580964425,15.));
#9985=CARTESIAN_POINT('Ctrl Pts',(113.502923186155,-63.1345580964425,14.7));
#9986=CARTESIAN_POINT('Ctrl Pts',(113.242959568308,-63.4642709727681,14.7));
#9987=CARTESIAN_POINT('Ctrl Pts',(112.6970324153,-64.1566725225439,14.7));
#9988=CARTESIAN_POINT('Ctrl Pts',(111.907634144488,-64.5524559297384,14.7));
#9989=CARTESIAN_POINT('Ctrl Pts',(111.494137363961,-64.7597722752541,14.7));
#9990=CARTESIAN_POINT('Ctrl Pts',(114.163805218807,-60.9472088412005,15.));
#9991=CARTESIAN_POINT('Ctrl Pts',(114.163805218807,-60.9472088412005,14.7));
#9992=CARTESIAN_POINT('Ctrl Pts',(114.135775884435,-61.3300436319196,15.));
#9993=CARTESIAN_POINT('Ctrl Pts',(114.135775884435,-61.3300436319196,14.7));
#9994=CARTESIAN_POINT('Ctrl Pts',(114.078811223162,-62.1080875871527,15.));
#9995=CARTESIAN_POINT('Ctrl Pts',(114.078811223162,-62.1080875871527,14.7));
#9996=CARTESIAN_POINT('Ctrl Pts',(113.6969105075,-62.7887925105286,15.));
#9997=CARTESIAN_POINT('Ctrl Pts',(113.6969105075,-62.7887925105286,14.7));
#9998=CARTESIAN_POINT('Ctrl Pts',(113.502923186155,-63.1345580964425,15.));
#9999=CARTESIAN_POINT('Ctrl Pts',(113.502923186155,-63.1345580964425,14.7));
#10000=CARTESIAN_POINT('',(114.163805218807,-60.9472088412005,15.));
#10001=CARTESIAN_POINT('Ctrl Pts',(114.163805218807,-60.9472088412005,15.));
#10002=CARTESIAN_POINT('Ctrl Pts',(114.135775884435,-61.3300436319196,15.));
#10003=CARTESIAN_POINT('Ctrl Pts',(114.078811223162,-62.1080875871527,15.));
#10004=CARTESIAN_POINT('Ctrl Pts',(113.6969105075,-62.7887925105286,15.));
#10005=CARTESIAN_POINT('Ctrl Pts',(113.502923186155,-63.1345580964425,15.));
#10006=CARTESIAN_POINT('',(114.163805218807,-60.9472088412005,14.7));
#10007=CARTESIAN_POINT('',(114.163805218807,-60.9472088412005,15.));
#10008=CARTESIAN_POINT('Ctrl Pts',(114.163805218807,-60.9472088412005,14.7));
#10009=CARTESIAN_POINT('Ctrl Pts',(114.135775884435,-61.3300436319196,14.7));
#10010=CARTESIAN_POINT('Ctrl Pts',(114.078811223162,-62.1080875871527,14.7));
#10011=CARTESIAN_POINT('Ctrl Pts',(113.6969105075,-62.7887925105286,14.7));
#10012=CARTESIAN_POINT('Ctrl Pts',(113.502923186155,-63.1345580964425,14.7));
#10013=CARTESIAN_POINT('Ctrl Pts',(112.841799779301,-58.0571759470932,15.));
#10014=CARTESIAN_POINT('Ctrl Pts',(112.841799779301,-58.0571759470932,14.7));
#10015=CARTESIAN_POINT('Ctrl Pts',(113.225514401419,-58.4613930167068,15.));
#10016=CARTESIAN_POINT('Ctrl Pts',(113.225514401419,-58.4613930167068,14.7));
#10017=CARTESIAN_POINT('Ctrl Pts',(113.996281653122,-59.2733435181437,15.));
#10018=CARTESIAN_POINT('Ctrl Pts',(113.996281653122,-59.2733435181437,14.7));
#10019=CARTESIAN_POINT('Ctrl Pts',(114.107803039484,-60.3876451427957,15.));
#10020=CARTESIAN_POINT('Ctrl Pts',(114.107803039484,-60.3876451427957,14.7));
#10021=CARTESIAN_POINT('Ctrl Pts',(114.163805218807,-60.9472088412005,15.));
#10022=CARTESIAN_POINT('Ctrl Pts',(114.163805218807,-60.9472088412005,14.7));
#10023=CARTESIAN_POINT('',(112.841799779301,-58.0571759470932,15.));
#10024=CARTESIAN_POINT('Ctrl Pts',(112.841799779301,-58.0571759470932,15.));
#10025=CARTESIAN_POINT('Ctrl Pts',(113.225514401419,-58.4613930167068,15.));
#10026=CARTESIAN_POINT('Ctrl Pts',(113.996281653122,-59.2733435181437,15.));
#10027=CARTESIAN_POINT('Ctrl Pts',(114.107803039484,-60.3876451427957,15.));
#10028=CARTESIAN_POINT('Ctrl Pts',(114.163805218807,-60.9472088412005,15.));
#10029=CARTESIAN_POINT('',(112.841799779301,-58.0571759470932,14.7));
#10030=CARTESIAN_POINT('',(112.841799779301,-58.0571759470932,15.));
#10031=CARTESIAN_POINT('Ctrl Pts',(112.841799779301,-58.0571759470932,14.7));
#10032=CARTESIAN_POINT('Ctrl Pts',(113.225514401419,-58.4613930167068,14.7));
#10033=CARTESIAN_POINT('Ctrl Pts',(113.996281653122,-59.2733435181437,14.7));
#10034=CARTESIAN_POINT('Ctrl Pts',(114.107803039484,-60.3876451427957,14.7));
#10035=CARTESIAN_POINT('Ctrl Pts',(114.163805218807,-60.9472088412005,14.7));
#10036=CARTESIAN_POINT('Ctrl Pts',(108.485514819883,-56.2544316781012,15.));
#10037=CARTESIAN_POINT('Ctrl Pts',(108.485514819883,-56.2544316781012,14.7));
#10038=CARTESIAN_POINT('Ctrl Pts',(109.381773220159,-56.4602611154996,15.));
#10039=CARTESIAN_POINT('Ctrl Pts',(109.381773220159,-56.4602611154996,14.7));
#10040=CARTESIAN_POINT('Ctrl Pts',(110.939609912771,-56.8180247357906,15.));
#10041=CARTESIAN_POINT('Ctrl Pts',(110.939609912771,-56.8180247357906,14.7));
#10042=CARTESIAN_POINT('Ctrl Pts',(112.274782104764,-57.6878013380726,15.));
#10043=CARTESIAN_POINT('Ctrl Pts',(112.274782104764,-57.6878013380726,14.7));
#10044=CARTESIAN_POINT('Ctrl Pts',(112.841799779301,-58.0571759470932,15.));
#10045=CARTESIAN_POINT('Ctrl Pts',(112.841799779301,-58.0571759470932,14.7));
#10046=CARTESIAN_POINT('',(108.485514819883,-56.2544316781012,15.));
#10047=CARTESIAN_POINT('Ctrl Pts',(108.485514819883,-56.2544316781012,15.));
#10048=CARTESIAN_POINT('Ctrl Pts',(109.381773220159,-56.4602611154996,15.));
#10049=CARTESIAN_POINT('Ctrl Pts',(110.939609912771,-56.8180247357906,15.));
#10050=CARTESIAN_POINT('Ctrl Pts',(112.274782104764,-57.6878013380726,15.));
#10051=CARTESIAN_POINT('Ctrl Pts',(112.841799779301,-58.0571759470932,15.));
#10052=CARTESIAN_POINT('',(108.485514819883,-56.2544316781012,14.7));
#10053=CARTESIAN_POINT('',(108.485514819883,-56.2544316781012,15.));
#10054=CARTESIAN_POINT('Ctrl Pts',(108.485514819883,-56.2544316781012,14.7));
#10055=CARTESIAN_POINT('Ctrl Pts',(109.381773220159,-56.4602611154996,14.7));
#10056=CARTESIAN_POINT('Ctrl Pts',(110.939609912771,-56.8180247357906,14.7));
#10057=CARTESIAN_POINT('Ctrl Pts',(112.274782104764,-57.6878013380726,14.7));
#10058=CARTESIAN_POINT('Ctrl Pts',(112.841799779301,-58.0571759470932,14.7));
#10059=CARTESIAN_POINT('Ctrl Pts',(106.108026362131,-55.3948357872264,15.));
#10060=CARTESIAN_POINT('Ctrl Pts',(106.108026362131,-55.3948357872264,14.7));
#10061=CARTESIAN_POINT('Ctrl Pts',(106.387012929687,-55.5549185865551,15.));
#10062=CARTESIAN_POINT('Ctrl Pts',(106.387012929687,-55.5549185865551,14.7));
#10063=CARTESIAN_POINT('Ctrl Pts',(107.125714620698,-55.9787864293758,15.));
#10064=CARTESIAN_POINT('Ctrl Pts',(107.125714620698,-55.9787864293758,14.7));
#10065=CARTESIAN_POINT('Ctrl Pts',(107.963892702355,-56.1486936009831,15.));
#10066=CARTESIAN_POINT('Ctrl Pts',(107.963892702355,-56.1486936009831,14.7));
#10067=CARTESIAN_POINT('Ctrl Pts',(108.485514819883,-56.2544316781012,15.));
#10068=CARTESIAN_POINT('Ctrl Pts',(108.485514819883,-56.2544316781012,14.7));
#10069=CARTESIAN_POINT('',(106.108026362131,-55.3948357872264,15.));
#10070=CARTESIAN_POINT('Ctrl Pts',(106.108026362131,-55.3948357872264,15.));
#10071=CARTESIAN_POINT('Ctrl Pts',(106.387012929687,-55.5549185865551,15.));
#10072=CARTESIAN_POINT('Ctrl Pts',(107.125714620698,-55.9787864293758,15.));
#10073=CARTESIAN_POINT('Ctrl Pts',(107.963892702355,-56.1486936009831,15.));
#10074=CARTESIAN_POINT('Ctrl Pts',(108.485514819883,-56.2544316781012,15.));
#10075=CARTESIAN_POINT('',(106.108026362131,-55.3948357872264,14.7));
#10076=CARTESIAN_POINT('',(106.108026362131,-55.3948357872264,15.));
#10077=CARTESIAN_POINT('Ctrl Pts',(106.108026362131,-55.3948357872264,14.7));
#10078=CARTESIAN_POINT('Ctrl Pts',(106.387012929687,-55.5549185865551,14.7));
#10079=CARTESIAN_POINT('Ctrl Pts',(107.125714620698,-55.9787864293758,14.7));
#10080=CARTESIAN_POINT('Ctrl Pts',(107.963892702355,-56.1486936009831,14.7));
#10081=CARTESIAN_POINT('Ctrl Pts',(108.485514819883,-56.2544316781012,14.7));
#10082=CARTESIAN_POINT('Ctrl Pts',(105.591990292398,-54.3533656695902,15.));
#10083=CARTESIAN_POINT('Ctrl Pts',(105.591990292398,-54.3533656695902,14.7));
#10084=CARTESIAN_POINT('Ctrl Pts',(105.617874089219,-54.5458182885896,15.));
#10085=CARTESIAN_POINT('Ctrl Pts',(105.617874089219,-54.5458182885896,14.7));
#10086=CARTESIAN_POINT('Ctrl Pts',(105.672202539761,-54.9497641495908,15.));
#10087=CARTESIAN_POINT('Ctrl Pts',(105.672202539761,-54.9497641495908,14.7));
#10088=CARTESIAN_POINT('Ctrl Pts',(105.958257209205,-55.2418886587335,15.));
#10089=CARTESIAN_POINT('Ctrl Pts',(105.958257209205,-55.2418886587335,14.7));
#10090=CARTESIAN_POINT('Ctrl Pts',(106.108026362131,-55.3948357872264,15.));
#10091=CARTESIAN_POINT('Ctrl Pts',(106.108026362131,-55.3948357872264,14.7));
#10092=CARTESIAN_POINT('',(105.591990292398,-54.3533656695902,15.));
#10093=CARTESIAN_POINT('Ctrl Pts',(105.591990292398,-54.3533656695902,15.));
#10094=CARTESIAN_POINT('Ctrl Pts',(105.617874089219,-54.5458182885896,15.));
#10095=CARTESIAN_POINT('Ctrl Pts',(105.672202539761,-54.9497641495908,15.));
#10096=CARTESIAN_POINT('Ctrl Pts',(105.958257209205,-55.2418886587335,15.));
#10097=CARTESIAN_POINT('Ctrl Pts',(106.108026362131,-55.3948357872264,15.));
#10098=CARTESIAN_POINT('',(105.591990292398,-54.3533656695902,14.7));
#10099=CARTESIAN_POINT('',(105.591990292398,-54.3533656695902,15.));
#10100=CARTESIAN_POINT('Ctrl Pts',(105.591990292398,-54.3533656695902,14.7));
#10101=CARTESIAN_POINT('Ctrl Pts',(105.617874089219,-54.5458182885896,14.7));
#10102=CARTESIAN_POINT('Ctrl Pts',(105.672202539761,-54.9497641495908,14.7));
#10103=CARTESIAN_POINT('Ctrl Pts',(105.958257209205,-55.2418886587335,14.7));
#10104=CARTESIAN_POINT('Ctrl Pts',(106.108026362131,-55.3948357872264,14.7));
#10105=CARTESIAN_POINT('Ctrl Pts',(106.124564545767,-53.2716191214245,15.));
#10106=CARTESIAN_POINT('Ctrl Pts',(106.124564545767,-53.2716191214245,14.7));
#10107=CARTESIAN_POINT('Ctrl Pts',(105.968639390627,-53.4289995997128,15.));
#10108=CARTESIAN_POINT('Ctrl Pts',(105.968639390627,-53.4289995997128,14.7));
#10109=CARTESIAN_POINT('Ctrl Pts',(105.669357853527,-53.7310744728107,15.));
#10110=CARTESIAN_POINT('Ctrl Pts',(105.669357853527,-53.7310744728107,14.7));
#10111=CARTESIAN_POINT('Ctrl Pts',(105.617047191427,-54.1518252893955,15.));
#10112=CARTESIAN_POINT('Ctrl Pts',(105.617047191427,-54.1518252893955,14.7));
#10113=CARTESIAN_POINT('Ctrl Pts',(105.591990292398,-54.3533656695902,15.));
#10114=CARTESIAN_POINT('Ctrl Pts',(105.591990292398,-54.3533656695902,14.7));
#10115=CARTESIAN_POINT('',(106.124564545767,-53.2716191214245,15.));
#10116=CARTESIAN_POINT('Ctrl Pts',(106.124564545767,-53.2716191214245,15.));
#10117=CARTESIAN_POINT('Ctrl Pts',(105.968639390627,-53.4289995997128,15.));
#10118=CARTESIAN_POINT('Ctrl Pts',(105.669357853527,-53.7310744728107,15.));
#10119=CARTESIAN_POINT('Ctrl Pts',(105.617047191427,-54.1518252893955,15.));
#10120=CARTESIAN_POINT('Ctrl Pts',(105.591990292398,-54.3533656695902,15.));
#10121=CARTESIAN_POINT('',(106.124564545767,-53.2716191214245,14.7));
#10122=CARTESIAN_POINT('',(106.124564545767,-53.2716191214245,15.));
#10123=CARTESIAN_POINT('Ctrl Pts',(106.124564545767,-53.2716191214245,14.7));
#10124=CARTESIAN_POINT('Ctrl Pts',(105.968639390627,-53.4289995997128,14.7));
#10125=CARTESIAN_POINT('Ctrl Pts',(105.669357853527,-53.7310744728107,14.7));
#10126=CARTESIAN_POINT('Ctrl Pts',(105.617047191427,-54.1518252893955,14.7));
#10127=CARTESIAN_POINT('Ctrl Pts',(105.591990292398,-54.3533656695902,14.7));
#10128=CARTESIAN_POINT('Ctrl Pts',(107.652240831481,-52.7995586810193,15.));
#10129=CARTESIAN_POINT('Ctrl Pts',(107.652240831481,-52.7995586810193,14.7));
#10130=CARTESIAN_POINT('Ctrl Pts',(107.350532739394,-52.8121369509316,15.));
#10131=CARTESIAN_POINT('Ctrl Pts',(107.350532739394,-52.8121369509316,14.7));
#10132=CARTESIAN_POINT('Ctrl Pts',(106.79736211317,-52.8351987435275,15.));
#10133=CARTESIAN_POINT('Ctrl Pts',(106.79736211317,-52.8351987435275,14.7));
#10134=CARTESIAN_POINT('Ctrl Pts',(106.33482605324,-53.1352297957274,15.));
#10135=CARTESIAN_POINT('Ctrl Pts',(106.33482605324,-53.1352297957274,14.7));
#10136=CARTESIAN_POINT('Ctrl Pts',(106.124564545767,-53.2716191214245,15.));
#10137=CARTESIAN_POINT('Ctrl Pts',(106.124564545767,-53.2716191214245,14.7));
#10138=CARTESIAN_POINT('',(107.652240831481,-52.7995586810193,15.));
#10139=CARTESIAN_POINT('Ctrl Pts',(107.652240831481,-52.7995586810193,15.));
#10140=CARTESIAN_POINT('Ctrl Pts',(107.350532739394,-52.8121369509316,15.));
#10141=CARTESIAN_POINT('Ctrl Pts',(106.79736211317,-52.8351987435275,15.));
#10142=CARTESIAN_POINT('Ctrl Pts',(106.33482605324,-53.1352297957274,15.));
#10143=CARTESIAN_POINT('Ctrl Pts',(106.124564545767,-53.2716191214245,15.));
#10144=CARTESIAN_POINT('',(107.652240831481,-52.7995586810193,14.7));
#10145=CARTESIAN_POINT('',(107.652240831481,-52.7995586810193,15.));
#10146=CARTESIAN_POINT('Ctrl Pts',(107.652240831481,-52.7995586810193,14.7));
#10147=CARTESIAN_POINT('Ctrl Pts',(107.350532739394,-52.8121369509316,14.7));
#10148=CARTESIAN_POINT('Ctrl Pts',(106.79736211317,-52.8351987435275,14.7));
#10149=CARTESIAN_POINT('Ctrl Pts',(106.33482605324,-53.1352297957274,14.7));
#10150=CARTESIAN_POINT('Ctrl Pts',(106.124564545767,-53.2716191214245,14.7));
#10151=CARTESIAN_POINT('Ctrl Pts',(109.702485122221,-53.7014754855849,15.));
#10152=CARTESIAN_POINT('Ctrl Pts',(109.702485122221,-53.7014754855849,14.7));
#10153=CARTESIAN_POINT('Ctrl Pts',(109.428727332945,-53.437154193263,15.));
#10154=CARTESIAN_POINT('Ctrl Pts',(109.428727332945,-53.437154193263,14.7));
#10155=CARTESIAN_POINT('Ctrl Pts',(108.858272413845,-52.8863629926658,15.));
#10156=CARTESIAN_POINT('Ctrl Pts',(108.858272413845,-52.8863629926658,14.7));
#10157=CARTESIAN_POINT('Ctrl Pts',(108.064886006464,-52.8292588819862,15.));
#10158=CARTESIAN_POINT('Ctrl Pts',(108.064886006464,-52.8292588819862,14.7));
#10159=CARTESIAN_POINT('Ctrl Pts',(107.652240831481,-52.7995586810193,15.));
#10160=CARTESIAN_POINT('Ctrl Pts',(107.652240831481,-52.7995586810193,14.7));
#10161=CARTESIAN_POINT('',(109.702485122221,-53.7014754855849,15.));
#10162=CARTESIAN_POINT('Ctrl Pts',(109.702485122221,-53.7014754855849,15.));
#10163=CARTESIAN_POINT('Ctrl Pts',(109.428727332945,-53.437154193263,15.));
#10164=CARTESIAN_POINT('Ctrl Pts',(108.858272413845,-52.8863629926658,15.));
#10165=CARTESIAN_POINT('Ctrl Pts',(108.064886006464,-52.8292588819862,15.));
#10166=CARTESIAN_POINT('Ctrl Pts',(107.652240831481,-52.7995586810193,15.));
#10167=CARTESIAN_POINT('',(109.702485122221,-53.7014754855849,14.7));
#10168=CARTESIAN_POINT('',(109.702485122221,-53.7014754855849,15.));
#10169=CARTESIAN_POINT('Ctrl Pts',(109.702485122221,-53.7014754855849,14.7));
#10170=CARTESIAN_POINT('Ctrl Pts',(109.428727332945,-53.437154193263,14.7));
#10171=CARTESIAN_POINT('Ctrl Pts',(108.858272413845,-52.8863629926658,14.7));
#10172=CARTESIAN_POINT('Ctrl Pts',(108.064886006464,-52.8292588819862,14.7));
#10173=CARTESIAN_POINT('Ctrl Pts',(107.652240831481,-52.7995586810193,14.7));
#10174=CARTESIAN_POINT('Ctrl Pts',(110.292671114418,-55.336082893274,15.));
#10175=CARTESIAN_POINT('Ctrl Pts',(110.292671114418,-55.336082893274,14.7));
#10176=CARTESIAN_POINT('Ctrl Pts',(110.240711240123,-55.0126657274339,15.));
#10177=CARTESIAN_POINT('Ctrl Pts',(110.240711240123,-55.0126657274339,14.7));
#10178=CARTESIAN_POINT('Ctrl Pts',(110.146934170772,-54.4289631222615,15.));
#10179=CARTESIAN_POINT('Ctrl Pts',(110.146934170772,-54.4289631222615,14.7));
#10180=CARTESIAN_POINT('Ctrl Pts',(109.839552959397,-53.9258322645157,15.));
#10181=CARTESIAN_POINT('Ctrl Pts',(109.839552959397,-53.9258322645157,14.7));
#10182=CARTESIAN_POINT('Ctrl Pts',(109.702485122221,-53.7014754855849,15.));
#10183=CARTESIAN_POINT('Ctrl Pts',(109.702485122221,-53.7014754855849,14.7));
#10184=CARTESIAN_POINT('',(110.292671114418,-55.336082893274,15.));
#10185=CARTESIAN_POINT('Ctrl Pts',(110.292671114418,-55.336082893274,15.));
#10186=CARTESIAN_POINT('Ctrl Pts',(110.240711240123,-55.0126657274339,15.));
#10187=CARTESIAN_POINT('Ctrl Pts',(110.146934170772,-54.4289631222615,15.));
#10188=CARTESIAN_POINT('Ctrl Pts',(109.839552959397,-53.9258322645157,15.));
#10189=CARTESIAN_POINT('Ctrl Pts',(109.702485122221,-53.7014754855849,15.));
#10190=CARTESIAN_POINT('',(110.292671114418,-55.336082893274,14.7));
#10191=CARTESIAN_POINT('',(110.292671114418,-55.336082893274,15.));
#10192=CARTESIAN_POINT('Ctrl Pts',(110.292671114418,-55.336082893274,14.7));
#10193=CARTESIAN_POINT('Ctrl Pts',(110.240711240123,-55.0126657274339,14.7));
#10194=CARTESIAN_POINT('Ctrl Pts',(110.146934170772,-54.4289631222615,14.7));
#10195=CARTESIAN_POINT('Ctrl Pts',(109.839552959397,-53.9258322645157,14.7));
#10196=CARTESIAN_POINT('Ctrl Pts',(109.702485122221,-53.7014754855849,14.7));
#10197=CARTESIAN_POINT('Origin',(114.701414113109,-55.0410448412987,15.));
#10198=CARTESIAN_POINT('',(114.701414113109,-55.0410448412987,15.));
#10199=CARTESIAN_POINT('',(86.6580394536738,-56.9177390901558,15.));
#10200=CARTESIAN_POINT('',(114.701414113109,-55.0410448412987,14.7));
#10201=CARTESIAN_POINT('',(114.701414113109,-55.0410448412987,15.));
#10202=CARTESIAN_POINT('',(114.701414113109,-55.0410448412987,14.7));
#10203=CARTESIAN_POINT('Ctrl Pts',(113.017677661864,-51.3032977432776,15.));
#10204=CARTESIAN_POINT('Ctrl Pts',(113.017677661864,-51.3032977432776,14.7));
#10205=CARTESIAN_POINT('Ctrl Pts',(113.458482647627,-51.8347308524691,15.));
#10206=CARTESIAN_POINT('Ctrl Pts',(113.458482647627,-51.8347308524691,14.7));
#10207=CARTESIAN_POINT('Ctrl Pts',(114.362363036352,-52.9244462160257,15.));
#10208=CARTESIAN_POINT('Ctrl Pts',(114.362363036352,-52.9244462160257,14.7));
#10209=CARTESIAN_POINT('Ctrl Pts',(114.586555816338,-54.324017438314,15.));
#10210=CARTESIAN_POINT('Ctrl Pts',(114.586555816338,-54.324017438314,14.7));
#10211=CARTESIAN_POINT('Ctrl Pts',(114.701414113109,-55.0410448412987,15.));
#10212=CARTESIAN_POINT('Ctrl Pts',(114.701414113109,-55.0410448412987,14.7));
#10213=CARTESIAN_POINT('Ctrl Pts',(113.017677661864,-51.3032977432776,15.));
#10214=CARTESIAN_POINT('Ctrl Pts',(113.458482647627,-51.8347308524691,15.));
#10215=CARTESIAN_POINT('Ctrl Pts',(114.362363036352,-52.9244462160257,15.));
#10216=CARTESIAN_POINT('Ctrl Pts',(114.586555816338,-54.324017438314,15.));
#10217=CARTESIAN_POINT('Ctrl Pts',(114.701414113109,-55.0410448412987,15.));
#10218=CARTESIAN_POINT('Ctrl Pts',(113.017677661864,-51.3032977432776,14.7));
#10219=CARTESIAN_POINT('Ctrl Pts',(113.458482647627,-51.8347308524691,14.7));
#10220=CARTESIAN_POINT('Ctrl Pts',(114.362363036352,-52.9244462160257,14.7));
#10221=CARTESIAN_POINT('Ctrl Pts',(114.586555816338,-54.324017438314,14.7));
#10222=CARTESIAN_POINT('Ctrl Pts',(114.701414113109,-55.0410448412987,14.7));
#10223=CARTESIAN_POINT('Origin',(76.2754375003818,-57.5407274301237,14.7));
#10224=CARTESIAN_POINT('Origin',(93.6569261119354,-79.7182024494729,15.));
#10225=CARTESIAN_POINT('',(93.6569261119354,-79.7182024494729,15.));
#10226=CARTESIAN_POINT('',(97.8212812981692,-79.7004680339417,15.));
#10227=CARTESIAN_POINT('',(75.4949486788195,-79.7955474501426,15.));
#10228=CARTESIAN_POINT('',(93.6569261119354,-79.7182024494729,14.7));
#10229=CARTESIAN_POINT('',(93.6569261119354,-79.7182024494729,15.));
#10230=CARTESIAN_POINT('',(97.8212812981692,-79.7004680339417,14.7));
#10231=CARTESIAN_POINT('',(93.6569261119354,-79.7182024494729,14.7));
#10232=CARTESIAN_POINT('',(97.8212812981692,-79.7004680339417,15.));
#10233=CARTESIAN_POINT('Origin',(93.703201173622,-90.5844073598254,15.));
#10234=CARTESIAN_POINT('',(93.703201173622,-90.5844073598254,15.));
#10235=CARTESIAN_POINT('',(93.5885780199269,-63.6688586792431,15.));
#10236=CARTESIAN_POINT('',(93.703201173622,-90.5844073598254,14.7));
#10237=CARTESIAN_POINT('',(93.703201173622,-90.5844073598254,15.));
#10238=CARTESIAN_POINT('',(93.703201173622,-90.5844073598254,14.7));
#10239=CARTESIAN_POINT('Origin',(97.8675563598558,-90.5666729442942,15.));
#10240=CARTESIAN_POINT('',(97.8675563598558,-90.5666729442942,15.));
#10241=CARTESIAN_POINT('',(77.623401333623,-90.6528851527294,15.));
#10242=CARTESIAN_POINT('',(97.8675563598558,-90.5666729442942,14.7));
#10243=CARTESIAN_POINT('',(97.8675563598558,-90.5666729442942,15.));
#10244=CARTESIAN_POINT('',(97.8675563598558,-90.5666729442942,14.7));
#10245=CARTESIAN_POINT('Origin',(97.8212812981692,-79.7004680339417,15.));
#10246=CARTESIAN_POINT('',(97.7297956753174,-58.2180218085356,15.));
#10247=CARTESIAN_POINT('',(97.8212812981692,-79.7004680339417,14.7));
#10248=CARTESIAN_POINT('Origin',(76.2754375003818,-57.5407274301237,14.7));
#10249=CARTESIAN_POINT('Origin',(107.316199373283,-91.6212604019189,15.));
#10250=CARTESIAN_POINT('',(107.316199373283,-91.6212604019189,15.));
#10251=CARTESIAN_POINT('',(109.362565032418,-91.6125457036511,15.));
#10252=CARTESIAN_POINT('',(82.3500540224975,-91.7275817832766,15.));
#10253=CARTESIAN_POINT('',(107.316199373283,-91.6212604019189,14.7));
#10254=CARTESIAN_POINT('',(107.316199373283,-91.6212604019189,15.));
#10255=CARTESIAN_POINT('',(109.362565032418,-91.6125457036511,14.7));
#10256=CARTESIAN_POINT('',(107.316199373283,-91.6212604019189,14.7));
#10257=CARTESIAN_POINT('',(109.362565032418,-91.6125457036511,15.));
#10258=CARTESIAN_POINT('Ctrl Pts',(105.836130653563,-91.259210563149,15.));
#10259=CARTESIAN_POINT('Ctrl Pts',(105.836130653563,-91.259210563149,14.7));
#10260=CARTESIAN_POINT('Ctrl Pts',(106.02647387288,-91.3651081508197,15.));
#10261=CARTESIAN_POINT('Ctrl Pts',(106.02647387288,-91.3651081508197,14.7));
#10262=CARTESIAN_POINT('Ctrl Pts',(106.48312814395,-91.6191680846564,15.));
#10263=CARTESIAN_POINT('Ctrl Pts',(106.48312814395,-91.6191680846564,14.7));
#10264=CARTESIAN_POINT('Ctrl Pts',(107.009329779036,-91.6204896772476,15.));
#10265=CARTESIAN_POINT('Ctrl Pts',(107.009329779036,-91.6204896772476,14.7));
#10266=CARTESIAN_POINT('Ctrl Pts',(107.316199373283,-91.6212604019189,15.));
#10267=CARTESIAN_POINT('Ctrl Pts',(107.316199373283,-91.6212604019189,14.7));
#10268=CARTESIAN_POINT('',(105.836130653563,-91.259210563149,15.));
#10269=CARTESIAN_POINT('Ctrl Pts',(105.836130653563,-91.259210563149,15.));
#10270=CARTESIAN_POINT('Ctrl Pts',(106.02647387288,-91.3651081508197,15.));
#10271=CARTESIAN_POINT('Ctrl Pts',(106.48312814395,-91.6191680846564,15.));
#10272=CARTESIAN_POINT('Ctrl Pts',(107.009329779036,-91.6204896772476,15.));
#10273=CARTESIAN_POINT('Ctrl Pts',(107.316199373283,-91.6212604019189,15.));
#10274=CARTESIAN_POINT('',(105.836130653563,-91.259210563149,14.7));
#10275=CARTESIAN_POINT('',(105.836130653563,-91.259210563149,15.));
#10276=CARTESIAN_POINT('Ctrl Pts',(105.836130653563,-91.259210563149,14.7));
#10277=CARTESIAN_POINT('Ctrl Pts',(106.02647387288,-91.3651081508197,14.7));
#10278=CARTESIAN_POINT('Ctrl Pts',(106.48312814395,-91.6191680846564,14.7));
#10279=CARTESIAN_POINT('Ctrl Pts',(107.009329779036,-91.6204896772476,14.7));
#10280=CARTESIAN_POINT('Ctrl Pts',(107.316199373283,-91.6212604019189,14.7));
#10281=CARTESIAN_POINT('Ctrl Pts',(105.407152472102,-90.2378357352674,15.));
#10282=CARTESIAN_POINT('Ctrl Pts',(105.407152472102,-90.2378357352674,14.7));
#10283=CARTESIAN_POINT('Ctrl Pts',(105.422404581755,-90.4411391095434,15.));
#10284=CARTESIAN_POINT('Ctrl Pts',(105.422404581755,-90.4411391095434,14.7));
#10285=CARTESIAN_POINT('Ctrl Pts',(105.451630997454,-90.830713343219,15.));
#10286=CARTESIAN_POINT('Ctrl Pts',(105.451630997454,-90.830713343219,14.7));
#10287=CARTESIAN_POINT('Ctrl Pts',(105.711755049354,-91.120602895277,15.));
#10288=CARTESIAN_POINT('Ctrl Pts',(105.711755049354,-91.120602895277,14.7));
#10289=CARTESIAN_POINT('Ctrl Pts',(105.836130653563,-91.259210563149,15.));
#10290=CARTESIAN_POINT('Ctrl Pts',(105.836130653563,-91.259210563149,14.7));
#10291=CARTESIAN_POINT('',(105.407152472102,-90.2378357352674,15.));
#10292=CARTESIAN_POINT('Ctrl Pts',(105.407152472102,-90.2378357352674,15.));
#10293=CARTESIAN_POINT('Ctrl Pts',(105.422404581755,-90.4411391095434,15.));
#10294=CARTESIAN_POINT('Ctrl Pts',(105.451630997454,-90.830713343219,15.));
#10295=CARTESIAN_POINT('Ctrl Pts',(105.711755049354,-91.120602895277,15.));
#10296=CARTESIAN_POINT('Ctrl Pts',(105.836130653563,-91.259210563149,15.));
#10297=CARTESIAN_POINT('',(105.407152472102,-90.2378357352674,14.7));
#10298=CARTESIAN_POINT('',(105.407152472102,-90.2378357352674,15.));
#10299=CARTESIAN_POINT('Ctrl Pts',(105.407152472102,-90.2378357352674,14.7));
#10300=CARTESIAN_POINT('Ctrl Pts',(105.422404581755,-90.4411391095434,14.7));
#10301=CARTESIAN_POINT('Ctrl Pts',(105.451630997454,-90.830713343219,14.7));
#10302=CARTESIAN_POINT('Ctrl Pts',(105.711755049354,-91.120602895277,14.7));
#10303=CARTESIAN_POINT('Ctrl Pts',(105.836130653563,-91.259210563149,14.7));
#10304=CARTESIAN_POINT('Ctrl Pts',(105.827176300414,-89.1565696889466,15.));
#10305=CARTESIAN_POINT('Ctrl Pts',(105.827176300414,-89.1565696889466,14.7));
#10306=CARTESIAN_POINT('Ctrl Pts',(105.704079008369,-89.3020990549418,15.));
#10307=CARTESIAN_POINT('Ctrl Pts',(105.704079008369,-89.3020990549418,14.7));
#10308=CARTESIAN_POINT('Ctrl Pts',(105.441265085648,-89.6128056749916,15.));
#10309=CARTESIAN_POINT('Ctrl Pts',(105.441265085648,-89.6128056749916,14.7));
#10310=CARTESIAN_POINT('Ctrl Pts',(105.418992814128,-90.0208904789226,15.));
#10311=CARTESIAN_POINT('Ctrl Pts',(105.418992814128,-90.0208904789226,14.7));
#10312=CARTESIAN_POINT('Ctrl Pts',(105.407152472102,-90.2378357352674,15.));
#10313=CARTESIAN_POINT('Ctrl Pts',(105.407152472102,-90.2378357352674,14.7));
#10314=CARTESIAN_POINT('',(105.827176300414,-89.1565696889466,15.));
#10315=CARTESIAN_POINT('Ctrl Pts',(105.827176300414,-89.1565696889466,15.));
#10316=CARTESIAN_POINT('Ctrl Pts',(105.704079008369,-89.3020990549418,15.));
#10317=CARTESIAN_POINT('Ctrl Pts',(105.441265085648,-89.6128056749916,15.));
#10318=CARTESIAN_POINT('Ctrl Pts',(105.418992814128,-90.0208904789226,15.));
#10319=CARTESIAN_POINT('Ctrl Pts',(105.407152472102,-90.2378357352674,15.));
#10320=CARTESIAN_POINT('',(105.827176300414,-89.1565696889466,14.7));
#10321=CARTESIAN_POINT('',(105.827176300414,-89.1565696889466,15.));
#10322=CARTESIAN_POINT('Ctrl Pts',(105.827176300414,-89.1565696889466,14.7));
#10323=CARTESIAN_POINT('Ctrl Pts',(105.704079008369,-89.3020990549418,14.7));
#10324=CARTESIAN_POINT('Ctrl Pts',(105.441265085648,-89.6128056749916,14.7));
#10325=CARTESIAN_POINT('Ctrl Pts',(105.418992814128,-90.0208904789226,14.7));
#10326=CARTESIAN_POINT('Ctrl Pts',(105.407152472102,-90.2378357352674,14.7));
#10327=CARTESIAN_POINT('Ctrl Pts',(107.334781459268,-88.7766811588097,15.));
#10328=CARTESIAN_POINT('Ctrl Pts',(107.334781459268,-88.7766811588097,14.7));
#10329=CARTESIAN_POINT('Ctrl Pts',(107.019986404672,-88.7795214551391,15.));
#10330=CARTESIAN_POINT('Ctrl Pts',(107.019986404672,-88.7795214551391,14.7));
#10331=CARTESIAN_POINT('Ctrl Pts',(106.482880418881,-88.7843675927696,15.));
#10332=CARTESIAN_POINT('Ctrl Pts',(106.482880418881,-88.7843675927696,14.7));
#10333=CARTESIAN_POINT('Ctrl Pts',(106.019126453096,-89.0476116281724,15.));
#10334=CARTESIAN_POINT('Ctrl Pts',(106.019126453096,-89.0476116281724,14.7));
#10335=CARTESIAN_POINT('Ctrl Pts',(105.827176300414,-89.1565696889466,15.));
#10336=CARTESIAN_POINT('Ctrl Pts',(105.827176300414,-89.1565696889466,14.7));
#10337=CARTESIAN_POINT('',(107.334781459268,-88.7766811588097,15.));
#10338=CARTESIAN_POINT('Ctrl Pts',(107.334781459268,-88.7766811588097,15.));
#10339=CARTESIAN_POINT('Ctrl Pts',(107.019986404672,-88.7795214551391,15.));
#10340=CARTESIAN_POINT('Ctrl Pts',(106.482880418881,-88.7843675927696,15.));
#10341=CARTESIAN_POINT('Ctrl Pts',(106.019126453096,-89.0476116281724,15.));
#10342=CARTESIAN_POINT('Ctrl Pts',(105.827176300414,-89.1565696889466,15.));
#10343=CARTESIAN_POINT('',(107.334781459268,-88.7766811588097,14.7));
#10344=CARTESIAN_POINT('',(107.334781459268,-88.7766811588097,15.));
#10345=CARTESIAN_POINT('Ctrl Pts',(107.334781459268,-88.7766811588097,14.7));
#10346=CARTESIAN_POINT('Ctrl Pts',(107.019986404672,-88.7795214551391,14.7));
#10347=CARTESIAN_POINT('Ctrl Pts',(106.482880418881,-88.7843675927696,14.7));
#10348=CARTESIAN_POINT('Ctrl Pts',(106.019126453096,-89.0476116281724,14.7));
#10349=CARTESIAN_POINT('Ctrl Pts',(105.827176300414,-89.1565696889466,14.7));
#10350=CARTESIAN_POINT('Origin',(109.350451600734,-88.7680971811555,15.));
#10351=CARTESIAN_POINT('',(109.350451600734,-88.7680971811555,15.));
#10352=CARTESIAN_POINT('',(83.3611234203814,-88.8787759116471,15.));
#10353=CARTESIAN_POINT('',(109.350451600734,-88.7680971811555,14.7));
#10354=CARTESIAN_POINT('',(109.350451600734,-88.7680971811555,15.));
#10355=CARTESIAN_POINT('',(109.350451600734,-88.7680971811555,14.7));
#10356=CARTESIAN_POINT('Origin',(109.362565032418,-91.6125457036511,15.));
#10357=CARTESIAN_POINT('',(109.245610696562,-64.149594121334,15.));
#10358=CARTESIAN_POINT('',(109.362565032418,-91.6125457036511,14.7));
#10359=CARTESIAN_POINT('Origin',(106.984973755454,-85.9234377304391,15.));
#10360=CARTESIAN_POINT('',(106.984973755454,-85.9234377304391,15.));
#10361=CARTESIAN_POINT('',(109.338294591282,-85.9134158260351,15.));
#10362=CARTESIAN_POINT('',(82.1723059930152,-86.0291055087287,15.));
#10363=CARTESIAN_POINT('',(106.984973755454,-85.9234377304391,14.7));
#10364=CARTESIAN_POINT('',(106.984973755454,-85.9234377304391,15.));
#10365=CARTESIAN_POINT('',(109.338294591282,-85.9134158260351,14.7));
#10366=CARTESIAN_POINT('',(106.984973755454,-85.9234377304391,14.7));
#10367=CARTESIAN_POINT('',(109.338294591282,-85.9134158260351,15.));
#10368=CARTESIAN_POINT('Ctrl Pts',(105.279652860588,-85.5265351681774,15.));
#10369=CARTESIAN_POINT('Ctrl Pts',(105.279652860588,-85.5265351681774,14.7));
#10370=CARTESIAN_POINT('Ctrl Pts',(105.498842276675,-85.6426322874507,15.));
#10371=CARTESIAN_POINT('Ctrl Pts',(105.498842276675,-85.6426322874507,14.7));
#10372=CARTESIAN_POINT('Ctrl Pts',(106.028323909695,-85.9230805563462,15.));
#10373=CARTESIAN_POINT('Ctrl Pts',(106.028323909695,-85.9230805563462,14.7));
#10374=CARTESIAN_POINT('Ctrl Pts',(106.631496445478,-85.9233057564069,15.));
#10375=CARTESIAN_POINT('Ctrl Pts',(106.631496445478,-85.9233057564069,14.7));
#10376=CARTESIAN_POINT('Ctrl Pts',(106.984973755454,-85.9234377304391,15.));
#10377=CARTESIAN_POINT('Ctrl Pts',(106.984973755454,-85.9234377304391,14.7));
#10378=CARTESIAN_POINT('',(105.279652860588,-85.5265351681774,15.));
#10379=CARTESIAN_POINT('Ctrl Pts',(105.279652860588,-85.5265351681774,15.));
#10380=CARTESIAN_POINT('Ctrl Pts',(105.498842276675,-85.6426322874507,15.));
#10381=CARTESIAN_POINT('Ctrl Pts',(106.028323909695,-85.9230805563462,15.));
#10382=CARTESIAN_POINT('Ctrl Pts',(106.631496445478,-85.9233057564069,15.));
#10383=CARTESIAN_POINT('Ctrl Pts',(106.984973755454,-85.9234377304391,15.));
#10384=CARTESIAN_POINT('',(105.279652860588,-85.5265351681774,14.7));
#10385=CARTESIAN_POINT('',(105.279652860588,-85.5265351681774,15.));
#10386=CARTESIAN_POINT('Ctrl Pts',(105.279652860588,-85.5265351681774,14.7));
#10387=CARTESIAN_POINT('Ctrl Pts',(105.498842276675,-85.6426322874507,14.7));
#10388=CARTESIAN_POINT('Ctrl Pts',(106.028323909695,-85.9230805563462,14.7));
#10389=CARTESIAN_POINT('Ctrl Pts',(106.631496445478,-85.9233057564069,14.7));
#10390=CARTESIAN_POINT('Ctrl Pts',(106.984973755454,-85.9234377304391,14.7));
#10391=CARTESIAN_POINT('Ctrl Pts',(104.789086372056,-84.4593788081163,15.));
#10392=CARTESIAN_POINT('Ctrl Pts',(104.789086372056,-84.4593788081163,14.7));
#10393=CARTESIAN_POINT('Ctrl Pts',(104.809013463311,-84.6690917244772,15.));
#10394=CARTESIAN_POINT('Ctrl Pts',(104.809013463311,-84.6690917244772,14.7));
#10395=CARTESIAN_POINT('Ctrl Pts',(104.848290571004,-85.0824444158125,15.));
#10396=CARTESIAN_POINT('Ctrl Pts',(104.848290571004,-85.0824444158125,14.7));
#10397=CARTESIAN_POINT('Ctrl Pts',(105.137280750101,-85.3799619994308,15.));
#10398=CARTESIAN_POINT('Ctrl Pts',(105.137280750101,-85.3799619994308,14.7));
#10399=CARTESIAN_POINT('Ctrl Pts',(105.279652860588,-85.5265351681774,15.));
#10400=CARTESIAN_POINT('Ctrl Pts',(105.279652860588,-85.5265351681774,14.7));
#10401=CARTESIAN_POINT('',(104.789086372056,-84.4593788081163,15.));
#10402=CARTESIAN_POINT('Ctrl Pts',(104.789086372056,-84.4593788081163,15.));
#10403=CARTESIAN_POINT('Ctrl Pts',(104.809013463311,-84.6690917244772,15.));
#10404=CARTESIAN_POINT('Ctrl Pts',(104.848290571004,-85.0824444158125,15.));
#10405=CARTESIAN_POINT('Ctrl Pts',(105.137280750101,-85.3799619994308,15.));
#10406=CARTESIAN_POINT('Ctrl Pts',(105.279652860588,-85.5265351681774,15.));
#10407=CARTESIAN_POINT('',(104.789086372056,-84.4593788081163,14.7));
#10408=CARTESIAN_POINT('',(104.789086372056,-84.4593788081163,15.));
#10409=CARTESIAN_POINT('Ctrl Pts',(104.789086372056,-84.4593788081163,14.7));
#10410=CARTESIAN_POINT('Ctrl Pts',(104.809013463311,-84.6690917244772,14.7));
#10411=CARTESIAN_POINT('Ctrl Pts',(104.848290571004,-85.0824444158125,14.7));
#10412=CARTESIAN_POINT('Ctrl Pts',(105.137280750101,-85.3799619994308,14.7));
#10413=CARTESIAN_POINT('Ctrl Pts',(105.279652860588,-85.5265351681774,14.7));
#10414=CARTESIAN_POINT('Ctrl Pts',(105.275356205714,-83.3164373042633,15.));
#10415=CARTESIAN_POINT('Ctrl Pts',(105.275356205714,-83.3164373042633,14.7));
#10416=CARTESIAN_POINT('Ctrl Pts',(105.132810196671,-83.4739364282579,15.));
#10417=CARTESIAN_POINT('Ctrl Pts',(105.132810196671,-83.4739364282579,14.7));
#10418=CARTESIAN_POINT('Ctrl Pts',(104.839451601853,-83.7980684191149,15.));
#10419=CARTESIAN_POINT('Ctrl Pts',(104.839451601853,-83.7980684191149,14.7));
#10420=CARTESIAN_POINT('Ctrl Pts',(104.806187235125,-84.2348394095186,15.));
#10421=CARTESIAN_POINT('Ctrl Pts',(104.806187235125,-84.2348394095186,14.7));
#10422=CARTESIAN_POINT('Ctrl Pts',(104.789086372056,-84.4593788081163,15.));
#10423=CARTESIAN_POINT('Ctrl Pts',(104.789086372056,-84.4593788081163,14.7));
#10424=CARTESIAN_POINT('',(105.275356205714,-83.3164373042633,15.));
#10425=CARTESIAN_POINT('Ctrl Pts',(105.275356205714,-83.3164373042633,15.));
#10426=CARTESIAN_POINT('Ctrl Pts',(105.132810196671,-83.4739364282579,15.));
#10427=CARTESIAN_POINT('Ctrl Pts',(104.839451601853,-83.7980684191149,15.));
#10428=CARTESIAN_POINT('Ctrl Pts',(104.806187235125,-84.2348394095186,15.));
#10429=CARTESIAN_POINT('Ctrl Pts',(104.789086372056,-84.4593788081163,15.));
#10430=CARTESIAN_POINT('',(105.275356205714,-83.3164373042633,14.7));
#10431=CARTESIAN_POINT('',(105.275356205714,-83.3164373042633,15.));
#10432=CARTESIAN_POINT('Ctrl Pts',(105.275356205714,-83.3164373042633,14.7));
#10433=CARTESIAN_POINT('Ctrl Pts',(105.132810196671,-83.4739364282579,14.7));
#10434=CARTESIAN_POINT('Ctrl Pts',(104.839451601853,-83.7980684191149,14.7));
#10435=CARTESIAN_POINT('Ctrl Pts',(104.806187235125,-84.2348394095186,14.7));
#10436=CARTESIAN_POINT('Ctrl Pts',(104.789086372056,-84.4593788081163,14.7));
#10437=CARTESIAN_POINT('Ctrl Pts',(106.961800786854,-82.8846280340768,15.));
#10438=CARTESIAN_POINT('Ctrl Pts',(106.961800786854,-82.8846280340768,14.7));
#10439=CARTESIAN_POINT('Ctrl Pts',(106.612455555261,-82.8889945867552,15.));
#10440=CARTESIAN_POINT('Ctrl Pts',(106.612455555261,-82.8889945867552,14.7));
#10441=CARTESIAN_POINT('Ctrl Pts',(106.011282261167,-82.8965088008336,15.));
#10442=CARTESIAN_POINT('Ctrl Pts',(106.011282261167,-82.8965088008336,14.7));
#10443=CARTESIAN_POINT('Ctrl Pts',(105.492620611281,-83.1924635490166,15.));
#10444=CARTESIAN_POINT('Ctrl Pts',(105.492620611281,-83.1924635490166,14.7));
#10445=CARTESIAN_POINT('Ctrl Pts',(105.275356205714,-83.3164373042633,15.));
#10446=CARTESIAN_POINT('Ctrl Pts',(105.275356205714,-83.3164373042633,14.7));
#10447=CARTESIAN_POINT('',(106.961800786854,-82.8846280340768,15.));
#10448=CARTESIAN_POINT('Ctrl Pts',(106.961800786854,-82.8846280340768,15.));
#10449=CARTESIAN_POINT('Ctrl Pts',(106.612455555261,-82.8889945867552,15.));
#10450=CARTESIAN_POINT('Ctrl Pts',(106.011282261167,-82.8965088008336,15.));
#10451=CARTESIAN_POINT('Ctrl Pts',(105.492620611281,-83.1924635490166,15.));
#10452=CARTESIAN_POINT('Ctrl Pts',(105.275356205714,-83.3164373042633,15.));
#10453=CARTESIAN_POINT('',(106.961800786854,-82.8846280340768,14.7));
#10454=CARTESIAN_POINT('',(106.961800786854,-82.8846280340768,15.));
#10455=CARTESIAN_POINT('Ctrl Pts',(106.961800786854,-82.8846280340768,14.7));
#10456=CARTESIAN_POINT('Ctrl Pts',(106.612455555261,-82.8889945867552,14.7));
#10457=CARTESIAN_POINT('Ctrl Pts',(106.011282261167,-82.8965088008336,14.7));
#10458=CARTESIAN_POINT('Ctrl Pts',(105.492620611281,-83.1924635490166,14.7));
#10459=CARTESIAN_POINT('Ctrl Pts',(105.275356205714,-83.3164373042633,14.7));
#10460=CARTESIAN_POINT('Origin',(109.325353263225,-82.874562556981,15.));
#10461=CARTESIAN_POINT('',(109.325353263225,-82.874562556981,15.));
#10462=CARTESIAN_POINT('',(83.336025082872,-82.9852412874726,15.));
#10463=CARTESIAN_POINT('',(109.325353263225,-82.874562556981,14.7));
#10464=CARTESIAN_POINT('',(109.325353263225,-82.874562556981,15.));
#10465=CARTESIAN_POINT('',(109.325353263225,-82.874562556981,14.7));
#10466=CARTESIAN_POINT('Origin',(109.338294591282,-85.9134158260351,15.));
#10467=CARTESIAN_POINT('',(109.233475475994,-61.300029182526,15.));
#10468=CARTESIAN_POINT('',(109.338294591282,-85.9134158260351,14.7));
#10469=CARTESIAN_POINT('Origin',(105.986283037789,-79.6656963761008,15.));
#10470=CARTESIAN_POINT('',(105.986283037789,-79.6656963761008,15.));
#10471=CARTESIAN_POINT('',(113.987574803468,-79.6316218971927,15.));
#10472=CARTESIAN_POINT('',(81.6596271417462,-79.7692944134565,15.));
#10473=CARTESIAN_POINT('',(105.986283037789,-79.6656963761008,14.7));
#10474=CARTESIAN_POINT('',(105.986283037789,-79.6656963761008,15.));
#10475=CARTESIAN_POINT('',(113.987574803468,-79.6316218971927,14.7));
#10476=CARTESIAN_POINT('',(105.986283037789,-79.6656963761008,14.7));
#10477=CARTESIAN_POINT('',(113.987574803468,-79.6316218971927,15.));
#10478=CARTESIAN_POINT('Ctrl Pts',(103.910092143044,-79.8791793792421,15.));
#10479=CARTESIAN_POINT('Ctrl Pts',(103.910092143044,-79.8791793792421,14.7));
#10480=CARTESIAN_POINT('Ctrl Pts',(104.343199350059,-79.8191487579503,15.));
#10481=CARTESIAN_POINT('Ctrl Pts',(104.343199350059,-79.8191487579503,14.7));
#10482=CARTESIAN_POINT('Ctrl Pts',(105.032912743314,-79.7235513565685,15.));
#10483=CARTESIAN_POINT('Ctrl Pts',(105.032912743314,-79.7235513565685,14.7));
#10484=CARTESIAN_POINT('Ctrl Pts',(105.727764963514,-79.6813844652141,15.));
#10485=CARTESIAN_POINT('Ctrl Pts',(105.727764963514,-79.6813844652141,14.7));
#10486=CARTESIAN_POINT('Ctrl Pts',(105.986283037789,-79.6656963761008,15.));
#10487=CARTESIAN_POINT('Ctrl Pts',(105.986283037789,-79.6656963761008,14.7));
#10488=CARTESIAN_POINT('',(103.910092143044,-79.8791793792421,15.));
#10489=CARTESIAN_POINT('Ctrl Pts',(103.910092143044,-79.8791793792421,15.));
#10490=CARTESIAN_POINT('Ctrl Pts',(104.343199350059,-79.8191487579503,15.));
#10491=CARTESIAN_POINT('Ctrl Pts',(105.032912743314,-79.7235513565685,15.));
#10492=CARTESIAN_POINT('Ctrl Pts',(105.727764963514,-79.6813844652141,15.));
#10493=CARTESIAN_POINT('Ctrl Pts',(105.986283037789,-79.6656963761008,15.));
#10494=CARTESIAN_POINT('',(103.910092143044,-79.8791793792421,14.7));
#10495=CARTESIAN_POINT('',(103.910092143044,-79.8791793792421,15.));
#10496=CARTESIAN_POINT('Ctrl Pts',(103.910092143044,-79.8791793792421,14.7));
#10497=CARTESIAN_POINT('Ctrl Pts',(104.343199350059,-79.8191487579503,14.7));
#10498=CARTESIAN_POINT('Ctrl Pts',(105.032912743314,-79.7235513565685,14.7));
#10499=CARTESIAN_POINT('Ctrl Pts',(105.727764963514,-79.6813844652141,14.7));
#10500=CARTESIAN_POINT('Ctrl Pts',(105.986283037789,-79.6656963761008,14.7));
#10501=CARTESIAN_POINT('Ctrl Pts',(102.15230930314,-80.3777999178399,15.));
#10502=CARTESIAN_POINT('Ctrl Pts',(102.15230930314,-80.3777999178399,14.7));
#10503=CARTESIAN_POINT('Ctrl Pts',(102.392737906026,-80.2694432875255,15.));
#10504=CARTESIAN_POINT('Ctrl Pts',(102.392737906026,-80.2694432875255,14.7));
#10505=CARTESIAN_POINT('Ctrl Pts',(102.952946968184,-80.0169676439518,15.));
#10506=CARTESIAN_POINT('Ctrl Pts',(102.952946968184,-80.0169676439518,14.7));
#10507=CARTESIAN_POINT('Ctrl Pts',(103.562273997312,-79.9292504238377,15.));
#10508=CARTESIAN_POINT('Ctrl Pts',(103.562273997312,-79.9292504238377,14.7));
#10509=CARTESIAN_POINT('Ctrl Pts',(103.910092143044,-79.8791793792421,15.));
#10510=CARTESIAN_POINT('Ctrl Pts',(103.910092143044,-79.8791793792421,14.7));
#10511=CARTESIAN_POINT('',(102.15230930314,-80.3777999178399,15.));
#10512=CARTESIAN_POINT('Ctrl Pts',(102.15230930314,-80.3777999178399,15.));
#10513=CARTESIAN_POINT('Ctrl Pts',(102.392737906026,-80.2694432875255,15.));
#10514=CARTESIAN_POINT('Ctrl Pts',(102.952946968184,-80.0169676439518,15.));
#10515=CARTESIAN_POINT('Ctrl Pts',(103.562273997312,-79.9292504238377,15.));
#10516=CARTESIAN_POINT('Ctrl Pts',(103.910092143044,-79.8791793792421,15.));
#10517=CARTESIAN_POINT('',(102.15230930314,-80.3777999178399,14.7));
#10518=CARTESIAN_POINT('',(102.15230930314,-80.3777999178399,15.));
#10519=CARTESIAN_POINT('Ctrl Pts',(102.15230930314,-80.3777999178399,14.7));
#10520=CARTESIAN_POINT('Ctrl Pts',(102.392737906026,-80.2694432875255,14.7));
#10521=CARTESIAN_POINT('Ctrl Pts',(102.952946968184,-80.0169676439518,14.7));
#10522=CARTESIAN_POINT('Ctrl Pts',(103.562273997312,-79.9292504238377,14.7));
#10523=CARTESIAN_POINT('Ctrl Pts',(103.910092143044,-79.8791793792421,14.7));
#10524=CARTESIAN_POINT('Ctrl Pts',(100.674967403925,-81.8575029281114,15.));
#10525=CARTESIAN_POINT('Ctrl Pts',(100.674967403925,-81.8575029281114,14.7));
#10526=CARTESIAN_POINT('Ctrl Pts',(100.871439682238,-81.5623019916406,15.));
#10527=CARTESIAN_POINT('Ctrl Pts',(100.871439682238,-81.5623019916406,14.7));
#10528=CARTESIAN_POINT('Ctrl Pts',(101.265231914623,-80.9706264800949,15.));
#10529=CARTESIAN_POINT('Ctrl Pts',(101.265231914623,-80.9706264800949,14.7));
#10530=CARTESIAN_POINT('Ctrl Pts',(101.856192806862,-80.5756921500035,15.));
#10531=CARTESIAN_POINT('Ctrl Pts',(101.856192806862,-80.5756921500035,14.7));
#10532=CARTESIAN_POINT('Ctrl Pts',(102.15230930314,-80.3777999178399,15.));
#10533=CARTESIAN_POINT('Ctrl Pts',(102.15230930314,-80.3777999178399,14.7));
#10534=CARTESIAN_POINT('',(100.674967403925,-81.8575029281114,15.));
#10535=CARTESIAN_POINT('Ctrl Pts',(100.674967403925,-81.8575029281114,15.));
#10536=CARTESIAN_POINT('Ctrl Pts',(100.871439682238,-81.5623019916406,15.));
#10537=CARTESIAN_POINT('Ctrl Pts',(101.265231914623,-80.9706264800949,15.));
#10538=CARTESIAN_POINT('Ctrl Pts',(101.856192806862,-80.5756921500035,15.));
#10539=CARTESIAN_POINT('Ctrl Pts',(102.15230930314,-80.3777999178399,15.));
#10540=CARTESIAN_POINT('',(100.674967403925,-81.8575029281114,14.7));
#10541=CARTESIAN_POINT('',(100.674967403925,-81.8575029281114,15.));
#10542=CARTESIAN_POINT('Ctrl Pts',(100.674967403925,-81.8575029281114,14.7));
#10543=CARTESIAN_POINT('Ctrl Pts',(100.871439682238,-81.5623019916406,14.7));
#10544=CARTESIAN_POINT('Ctrl Pts',(101.265231914623,-80.9706264800949,14.7));
#10545=CARTESIAN_POINT('Ctrl Pts',(101.856192806862,-80.5756921500035,14.7));
#10546=CARTESIAN_POINT('Ctrl Pts',(102.15230930314,-80.3777999178399,14.7));
#10547=CARTESIAN_POINT('Ctrl Pts',(100.141613487845,-83.9573379713603,15.));
#10548=CARTESIAN_POINT('Ctrl Pts',(100.141613487845,-83.9573379713603,14.7));
#10549=CARTESIAN_POINT('Ctrl Pts',(100.160662078229,-83.5816326272538,15.));
#10550=CARTESIAN_POINT('Ctrl Pts',(100.160662078229,-83.5816326272538,14.7));
#10551=CARTESIAN_POINT('Ctrl Pts',(100.19798017536,-82.8455882144633,15.));
#10552=CARTESIAN_POINT('Ctrl Pts',(100.19798017536,-82.8455882144633,14.7));
#10553=CARTESIAN_POINT('Ctrl Pts',(100.51820005325,-82.1822485466659,15.));
#10554=CARTESIAN_POINT('Ctrl Pts',(100.51820005325,-82.1822485466659,14.7));
#10555=CARTESIAN_POINT('Ctrl Pts',(100.674967403925,-81.8575029281114,15.));
#10556=CARTESIAN_POINT('Ctrl Pts',(100.674967403925,-81.8575029281114,14.7));
#10557=CARTESIAN_POINT('',(100.141613487845,-83.9573379713603,15.));
#10558=CARTESIAN_POINT('Ctrl Pts',(100.141613487845,-83.9573379713603,15.));
#10559=CARTESIAN_POINT('Ctrl Pts',(100.160662078229,-83.5816326272538,15.));
#10560=CARTESIAN_POINT('Ctrl Pts',(100.19798017536,-82.8455882144633,15.));
#10561=CARTESIAN_POINT('Ctrl Pts',(100.51820005325,-82.1822485466659,15.));
#10562=CARTESIAN_POINT('Ctrl Pts',(100.674967403925,-81.8575029281114,15.));
#10563=CARTESIAN_POINT('',(100.141613487845,-83.9573379713603,14.7));
#10564=CARTESIAN_POINT('',(100.141613487845,-83.9573379713603,15.));
#10565=CARTESIAN_POINT('Ctrl Pts',(100.141613487845,-83.9573379713603,14.7));
#10566=CARTESIAN_POINT('Ctrl Pts',(100.160662078229,-83.5816326272538,14.7));
#10567=CARTESIAN_POINT('Ctrl Pts',(100.19798017536,-82.8455882144633,14.7));
#10568=CARTESIAN_POINT('Ctrl Pts',(100.51820005325,-82.1822485466659,14.7));
#10569=CARTESIAN_POINT('Ctrl Pts',(100.674967403925,-81.8575029281114,14.7));
#10570=CARTESIAN_POINT('Ctrl Pts',(100.914015253357,-86.3329916846271,15.));
#10571=CARTESIAN_POINT('Ctrl Pts',(100.914015253357,-86.3329916846271,14.7));
#10572=CARTESIAN_POINT('Ctrl Pts',(100.690335980408,-85.9883681831732,15.));
#10573=CARTESIAN_POINT('Ctrl Pts',(100.690335980408,-85.9883681831732,14.7));
#10574=CARTESIAN_POINT('Ctrl Pts',(100.222040118474,-85.2668629782946,15.));
#10575=CARTESIAN_POINT('Ctrl Pts',(100.222040118474,-85.2668629782946,14.7));
#10576=CARTESIAN_POINT('Ctrl Pts',(100.169209706739,-84.4066659918964,15.));
#10577=CARTESIAN_POINT('Ctrl Pts',(100.169209706739,-84.4066659918964,14.7));
#10578=CARTESIAN_POINT('Ctrl Pts',(100.141613487845,-83.9573379713603,15.));
#10579=CARTESIAN_POINT('Ctrl Pts',(100.141613487845,-83.9573379713603,14.7));
#10580=CARTESIAN_POINT('',(100.914015253357,-86.3329916846271,15.));
#10581=CARTESIAN_POINT('Ctrl Pts',(100.914015253357,-86.3329916846271,15.));
#10582=CARTESIAN_POINT('Ctrl Pts',(100.690335980408,-85.9883681831732,15.));
#10583=CARTESIAN_POINT('Ctrl Pts',(100.222040118474,-85.2668629782946,15.));
#10584=CARTESIAN_POINT('Ctrl Pts',(100.169209706739,-84.4066659918964,15.));
#10585=CARTESIAN_POINT('Ctrl Pts',(100.141613487845,-83.9573379713603,15.));
#10586=CARTESIAN_POINT('',(100.914015253357,-86.3329916846271,14.7));
#10587=CARTESIAN_POINT('',(100.914015253357,-86.3329916846271,15.));
#10588=CARTESIAN_POINT('Ctrl Pts',(100.914015253357,-86.3329916846271,14.7));
#10589=CARTESIAN_POINT('Ctrl Pts',(100.690335980408,-85.9883681831732,14.7));
#10590=CARTESIAN_POINT('Ctrl Pts',(100.222040118474,-85.2668629782946,14.7));
#10591=CARTESIAN_POINT('Ctrl Pts',(100.169209706739,-84.4066659918964,14.7));
#10592=CARTESIAN_POINT('Ctrl Pts',(100.141613487845,-83.9573379713603,14.7));
#10593=CARTESIAN_POINT('Ctrl Pts',(103.298602728047,-87.6581155640104,15.));
#10594=CARTESIAN_POINT('Ctrl Pts',(103.298602728047,-87.6581155640104,14.7));
#10595=CARTESIAN_POINT('Ctrl Pts',(102.807953808918,-87.5227273905831,15.));
#10596=CARTESIAN_POINT('Ctrl Pts',(102.807953808918,-87.5227273905831,14.7));
#10597=CARTESIAN_POINT('Ctrl Pts',(101.902859092257,-87.2729783017949,15.));
#10598=CARTESIAN_POINT('Ctrl Pts',(101.902859092257,-87.2729783017949,14.7));
#10599=CARTESIAN_POINT('Ctrl Pts',(101.224594708129,-86.6282258961052,15.));
#10600=CARTESIAN_POINT('Ctrl Pts',(101.224594708129,-86.6282258961052,14.7));
#10601=CARTESIAN_POINT('Ctrl Pts',(100.914015253357,-86.3329916846271,15.));
#10602=CARTESIAN_POINT('Ctrl Pts',(100.914015253357,-86.3329916846271,14.7));
#10603=CARTESIAN_POINT('',(103.298602728047,-87.6581155640104,15.));
#10604=CARTESIAN_POINT('Ctrl Pts',(103.298602728047,-87.6581155640104,15.));
#10605=CARTESIAN_POINT('Ctrl Pts',(102.807953808918,-87.5227273905831,15.));
#10606=CARTESIAN_POINT('Ctrl Pts',(101.902859092257,-87.2729783017949,15.));
#10607=CARTESIAN_POINT('Ctrl Pts',(101.224594708129,-86.6282258961052,15.));
#10608=CARTESIAN_POINT('Ctrl Pts',(100.914015253357,-86.3329916846271,15.));
#10609=CARTESIAN_POINT('',(103.298602728047,-87.6581155640104,14.7));
#10610=CARTESIAN_POINT('',(103.298602728047,-87.6581155640104,15.));
#10611=CARTESIAN_POINT('Ctrl Pts',(103.298602728047,-87.6581155640104,14.7));
#10612=CARTESIAN_POINT('Ctrl Pts',(102.807953808918,-87.5227273905831,14.7));
#10613=CARTESIAN_POINT('Ctrl Pts',(101.902859092257,-87.2729783017949,14.7));
#10614=CARTESIAN_POINT('Ctrl Pts',(101.224594708129,-86.6282258961052,14.7));
#10615=CARTESIAN_POINT('Ctrl Pts',(100.914015253357,-86.3329916846271,14.7));
#10616=CARTESIAN_POINT('Ctrl Pts',(101.686243920184,-88.6677188306464,15.));
#10617=CARTESIAN_POINT('Ctrl Pts',(101.686243920184,-88.6677188306464,14.7));
#10618=CARTESIAN_POINT('Ctrl Pts',(101.902682001383,-88.4625278828032,15.));
#10619=CARTESIAN_POINT('Ctrl Pts',(101.902682001383,-88.4625278828032,14.7));
#10620=CARTESIAN_POINT('Ctrl Pts',(102.371219964062,-88.0183373405001,15.));
#10621=CARTESIAN_POINT('Ctrl Pts',(102.371219964062,-88.0183373405001,14.7));
#10622=CARTESIAN_POINT('Ctrl Pts',(102.974177516712,-87.7841315204243,15.));
#10623=CARTESIAN_POINT('Ctrl Pts',(102.974177516712,-87.7841315204243,14.7));
#10624=CARTESIAN_POINT('Ctrl Pts',(103.298602728047,-87.6581155640104,15.));
#10625=CARTESIAN_POINT('Ctrl Pts',(103.298602728047,-87.6581155640104,14.7));
#10626=CARTESIAN_POINT('',(101.686243920184,-88.6677188306464,15.));
#10627=CARTESIAN_POINT('Ctrl Pts',(101.686243920184,-88.6677188306464,15.));
#10628=CARTESIAN_POINT('Ctrl Pts',(101.902682001383,-88.4625278828032,15.));
#10629=CARTESIAN_POINT('Ctrl Pts',(102.371219964062,-88.0183373405001,15.));
#10630=CARTESIAN_POINT('Ctrl Pts',(102.974177516712,-87.7841315204243,15.));
#10631=CARTESIAN_POINT('Ctrl Pts',(103.298602728047,-87.6581155640104,15.));
#10632=CARTESIAN_POINT('',(101.686243920184,-88.6677188306464,14.7));
#10633=CARTESIAN_POINT('',(101.686243920184,-88.6677188306464,15.));
#10634=CARTESIAN_POINT('Ctrl Pts',(101.686243920184,-88.6677188306464,14.7));
#10635=CARTESIAN_POINT('Ctrl Pts',(101.902682001383,-88.4625278828032,14.7));
#10636=CARTESIAN_POINT('Ctrl Pts',(102.371219964062,-88.0183373405001,14.7));
#10637=CARTESIAN_POINT('Ctrl Pts',(102.974177516712,-87.7841315204243,14.7));
#10638=CARTESIAN_POINT('Ctrl Pts',(103.298602728047,-87.6581155640104,14.7));
#10639=CARTESIAN_POINT('Ctrl Pts',(100.867182432178,-90.9529470406637,15.));
#10640=CARTESIAN_POINT('Ctrl Pts',(100.867182432178,-90.9529470406637,14.7));
#10641=CARTESIAN_POINT('Ctrl Pts',(100.897856287052,-90.5275778945029,15.));
#10642=CARTESIAN_POINT('Ctrl Pts',(100.897856287052,-90.5275778945029,14.7));
#10643=CARTESIAN_POINT('Ctrl Pts',(100.958326922936,-89.6890024086533,15.));
#10644=CARTESIAN_POINT('Ctrl Pts',(100.958326922936,-89.6890024086533,14.7));
#10645=CARTESIAN_POINT('Ctrl Pts',(101.44596249742,-89.0048389584857,15.));
#10646=CARTESIAN_POINT('Ctrl Pts',(101.44596249742,-89.0048389584857,14.7));
#10647=CARTESIAN_POINT('Ctrl Pts',(101.686243920184,-88.6677188306464,15.));
#10648=CARTESIAN_POINT('Ctrl Pts',(101.686243920184,-88.6677188306464,14.7));
#10649=CARTESIAN_POINT('',(100.867182432178,-90.9529470406637,15.));
#10650=CARTESIAN_POINT('Ctrl Pts',(100.867182432178,-90.9529470406637,15.));
#10651=CARTESIAN_POINT('Ctrl Pts',(100.897856287052,-90.5275778945029,15.));
#10652=CARTESIAN_POINT('Ctrl Pts',(100.958326922936,-89.6890024086533,15.));
#10653=CARTESIAN_POINT('Ctrl Pts',(101.44596249742,-89.0048389584857,15.));
#10654=CARTESIAN_POINT('Ctrl Pts',(101.686243920184,-88.6677188306464,15.));
#10655=CARTESIAN_POINT('',(100.867182432178,-90.9529470406637,14.7));
#10656=CARTESIAN_POINT('',(100.867182432178,-90.9529470406637,15.));
#10657=CARTESIAN_POINT('Ctrl Pts',(100.867182432178,-90.9529470406637,14.7));
#10658=CARTESIAN_POINT('Ctrl Pts',(100.897856287052,-90.5275778945029,14.7));
#10659=CARTESIAN_POINT('Ctrl Pts',(100.958326922936,-89.6890024086533,14.7));
#10660=CARTESIAN_POINT('Ctrl Pts',(101.44596249742,-89.0048389584857,14.7));
#10661=CARTESIAN_POINT('Ctrl Pts',(101.686243920184,-88.6677188306464,14.7));
#10662=CARTESIAN_POINT('Ctrl Pts',(102.039824800377,-93.6082780547921,15.));
#10663=CARTESIAN_POINT('Ctrl Pts',(102.039824800377,-93.6082780547921,14.7));
#10664=CARTESIAN_POINT('Ctrl Pts',(101.699491695704,-93.23010555415,15.));
#10665=CARTESIAN_POINT('Ctrl Pts',(101.699491695704,-93.23010555415,14.7));
#10666=CARTESIAN_POINT('Ctrl Pts',(101.018350260005,-92.4732324892245,15.));
#10667=CARTESIAN_POINT('Ctrl Pts',(101.018350260005,-92.4732324892245,14.7));
#10668=CARTESIAN_POINT('Ctrl Pts',(100.917595140105,-91.4599445108699,15.));
#10669=CARTESIAN_POINT('Ctrl Pts',(100.917595140105,-91.4599445108699,14.7));
#10670=CARTESIAN_POINT('Ctrl Pts',(100.867182432178,-90.9529470406637,15.));
#10671=CARTESIAN_POINT('Ctrl Pts',(100.867182432178,-90.9529470406637,14.7));
#10672=CARTESIAN_POINT('',(102.039824800377,-93.6082780547921,15.));
#10673=CARTESIAN_POINT('Ctrl Pts',(102.039824800377,-93.6082780547921,15.));
#10674=CARTESIAN_POINT('Ctrl Pts',(101.699491695704,-93.23010555415,15.));
#10675=CARTESIAN_POINT('Ctrl Pts',(101.018350260005,-92.4732324892245,15.));
#10676=CARTESIAN_POINT('Ctrl Pts',(100.917595140105,-91.4599445108699,15.));
#10677=CARTESIAN_POINT('Ctrl Pts',(100.867182432178,-90.9529470406637,15.));
#10678=CARTESIAN_POINT('',(102.039824800377,-93.6082780547921,14.7));
#10679=CARTESIAN_POINT('',(102.039824800377,-93.6082780547921,15.));
#10680=CARTESIAN_POINT('Ctrl Pts',(102.039824800377,-93.6082780547921,14.7));
#10681=CARTESIAN_POINT('Ctrl Pts',(101.699491695704,-93.23010555415,14.7));
#10682=CARTESIAN_POINT('Ctrl Pts',(101.018350260005,-92.4732324892245,14.7));
#10683=CARTESIAN_POINT('Ctrl Pts',(100.917595140105,-91.4599445108699,14.7));
#10684=CARTESIAN_POINT('Ctrl Pts',(100.867182432178,-90.9529470406637,14.7));
#10685=CARTESIAN_POINT('Ctrl Pts',(105.374860408207,-94.6684374045586,15.));
#10686=CARTESIAN_POINT('Ctrl Pts',(105.374860408207,-94.6684374045586,14.7));
#10687=CARTESIAN_POINT('Ctrl Pts',(104.714362477261,-94.6442327934684,15.));
#10688=CARTESIAN_POINT('Ctrl Pts',(104.714362477261,-94.6442327934684,14.7));
#10689=CARTESIAN_POINT('Ctrl Pts',(103.498819559367,-94.5996880004985,15.));
#10690=CARTESIAN_POINT('Ctrl Pts',(103.498819559367,-94.5996880004985,14.7));
#10691=CARTESIAN_POINT('Ctrl Pts',(102.497191376047,-93.9190658552003,15.));
#10692=CARTESIAN_POINT('Ctrl Pts',(102.497191376047,-93.9190658552003,14.7));
#10693=CARTESIAN_POINT('Ctrl Pts',(102.039824800377,-93.6082780547921,15.));
#10694=CARTESIAN_POINT('Ctrl Pts',(102.039824800377,-93.6082780547921,14.7));
#10695=CARTESIAN_POINT('',(105.374860408207,-94.6684374045586,15.));
#10696=CARTESIAN_POINT('Ctrl Pts',(105.374860408207,-94.6684374045586,15.));
#10697=CARTESIAN_POINT('Ctrl Pts',(104.714362477261,-94.6442327934684,15.));
#10698=CARTESIAN_POINT('Ctrl Pts',(103.498819559367,-94.5996880004985,15.));
#10699=CARTESIAN_POINT('Ctrl Pts',(102.497191376047,-93.9190658552003,15.));
#10700=CARTESIAN_POINT('Ctrl Pts',(102.039824800377,-93.6082780547921,15.));
#10701=CARTESIAN_POINT('',(105.374860408207,-94.6684374045586,14.7));
#10702=CARTESIAN_POINT('',(105.374860408207,-94.6684374045586,15.));
#10703=CARTESIAN_POINT('Ctrl Pts',(105.374860408207,-94.6684374045586,14.7));
#10704=CARTESIAN_POINT('Ctrl Pts',(104.714362477261,-94.6442327934684,14.7));
#10705=CARTESIAN_POINT('Ctrl Pts',(103.498819559367,-94.5996880004985,14.7));
#10706=CARTESIAN_POINT('Ctrl Pts',(102.497191376047,-93.9190658552003,14.7));
#10707=CARTESIAN_POINT('Ctrl Pts',(102.039824800377,-93.6082780547921,14.7));
#10708=CARTESIAN_POINT('Origin',(114.05145356261,-94.6314870721507,15.));
#10709=CARTESIAN_POINT('',(114.05145356261,-94.6314870721507,15.));
#10710=CARTESIAN_POINT('',(85.7241517837282,-94.7521223489605,15.));
#10711=CARTESIAN_POINT('',(114.05145356261,-94.6314870721507,14.7));
#10712=CARTESIAN_POINT('',(114.05145356261,-94.6314870721507,15.));
#10713=CARTESIAN_POINT('',(114.05145356261,-94.6314870721507,14.7));
#10714=CARTESIAN_POINT('Origin',(113.987574803468,-79.6316218971927,15.));
#10715=CARTESIAN_POINT('',(113.896089180616,-58.1491756717866,15.));
#10716=CARTESIAN_POINT('',(113.987574803468,-79.6316218971927,14.7));
#10717=CARTESIAN_POINT('Origin',(76.2754375003818,-57.5407274301237,14.7));
#10718=CARTESIAN_POINT('Origin',(57.15,-36.908,15.));
#10719=CARTESIAN_POINT('',(129.87,35.812,15.));
#10720=CARTESIAN_POINT('',(-15.57,35.812,15.));
#10721=CARTESIAN_POINT('',(-15.57,35.812,15.));
#10722=CARTESIAN_POINT('',(-15.57,-109.628,15.));
#10723=CARTESIAN_POINT('',(-15.57,-109.628,15.));
#10724=CARTESIAN_POINT('',(129.87,-109.628,15.));
#10725=CARTESIAN_POINT('',(129.87,-109.628,15.));
#10726=CARTESIAN_POINT('',(129.87,35.812,15.));
#10727=CARTESIAN_POINT('',(-7.77,-104.628,15.));
#10728=CARTESIAN_POINT('Origin',(-10.57,-104.628,15.));
#10729=CARTESIAN_POINT('',(-7.77,30.812,15.));
#10730=CARTESIAN_POINT('Origin',(-10.57,30.812,15.));
#10731=CARTESIAN_POINT('',(127.67,-104.628,15.));
#10732=CARTESIAN_POINT('Origin',(124.87,-104.628,15.));
#10733=CARTESIAN_POINT('',(127.87,30.812,15.));
#10734=CARTESIAN_POINT('Origin',(124.87,30.812,15.));
#10735=CARTESIAN_POINT('Origin',(57.15,-36.908,15.));
#10736=CARTESIAN_POINT('Origin',(57.15,-36.908,15.));
#10737=CARTESIAN_POINT('Origin',(57.15,-36.908,15.));
#10738=CARTESIAN_POINT('Origin',(57.15,-36.908,15.));
#10739=CARTESIAN_POINT('Origin',(57.15,-36.908,15.));
#10740=CARTESIAN_POINT('Origin',(67.65,35.812,8.00000011920929));
#10741=CARTESIAN_POINT('',(67.65,35.812,8.00000011920929));
#10742=CARTESIAN_POINT('',(67.65,35.812,13.0000001937151));
#10743=CARTESIAN_POINT('',(67.65,35.812,8.00000005960464));
#10744=CARTESIAN_POINT('',(67.65,25.812,8.00000011920929));
#10745=CARTESIAN_POINT('',(67.65,-0.547999999999997,8.));
#10746=CARTESIAN_POINT('',(67.65,25.812,13.0000001937151));
#10747=CARTESIAN_POINT('',(67.65,25.812,8.00000005960464));
#10748=CARTESIAN_POINT('',(67.65,35.812,13.0000001937151));
#10749=CARTESIAN_POINT('Origin',(47.65,35.812,13.));
#10750=CARTESIAN_POINT('',(47.65,35.812,13.));
#10751=CARTESIAN_POINT('',(47.65,35.812,8.));
#10752=CARTESIAN_POINT('',(47.65,35.812,10.5));
#10753=CARTESIAN_POINT('',(47.65,25.812,13.));
#10754=CARTESIAN_POINT('',(47.65,35.812,13.));
#10755=CARTESIAN_POINT('',(47.65,25.812,8.));
#10756=CARTESIAN_POINT('',(47.65,25.812,10.5));
#10757=CARTESIAN_POINT('',(47.65,-0.547999999999997,8.));
#10758=CARTESIAN_POINT('Origin',(67.65,35.812,13.0000001937151));
#10759=CARTESIAN_POINT('',(98.7599999757856,35.812,13.0000004950389));
#10760=CARTESIAN_POINT('',(25.79,25.812,13.));
#10761=CARTESIAN_POINT('Origin',(-5.57,25.812,8.));
#10762=CARTESIAN_POINT('',(119.87,25.812,8.));
#10763=CARTESIAN_POINT('',(-5.57,25.812,8.));
#10764=CARTESIAN_POINT('',(119.87,25.812,13.));
#10765=CARTESIAN_POINT('',(119.87,25.812,8.));
#10766=CARTESIAN_POINT('',(25.79,25.812,13.));
#10767=CARTESIAN_POINT('Origin',(-10.57,-104.628,15.));
#10768=CARTESIAN_POINT('',(-7.77,-104.628,12.));
#10769=CARTESIAN_POINT('',(-7.77,-104.628,15.));
#10770=CARTESIAN_POINT('Origin',(-10.57,-104.628,12.));
#10771=CARTESIAN_POINT('Origin',(-10.57,-104.628,12.));
#10772=CARTESIAN_POINT('',(-8.87000000000001,-104.628,12.));
#10773=CARTESIAN_POINT('Origin',(-10.57,-104.628,12.));
#10774=CARTESIAN_POINT('Origin',(-10.57,30.812,15.));
#10775=CARTESIAN_POINT('',(-7.77,30.812,12.));
#10776=CARTESIAN_POINT('',(-7.77,30.812,15.));
#10777=CARTESIAN_POINT('Origin',(-10.57,30.812,12.));
#10778=CARTESIAN_POINT('Origin',(-10.57,30.812,12.));
#10779=CARTESIAN_POINT('',(-8.87,30.812,12.));
#10780=CARTESIAN_POINT('Origin',(-10.57,30.812,12.));
#10781=CARTESIAN_POINT('Origin',(124.87,-104.628,15.));
#10782=CARTESIAN_POINT('',(127.67,-104.628,12.));
#10783=CARTESIAN_POINT('',(127.67,-104.628,15.));
#10784=CARTESIAN_POINT('Origin',(124.87,-104.628,12.));
#10785=CARTESIAN_POINT('Origin',(124.87,-104.628,12.));
#10786=CARTESIAN_POINT('',(126.57,-104.628,12.));
#10787=CARTESIAN_POINT('Origin',(124.87,-104.628,12.));
#10788=CARTESIAN_POINT('Origin',(124.87,30.812,15.));
#10789=CARTESIAN_POINT('',(127.87,30.812,12.));
#10790=CARTESIAN_POINT('',(127.87,30.812,15.));
#10791=CARTESIAN_POINT('Origin',(124.87,30.812,12.));
#10792=CARTESIAN_POINT('Origin',(124.87,30.812,12.));
#10793=CARTESIAN_POINT('',(126.57,30.812,12.));
#10794=CARTESIAN_POINT('Origin',(124.87,30.812,12.));
#10795=CARTESIAN_POINT('Origin',(57.15,-36.908,13.));
#10796=CARTESIAN_POINT('',(119.87,-99.628,13.));
#10797=CARTESIAN_POINT('',(119.87,-5.54799999999999,13.));
#10798=CARTESIAN_POINT('',(-5.57,-99.628,13.));
#10799=CARTESIAN_POINT('',(88.51,-99.628,13.));
#10800=CARTESIAN_POINT('',(-5.57,25.812,13.));
#10801=CARTESIAN_POINT('',(-5.57,-68.268,13.));
#10802=CARTESIAN_POINT('',(25.79,25.812,13.));
#10803=CARTESIAN_POINT('Origin',(119.87,-99.628,8.));
#10804=CARTESIAN_POINT('',(119.87,-99.628,8.));
#10805=CARTESIAN_POINT('',(119.87,-99.628,8.));
#10806=CARTESIAN_POINT('',(-5.57,-99.628,8.));
#10807=CARTESIAN_POINT('',(119.87,-99.628,8.));
#10808=CARTESIAN_POINT('',(-5.57,-99.628,8.));
#10809=CARTESIAN_POINT('Origin',(119.87,25.812,8.));
#10810=CARTESIAN_POINT('',(119.87,25.812,8.));
#10811=CARTESIAN_POINT('Origin',(-10.57,30.812,8.));
#10812=CARTESIAN_POINT('',(-8.87,30.812,8.));
#10813=CARTESIAN_POINT('',(-8.87,30.812,8.));
#10814=CARTESIAN_POINT('Origin',(-10.57,30.812,8.));
#10815=CARTESIAN_POINT('Origin',(-5.57,-99.628,8.));
#10816=CARTESIAN_POINT('',(-5.57,25.812,8.));
#10817=CARTESIAN_POINT('',(-5.57,-99.628,8.));
#10818=CARTESIAN_POINT('',(-5.57,25.812,8.));
#10819=CARTESIAN_POINT('Origin',(-5.57,25.812,8.));
#10820=CARTESIAN_POINT('',(-5.57,25.812,8.));
#10821=CARTESIAN_POINT('Origin',(124.87,-104.628,8.));
#10822=CARTESIAN_POINT('',(126.57,-104.628,8.));
#10823=CARTESIAN_POINT('',(126.57,-104.628,8.));
#10824=CARTESIAN_POINT('Origin',(124.87,-104.628,8.));
#10825=CARTESIAN_POINT('Origin',(-10.57,-104.628,8.));
#10826=CARTESIAN_POINT('',(-8.87000000000001,-104.628,8.));
#10827=CARTESIAN_POINT('',(-8.87000000000001,-104.628,8.));
#10828=CARTESIAN_POINT('Origin',(-10.57,-104.628,8.));
#10829=CARTESIAN_POINT('Origin',(124.87,30.812,8.));
#10830=CARTESIAN_POINT('',(126.57,30.812,8.));
#10831=CARTESIAN_POINT('',(126.57,30.812,8.));
#10832=CARTESIAN_POINT('Origin',(124.87,30.812,8.));
#10833=CARTESIAN_POINT('Origin',(129.87,-109.628,8.));
#10834=CARTESIAN_POINT('',(129.87,35.812,8.));
#10835=CARTESIAN_POINT('',(129.87,-109.628,8.));
#10836=CARTESIAN_POINT('',(129.87,35.812,8.));
#10837=CARTESIAN_POINT('',(129.87,35.812,8.));
#10838=CARTESIAN_POINT('',(129.87,-109.628,8.));
#10839=CARTESIAN_POINT('Origin',(-15.57,-109.628,8.));
#10840=CARTESIAN_POINT('',(-15.57,-109.628,8.));
#10841=CARTESIAN_POINT('',(129.87,-109.628,8.));
#10842=CARTESIAN_POINT('',(-15.57,-109.628,8.));
#10843=CARTESIAN_POINT('Origin',(-15.57,35.812,8.));
#10844=CARTESIAN_POINT('',(-15.57,35.812,8.));
#10845=CARTESIAN_POINT('',(-15.57,-109.628,8.));
#10846=CARTESIAN_POINT('',(-15.57,35.812,8.));
#10847=CARTESIAN_POINT('Origin',(129.87,35.812,8.));
#10848=CARTESIAN_POINT('',(-15.57,35.812,8.));
#10849=CARTESIAN_POINT('',(-15.57,35.812,8.));
#10850=CARTESIAN_POINT('Origin',(57.15,-36.908,15.));
#10851=CARTESIAN_POINT('Origin',(57.15,-36.908,8.));
#10852=UNCERTAINTY_MEASURE_WITH_UNIT(LENGTH_MEASURE(0.01),#10856,
'DISTANCE_ACCURACY_VALUE',
'Maximum model space distance between geometric entities at asserted c
onnectivities');
#10853=UNCERTAINTY_MEASURE_WITH_UNIT(LENGTH_MEASURE(0.01),#10856,
'DISTANCE_ACCURACY_VALUE',
'Maximum model space distance between geometric entities at asserted c
onnectivities');
#10854=(
GEOMETRIC_REPRESENTATION_CONTEXT(3)
GLOBAL_UNCERTAINTY_ASSIGNED_CONTEXT((#10852))
GLOBAL_UNIT_ASSIGNED_CONTEXT((#10856,#10858,#10859))
REPRESENTATION_CONTEXT('','3D')
);
#10855=(
GEOMETRIC_REPRESENTATION_CONTEXT(3)
GLOBAL_UNCERTAINTY_ASSIGNED_CONTEXT((#10853))
GLOBAL_UNIT_ASSIGNED_CONTEXT((#10856,#10858,#10859))
REPRESENTATION_CONTEXT('','3D')
);
#10856=(
LENGTH_UNIT()
NAMED_UNIT(*)
SI_UNIT(.MILLI.,.METRE.)
);
#10857=(
LENGTH_UNIT()
NAMED_UNIT(*)
SI_UNIT($,.METRE.)
);
#10858=(
NAMED_UNIT(*)
PLANE_ANGLE_UNIT()
SI_UNIT($,.RADIAN.)
);
#10859=(
NAMED_UNIT(*)
SI_UNIT($,.STERADIAN.)
SOLID_ANGLE_UNIT()
);
#10860=SHAPE_DEFINITION_REPRESENTATION(#10861,#10862);
#10861=PRODUCT_DEFINITION_SHAPE('',$,#10864);
#10862=SHAPE_REPRESENTATION('',(#5510),#10854);
#10863=PRODUCT_DEFINITION_CONTEXT('part definition',#10868,'design');
#10864=PRODUCT_DEFINITION('Bottom case','Bottom case',#10865,#10863);
#10865=PRODUCT_DEFINITION_FORMATION('',$,#10870);
#10866=PRODUCT_RELATED_PRODUCT_CATEGORY('Bottom case','Bottom case',(#10870));
#10867=APPLICATION_PROTOCOL_DEFINITION('international standard',
'automotive_design',2009,#10868);
#10868=APPLICATION_CONTEXT(
'Core Data for Automotive Mechanical Design Process');
#10869=PRODUCT_CONTEXT('part definition',#10868,'mechanical');
#10870=PRODUCT('Bottom case','Bottom case',$,(#10869));
#10871=PRESENTATION_STYLE_ASSIGNMENT((#10873));
#10872=PRESENTATION_STYLE_ASSIGNMENT((#10874));
#10873=SURFACE_STYLE_USAGE(.BOTH.,#10875);
#10874=SURFACE_STYLE_USAGE(.BOTH.,#10876);
#10875=SURFACE_SIDE_STYLE('',(#10877));
#10876=SURFACE_SIDE_STYLE('',(#10878));
#10877=SURFACE_STYLE_FILL_AREA(#10879);
#10878=SURFACE_STYLE_FILL_AREA(#10880);
#10879=FILL_AREA_STYLE('Steel - Satin',(#10881));
#10880=FILL_AREA_STYLE('ABS (White)',(#10882));
#10881=FILL_AREA_STYLE_COLOUR('Steel - Satin',#10883);
#10882=FILL_AREA_STYLE_COLOUR('ABS (White)',#10884);
#10883=COLOUR_RGB('Steel - Satin',0.627450980392157,0.627450980392157,0.627450980392157);
#10884=COLOUR_RGB('ABS (White)',0.964705882352941,0.964705882352941,0.952941176470588);
ENDSEC;
END-ISO-10303-21;
