ISO-10303-21;
HEADER;
/* Generated by software containing ST-Developer
 * from STEP Tools, Inc. (www.steptools.com) 
 */

FILE_DESCRIPTION(
/* description */ (''),
/* implementation_level */ '2;1');

FILE_NAME(
/* name */ 'Top case.step',
/* time_stamp */ '2026-01-19T14:55:33-07:00',
/* author */ (''),
/* organization */ (''),
/* preprocessor_version */ 'ST-DEVELOPER v20.1',
/* originating_system */ 'Autodesk Translation Framework v14.21.0.0',
/* authorisation */ '');

FILE_SCHEMA (('AUTOMOTIVE_DESIGN { 1 0 10303 214 3 1 1 }'));
ENDSEC;

DATA;
#10=MECHANICAL_DESIGN_GEOMETRIC_PRESENTATION_REPRESENTATION('',(#13),#9384);
#11=SHAPE_REPRESENTATION_RELATIONSHIP('SRR','None',#9391,#12);
#12=ADVANCED_BREP_SHAPE_REPRESENTATION('',(#14),#9383);
#13=STYLED_ITEM('',(#9401),#14);
#14=MANIFOLD_SOLID_BREP('Body1',#5584);
#15=FACE_BOUND('',#512,.T.);
#16=FACE_BOUND('',#513,.T.);
#17=FACE_BOUND('',#522,.T.);
#18=FACE_BOUND('',#523,.T.);
#19=FACE_BOUND('',#524,.T.);
#20=FACE_BOUND('',#525,.T.);
#21=FACE_BOUND('',#534,.T.);
#22=FACE_BOUND('',#544,.T.);
#23=FACE_BOUND('',#548,.T.);
#24=FACE_BOUND('',#549,.T.);
#25=FACE_BOUND('',#550,.T.);
#26=FACE_BOUND('',#551,.T.);
#27=FACE_BOUND('',#552,.T.);
#28=FACE_BOUND('',#553,.T.);
#29=FACE_BOUND('',#554,.T.);
#30=FACE_BOUND('',#555,.T.);
#31=FACE_BOUND('',#556,.T.);
#32=FACE_BOUND('',#557,.T.);
#33=FACE_BOUND('',#558,.T.);
#34=FACE_BOUND('',#559,.T.);
#35=FACE_BOUND('',#560,.T.);
#36=FACE_BOUND('',#561,.T.);
#37=FACE_BOUND('',#562,.T.);
#38=FACE_BOUND('',#563,.T.);
#39=FACE_BOUND('',#564,.T.);
#40=FACE_BOUND('',#565,.T.);
#41=FACE_BOUND('',#566,.T.);
#42=FACE_BOUND('',#567,.T.);
#43=FACE_BOUND('',#568,.T.);
#44=FACE_BOUND('',#569,.T.);
#45=FACE_BOUND('',#570,.T.);
#46=FACE_BOUND('',#571,.T.);
#47=FACE_BOUND('',#572,.T.);
#48=FACE_BOUND('',#573,.T.);
#49=FACE_BOUND('',#574,.T.);
#50=FACE_BOUND('',#575,.T.);
#51=FACE_BOUND('',#576,.T.);
#52=FACE_BOUND('',#577,.T.);
#53=FACE_BOUND('',#821,.T.);
#54=FACE_BOUND('',#822,.T.);
#55=FACE_BOUND('',#823,.T.);
#56=FACE_BOUND('',#824,.T.);
#57=FACE_BOUND('',#825,.T.);
#58=FACE_BOUND('',#826,.T.);
#59=FACE_BOUND('',#827,.T.);
#60=FACE_BOUND('',#828,.T.);
#61=FACE_BOUND('',#829,.T.);
#62=FACE_BOUND('',#830,.T.);
#63=FACE_BOUND('',#831,.T.);
#64=FACE_BOUND('',#832,.T.);
#65=FACE_BOUND('',#833,.T.);
#66=FACE_BOUND('',#834,.T.);
#67=FACE_BOUND('',#835,.T.);
#68=FACE_BOUND('',#836,.T.);
#69=FACE_BOUND('',#837,.T.);
#70=FACE_BOUND('',#838,.T.);
#71=FACE_BOUND('',#839,.T.);
#72=FACE_BOUND('',#840,.T.);
#73=FACE_BOUND('',#841,.T.);
#74=FACE_BOUND('',#842,.T.);
#75=FACE_BOUND('',#843,.T.);
#76=FACE_BOUND('',#844,.T.);
#77=FACE_BOUND('',#845,.T.);
#78=FACE_BOUND('',#846,.T.);
#79=FACE_BOUND('',#847,.T.);
#80=FACE_BOUND('',#848,.T.);
#81=FACE_BOUND('',#849,.T.);
#82=FACE_BOUND('',#850,.T.);
#83=PLANE('',#5609);
#84=PLANE('',#5612);
#85=PLANE('',#5613);
#86=PLANE('',#5614);
#87=PLANE('',#5615);
#88=PLANE('',#5616);
#89=PLANE('',#5617);
#90=PLANE('',#5618);
#91=PLANE('',#5619);
#92=PLANE('',#5626);
#93=PLANE('',#5629);
#94=PLANE('',#5630);
#95=PLANE('',#5631);
#96=PLANE('',#5632);
#97=PLANE('',#5633);
#98=PLANE('',#5636);
#99=PLANE('',#5639);
#100=PLANE('',#5642);
#101=PLANE('',#5645);
#102=PLANE('',#5646);
#103=PLANE('',#5647);
#104=PLANE('',#5648);
#105=PLANE('',#5649);
#106=PLANE('',#5770);
#107=PLANE('',#5771);
#108=PLANE('',#5774);
#109=PLANE('',#5777);
#110=PLANE('',#5780);
#111=PLANE('',#5783);
#112=PLANE('',#5786);
#113=PLANE('',#5789);
#114=PLANE('',#5792);
#115=PLANE('',#5795);
#116=PLANE('',#5798);
#117=PLANE('',#5801);
#118=PLANE('',#5804);
#119=PLANE('',#5807);
#120=PLANE('',#5810);
#121=PLANE('',#5813);
#122=PLANE('',#5816);
#123=PLANE('',#5819);
#124=PLANE('',#5822);
#125=PLANE('',#5825);
#126=PLANE('',#5828);
#127=PLANE('',#5831);
#128=PLANE('',#5834);
#129=PLANE('',#5837);
#130=PLANE('',#5840);
#131=PLANE('',#5843);
#132=PLANE('',#5846);
#133=PLANE('',#5849);
#134=PLANE('',#5852);
#135=PLANE('',#5855);
#136=PLANE('',#5858);
#137=PLANE('',#5861);
#138=PLANE('',#5864);
#139=PLANE('',#5867);
#140=PLANE('',#5870);
#141=PLANE('',#5873);
#142=PLANE('',#5876);
#143=PLANE('',#5879);
#144=PLANE('',#5882);
#145=PLANE('',#5885);
#146=PLANE('',#5888);
#147=PLANE('',#5891);
#148=PLANE('',#5894);
#149=PLANE('',#5897);
#150=PLANE('',#5900);
#151=PLANE('',#5903);
#152=PLANE('',#5906);
#153=PLANE('',#5909);
#154=PLANE('',#5912);
#155=PLANE('',#5915);
#156=PLANE('',#5918);
#157=PLANE('',#5921);
#158=PLANE('',#5924);
#159=PLANE('',#5927);
#160=PLANE('',#5930);
#161=PLANE('',#5933);
#162=PLANE('',#5936);
#163=PLANE('',#5939);
#164=PLANE('',#5942);
#165=PLANE('',#5945);
#166=PLANE('',#5948);
#167=PLANE('',#5951);
#168=PLANE('',#5954);
#169=PLANE('',#5957);
#170=PLANE('',#5960);
#171=PLANE('',#5963);
#172=PLANE('',#5966);
#173=PLANE('',#5969);
#174=PLANE('',#5972);
#175=PLANE('',#5975);
#176=PLANE('',#5978);
#177=PLANE('',#5981);
#178=PLANE('',#5984);
#179=PLANE('',#5987);
#180=PLANE('',#5990);
#181=PLANE('',#5993);
#182=PLANE('',#5996);
#183=PLANE('',#5999);
#184=PLANE('',#6002);
#185=PLANE('',#6005);
#186=PLANE('',#6008);
#187=PLANE('',#6011);
#188=PLANE('',#6014);
#189=PLANE('',#6017);
#190=PLANE('',#6020);
#191=PLANE('',#6023);
#192=PLANE('',#6026);
#193=PLANE('',#6029);
#194=PLANE('',#6032);
#195=PLANE('',#6035);
#196=PLANE('',#6038);
#197=PLANE('',#6041);
#198=PLANE('',#6044);
#199=PLANE('',#6047);
#200=PLANE('',#6050);
#201=PLANE('',#6053);
#202=PLANE('',#6056);
#203=PLANE('',#6059);
#204=PLANE('',#6062);
#205=PLANE('',#6065);
#206=PLANE('',#6068);
#207=PLANE('',#6071);
#208=PLANE('',#6074);
#209=PLANE('',#6077);
#210=PLANE('',#6080);
#211=PLANE('',#6083);
#212=PLANE('',#6086);
#213=PLANE('',#6089);
#214=PLANE('',#6092);
#215=PLANE('',#6095);
#216=PLANE('',#6098);
#217=PLANE('',#6101);
#218=PLANE('',#6104);
#219=PLANE('',#6107);
#220=PLANE('',#6110);
#221=PLANE('',#6113);
#222=PLANE('',#6116);
#223=PLANE('',#6119);
#224=PLANE('',#6122);
#225=PLANE('',#6125);
#226=PLANE('',#6128);
#227=PLANE('',#6131);
#228=PLANE('',#6132);
#229=FACE_OUTER_BOUND('',#506,.T.);
#230=FACE_OUTER_BOUND('',#507,.T.);
#231=FACE_OUTER_BOUND('',#508,.T.);
#232=FACE_OUTER_BOUND('',#509,.T.);
#233=FACE_OUTER_BOUND('',#510,.T.);
#234=FACE_OUTER_BOUND('',#511,.T.);
#235=FACE_OUTER_BOUND('',#514,.T.);
#236=FACE_OUTER_BOUND('',#515,.T.);
#237=FACE_OUTER_BOUND('',#516,.T.);
#238=FACE_OUTER_BOUND('',#517,.T.);
#239=FACE_OUTER_BOUND('',#518,.T.);
#240=FACE_OUTER_BOUND('',#519,.T.);
#241=FACE_OUTER_BOUND('',#520,.T.);
#242=FACE_OUTER_BOUND('',#521,.T.);
#243=FACE_OUTER_BOUND('',#526,.T.);
#244=FACE_OUTER_BOUND('',#527,.T.);
#245=FACE_OUTER_BOUND('',#528,.T.);
#246=FACE_OUTER_BOUND('',#529,.T.);
#247=FACE_OUTER_BOUND('',#530,.T.);
#248=FACE_OUTER_BOUND('',#531,.T.);
#249=FACE_OUTER_BOUND('',#532,.T.);
#250=FACE_OUTER_BOUND('',#533,.T.);
#251=FACE_OUTER_BOUND('',#535,.T.);
#252=FACE_OUTER_BOUND('',#536,.T.);
#253=FACE_OUTER_BOUND('',#537,.T.);
#254=FACE_OUTER_BOUND('',#538,.T.);
#255=FACE_OUTER_BOUND('',#539,.T.);
#256=FACE_OUTER_BOUND('',#540,.T.);
#257=FACE_OUTER_BOUND('',#541,.T.);
#258=FACE_OUTER_BOUND('',#542,.T.);
#259=FACE_OUTER_BOUND('',#543,.T.);
#260=FACE_OUTER_BOUND('',#545,.T.);
#261=FACE_OUTER_BOUND('',#546,.T.);
#262=FACE_OUTER_BOUND('',#547,.T.);
#263=FACE_OUTER_BOUND('',#578,.T.);
#264=FACE_OUTER_BOUND('',#579,.T.);
#265=FACE_OUTER_BOUND('',#580,.T.);
#266=FACE_OUTER_BOUND('',#581,.T.);
#267=FACE_OUTER_BOUND('',#582,.T.);
#268=FACE_OUTER_BOUND('',#583,.T.);
#269=FACE_OUTER_BOUND('',#584,.T.);
#270=FACE_OUTER_BOUND('',#585,.T.);
#271=FACE_OUTER_BOUND('',#586,.T.);
#272=FACE_OUTER_BOUND('',#587,.T.);
#273=FACE_OUTER_BOUND('',#588,.T.);
#274=FACE_OUTER_BOUND('',#589,.T.);
#275=FACE_OUTER_BOUND('',#590,.T.);
#276=FACE_OUTER_BOUND('',#591,.T.);
#277=FACE_OUTER_BOUND('',#592,.T.);
#278=FACE_OUTER_BOUND('',#593,.T.);
#279=FACE_OUTER_BOUND('',#594,.T.);
#280=FACE_OUTER_BOUND('',#595,.T.);
#281=FACE_OUTER_BOUND('',#596,.T.);
#282=FACE_OUTER_BOUND('',#597,.T.);
#283=FACE_OUTER_BOUND('',#598,.T.);
#284=FACE_OUTER_BOUND('',#599,.T.);
#285=FACE_OUTER_BOUND('',#600,.T.);
#286=FACE_OUTER_BOUND('',#601,.T.);
#287=FACE_OUTER_BOUND('',#602,.T.);
#288=FACE_OUTER_BOUND('',#603,.T.);
#289=FACE_OUTER_BOUND('',#604,.T.);
#290=FACE_OUTER_BOUND('',#605,.T.);
#291=FACE_OUTER_BOUND('',#606,.T.);
#292=FACE_OUTER_BOUND('',#607,.T.);
#293=FACE_OUTER_BOUND('',#608,.T.);
#294=FACE_OUTER_BOUND('',#609,.T.);
#295=FACE_OUTER_BOUND('',#610,.T.);
#296=FACE_OUTER_BOUND('',#611,.T.);
#297=FACE_OUTER_BOUND('',#612,.T.);
#298=FACE_OUTER_BOUND('',#613,.T.);
#299=FACE_OUTER_BOUND('',#614,.T.);
#300=FACE_OUTER_BOUND('',#615,.T.);
#301=FACE_OUTER_BOUND('',#616,.T.);
#302=FACE_OUTER_BOUND('',#617,.T.);
#303=FACE_OUTER_BOUND('',#618,.T.);
#304=FACE_OUTER_BOUND('',#619,.T.);
#305=FACE_OUTER_BOUND('',#620,.T.);
#306=FACE_OUTER_BOUND('',#621,.T.);
#307=FACE_OUTER_BOUND('',#622,.T.);
#308=FACE_OUTER_BOUND('',#623,.T.);
#309=FACE_OUTER_BOUND('',#624,.T.);
#310=FACE_OUTER_BOUND('',#625,.T.);
#311=FACE_OUTER_BOUND('',#626,.T.);
#312=FACE_OUTER_BOUND('',#627,.T.);
#313=FACE_OUTER_BOUND('',#628,.T.);
#314=FACE_OUTER_BOUND('',#629,.T.);
#315=FACE_OUTER_BOUND('',#630,.T.);
#316=FACE_OUTER_BOUND('',#631,.T.);
#317=FACE_OUTER_BOUND('',#632,.T.);
#318=FACE_OUTER_BOUND('',#633,.T.);
#319=FACE_OUTER_BOUND('',#634,.T.);
#320=FACE_OUTER_BOUND('',#635,.T.);
#321=FACE_OUTER_BOUND('',#636,.T.);
#322=FACE_OUTER_BOUND('',#637,.T.);
#323=FACE_OUTER_BOUND('',#638,.T.);
#324=FACE_OUTER_BOUND('',#639,.T.);
#325=FACE_OUTER_BOUND('',#640,.T.);
#326=FACE_OUTER_BOUND('',#641,.T.);
#327=FACE_OUTER_BOUND('',#642,.T.);
#328=FACE_OUTER_BOUND('',#643,.T.);
#329=FACE_OUTER_BOUND('',#644,.T.);
#330=FACE_OUTER_BOUND('',#645,.T.);
#331=FACE_OUTER_BOUND('',#646,.T.);
#332=FACE_OUTER_BOUND('',#647,.T.);
#333=FACE_OUTER_BOUND('',#648,.T.);
#334=FACE_OUTER_BOUND('',#649,.T.);
#335=FACE_OUTER_BOUND('',#650,.T.);
#336=FACE_OUTER_BOUND('',#651,.T.);
#337=FACE_OUTER_BOUND('',#652,.T.);
#338=FACE_OUTER_BOUND('',#653,.T.);
#339=FACE_OUTER_BOUND('',#654,.T.);
#340=FACE_OUTER_BOUND('',#655,.T.);
#341=FACE_OUTER_BOUND('',#656,.T.);
#342=FACE_OUTER_BOUND('',#657,.T.);
#343=FACE_OUTER_BOUND('',#658,.T.);
#344=FACE_OUTER_BOUND('',#659,.T.);
#345=FACE_OUTER_BOUND('',#660,.T.);
#346=FACE_OUTER_BOUND('',#661,.T.);
#347=FACE_OUTER_BOUND('',#662,.T.);
#348=FACE_OUTER_BOUND('',#663,.T.);
#349=FACE_OUTER_BOUND('',#664,.T.);
#350=FACE_OUTER_BOUND('',#665,.T.);
#351=FACE_OUTER_BOUND('',#666,.T.);
#352=FACE_OUTER_BOUND('',#667,.T.);
#353=FACE_OUTER_BOUND('',#668,.T.);
#354=FACE_OUTER_BOUND('',#669,.T.);
#355=FACE_OUTER_BOUND('',#670,.T.);
#356=FACE_OUTER_BOUND('',#671,.T.);
#357=FACE_OUTER_BOUND('',#672,.T.);
#358=FACE_OUTER_BOUND('',#673,.T.);
#359=FACE_OUTER_BOUND('',#674,.T.);
#360=FACE_OUTER_BOUND('',#675,.T.);
#361=FACE_OUTER_BOUND('',#676,.T.);
#362=FACE_OUTER_BOUND('',#677,.T.);
#363=FACE_OUTER_BOUND('',#678,.T.);
#364=FACE_OUTER_BOUND('',#679,.T.);
#365=FACE_OUTER_BOUND('',#680,.T.);
#366=FACE_OUTER_BOUND('',#681,.T.);
#367=FACE_OUTER_BOUND('',#682,.T.);
#368=FACE_OUTER_BOUND('',#683,.T.);
#369=FACE_OUTER_BOUND('',#684,.T.);
#370=FACE_OUTER_BOUND('',#685,.T.);
#371=FACE_OUTER_BOUND('',#686,.T.);
#372=FACE_OUTER_BOUND('',#687,.T.);
#373=FACE_OUTER_BOUND('',#688,.T.);
#374=FACE_OUTER_BOUND('',#689,.T.);
#375=FACE_OUTER_BOUND('',#690,.T.);
#376=FACE_OUTER_BOUND('',#691,.T.);
#377=FACE_OUTER_BOUND('',#692,.T.);
#378=FACE_OUTER_BOUND('',#693,.T.);
#379=FACE_OUTER_BOUND('',#694,.T.);
#380=FACE_OUTER_BOUND('',#695,.T.);
#381=FACE_OUTER_BOUND('',#696,.T.);
#382=FACE_OUTER_BOUND('',#697,.T.);
#383=FACE_OUTER_BOUND('',#698,.T.);
#384=FACE_OUTER_BOUND('',#699,.T.);
#385=FACE_OUTER_BOUND('',#700,.T.);
#386=FACE_OUTER_BOUND('',#701,.T.);
#387=FACE_OUTER_BOUND('',#702,.T.);
#388=FACE_OUTER_BOUND('',#703,.T.);
#389=FACE_OUTER_BOUND('',#704,.T.);
#390=FACE_OUTER_BOUND('',#705,.T.);
#391=FACE_OUTER_BOUND('',#706,.T.);
#392=FACE_OUTER_BOUND('',#707,.T.);
#393=FACE_OUTER_BOUND('',#708,.T.);
#394=FACE_OUTER_BOUND('',#709,.T.);
#395=FACE_OUTER_BOUND('',#710,.T.);
#396=FACE_OUTER_BOUND('',#711,.T.);
#397=FACE_OUTER_BOUND('',#712,.T.);
#398=FACE_OUTER_BOUND('',#713,.T.);
#399=FACE_OUTER_BOUND('',#714,.T.);
#400=FACE_OUTER_BOUND('',#715,.T.);
#401=FACE_OUTER_BOUND('',#716,.T.);
#402=FACE_OUTER_BOUND('',#717,.T.);
#403=FACE_OUTER_BOUND('',#718,.T.);
#404=FACE_OUTER_BOUND('',#719,.T.);
#405=FACE_OUTER_BOUND('',#720,.T.);
#406=FACE_OUTER_BOUND('',#721,.T.);
#407=FACE_OUTER_BOUND('',#722,.T.);
#408=FACE_OUTER_BOUND('',#723,.T.);
#409=FACE_OUTER_BOUND('',#724,.T.);
#410=FACE_OUTER_BOUND('',#725,.T.);
#411=FACE_OUTER_BOUND('',#726,.T.);
#412=FACE_OUTER_BOUND('',#727,.T.);
#413=FACE_OUTER_BOUND('',#728,.T.);
#414=FACE_OUTER_BOUND('',#729,.T.);
#415=FACE_OUTER_BOUND('',#730,.T.);
#416=FACE_OUTER_BOUND('',#731,.T.);
#417=FACE_OUTER_BOUND('',#732,.T.);
#418=FACE_OUTER_BOUND('',#733,.T.);
#419=FACE_OUTER_BOUND('',#734,.T.);
#420=FACE_OUTER_BOUND('',#735,.T.);
#421=FACE_OUTER_BOUND('',#736,.T.);
#422=FACE_OUTER_BOUND('',#737,.T.);
#423=FACE_OUTER_BOUND('',#738,.T.);
#424=FACE_OUTER_BOUND('',#739,.T.);
#425=FACE_OUTER_BOUND('',#740,.T.);
#426=FACE_OUTER_BOUND('',#741,.T.);
#427=FACE_OUTER_BOUND('',#742,.T.);
#428=FACE_OUTER_BOUND('',#743,.T.);
#429=FACE_OUTER_BOUND('',#744,.T.);
#430=FACE_OUTER_BOUND('',#745,.T.);
#431=FACE_OUTER_BOUND('',#746,.T.);
#432=FACE_OUTER_BOUND('',#747,.T.);
#433=FACE_OUTER_BOUND('',#748,.T.);
#434=FACE_OUTER_BOUND('',#749,.T.);
#435=FACE_OUTER_BOUND('',#750,.T.);
#436=FACE_OUTER_BOUND('',#751,.T.);
#437=FACE_OUTER_BOUND('',#752,.T.);
#438=FACE_OUTER_BOUND('',#753,.T.);
#439=FACE_OUTER_BOUND('',#754,.T.);
#440=FACE_OUTER_BOUND('',#755,.T.);
#441=FACE_OUTER_BOUND('',#756,.T.);
#442=FACE_OUTER_BOUND('',#757,.T.);
#443=FACE_OUTER_BOUND('',#758,.T.);
#444=FACE_OUTER_BOUND('',#759,.T.);
#445=FACE_OUTER_BOUND('',#760,.T.);
#446=FACE_OUTER_BOUND('',#761,.T.);
#447=FACE_OUTER_BOUND('',#762,.T.);
#448=FACE_OUTER_BOUND('',#763,.T.);
#449=FACE_OUTER_BOUND('',#764,.T.);
#450=FACE_OUTER_BOUND('',#765,.T.);
#451=FACE_OUTER_BOUND('',#766,.T.);
#452=FACE_OUTER_BOUND('',#767,.T.);
#453=FACE_OUTER_BOUND('',#768,.T.);
#454=FACE_OUTER_BOUND('',#769,.T.);
#455=FACE_OUTER_BOUND('',#770,.T.);
#456=FACE_OUTER_BOUND('',#771,.T.);
#457=FACE_OUTER_BOUND('',#772,.T.);
#458=FACE_OUTER_BOUND('',#773,.T.);
#459=FACE_OUTER_BOUND('',#774,.T.);
#460=FACE_OUTER_BOUND('',#775,.T.);
#461=FACE_OUTER_BOUND('',#776,.T.);
#462=FACE_OUTER_BOUND('',#777,.T.);
#463=FACE_OUTER_BOUND('',#778,.T.);
#464=FACE_OUTER_BOUND('',#779,.T.);
#465=FACE_OUTER_BOUND('',#780,.T.);
#466=FACE_OUTER_BOUND('',#781,.T.);
#467=FACE_OUTER_BOUND('',#782,.T.);
#468=FACE_OUTER_BOUND('',#783,.T.);
#469=FACE_OUTER_BOUND('',#784,.T.);
#470=FACE_OUTER_BOUND('',#785,.T.);
#471=FACE_OUTER_BOUND('',#786,.T.);
#472=FACE_OUTER_BOUND('',#787,.T.);
#473=FACE_OUTER_BOUND('',#788,.T.);
#474=FACE_OUTER_BOUND('',#789,.T.);
#475=FACE_OUTER_BOUND('',#790,.T.);
#476=FACE_OUTER_BOUND('',#791,.T.);
#477=FACE_OUTER_BOUND('',#792,.T.);
#478=FACE_OUTER_BOUND('',#793,.T.);
#479=FACE_OUTER_BOUND('',#794,.T.);
#480=FACE_OUTER_BOUND('',#795,.T.);
#481=FACE_OUTER_BOUND('',#796,.T.);
#482=FACE_OUTER_BOUND('',#797,.T.);
#483=FACE_OUTER_BOUND('',#798,.T.);
#484=FACE_OUTER_BOUND('',#799,.T.);
#485=FACE_OUTER_BOUND('',#800,.T.);
#486=FACE_OUTER_BOUND('',#801,.T.);
#487=FACE_OUTER_BOUND('',#802,.T.);
#488=FACE_OUTER_BOUND('',#803,.T.);
#489=FACE_OUTER_BOUND('',#804,.T.);
#490=FACE_OUTER_BOUND('',#805,.T.);
#491=FACE_OUTER_BOUND('',#806,.T.);
#492=FACE_OUTER_BOUND('',#807,.T.);
#493=FACE_OUTER_BOUND('',#808,.T.);
#494=FACE_OUTER_BOUND('',#809,.T.);
#495=FACE_OUTER_BOUND('',#810,.T.);
#496=FACE_OUTER_BOUND('',#811,.T.);
#497=FACE_OUTER_BOUND('',#812,.T.);
#498=FACE_OUTER_BOUND('',#813,.T.);
#499=FACE_OUTER_BOUND('',#814,.T.);
#500=FACE_OUTER_BOUND('',#815,.T.);
#501=FACE_OUTER_BOUND('',#816,.T.);
#502=FACE_OUTER_BOUND('',#817,.T.);
#503=FACE_OUTER_BOUND('',#818,.T.);
#504=FACE_OUTER_BOUND('',#819,.T.);
#505=FACE_OUTER_BOUND('',#820,.T.);
#506=EDGE_LOOP('',(#3558,#3559,#3560,#3561));
#507=EDGE_LOOP('',(#3562,#3563,#3564,#3565));
#508=EDGE_LOOP('',(#3566,#3567,#3568,#3569));
#509=EDGE_LOOP('',(#3570,#3571,#3572,#3573));
#510=EDGE_LOOP('',(#3574,#3575,#3576,#3577));
#511=EDGE_LOOP('',(#3578,#3579,#3580,#3581,#3582,#3583,#3584,#3585));
#512=EDGE_LOOP('',(#3586));
#513=EDGE_LOOP('',(#3587));
#514=EDGE_LOOP('',(#3588,#3589,#3590,#3591));
#515=EDGE_LOOP('',(#3592,#3593,#3594,#3595));
#516=EDGE_LOOP('',(#3596,#3597,#3598,#3599,#3600,#3601,#3602,#3603));
#517=EDGE_LOOP('',(#3604,#3605,#3606,#3607,#3608));
#518=EDGE_LOOP('',(#3609,#3610,#3611,#3612));
#519=EDGE_LOOP('',(#3613,#3614,#3615,#3616));
#520=EDGE_LOOP('',(#3617,#3618,#3619,#3620));
#521=EDGE_LOOP('',(#3621,#3622,#3623,#3624,#3625,#3626,#3627,#3628,#3629,
#3630,#3631,#3632));
#522=EDGE_LOOP('',(#3633));
#523=EDGE_LOOP('',(#3634));
#524=EDGE_LOOP('',(#3635));
#525=EDGE_LOOP('',(#3636));
#526=EDGE_LOOP('',(#3637,#3638,#3639,#3640));
#527=EDGE_LOOP('',(#3641));
#528=EDGE_LOOP('',(#3642,#3643,#3644,#3645));
#529=EDGE_LOOP('',(#3646));
#530=EDGE_LOOP('',(#3647,#3648,#3649,#3650,#3651));
#531=EDGE_LOOP('',(#3652,#3653,#3654,#3655));
#532=EDGE_LOOP('',(#3656,#3657,#3658,#3659,#3660,#3661,#3662,#3663,#3664,
#3665,#3666,#3667));
#533=EDGE_LOOP('',(#3668,#3669,#3670,#3671,#3672,#3673,#3674,#3675));
#534=EDGE_LOOP('',(#3676,#3677,#3678,#3679));
#535=EDGE_LOOP('',(#3680,#3681,#3682,#3683));
#536=EDGE_LOOP('',(#3684));
#537=EDGE_LOOP('',(#3685,#3686,#3687,#3688));
#538=EDGE_LOOP('',(#3689));
#539=EDGE_LOOP('',(#3690,#3691,#3692,#3693));
#540=EDGE_LOOP('',(#3694));
#541=EDGE_LOOP('',(#3695,#3696,#3697,#3698));
#542=EDGE_LOOP('',(#3699));
#543=EDGE_LOOP('',(#3700,#3701,#3702,#3703));
#544=EDGE_LOOP('',(#3704,#3705,#3706,#3707));
#545=EDGE_LOOP('',(#3708,#3709,#3710,#3711));
#546=EDGE_LOOP('',(#3712,#3713,#3714,#3715,#3716,#3717,#3718,#3719));
#547=EDGE_LOOP('',(#3720,#3721,#3722,#3723));
#548=EDGE_LOOP('',(#3724,#3725,#3726,#3727,#3728,#3729,#3730,#3731));
#549=EDGE_LOOP('',(#3732,#3733,#3734,#3735,#3736,#3737,#3738,#3739));
#550=EDGE_LOOP('',(#3740,#3741,#3742,#3743,#3744,#3745,#3746,#3747));
#551=EDGE_LOOP('',(#3748,#3749,#3750,#3751,#3752,#3753,#3754,#3755));
#552=EDGE_LOOP('',(#3756,#3757,#3758,#3759,#3760,#3761,#3762,#3763));
#553=EDGE_LOOP('',(#3764,#3765,#3766,#3767,#3768,#3769,#3770,#3771));
#554=EDGE_LOOP('',(#3772,#3773,#3774,#3775,#3776,#3777,#3778,#3779));
#555=EDGE_LOOP('',(#3780,#3781,#3782,#3783,#3784,#3785,#3786,#3787));
#556=EDGE_LOOP('',(#3788,#3789,#3790,#3791,#3792,#3793,#3794,#3795));
#557=EDGE_LOOP('',(#3796,#3797,#3798,#3799,#3800,#3801,#3802,#3803));
#558=EDGE_LOOP('',(#3804,#3805,#3806,#3807,#3808,#3809,#3810,#3811));
#559=EDGE_LOOP('',(#3812,#3813,#3814,#3815,#3816,#3817,#3818,#3819));
#560=EDGE_LOOP('',(#3820,#3821,#3822,#3823,#3824,#3825,#3826,#3827));
#561=EDGE_LOOP('',(#3828,#3829,#3830,#3831,#3832,#3833,#3834,#3835));
#562=EDGE_LOOP('',(#3836,#3837,#3838,#3839,#3840,#3841,#3842,#3843));
#563=EDGE_LOOP('',(#3844,#3845,#3846,#3847,#3848,#3849,#3850,#3851));
#564=EDGE_LOOP('',(#3852,#3853,#3854,#3855,#3856,#3857,#3858,#3859));
#565=EDGE_LOOP('',(#3860,#3861,#3862,#3863,#3864,#3865,#3866,#3867));
#566=EDGE_LOOP('',(#3868,#3869,#3870,#3871,#3872,#3873,#3874,#3875));
#567=EDGE_LOOP('',(#3876,#3877,#3878,#3879,#3880,#3881,#3882,#3883));
#568=EDGE_LOOP('',(#3884,#3885,#3886,#3887,#3888,#3889,#3890,#3891));
#569=EDGE_LOOP('',(#3892,#3893,#3894,#3895,#3896,#3897,#3898,#3899));
#570=EDGE_LOOP('',(#3900,#3901,#3902,#3903,#3904,#3905,#3906,#3907));
#571=EDGE_LOOP('',(#3908,#3909,#3910,#3911,#3912,#3913,#3914,#3915));
#572=EDGE_LOOP('',(#3916,#3917,#3918,#3919,#3920,#3921,#3922,#3923));
#573=EDGE_LOOP('',(#3924,#3925,#3926,#3927,#3928,#3929,#3930,#3931));
#574=EDGE_LOOP('',(#3932,#3933,#3934,#3935,#3936,#3937,#3938,#3939));
#575=EDGE_LOOP('',(#3940,#3941,#3942,#3943,#3944,#3945,#3946,#3947));
#576=EDGE_LOOP('',(#3948,#3949,#3950,#3951,#3952,#3953,#3954,#3955));
#577=EDGE_LOOP('',(#3956,#3957,#3958,#3959,#3960,#3961,#3962,#3963));
#578=EDGE_LOOP('',(#3964,#3965,#3966,#3967));
#579=EDGE_LOOP('',(#3968,#3969,#3970,#3971));
#580=EDGE_LOOP('',(#3972,#3973,#3974,#3975));
#581=EDGE_LOOP('',(#3976,#3977,#3978,#3979));
#582=EDGE_LOOP('',(#3980,#3981,#3982,#3983));
#583=EDGE_LOOP('',(#3984,#3985,#3986,#3987));
#584=EDGE_LOOP('',(#3988,#3989,#3990,#3991));
#585=EDGE_LOOP('',(#3992,#3993,#3994,#3995));
#586=EDGE_LOOP('',(#3996,#3997,#3998,#3999));
#587=EDGE_LOOP('',(#4000,#4001,#4002,#4003));
#588=EDGE_LOOP('',(#4004,#4005,#4006,#4007));
#589=EDGE_LOOP('',(#4008,#4009,#4010,#4011));
#590=EDGE_LOOP('',(#4012,#4013,#4014,#4015));
#591=EDGE_LOOP('',(#4016,#4017,#4018,#4019));
#592=EDGE_LOOP('',(#4020,#4021,#4022,#4023));
#593=EDGE_LOOP('',(#4024,#4025,#4026,#4027));
#594=EDGE_LOOP('',(#4028,#4029,#4030,#4031));
#595=EDGE_LOOP('',(#4032,#4033,#4034,#4035));
#596=EDGE_LOOP('',(#4036,#4037,#4038,#4039));
#597=EDGE_LOOP('',(#4040,#4041,#4042,#4043));
#598=EDGE_LOOP('',(#4044,#4045,#4046,#4047));
#599=EDGE_LOOP('',(#4048,#4049,#4050,#4051));
#600=EDGE_LOOP('',(#4052,#4053,#4054,#4055));
#601=EDGE_LOOP('',(#4056,#4057,#4058,#4059));
#602=EDGE_LOOP('',(#4060,#4061,#4062,#4063));
#603=EDGE_LOOP('',(#4064,#4065,#4066,#4067));
#604=EDGE_LOOP('',(#4068,#4069,#4070,#4071));
#605=EDGE_LOOP('',(#4072,#4073,#4074,#4075));
#606=EDGE_LOOP('',(#4076,#4077,#4078,#4079));
#607=EDGE_LOOP('',(#4080,#4081,#4082,#4083));
#608=EDGE_LOOP('',(#4084,#4085,#4086,#4087));
#609=EDGE_LOOP('',(#4088,#4089,#4090,#4091));
#610=EDGE_LOOP('',(#4092,#4093,#4094,#4095));
#611=EDGE_LOOP('',(#4096,#4097,#4098,#4099));
#612=EDGE_LOOP('',(#4100,#4101,#4102,#4103));
#613=EDGE_LOOP('',(#4104,#4105,#4106,#4107));
#614=EDGE_LOOP('',(#4108,#4109,#4110,#4111));
#615=EDGE_LOOP('',(#4112,#4113,#4114,#4115));
#616=EDGE_LOOP('',(#4116,#4117,#4118,#4119));
#617=EDGE_LOOP('',(#4120,#4121,#4122,#4123));
#618=EDGE_LOOP('',(#4124,#4125,#4126,#4127));
#619=EDGE_LOOP('',(#4128,#4129,#4130,#4131));
#620=EDGE_LOOP('',(#4132,#4133,#4134,#4135));
#621=EDGE_LOOP('',(#4136,#4137,#4138,#4139));
#622=EDGE_LOOP('',(#4140,#4141,#4142,#4143));
#623=EDGE_LOOP('',(#4144,#4145,#4146,#4147));
#624=EDGE_LOOP('',(#4148,#4149,#4150,#4151));
#625=EDGE_LOOP('',(#4152,#4153,#4154,#4155));
#626=EDGE_LOOP('',(#4156,#4157,#4158,#4159));
#627=EDGE_LOOP('',(#4160,#4161,#4162,#4163));
#628=EDGE_LOOP('',(#4164,#4165,#4166,#4167));
#629=EDGE_LOOP('',(#4168,#4169,#4170,#4171));
#630=EDGE_LOOP('',(#4172,#4173,#4174,#4175));
#631=EDGE_LOOP('',(#4176,#4177,#4178,#4179));
#632=EDGE_LOOP('',(#4180,#4181,#4182,#4183));
#633=EDGE_LOOP('',(#4184,#4185,#4186,#4187));
#634=EDGE_LOOP('',(#4188,#4189,#4190,#4191));
#635=EDGE_LOOP('',(#4192,#4193,#4194,#4195));
#636=EDGE_LOOP('',(#4196,#4197,#4198,#4199));
#637=EDGE_LOOP('',(#4200,#4201,#4202,#4203));
#638=EDGE_LOOP('',(#4204,#4205,#4206,#4207));
#639=EDGE_LOOP('',(#4208,#4209,#4210,#4211));
#640=EDGE_LOOP('',(#4212,#4213,#4214,#4215));
#641=EDGE_LOOP('',(#4216,#4217,#4218,#4219));
#642=EDGE_LOOP('',(#4220,#4221,#4222,#4223));
#643=EDGE_LOOP('',(#4224,#4225,#4226,#4227));
#644=EDGE_LOOP('',(#4228,#4229,#4230,#4231));
#645=EDGE_LOOP('',(#4232,#4233,#4234,#4235));
#646=EDGE_LOOP('',(#4236,#4237,#4238,#4239));
#647=EDGE_LOOP('',(#4240,#4241,#4242,#4243));
#648=EDGE_LOOP('',(#4244,#4245,#4246,#4247));
#649=EDGE_LOOP('',(#4248,#4249,#4250,#4251));
#650=EDGE_LOOP('',(#4252,#4253,#4254,#4255));
#651=EDGE_LOOP('',(#4256,#4257,#4258,#4259));
#652=EDGE_LOOP('',(#4260,#4261,#4262,#4263));
#653=EDGE_LOOP('',(#4264,#4265,#4266,#4267));
#654=EDGE_LOOP('',(#4268,#4269,#4270,#4271));
#655=EDGE_LOOP('',(#4272,#4273,#4274,#4275));
#656=EDGE_LOOP('',(#4276,#4277,#4278,#4279));
#657=EDGE_LOOP('',(#4280,#4281,#4282,#4283));
#658=EDGE_LOOP('',(#4284,#4285,#4286,#4287));
#659=EDGE_LOOP('',(#4288,#4289,#4290,#4291));
#660=EDGE_LOOP('',(#4292,#4293,#4294,#4295));
#661=EDGE_LOOP('',(#4296,#4297,#4298,#4299));
#662=EDGE_LOOP('',(#4300,#4301,#4302,#4303));
#663=EDGE_LOOP('',(#4304,#4305,#4306,#4307));
#664=EDGE_LOOP('',(#4308,#4309,#4310,#4311));
#665=EDGE_LOOP('',(#4312,#4313,#4314,#4315));
#666=EDGE_LOOP('',(#4316,#4317,#4318,#4319));
#667=EDGE_LOOP('',(#4320,#4321,#4322,#4323));
#668=EDGE_LOOP('',(#4324,#4325,#4326,#4327));
#669=EDGE_LOOP('',(#4328,#4329,#4330,#4331));
#670=EDGE_LOOP('',(#4332,#4333,#4334,#4335));
#671=EDGE_LOOP('',(#4336,#4337,#4338,#4339));
#672=EDGE_LOOP('',(#4340,#4341,#4342,#4343));
#673=EDGE_LOOP('',(#4344,#4345,#4346,#4347));
#674=EDGE_LOOP('',(#4348,#4349,#4350,#4351));
#675=EDGE_LOOP('',(#4352,#4353,#4354,#4355));
#676=EDGE_LOOP('',(#4356,#4357,#4358,#4359));
#677=EDGE_LOOP('',(#4360,#4361,#4362,#4363));
#678=EDGE_LOOP('',(#4364,#4365,#4366,#4367));
#679=EDGE_LOOP('',(#4368,#4369,#4370,#4371));
#680=EDGE_LOOP('',(#4372,#4373,#4374,#4375));
#681=EDGE_LOOP('',(#4376,#4377,#4378,#4379));
#682=EDGE_LOOP('',(#4380,#4381,#4382,#4383));
#683=EDGE_LOOP('',(#4384,#4385,#4386,#4387));
#684=EDGE_LOOP('',(#4388,#4389,#4390,#4391));
#685=EDGE_LOOP('',(#4392,#4393,#4394,#4395));
#686=EDGE_LOOP('',(#4396,#4397,#4398,#4399));
#687=EDGE_LOOP('',(#4400,#4401,#4402,#4403));
#688=EDGE_LOOP('',(#4404,#4405,#4406,#4407));
#689=EDGE_LOOP('',(#4408,#4409,#4410,#4411));
#690=EDGE_LOOP('',(#4412,#4413,#4414,#4415));
#691=EDGE_LOOP('',(#4416,#4417,#4418,#4419));
#692=EDGE_LOOP('',(#4420,#4421,#4422,#4423));
#693=EDGE_LOOP('',(#4424,#4425,#4426,#4427));
#694=EDGE_LOOP('',(#4428,#4429,#4430,#4431));
#695=EDGE_LOOP('',(#4432,#4433,#4434,#4435));
#696=EDGE_LOOP('',(#4436,#4437,#4438,#4439));
#697=EDGE_LOOP('',(#4440,#4441,#4442,#4443));
#698=EDGE_LOOP('',(#4444,#4445,#4446,#4447));
#699=EDGE_LOOP('',(#4448,#4449,#4450,#4451));
#700=EDGE_LOOP('',(#4452,#4453,#4454,#4455));
#701=EDGE_LOOP('',(#4456,#4457,#4458,#4459));
#702=EDGE_LOOP('',(#4460,#4461,#4462,#4463));
#703=EDGE_LOOP('',(#4464,#4465,#4466,#4467));
#704=EDGE_LOOP('',(#4468,#4469,#4470,#4471));
#705=EDGE_LOOP('',(#4472,#4473,#4474,#4475));
#706=EDGE_LOOP('',(#4476,#4477,#4478,#4479));
#707=EDGE_LOOP('',(#4480,#4481,#4482,#4483));
#708=EDGE_LOOP('',(#4484,#4485,#4486,#4487));
#709=EDGE_LOOP('',(#4488,#4489,#4490,#4491));
#710=EDGE_LOOP('',(#4492,#4493,#4494,#4495));
#711=EDGE_LOOP('',(#4496,#4497,#4498,#4499));
#712=EDGE_LOOP('',(#4500,#4501,#4502,#4503));
#713=EDGE_LOOP('',(#4504,#4505,#4506,#4507));
#714=EDGE_LOOP('',(#4508,#4509,#4510,#4511));
#715=EDGE_LOOP('',(#4512,#4513,#4514,#4515));
#716=EDGE_LOOP('',(#4516,#4517,#4518,#4519));
#717=EDGE_LOOP('',(#4520,#4521,#4522,#4523));
#718=EDGE_LOOP('',(#4524,#4525,#4526,#4527));
#719=EDGE_LOOP('',(#4528,#4529,#4530,#4531));
#720=EDGE_LOOP('',(#4532,#4533,#4534,#4535));
#721=EDGE_LOOP('',(#4536,#4537,#4538,#4539));
#722=EDGE_LOOP('',(#4540,#4541,#4542,#4543));
#723=EDGE_LOOP('',(#4544,#4545,#4546,#4547));
#724=EDGE_LOOP('',(#4548,#4549,#4550,#4551));
#725=EDGE_LOOP('',(#4552,#4553,#4554,#4555));
#726=EDGE_LOOP('',(#4556,#4557,#4558,#4559));
#727=EDGE_LOOP('',(#4560,#4561,#4562,#4563));
#728=EDGE_LOOP('',(#4564,#4565,#4566,#4567));
#729=EDGE_LOOP('',(#4568,#4569,#4570,#4571));
#730=EDGE_LOOP('',(#4572,#4573,#4574,#4575));
#731=EDGE_LOOP('',(#4576,#4577,#4578,#4579));
#732=EDGE_LOOP('',(#4580,#4581,#4582,#4583));
#733=EDGE_LOOP('',(#4584,#4585,#4586,#4587));
#734=EDGE_LOOP('',(#4588,#4589,#4590,#4591));
#735=EDGE_LOOP('',(#4592,#4593,#4594,#4595));
#736=EDGE_LOOP('',(#4596,#4597,#4598,#4599));
#737=EDGE_LOOP('',(#4600,#4601,#4602,#4603));
#738=EDGE_LOOP('',(#4604,#4605,#4606,#4607));
#739=EDGE_LOOP('',(#4608,#4609,#4610,#4611));
#740=EDGE_LOOP('',(#4612,#4613,#4614,#4615));
#741=EDGE_LOOP('',(#4616,#4617,#4618,#4619));
#742=EDGE_LOOP('',(#4620,#4621,#4622,#4623));
#743=EDGE_LOOP('',(#4624,#4625,#4626,#4627));
#744=EDGE_LOOP('',(#4628,#4629,#4630,#4631));
#745=EDGE_LOOP('',(#4632,#4633,#4634,#4635));
#746=EDGE_LOOP('',(#4636,#4637,#4638,#4639));
#747=EDGE_LOOP('',(#4640,#4641,#4642,#4643));
#748=EDGE_LOOP('',(#4644,#4645,#4646,#4647));
#749=EDGE_LOOP('',(#4648,#4649,#4650,#4651));
#750=EDGE_LOOP('',(#4652,#4653,#4654,#4655));
#751=EDGE_LOOP('',(#4656,#4657,#4658,#4659));
#752=EDGE_LOOP('',(#4660,#4661,#4662,#4663));
#753=EDGE_LOOP('',(#4664,#4665,#4666,#4667));
#754=EDGE_LOOP('',(#4668,#4669,#4670,#4671));
#755=EDGE_LOOP('',(#4672,#4673,#4674,#4675));
#756=EDGE_LOOP('',(#4676,#4677,#4678,#4679));
#757=EDGE_LOOP('',(#4680,#4681,#4682,#4683));
#758=EDGE_LOOP('',(#4684,#4685,#4686,#4687));
#759=EDGE_LOOP('',(#4688,#4689,#4690,#4691));
#760=EDGE_LOOP('',(#4692,#4693,#4694,#4695));
#761=EDGE_LOOP('',(#4696,#4697,#4698,#4699));
#762=EDGE_LOOP('',(#4700,#4701,#4702,#4703));
#763=EDGE_LOOP('',(#4704,#4705,#4706,#4707));
#764=EDGE_LOOP('',(#4708,#4709,#4710,#4711));
#765=EDGE_LOOP('',(#4712,#4713,#4714,#4715));
#766=EDGE_LOOP('',(#4716,#4717,#4718,#4719));
#767=EDGE_LOOP('',(#4720,#4721,#4722,#4723));
#768=EDGE_LOOP('',(#4724,#4725,#4726,#4727));
#769=EDGE_LOOP('',(#4728,#4729,#4730,#4731));
#770=EDGE_LOOP('',(#4732,#4733,#4734,#4735));
#771=EDGE_LOOP('',(#4736,#4737,#4738,#4739));
#772=EDGE_LOOP('',(#4740,#4741,#4742,#4743));
#773=EDGE_LOOP('',(#4744,#4745,#4746,#4747));
#774=EDGE_LOOP('',(#4748,#4749,#4750,#4751));
#775=EDGE_LOOP('',(#4752,#4753,#4754,#4755));
#776=EDGE_LOOP('',(#4756,#4757,#4758,#4759));
#777=EDGE_LOOP('',(#4760,#4761,#4762,#4763));
#778=EDGE_LOOP('',(#4764,#4765,#4766,#4767));
#779=EDGE_LOOP('',(#4768,#4769,#4770,#4771));
#780=EDGE_LOOP('',(#4772,#4773,#4774,#4775));
#781=EDGE_LOOP('',(#4776,#4777,#4778,#4779));
#782=EDGE_LOOP('',(#4780,#4781,#4782,#4783));
#783=EDGE_LOOP('',(#4784,#4785,#4786,#4787));
#784=EDGE_LOOP('',(#4788,#4789,#4790,#4791));
#785=EDGE_LOOP('',(#4792,#4793,#4794,#4795));
#786=EDGE_LOOP('',(#4796,#4797,#4798,#4799));
#787=EDGE_LOOP('',(#4800,#4801,#4802,#4803));
#788=EDGE_LOOP('',(#4804,#4805,#4806,#4807));
#789=EDGE_LOOP('',(#4808,#4809,#4810,#4811));
#790=EDGE_LOOP('',(#4812,#4813,#4814,#4815));
#791=EDGE_LOOP('',(#4816,#4817,#4818,#4819));
#792=EDGE_LOOP('',(#4820,#4821,#4822,#4823));
#793=EDGE_LOOP('',(#4824,#4825,#4826,#4827));
#794=EDGE_LOOP('',(#4828,#4829,#4830,#4831));
#795=EDGE_LOOP('',(#4832,#4833,#4834,#4835));
#796=EDGE_LOOP('',(#4836,#4837,#4838,#4839));
#797=EDGE_LOOP('',(#4840,#4841,#4842,#4843));
#798=EDGE_LOOP('',(#4844,#4845,#4846,#4847));
#799=EDGE_LOOP('',(#4848,#4849,#4850,#4851));
#800=EDGE_LOOP('',(#4852,#4853,#4854,#4855));
#801=EDGE_LOOP('',(#4856,#4857,#4858,#4859));
#802=EDGE_LOOP('',(#4860,#4861,#4862,#4863));
#803=EDGE_LOOP('',(#4864,#4865,#4866,#4867));
#804=EDGE_LOOP('',(#4868,#4869,#4870,#4871));
#805=EDGE_LOOP('',(#4872,#4873,#4874,#4875));
#806=EDGE_LOOP('',(#4876,#4877,#4878,#4879));
#807=EDGE_LOOP('',(#4880,#4881,#4882,#4883));
#808=EDGE_LOOP('',(#4884,#4885,#4886,#4887));
#809=EDGE_LOOP('',(#4888,#4889,#4890,#4891));
#810=EDGE_LOOP('',(#4892,#4893,#4894,#4895));
#811=EDGE_LOOP('',(#4896,#4897,#4898,#4899));
#812=EDGE_LOOP('',(#4900,#4901,#4902,#4903));
#813=EDGE_LOOP('',(#4904,#4905,#4906,#4907));
#814=EDGE_LOOP('',(#4908,#4909,#4910,#4911));
#815=EDGE_LOOP('',(#4912,#4913,#4914,#4915));
#816=EDGE_LOOP('',(#4916,#4917,#4918,#4919));
#817=EDGE_LOOP('',(#4920,#4921,#4922,#4923));
#818=EDGE_LOOP('',(#4924,#4925,#4926,#4927));
#819=EDGE_LOOP('',(#4928,#4929,#4930,#4931));
#820=EDGE_LOOP('',(#4932,#4933,#4934,#4935));
#821=EDGE_LOOP('',(#4936,#4937,#4938,#4939,#4940,#4941,#4942,#4943));
#822=EDGE_LOOP('',(#4944,#4945,#4946,#4947,#4948,#4949,#4950,#4951));
#823=EDGE_LOOP('',(#4952,#4953,#4954,#4955,#4956,#4957,#4958,#4959));
#824=EDGE_LOOP('',(#4960,#4961,#4962,#4963,#4964,#4965,#4966,#4967));
#825=EDGE_LOOP('',(#4968,#4969,#4970,#4971,#4972,#4973,#4974,#4975));
#826=EDGE_LOOP('',(#4976,#4977,#4978,#4979,#4980,#4981,#4982,#4983));
#827=EDGE_LOOP('',(#4984,#4985,#4986,#4987,#4988,#4989,#4990,#4991));
#828=EDGE_LOOP('',(#4992,#4993,#4994,#4995,#4996,#4997,#4998,#4999));
#829=EDGE_LOOP('',(#5000,#5001,#5002,#5003,#5004,#5005,#5006,#5007));
#830=EDGE_LOOP('',(#5008,#5009,#5010,#5011,#5012,#5013,#5014,#5015));
#831=EDGE_LOOP('',(#5016,#5017,#5018,#5019,#5020,#5021,#5022,#5023));
#832=EDGE_LOOP('',(#5024,#5025,#5026,#5027,#5028,#5029,#5030,#5031));
#833=EDGE_LOOP('',(#5032,#5033,#5034,#5035,#5036,#5037,#5038,#5039));
#834=EDGE_LOOP('',(#5040,#5041,#5042,#5043,#5044,#5045,#5046,#5047));
#835=EDGE_LOOP('',(#5048,#5049,#5050,#5051,#5052,#5053,#5054,#5055));
#836=EDGE_LOOP('',(#5056,#5057,#5058,#5059,#5060,#5061,#5062,#5063));
#837=EDGE_LOOP('',(#5064,#5065,#5066,#5067,#5068,#5069,#5070,#5071));
#838=EDGE_LOOP('',(#5072,#5073,#5074,#5075,#5076,#5077,#5078,#5079));
#839=EDGE_LOOP('',(#5080,#5081,#5082,#5083,#5084,#5085,#5086,#5087));
#840=EDGE_LOOP('',(#5088,#5089,#5090,#5091,#5092,#5093,#5094,#5095));
#841=EDGE_LOOP('',(#5096,#5097,#5098,#5099,#5100,#5101,#5102,#5103));
#842=EDGE_LOOP('',(#5104,#5105,#5106,#5107,#5108,#5109,#5110,#5111));
#843=EDGE_LOOP('',(#5112,#5113,#5114,#5115,#5116,#5117,#5118,#5119));
#844=EDGE_LOOP('',(#5120,#5121,#5122,#5123,#5124,#5125,#5126,#5127));
#845=EDGE_LOOP('',(#5128,#5129,#5130,#5131,#5132,#5133,#5134,#5135));
#846=EDGE_LOOP('',(#5136,#5137,#5138,#5139,#5140,#5141,#5142,#5143));
#847=EDGE_LOOP('',(#5144,#5145,#5146,#5147,#5148,#5149,#5150,#5151));
#848=EDGE_LOOP('',(#5152,#5153,#5154,#5155,#5156,#5157,#5158,#5159));
#849=EDGE_LOOP('',(#5160,#5161,#5162,#5163,#5164,#5165,#5166,#5167));
#850=EDGE_LOOP('',(#5168,#5169,#5170,#5171,#5172,#5173,#5174,#5175));
#851=ELLIPSE('',#5600,1.41421356237308,1.);
#852=ELLIPSE('',#5602,1.4142135623731,1.);
#853=ELLIPSE('',#5604,1.41421356237309,1.);
#854=ELLIPSE('',#5606,1.41421356237311,1.);
#855=CIRCLE('',#5599,1.);
#856=CIRCLE('',#5608,1.);
#857=CIRCLE('',#5610,3.35);
#858=CIRCLE('',#5611,3.35000000000001);
#859=CIRCLE('',#5620,2.4);
#860=CIRCLE('',#5621,2.4);
#861=CIRCLE('',#5622,2.4);
#862=CIRCLE('',#5623,2.4);
#863=CIRCLE('',#5625,3.35);
#864=CIRCLE('',#5628,3.35000000000001);
#865=CIRCLE('',#5635,2.4);
#866=CIRCLE('',#5638,2.4);
#867=CIRCLE('',#5641,2.4);
#868=CIRCLE('',#5644,2.4);
#869=CIRCLE('',#5650,0.499999999999998);
#870=CIRCLE('',#5651,0.499999999999998);
#871=CIRCLE('',#5652,0.499999999999998);
#872=CIRCLE('',#5653,0.499999999999998);
#873=CIRCLE('',#5654,0.500000000000007);
#874=CIRCLE('',#5655,0.499999999999998);
#875=CIRCLE('',#5656,0.499999999999998);
#876=CIRCLE('',#5657,0.499999999999998);
#877=CIRCLE('',#5658,0.499999999999998);
#878=CIRCLE('',#5659,0.499999999999998);
#879=CIRCLE('',#5660,0.499999999999998);
#880=CIRCLE('',#5661,0.499999999999998);
#881=CIRCLE('',#5662,0.499999999999998);
#882=CIRCLE('',#5663,0.499999999999998);
#883=CIRCLE('',#5664,0.499999999999989);
#884=CIRCLE('',#5665,0.499999999999998);
#885=CIRCLE('',#5666,0.499999999999998);
#886=CIRCLE('',#5667,0.500000000000003);
#887=CIRCLE('',#5668,0.5);
#888=CIRCLE('',#5669,0.5);
#889=CIRCLE('',#5670,0.499999999999998);
#890=CIRCLE('',#5671,0.500000000000007);
#891=CIRCLE('',#5672,0.499999999999989);
#892=CIRCLE('',#5673,0.499999999999989);
#893=CIRCLE('',#5674,0.499999999999998);
#894=CIRCLE('',#5675,0.500000000000003);
#895=CIRCLE('',#5676,0.499999999999989);
#896=CIRCLE('',#5677,0.499999999999998);
#897=CIRCLE('',#5678,0.500000000000007);
#898=CIRCLE('',#5679,0.499999999999998);
#899=CIRCLE('',#5680,0.499999999999989);
#900=CIRCLE('',#5681,0.499999999999998);
#901=CIRCLE('',#5682,0.499999999999989);
#902=CIRCLE('',#5683,0.500000000000007);
#903=CIRCLE('',#5684,0.500000000000007);
#904=CIRCLE('',#5685,0.499999999999998);
#905=CIRCLE('',#5686,0.499999999999998);
#906=CIRCLE('',#5687,0.500000000000003);
#907=CIRCLE('',#5688,0.499999999999998);
#908=CIRCLE('',#5689,0.499999999999998);
#909=CIRCLE('',#5690,0.499999999999989);
#910=CIRCLE('',#5691,0.500000000000003);
#911=CIRCLE('',#5692,0.500000000000007);
#912=CIRCLE('',#5693,0.5);
#913=CIRCLE('',#5694,0.500000000000007);
#914=CIRCLE('',#5695,0.500000000000003);
#915=CIRCLE('',#5696,0.499999999999989);
#916=CIRCLE('',#5697,0.499999999999998);
#917=CIRCLE('',#5698,0.500000000000007);
#918=CIRCLE('',#5699,0.500000000000003);
#919=CIRCLE('',#5700,0.499999999999998);
#920=CIRCLE('',#5701,0.499999999999998);
#921=CIRCLE('',#5702,0.500000000000007);
#922=CIRCLE('',#5703,0.500000000000003);
#923=CIRCLE('',#5704,0.499999999999998);
#924=CIRCLE('',#5705,0.5);
#925=CIRCLE('',#5706,0.499999999999998);
#926=CIRCLE('',#5707,0.500000000000003);
#927=CIRCLE('',#5708,0.500000000000003);
#928=CIRCLE('',#5709,0.5);
#929=CIRCLE('',#5710,0.500000000000003);
#930=CIRCLE('',#5711,0.500000000000003);
#931=CIRCLE('',#5712,0.499999999999999);
#932=CIRCLE('',#5713,0.499999999999998);
#933=CIRCLE('',#5714,0.500000000000007);
#934=CIRCLE('',#5715,0.5);
#935=CIRCLE('',#5716,0.499999999999998);
#936=CIRCLE('',#5717,0.5);
#937=CIRCLE('',#5718,0.499999999999998);
#938=CIRCLE('',#5719,0.5);
#939=CIRCLE('',#5720,0.499999999999998);
#940=CIRCLE('',#5721,0.5);
#941=CIRCLE('',#5722,0.500000000000003);
#942=CIRCLE('',#5723,0.5);
#943=CIRCLE('',#5724,0.499999999999999);
#944=CIRCLE('',#5725,0.5);
#945=CIRCLE('',#5726,0.499999999999998);
#946=CIRCLE('',#5727,0.499999999999998);
#947=CIRCLE('',#5728,0.499999999999989);
#948=CIRCLE('',#5729,0.499999999999998);
#949=CIRCLE('',#5730,0.500000000000007);
#950=CIRCLE('',#5731,0.5);
#951=CIRCLE('',#5732,0.499999999999989);
#952=CIRCLE('',#5733,0.5);
#953=CIRCLE('',#5734,0.499999999999998);
#954=CIRCLE('',#5735,0.499999999999998);
#955=CIRCLE('',#5736,0.499999999999989);
#956=CIRCLE('',#5737,0.5);
#957=CIRCLE('',#5738,0.499999999999998);
#958=CIRCLE('',#5739,0.500000000000007);
#959=CIRCLE('',#5740,0.500000000000003);
#960=CIRCLE('',#5741,0.499999999999998);
#961=CIRCLE('',#5742,0.500000000000007);
#962=CIRCLE('',#5743,0.500000000000007);
#963=CIRCLE('',#5744,0.499999999999998);
#964=CIRCLE('',#5745,0.499999999999998);
#965=CIRCLE('',#5746,0.499999999999998);
#966=CIRCLE('',#5747,0.499999999999989);
#967=CIRCLE('',#5748,0.499999999999989);
#968=CIRCLE('',#5749,0.499999999999998);
#969=CIRCLE('',#5750,0.500000000000007);
#970=CIRCLE('',#5751,0.499999999999998);
#971=CIRCLE('',#5752,0.499999999999998);
#972=CIRCLE('',#5753,0.499999999999998);
#973=CIRCLE('',#5754,0.500000000000003);
#974=CIRCLE('',#5755,0.499999999999998);
#975=CIRCLE('',#5756,0.499999999999999);
#976=CIRCLE('',#5757,0.499999999999998);
#977=CIRCLE('',#5758,0.500000000000007);
#978=CIRCLE('',#5759,0.499999999999998);
#979=CIRCLE('',#5760,0.499999999999989);
#980=CIRCLE('',#5761,0.499999999999998);
#981=CIRCLE('',#5762,0.500000000000003);
#982=CIRCLE('',#5763,0.499999999999998);
#983=CIRCLE('',#5764,0.499999999999999);
#984=CIRCLE('',#5765,0.499999999999998);
#985=CIRCLE('',#5766,0.499999999999998);
#986=CIRCLE('',#5767,0.500000000000007);
#987=CIRCLE('',#5768,0.5);
#988=CIRCLE('',#5769,0.499999999999998);
#989=CIRCLE('',#5773,0.499999999999998);
#990=CIRCLE('',#5776,0.499999999999998);
#991=CIRCLE('',#5779,0.499999999999998);
#992=CIRCLE('',#5782,0.499999999999998);
#993=CIRCLE('',#5785,0.499999999999998);
#994=CIRCLE('',#5788,0.499999999999998);
#995=CIRCLE('',#5791,0.499999999999998);
#996=CIRCLE('',#5794,0.500000000000007);
#997=CIRCLE('',#5797,0.499999999999998);
#998=CIRCLE('',#5800,0.499999999999998);
#999=CIRCLE('',#5803,0.499999999999998);
#1000=CIRCLE('',#5806,0.499999999999998);
#1001=CIRCLE('',#5809,0.499999999999998);
#1002=CIRCLE('',#5812,0.499999999999989);
#1003=CIRCLE('',#5815,0.499999999999998);
#1004=CIRCLE('',#5818,0.499999999999998);
#1005=CIRCLE('',#5821,0.5);
#1006=CIRCLE('',#5824,0.5);
#1007=CIRCLE('',#5827,0.500000000000003);
#1008=CIRCLE('',#5830,0.499999999999998);
#1009=CIRCLE('',#5833,0.499999999999989);
#1010=CIRCLE('',#5836,0.499999999999989);
#1011=CIRCLE('',#5839,0.500000000000007);
#1012=CIRCLE('',#5842,0.499999999999998);
#1013=CIRCLE('',#5845,0.499999999999998);
#1014=CIRCLE('',#5848,0.499999999999989);
#1015=CIRCLE('',#5851,0.500000000000003);
#1016=CIRCLE('',#5854,0.499999999999998);
#1017=CIRCLE('',#5857,0.499999999999998);
#1018=CIRCLE('',#5860,0.499999999999989);
#1019=CIRCLE('',#5863,0.499999999999998);
#1020=CIRCLE('',#5866,0.500000000000007);
#1021=CIRCLE('',#5869,0.499999999999998);
#1022=CIRCLE('',#5872,0.500000000000007);
#1023=CIRCLE('',#5875,0.500000000000007);
#1024=CIRCLE('',#5878,0.499999999999989);
#1025=CIRCLE('',#5881,0.499999999999998);
#1026=CIRCLE('',#5884,0.499999999999998);
#1027=CIRCLE('',#5887,0.500000000000003);
#1028=CIRCLE('',#5890,0.499999999999998);
#1029=CIRCLE('',#5893,0.5);
#1030=CIRCLE('',#5896,0.500000000000007);
#1031=CIRCLE('',#5899,0.500000000000003);
#1032=CIRCLE('',#5902,0.499999999999989);
#1033=CIRCLE('',#5905,0.499999999999998);
#1034=CIRCLE('',#5908,0.499999999999989);
#1035=CIRCLE('',#5911,0.500000000000003);
#1036=CIRCLE('',#5914,0.500000000000007);
#1037=CIRCLE('',#5917,0.499999999999998);
#1038=CIRCLE('',#5920,0.499999999999998);
#1039=CIRCLE('',#5923,0.500000000000003);
#1040=CIRCLE('',#5926,0.500000000000007);
#1041=CIRCLE('',#5929,0.5);
#1042=CIRCLE('',#5932,0.499999999999998);
#1043=CIRCLE('',#5935,0.500000000000003);
#1044=CIRCLE('',#5938,0.500000000000007);
#1045=CIRCLE('',#5941,0.5);
#1046=CIRCLE('',#5944,0.500000000000003);
#1047=CIRCLE('',#5947,0.500000000000003);
#1048=CIRCLE('',#5950,0.499999999999998);
#1049=CIRCLE('',#5953,0.499999999999998);
#1050=CIRCLE('',#5956,0.499999999999999);
#1051=CIRCLE('',#5959,0.500000000000003);
#1052=CIRCLE('',#5962,0.500000000000003);
#1053=CIRCLE('',#5965,0.5);
#1054=CIRCLE('',#5968,0.499999999999998);
#1055=CIRCLE('',#5971,0.5);
#1056=CIRCLE('',#5974,0.500000000000007);
#1057=CIRCLE('',#5977,0.5);
#1058=CIRCLE('',#5980,0.499999999999998);
#1059=CIRCLE('',#5983,0.5);
#1060=CIRCLE('',#5986,0.499999999999998);
#1061=CIRCLE('',#5989,0.5);
#1062=CIRCLE('',#5992,0.499999999999999);
#1063=CIRCLE('',#5995,0.5);
#1064=CIRCLE('',#5998,0.500000000000003);
#1065=CIRCLE('',#6001,0.499999999999998);
#1066=CIRCLE('',#6004,0.499999999999989);
#1067=CIRCLE('',#6007,0.499999999999998);
#1068=CIRCLE('',#6010,0.499999999999998);
#1069=CIRCLE('',#6013,0.5);
#1070=CIRCLE('',#6016,0.499999999999989);
#1071=CIRCLE('',#6019,0.5);
#1072=CIRCLE('',#6022,0.500000000000007);
#1073=CIRCLE('',#6025,0.5);
#1074=CIRCLE('',#6028,0.499999999999989);
#1075=CIRCLE('',#6031,0.499999999999998);
#1076=CIRCLE('',#6034,0.499999999999998);
#1077=CIRCLE('',#6037,0.499999999999998);
#1078=CIRCLE('',#6040,0.500000000000003);
#1079=CIRCLE('',#6043,0.500000000000007);
#1080=CIRCLE('',#6046,0.499999999999998);
#1081=CIRCLE('',#6049,0.499999999999998);
#1082=CIRCLE('',#6052,0.499999999999998);
#1083=CIRCLE('',#6055,0.500000000000007);
#1084=CIRCLE('',#6058,0.500000000000007);
#1085=CIRCLE('',#6061,0.499999999999998);
#1086=CIRCLE('',#6064,0.499999999999989);
#1087=CIRCLE('',#6067,0.499999999999989);
#1088=CIRCLE('',#6070,0.499999999999998);
#1089=CIRCLE('',#6073,0.499999999999998);
#1090=CIRCLE('',#6076,0.499999999999998);
#1091=CIRCLE('',#6079,0.499999999999998);
#1092=CIRCLE('',#6082,0.500000000000007);
#1093=CIRCLE('',#6085,0.499999999999998);
#1094=CIRCLE('',#6088,0.499999999999999);
#1095=CIRCLE('',#6091,0.499999999999998);
#1096=CIRCLE('',#6094,0.500000000000003);
#1097=CIRCLE('',#6097,0.499999999999998);
#1098=CIRCLE('',#6100,0.499999999999989);
#1099=CIRCLE('',#6103,0.499999999999998);
#1100=CIRCLE('',#6106,0.500000000000007);
#1101=CIRCLE('',#6109,0.499999999999998);
#1102=CIRCLE('',#6112,0.499999999999999);
#1103=CIRCLE('',#6115,0.499999999999998);
#1104=CIRCLE('',#6118,0.500000000000003);
#1105=CIRCLE('',#6121,0.499999999999998);
#1106=CIRCLE('',#6124,0.5);
#1107=CIRCLE('',#6127,0.500000000000007);
#1108=CIRCLE('',#6130,0.499999999999998);
#1109=LINE('',#7760,#1660);
#1110=LINE('',#7764,#1661);
#1111=LINE('',#7768,#1662);
#1112=LINE('',#7771,#1663);
#1113=LINE('',#7774,#1664);
#1114=LINE('',#7777,#1665);
#1115=LINE('',#7780,#1666);
#1116=LINE('',#7782,#1667);
#1117=LINE('',#7786,#1668);
#1118=LINE('',#7789,#1669);
#1119=LINE('',#7792,#1670);
#1120=LINE('',#7794,#1671);
#1121=LINE('',#7796,#1672);
#1122=LINE('',#7798,#1673);
#1123=LINE('',#7800,#1674);
#1124=LINE('',#7802,#1675);
#1125=LINE('',#7803,#1676);
#1126=LINE('',#7810,#1677);
#1127=LINE('',#7811,#1678);
#1128=LINE('',#7814,#1679);
#1129=LINE('',#7815,#1680);
#1130=LINE('',#7817,#1681);
#1131=LINE('',#7819,#1682);
#1132=LINE('',#7821,#1683);
#1133=LINE('',#7822,#1684);
#1134=LINE('',#7825,#1685);
#1135=LINE('',#7827,#1686);
#1136=LINE('',#7828,#1687);
#1137=LINE('',#7831,#1688);
#1138=LINE('',#7833,#1689);
#1139=LINE('',#7834,#1690);
#1140=LINE('',#7837,#1691);
#1141=LINE('',#7838,#1692);
#1142=LINE('',#7841,#1693);
#1143=LINE('',#7842,#1694);
#1144=LINE('',#7845,#1695);
#1145=LINE('',#7847,#1696);
#1146=LINE('',#7849,#1697);
#1147=LINE('',#7851,#1698);
#1148=LINE('',#7852,#1699);
#1149=LINE('',#7863,#1700);
#1150=LINE('',#7868,#1701);
#1151=LINE('',#7873,#1702);
#1152=LINE('',#7875,#1703);
#1153=LINE('',#7876,#1704);
#1154=LINE('',#7878,#1705);
#1155=LINE('',#7881,#1706);
#1156=LINE('',#7883,#1707);
#1157=LINE('',#7885,#1708);
#1158=LINE('',#7887,#1709);
#1159=LINE('',#7888,#1710);
#1160=LINE('',#7890,#1711);
#1161=LINE('',#7891,#1712);
#1162=LINE('',#7894,#1713);
#1163=LINE('',#7896,#1714);
#1164=LINE('',#7898,#1715);
#1165=LINE('',#7899,#1716);
#1166=LINE('',#7902,#1717);
#1167=LINE('',#7907,#1718);
#1168=LINE('',#7912,#1719);
#1169=LINE('',#7917,#1720);
#1170=LINE('',#7921,#1721);
#1171=LINE('',#7922,#1722);
#1172=LINE('',#7925,#1723);
#1173=LINE('',#7927,#1724);
#1174=LINE('',#7929,#1725);
#1175=LINE('',#7930,#1726);
#1176=LINE('',#7934,#1727);
#1177=LINE('',#7935,#1728);
#1178=LINE('',#7940,#1729);
#1179=LINE('',#7944,#1730);
#1180=LINE('',#7948,#1731);
#1181=LINE('',#7951,#1732);
#1182=LINE('',#7956,#1733);
#1183=LINE('',#7960,#1734);
#1184=LINE('',#7964,#1735);
#1185=LINE('',#7967,#1736);
#1186=LINE('',#7972,#1737);
#1187=LINE('',#7976,#1738);
#1188=LINE('',#7980,#1739);
#1189=LINE('',#7983,#1740);
#1190=LINE('',#7988,#1741);
#1191=LINE('',#7992,#1742);
#1192=LINE('',#7996,#1743);
#1193=LINE('',#7999,#1744);
#1194=LINE('',#8004,#1745);
#1195=LINE('',#8008,#1746);
#1196=LINE('',#8012,#1747);
#1197=LINE('',#8015,#1748);
#1198=LINE('',#8020,#1749);
#1199=LINE('',#8024,#1750);
#1200=LINE('',#8028,#1751);
#1201=LINE('',#8031,#1752);
#1202=LINE('',#8036,#1753);
#1203=LINE('',#8040,#1754);
#1204=LINE('',#8044,#1755);
#1205=LINE('',#8047,#1756);
#1206=LINE('',#8052,#1757);
#1207=LINE('',#8056,#1758);
#1208=LINE('',#8060,#1759);
#1209=LINE('',#8063,#1760);
#1210=LINE('',#8068,#1761);
#1211=LINE('',#8072,#1762);
#1212=LINE('',#8076,#1763);
#1213=LINE('',#8079,#1764);
#1214=LINE('',#8084,#1765);
#1215=LINE('',#8088,#1766);
#1216=LINE('',#8092,#1767);
#1217=LINE('',#8095,#1768);
#1218=LINE('',#8100,#1769);
#1219=LINE('',#8104,#1770);
#1220=LINE('',#8108,#1771);
#1221=LINE('',#8111,#1772);
#1222=LINE('',#8116,#1773);
#1223=LINE('',#8120,#1774);
#1224=LINE('',#8124,#1775);
#1225=LINE('',#8127,#1776);
#1226=LINE('',#8132,#1777);
#1227=LINE('',#8136,#1778);
#1228=LINE('',#8140,#1779);
#1229=LINE('',#8143,#1780);
#1230=LINE('',#8148,#1781);
#1231=LINE('',#8152,#1782);
#1232=LINE('',#8156,#1783);
#1233=LINE('',#8159,#1784);
#1234=LINE('',#8164,#1785);
#1235=LINE('',#8168,#1786);
#1236=LINE('',#8172,#1787);
#1237=LINE('',#8175,#1788);
#1238=LINE('',#8180,#1789);
#1239=LINE('',#8184,#1790);
#1240=LINE('',#8188,#1791);
#1241=LINE('',#8191,#1792);
#1242=LINE('',#8196,#1793);
#1243=LINE('',#8200,#1794);
#1244=LINE('',#8204,#1795);
#1245=LINE('',#8207,#1796);
#1246=LINE('',#8212,#1797);
#1247=LINE('',#8216,#1798);
#1248=LINE('',#8220,#1799);
#1249=LINE('',#8223,#1800);
#1250=LINE('',#8228,#1801);
#1251=LINE('',#8232,#1802);
#1252=LINE('',#8236,#1803);
#1253=LINE('',#8239,#1804);
#1254=LINE('',#8244,#1805);
#1255=LINE('',#8248,#1806);
#1256=LINE('',#8252,#1807);
#1257=LINE('',#8255,#1808);
#1258=LINE('',#8260,#1809);
#1259=LINE('',#8264,#1810);
#1260=LINE('',#8268,#1811);
#1261=LINE('',#8271,#1812);
#1262=LINE('',#8276,#1813);
#1263=LINE('',#8280,#1814);
#1264=LINE('',#8284,#1815);
#1265=LINE('',#8287,#1816);
#1266=LINE('',#8292,#1817);
#1267=LINE('',#8296,#1818);
#1268=LINE('',#8300,#1819);
#1269=LINE('',#8303,#1820);
#1270=LINE('',#8308,#1821);
#1271=LINE('',#8312,#1822);
#1272=LINE('',#8316,#1823);
#1273=LINE('',#8319,#1824);
#1274=LINE('',#8324,#1825);
#1275=LINE('',#8328,#1826);
#1276=LINE('',#8332,#1827);
#1277=LINE('',#8335,#1828);
#1278=LINE('',#8340,#1829);
#1279=LINE('',#8344,#1830);
#1280=LINE('',#8348,#1831);
#1281=LINE('',#8351,#1832);
#1282=LINE('',#8356,#1833);
#1283=LINE('',#8360,#1834);
#1284=LINE('',#8364,#1835);
#1285=LINE('',#8367,#1836);
#1286=LINE('',#8372,#1837);
#1287=LINE('',#8376,#1838);
#1288=LINE('',#8380,#1839);
#1289=LINE('',#8383,#1840);
#1290=LINE('',#8388,#1841);
#1291=LINE('',#8392,#1842);
#1292=LINE('',#8396,#1843);
#1293=LINE('',#8399,#1844);
#1294=LINE('',#8404,#1845);
#1295=LINE('',#8408,#1846);
#1296=LINE('',#8412,#1847);
#1297=LINE('',#8415,#1848);
#1298=LINE('',#8417,#1849);
#1299=LINE('',#8421,#1850);
#1300=LINE('',#8422,#1851);
#1301=LINE('',#8423,#1852);
#1302=LINE('',#8427,#1853);
#1303=LINE('',#8430,#1854);
#1304=LINE('',#8431,#1855);
#1305=LINE('',#8435,#1856);
#1306=LINE('',#8438,#1857);
#1307=LINE('',#8439,#1858);
#1308=LINE('',#8443,#1859);
#1309=LINE('',#8446,#1860);
#1310=LINE('',#8447,#1861);
#1311=LINE('',#8453,#1862);
#1312=LINE('',#8454,#1863);
#1313=LINE('',#8455,#1864);
#1314=LINE('',#8459,#1865);
#1315=LINE('',#8462,#1866);
#1316=LINE('',#8463,#1867);
#1317=LINE('',#8467,#1868);
#1318=LINE('',#8470,#1869);
#1319=LINE('',#8471,#1870);
#1320=LINE('',#8475,#1871);
#1321=LINE('',#8478,#1872);
#1322=LINE('',#8479,#1873);
#1323=LINE('',#8485,#1874);
#1324=LINE('',#8486,#1875);
#1325=LINE('',#8487,#1876);
#1326=LINE('',#8491,#1877);
#1327=LINE('',#8494,#1878);
#1328=LINE('',#8495,#1879);
#1329=LINE('',#8499,#1880);
#1330=LINE('',#8502,#1881);
#1331=LINE('',#8503,#1882);
#1332=LINE('',#8507,#1883);
#1333=LINE('',#8510,#1884);
#1334=LINE('',#8511,#1885);
#1335=LINE('',#8517,#1886);
#1336=LINE('',#8518,#1887);
#1337=LINE('',#8519,#1888);
#1338=LINE('',#8523,#1889);
#1339=LINE('',#8526,#1890);
#1340=LINE('',#8527,#1891);
#1341=LINE('',#8531,#1892);
#1342=LINE('',#8534,#1893);
#1343=LINE('',#8535,#1894);
#1344=LINE('',#8539,#1895);
#1345=LINE('',#8542,#1896);
#1346=LINE('',#8543,#1897);
#1347=LINE('',#8549,#1898);
#1348=LINE('',#8550,#1899);
#1349=LINE('',#8551,#1900);
#1350=LINE('',#8555,#1901);
#1351=LINE('',#8558,#1902);
#1352=LINE('',#8559,#1903);
#1353=LINE('',#8563,#1904);
#1354=LINE('',#8566,#1905);
#1355=LINE('',#8567,#1906);
#1356=LINE('',#8571,#1907);
#1357=LINE('',#8574,#1908);
#1358=LINE('',#8575,#1909);
#1359=LINE('',#8581,#1910);
#1360=LINE('',#8582,#1911);
#1361=LINE('',#8583,#1912);
#1362=LINE('',#8587,#1913);
#1363=LINE('',#8590,#1914);
#1364=LINE('',#8591,#1915);
#1365=LINE('',#8595,#1916);
#1366=LINE('',#8598,#1917);
#1367=LINE('',#8599,#1918);
#1368=LINE('',#8603,#1919);
#1369=LINE('',#8606,#1920);
#1370=LINE('',#8607,#1921);
#1371=LINE('',#8613,#1922);
#1372=LINE('',#8614,#1923);
#1373=LINE('',#8615,#1924);
#1374=LINE('',#8619,#1925);
#1375=LINE('',#8622,#1926);
#1376=LINE('',#8623,#1927);
#1377=LINE('',#8627,#1928);
#1378=LINE('',#8630,#1929);
#1379=LINE('',#8631,#1930);
#1380=LINE('',#8635,#1931);
#1381=LINE('',#8638,#1932);
#1382=LINE('',#8639,#1933);
#1383=LINE('',#8645,#1934);
#1384=LINE('',#8646,#1935);
#1385=LINE('',#8647,#1936);
#1386=LINE('',#8651,#1937);
#1387=LINE('',#8654,#1938);
#1388=LINE('',#8655,#1939);
#1389=LINE('',#8659,#1940);
#1390=LINE('',#8662,#1941);
#1391=LINE('',#8663,#1942);
#1392=LINE('',#8667,#1943);
#1393=LINE('',#8670,#1944);
#1394=LINE('',#8671,#1945);
#1395=LINE('',#8677,#1946);
#1396=LINE('',#8678,#1947);
#1397=LINE('',#8679,#1948);
#1398=LINE('',#8683,#1949);
#1399=LINE('',#8686,#1950);
#1400=LINE('',#8687,#1951);
#1401=LINE('',#8691,#1952);
#1402=LINE('',#8694,#1953);
#1403=LINE('',#8695,#1954);
#1404=LINE('',#8699,#1955);
#1405=LINE('',#8702,#1956);
#1406=LINE('',#8703,#1957);
#1407=LINE('',#8709,#1958);
#1408=LINE('',#8710,#1959);
#1409=LINE('',#8711,#1960);
#1410=LINE('',#8715,#1961);
#1411=LINE('',#8718,#1962);
#1412=LINE('',#8719,#1963);
#1413=LINE('',#8723,#1964);
#1414=LINE('',#8726,#1965);
#1415=LINE('',#8727,#1966);
#1416=LINE('',#8731,#1967);
#1417=LINE('',#8734,#1968);
#1418=LINE('',#8735,#1969);
#1419=LINE('',#8741,#1970);
#1420=LINE('',#8742,#1971);
#1421=LINE('',#8743,#1972);
#1422=LINE('',#8747,#1973);
#1423=LINE('',#8750,#1974);
#1424=LINE('',#8751,#1975);
#1425=LINE('',#8755,#1976);
#1426=LINE('',#8758,#1977);
#1427=LINE('',#8759,#1978);
#1428=LINE('',#8763,#1979);
#1429=LINE('',#8766,#1980);
#1430=LINE('',#8767,#1981);
#1431=LINE('',#8773,#1982);
#1432=LINE('',#8774,#1983);
#1433=LINE('',#8775,#1984);
#1434=LINE('',#8779,#1985);
#1435=LINE('',#8782,#1986);
#1436=LINE('',#8783,#1987);
#1437=LINE('',#8787,#1988);
#1438=LINE('',#8790,#1989);
#1439=LINE('',#8791,#1990);
#1440=LINE('',#8795,#1991);
#1441=LINE('',#8798,#1992);
#1442=LINE('',#8799,#1993);
#1443=LINE('',#8805,#1994);
#1444=LINE('',#8806,#1995);
#1445=LINE('',#8807,#1996);
#1446=LINE('',#8811,#1997);
#1447=LINE('',#8814,#1998);
#1448=LINE('',#8815,#1999);
#1449=LINE('',#8819,#2000);
#1450=LINE('',#8822,#2001);
#1451=LINE('',#8823,#2002);
#1452=LINE('',#8827,#2003);
#1453=LINE('',#8830,#2004);
#1454=LINE('',#8831,#2005);
#1455=LINE('',#8837,#2006);
#1456=LINE('',#8838,#2007);
#1457=LINE('',#8839,#2008);
#1458=LINE('',#8843,#2009);
#1459=LINE('',#8846,#2010);
#1460=LINE('',#8847,#2011);
#1461=LINE('',#8851,#2012);
#1462=LINE('',#8854,#2013);
#1463=LINE('',#8855,#2014);
#1464=LINE('',#8859,#2015);
#1465=LINE('',#8862,#2016);
#1466=LINE('',#8863,#2017);
#1467=LINE('',#8869,#2018);
#1468=LINE('',#8870,#2019);
#1469=LINE('',#8871,#2020);
#1470=LINE('',#8875,#2021);
#1471=LINE('',#8878,#2022);
#1472=LINE('',#8879,#2023);
#1473=LINE('',#8883,#2024);
#1474=LINE('',#8886,#2025);
#1475=LINE('',#8887,#2026);
#1476=LINE('',#8891,#2027);
#1477=LINE('',#8894,#2028);
#1478=LINE('',#8895,#2029);
#1479=LINE('',#8901,#2030);
#1480=LINE('',#8902,#2031);
#1481=LINE('',#8903,#2032);
#1482=LINE('',#8907,#2033);
#1483=LINE('',#8910,#2034);
#1484=LINE('',#8911,#2035);
#1485=LINE('',#8915,#2036);
#1486=LINE('',#8918,#2037);
#1487=LINE('',#8919,#2038);
#1488=LINE('',#8923,#2039);
#1489=LINE('',#8926,#2040);
#1490=LINE('',#8927,#2041);
#1491=LINE('',#8933,#2042);
#1492=LINE('',#8934,#2043);
#1493=LINE('',#8935,#2044);
#1494=LINE('',#8939,#2045);
#1495=LINE('',#8942,#2046);
#1496=LINE('',#8943,#2047);
#1497=LINE('',#8947,#2048);
#1498=LINE('',#8950,#2049);
#1499=LINE('',#8951,#2050);
#1500=LINE('',#8955,#2051);
#1501=LINE('',#8958,#2052);
#1502=LINE('',#8959,#2053);
#1503=LINE('',#8965,#2054);
#1504=LINE('',#8966,#2055);
#1505=LINE('',#8967,#2056);
#1506=LINE('',#8971,#2057);
#1507=LINE('',#8974,#2058);
#1508=LINE('',#8975,#2059);
#1509=LINE('',#8979,#2060);
#1510=LINE('',#8982,#2061);
#1511=LINE('',#8983,#2062);
#1512=LINE('',#8987,#2063);
#1513=LINE('',#8990,#2064);
#1514=LINE('',#8991,#2065);
#1515=LINE('',#8997,#2066);
#1516=LINE('',#8998,#2067);
#1517=LINE('',#8999,#2068);
#1518=LINE('',#9003,#2069);
#1519=LINE('',#9006,#2070);
#1520=LINE('',#9007,#2071);
#1521=LINE('',#9011,#2072);
#1522=LINE('',#9014,#2073);
#1523=LINE('',#9015,#2074);
#1524=LINE('',#9019,#2075);
#1525=LINE('',#9022,#2076);
#1526=LINE('',#9023,#2077);
#1527=LINE('',#9029,#2078);
#1528=LINE('',#9030,#2079);
#1529=LINE('',#9031,#2080);
#1530=LINE('',#9035,#2081);
#1531=LINE('',#9038,#2082);
#1532=LINE('',#9039,#2083);
#1533=LINE('',#9043,#2084);
#1534=LINE('',#9046,#2085);
#1535=LINE('',#9047,#2086);
#1536=LINE('',#9051,#2087);
#1537=LINE('',#9054,#2088);
#1538=LINE('',#9055,#2089);
#1539=LINE('',#9061,#2090);
#1540=LINE('',#9062,#2091);
#1541=LINE('',#9063,#2092);
#1542=LINE('',#9067,#2093);
#1543=LINE('',#9070,#2094);
#1544=LINE('',#9071,#2095);
#1545=LINE('',#9075,#2096);
#1546=LINE('',#9078,#2097);
#1547=LINE('',#9079,#2098);
#1548=LINE('',#9083,#2099);
#1549=LINE('',#9086,#2100);
#1550=LINE('',#9087,#2101);
#1551=LINE('',#9093,#2102);
#1552=LINE('',#9094,#2103);
#1553=LINE('',#9095,#2104);
#1554=LINE('',#9099,#2105);
#1555=LINE('',#9102,#2106);
#1556=LINE('',#9103,#2107);
#1557=LINE('',#9107,#2108);
#1558=LINE('',#9110,#2109);
#1559=LINE('',#9111,#2110);
#1560=LINE('',#9115,#2111);
#1561=LINE('',#9118,#2112);
#1562=LINE('',#9119,#2113);
#1563=LINE('',#9125,#2114);
#1564=LINE('',#9126,#2115);
#1565=LINE('',#9127,#2116);
#1566=LINE('',#9131,#2117);
#1567=LINE('',#9134,#2118);
#1568=LINE('',#9135,#2119);
#1569=LINE('',#9139,#2120);
#1570=LINE('',#9142,#2121);
#1571=LINE('',#9143,#2122);
#1572=LINE('',#9147,#2123);
#1573=LINE('',#9150,#2124);
#1574=LINE('',#9151,#2125);
#1575=LINE('',#9157,#2126);
#1576=LINE('',#9158,#2127);
#1577=LINE('',#9159,#2128);
#1578=LINE('',#9163,#2129);
#1579=LINE('',#9166,#2130);
#1580=LINE('',#9167,#2131);
#1581=LINE('',#9171,#2132);
#1582=LINE('',#9174,#2133);
#1583=LINE('',#9175,#2134);
#1584=LINE('',#9179,#2135);
#1585=LINE('',#9182,#2136);
#1586=LINE('',#9183,#2137);
#1587=LINE('',#9189,#2138);
#1588=LINE('',#9190,#2139);
#1589=LINE('',#9191,#2140);
#1590=LINE('',#9195,#2141);
#1591=LINE('',#9198,#2142);
#1592=LINE('',#9199,#2143);
#1593=LINE('',#9203,#2144);
#1594=LINE('',#9206,#2145);
#1595=LINE('',#9207,#2146);
#1596=LINE('',#9211,#2147);
#1597=LINE('',#9214,#2148);
#1598=LINE('',#9215,#2149);
#1599=LINE('',#9221,#2150);
#1600=LINE('',#9222,#2151);
#1601=LINE('',#9223,#2152);
#1602=LINE('',#9227,#2153);
#1603=LINE('',#9230,#2154);
#1604=LINE('',#9231,#2155);
#1605=LINE('',#9235,#2156);
#1606=LINE('',#9238,#2157);
#1607=LINE('',#9239,#2158);
#1608=LINE('',#9243,#2159);
#1609=LINE('',#9246,#2160);
#1610=LINE('',#9247,#2161);
#1611=LINE('',#9253,#2162);
#1612=LINE('',#9254,#2163);
#1613=LINE('',#9255,#2164);
#1614=LINE('',#9259,#2165);
#1615=LINE('',#9262,#2166);
#1616=LINE('',#9263,#2167);
#1617=LINE('',#9267,#2168);
#1618=LINE('',#9270,#2169);
#1619=LINE('',#9271,#2170);
#1620=LINE('',#9275,#2171);
#1621=LINE('',#9278,#2172);
#1622=LINE('',#9279,#2173);
#1623=LINE('',#9285,#2174);
#1624=LINE('',#9286,#2175);
#1625=LINE('',#9287,#2176);
#1626=LINE('',#9291,#2177);
#1627=LINE('',#9294,#2178);
#1628=LINE('',#9295,#2179);
#1629=LINE('',#9299,#2180);
#1630=LINE('',#9302,#2181);
#1631=LINE('',#9303,#2182);
#1632=LINE('',#9307,#2183);
#1633=LINE('',#9310,#2184);
#1634=LINE('',#9311,#2185);
#1635=LINE('',#9317,#2186);
#1636=LINE('',#9318,#2187);
#1637=LINE('',#9319,#2188);
#1638=LINE('',#9323,#2189);
#1639=LINE('',#9326,#2190);
#1640=LINE('',#9327,#2191);
#1641=LINE('',#9331,#2192);
#1642=LINE('',#9334,#2193);
#1643=LINE('',#9335,#2194);
#1644=LINE('',#9339,#2195);
#1645=LINE('',#9342,#2196);
#1646=LINE('',#9343,#2197);
#1647=LINE('',#9349,#2198);
#1648=LINE('',#9350,#2199);
#1649=LINE('',#9351,#2200);
#1650=LINE('',#9355,#2201);
#1651=LINE('',#9358,#2202);
#1652=LINE('',#9359,#2203);
#1653=LINE('',#9363,#2204);
#1654=LINE('',#9366,#2205);
#1655=LINE('',#9367,#2206);
#1656=LINE('',#9371,#2207);
#1657=LINE('',#9374,#2208);
#1658=LINE('',#9375,#2209);
#1659=LINE('',#9379,#2210);
#1660=VECTOR('',#6137,10.);
#1661=VECTOR('',#6140,10.);
#1662=VECTOR('',#6145,10.);
#1663=VECTOR('',#6148,10.);
#1664=VECTOR('',#6151,10.);
#1665=VECTOR('',#6154,10.);
#1666=VECTOR('',#6157,10.);
#1667=VECTOR('',#6158,10.);
#1668=VECTOR('',#6163,10.);
#1669=VECTOR('',#6166,10.);
#1670=VECTOR('',#6169,10.);
#1671=VECTOR('',#6170,10.);
#1672=VECTOR('',#6171,10.);
#1673=VECTOR('',#6172,10.);
#1674=VECTOR('',#6173,10.);
#1675=VECTOR('',#6174,10.);
#1676=VECTOR('',#6175,10.);
#1677=VECTOR('',#6182,10.);
#1678=VECTOR('',#6183,10.);
#1679=VECTOR('',#6186,10.);
#1680=VECTOR('',#6187,10.);
#1681=VECTOR('',#6190,10.);
#1682=VECTOR('',#6191,10.);
#1683=VECTOR('',#6192,10.);
#1684=VECTOR('',#6193,10.);
#1685=VECTOR('',#6196,10.);
#1686=VECTOR('',#6197,10.);
#1687=VECTOR('',#6198,10.);
#1688=VECTOR('',#6201,10.);
#1689=VECTOR('',#6202,10.);
#1690=VECTOR('',#6203,10.);
#1691=VECTOR('',#6206,10.);
#1692=VECTOR('',#6207,10.);
#1693=VECTOR('',#6210,10.);
#1694=VECTOR('',#6211,10.);
#1695=VECTOR('',#6214,10.);
#1696=VECTOR('',#6215,10.);
#1697=VECTOR('',#6216,10.);
#1698=VECTOR('',#6217,10.);
#1699=VECTOR('',#6218,10.);
#1700=VECTOR('',#6229,3.35);
#1701=VECTOR('',#6236,3.35000000000001);
#1702=VECTOR('',#6243,10.);
#1703=VECTOR('',#6244,10.);
#1704=VECTOR('',#6245,10.);
#1705=VECTOR('',#6248,10.);
#1706=VECTOR('',#6251,10.);
#1707=VECTOR('',#6252,10.);
#1708=VECTOR('',#6253,10.);
#1709=VECTOR('',#6254,10.);
#1710=VECTOR('',#6255,10.);
#1711=VECTOR('',#6258,10.);
#1712=VECTOR('',#6259,10.);
#1713=VECTOR('',#6260,10.);
#1714=VECTOR('',#6261,10.);
#1715=VECTOR('',#6262,10.);
#1716=VECTOR('',#6263,10.);
#1717=VECTOR('',#6266,2.4);
#1718=VECTOR('',#6273,2.4);
#1719=VECTOR('',#6280,2.4);
#1720=VECTOR('',#6287,2.4);
#1721=VECTOR('',#6294,10.);
#1722=VECTOR('',#6295,10.);
#1723=VECTOR('',#6296,10.);
#1724=VECTOR('',#6297,10.);
#1725=VECTOR('',#6298,10.);
#1726=VECTOR('',#6299,10.);
#1727=VECTOR('',#6306,10.);
#1728=VECTOR('',#6307,10.);
#1729=VECTOR('',#6310,10.);
#1730=VECTOR('',#6313,10.);
#1731=VECTOR('',#6316,10.);
#1732=VECTOR('',#6319,10.);
#1733=VECTOR('',#6322,10.);
#1734=VECTOR('',#6325,10.);
#1735=VECTOR('',#6328,10.);
#1736=VECTOR('',#6331,10.);
#1737=VECTOR('',#6334,10.);
#1738=VECTOR('',#6337,10.);
#1739=VECTOR('',#6340,10.);
#1740=VECTOR('',#6343,10.);
#1741=VECTOR('',#6346,10.);
#1742=VECTOR('',#6349,10.);
#1743=VECTOR('',#6352,10.);
#1744=VECTOR('',#6355,10.);
#1745=VECTOR('',#6358,10.);
#1746=VECTOR('',#6361,10.);
#1747=VECTOR('',#6364,10.);
#1748=VECTOR('',#6367,10.);
#1749=VECTOR('',#6370,10.);
#1750=VECTOR('',#6373,10.);
#1751=VECTOR('',#6376,10.);
#1752=VECTOR('',#6379,10.);
#1753=VECTOR('',#6382,10.);
#1754=VECTOR('',#6385,10.);
#1755=VECTOR('',#6388,10.);
#1756=VECTOR('',#6391,10.);
#1757=VECTOR('',#6394,10.);
#1758=VECTOR('',#6397,10.);
#1759=VECTOR('',#6400,10.);
#1760=VECTOR('',#6403,10.);
#1761=VECTOR('',#6406,10.);
#1762=VECTOR('',#6409,10.);
#1763=VECTOR('',#6412,10.);
#1764=VECTOR('',#6415,10.);
#1765=VECTOR('',#6418,10.);
#1766=VECTOR('',#6421,10.);
#1767=VECTOR('',#6424,10.);
#1768=VECTOR('',#6427,10.);
#1769=VECTOR('',#6430,10.);
#1770=VECTOR('',#6433,10.);
#1771=VECTOR('',#6436,10.);
#1772=VECTOR('',#6439,10.);
#1773=VECTOR('',#6442,10.);
#1774=VECTOR('',#6445,10.);
#1775=VECTOR('',#6448,10.);
#1776=VECTOR('',#6451,10.);
#1777=VECTOR('',#6454,10.);
#1778=VECTOR('',#6457,10.);
#1779=VECTOR('',#6460,10.);
#1780=VECTOR('',#6463,10.);
#1781=VECTOR('',#6466,10.);
#1782=VECTOR('',#6469,10.);
#1783=VECTOR('',#6472,10.);
#1784=VECTOR('',#6475,10.);
#1785=VECTOR('',#6478,10.);
#1786=VECTOR('',#6481,10.);
#1787=VECTOR('',#6484,10.);
#1788=VECTOR('',#6487,10.);
#1789=VECTOR('',#6490,10.);
#1790=VECTOR('',#6493,10.);
#1791=VECTOR('',#6496,10.);
#1792=VECTOR('',#6499,10.);
#1793=VECTOR('',#6502,10.);
#1794=VECTOR('',#6505,10.);
#1795=VECTOR('',#6508,10.);
#1796=VECTOR('',#6511,10.);
#1797=VECTOR('',#6514,10.);
#1798=VECTOR('',#6517,10.);
#1799=VECTOR('',#6520,10.);
#1800=VECTOR('',#6523,10.);
#1801=VECTOR('',#6526,10.);
#1802=VECTOR('',#6529,10.);
#1803=VECTOR('',#6532,10.);
#1804=VECTOR('',#6535,10.);
#1805=VECTOR('',#6538,10.);
#1806=VECTOR('',#6541,10.);
#1807=VECTOR('',#6544,10.);
#1808=VECTOR('',#6547,10.);
#1809=VECTOR('',#6550,10.);
#1810=VECTOR('',#6553,10.);
#1811=VECTOR('',#6556,10.);
#1812=VECTOR('',#6559,10.);
#1813=VECTOR('',#6562,10.);
#1814=VECTOR('',#6565,10.);
#1815=VECTOR('',#6568,10.);
#1816=VECTOR('',#6571,10.);
#1817=VECTOR('',#6574,10.);
#1818=VECTOR('',#6577,10.);
#1819=VECTOR('',#6580,10.);
#1820=VECTOR('',#6583,10.);
#1821=VECTOR('',#6586,10.);
#1822=VECTOR('',#6589,10.);
#1823=VECTOR('',#6592,10.);
#1824=VECTOR('',#6595,10.);
#1825=VECTOR('',#6598,10.);
#1826=VECTOR('',#6601,10.);
#1827=VECTOR('',#6604,10.);
#1828=VECTOR('',#6607,10.);
#1829=VECTOR('',#6610,10.);
#1830=VECTOR('',#6613,10.);
#1831=VECTOR('',#6616,10.);
#1832=VECTOR('',#6619,10.);
#1833=VECTOR('',#6622,10.);
#1834=VECTOR('',#6625,10.);
#1835=VECTOR('',#6628,10.);
#1836=VECTOR('',#6631,10.);
#1837=VECTOR('',#6634,10.);
#1838=VECTOR('',#6637,10.);
#1839=VECTOR('',#6640,10.);
#1840=VECTOR('',#6643,10.);
#1841=VECTOR('',#6646,10.);
#1842=VECTOR('',#6649,10.);
#1843=VECTOR('',#6652,10.);
#1844=VECTOR('',#6655,10.);
#1845=VECTOR('',#6658,10.);
#1846=VECTOR('',#6661,10.);
#1847=VECTOR('',#6664,10.);
#1848=VECTOR('',#6667,10.);
#1849=VECTOR('',#6670,10.);
#1850=VECTOR('',#6673,10.);
#1851=VECTOR('',#6674,10.);
#1852=VECTOR('',#6675,10.);
#1853=VECTOR('',#6680,10.);
#1854=VECTOR('',#6683,10.);
#1855=VECTOR('',#6684,10.);
#1856=VECTOR('',#6689,10.);
#1857=VECTOR('',#6692,10.);
#1858=VECTOR('',#6693,10.);
#1859=VECTOR('',#6698,10.);
#1860=VECTOR('',#6701,10.);
#1861=VECTOR('',#6702,10.);
#1862=VECTOR('',#6709,10.);
#1863=VECTOR('',#6710,10.);
#1864=VECTOR('',#6711,10.);
#1865=VECTOR('',#6716,10.);
#1866=VECTOR('',#6719,10.);
#1867=VECTOR('',#6720,10.);
#1868=VECTOR('',#6725,10.);
#1869=VECTOR('',#6728,10.);
#1870=VECTOR('',#6729,10.);
#1871=VECTOR('',#6734,10.);
#1872=VECTOR('',#6737,10.);
#1873=VECTOR('',#6738,10.);
#1874=VECTOR('',#6745,10.);
#1875=VECTOR('',#6746,10.);
#1876=VECTOR('',#6747,10.);
#1877=VECTOR('',#6752,10.);
#1878=VECTOR('',#6755,10.);
#1879=VECTOR('',#6756,10.);
#1880=VECTOR('',#6761,10.);
#1881=VECTOR('',#6764,10.);
#1882=VECTOR('',#6765,10.);
#1883=VECTOR('',#6770,10.);
#1884=VECTOR('',#6773,10.);
#1885=VECTOR('',#6774,10.);
#1886=VECTOR('',#6781,10.);
#1887=VECTOR('',#6782,10.);
#1888=VECTOR('',#6783,10.);
#1889=VECTOR('',#6788,10.);
#1890=VECTOR('',#6791,10.);
#1891=VECTOR('',#6792,10.);
#1892=VECTOR('',#6797,10.);
#1893=VECTOR('',#6800,10.);
#1894=VECTOR('',#6801,10.);
#1895=VECTOR('',#6806,10.);
#1896=VECTOR('',#6809,10.);
#1897=VECTOR('',#6810,10.);
#1898=VECTOR('',#6817,10.);
#1899=VECTOR('',#6818,10.);
#1900=VECTOR('',#6819,10.);
#1901=VECTOR('',#6824,10.);
#1902=VECTOR('',#6827,10.);
#1903=VECTOR('',#6828,10.);
#1904=VECTOR('',#6833,10.);
#1905=VECTOR('',#6836,10.);
#1906=VECTOR('',#6837,10.);
#1907=VECTOR('',#6842,10.);
#1908=VECTOR('',#6845,10.);
#1909=VECTOR('',#6846,10.);
#1910=VECTOR('',#6853,10.);
#1911=VECTOR('',#6854,10.);
#1912=VECTOR('',#6855,10.);
#1913=VECTOR('',#6860,10.);
#1914=VECTOR('',#6863,10.);
#1915=VECTOR('',#6864,10.);
#1916=VECTOR('',#6869,10.);
#1917=VECTOR('',#6872,10.);
#1918=VECTOR('',#6873,10.);
#1919=VECTOR('',#6878,10.);
#1920=VECTOR('',#6881,10.);
#1921=VECTOR('',#6882,10.);
#1922=VECTOR('',#6889,10.);
#1923=VECTOR('',#6890,10.);
#1924=VECTOR('',#6891,10.);
#1925=VECTOR('',#6896,10.);
#1926=VECTOR('',#6899,10.);
#1927=VECTOR('',#6900,10.);
#1928=VECTOR('',#6905,10.);
#1929=VECTOR('',#6908,10.);
#1930=VECTOR('',#6909,10.);
#1931=VECTOR('',#6914,10.);
#1932=VECTOR('',#6917,10.);
#1933=VECTOR('',#6918,10.);
#1934=VECTOR('',#6925,10.);
#1935=VECTOR('',#6926,10.);
#1936=VECTOR('',#6927,10.);
#1937=VECTOR('',#6932,10.);
#1938=VECTOR('',#6935,10.);
#1939=VECTOR('',#6936,10.);
#1940=VECTOR('',#6941,10.);
#1941=VECTOR('',#6944,10.);
#1942=VECTOR('',#6945,10.);
#1943=VECTOR('',#6950,10.);
#1944=VECTOR('',#6953,10.);
#1945=VECTOR('',#6954,10.);
#1946=VECTOR('',#6961,10.);
#1947=VECTOR('',#6962,10.);
#1948=VECTOR('',#6963,10.);
#1949=VECTOR('',#6968,10.);
#1950=VECTOR('',#6971,10.);
#1951=VECTOR('',#6972,10.);
#1952=VECTOR('',#6977,10.);
#1953=VECTOR('',#6980,10.);
#1954=VECTOR('',#6981,10.);
#1955=VECTOR('',#6986,10.);
#1956=VECTOR('',#6989,10.);
#1957=VECTOR('',#6990,10.);
#1958=VECTOR('',#6997,10.);
#1959=VECTOR('',#6998,10.);
#1960=VECTOR('',#6999,10.);
#1961=VECTOR('',#7004,10.);
#1962=VECTOR('',#7007,10.);
#1963=VECTOR('',#7008,10.);
#1964=VECTOR('',#7013,10.);
#1965=VECTOR('',#7016,10.);
#1966=VECTOR('',#7017,10.);
#1967=VECTOR('',#7022,10.);
#1968=VECTOR('',#7025,10.);
#1969=VECTOR('',#7026,10.);
#1970=VECTOR('',#7033,10.);
#1971=VECTOR('',#7034,10.);
#1972=VECTOR('',#7035,10.);
#1973=VECTOR('',#7040,10.);
#1974=VECTOR('',#7043,10.);
#1975=VECTOR('',#7044,10.);
#1976=VECTOR('',#7049,10.);
#1977=VECTOR('',#7052,10.);
#1978=VECTOR('',#7053,10.);
#1979=VECTOR('',#7058,10.);
#1980=VECTOR('',#7061,10.);
#1981=VECTOR('',#7062,10.);
#1982=VECTOR('',#7069,10.);
#1983=VECTOR('',#7070,10.);
#1984=VECTOR('',#7071,10.);
#1985=VECTOR('',#7076,10.);
#1986=VECTOR('',#7079,10.);
#1987=VECTOR('',#7080,10.);
#1988=VECTOR('',#7085,10.);
#1989=VECTOR('',#7088,10.);
#1990=VECTOR('',#7089,10.);
#1991=VECTOR('',#7094,10.);
#1992=VECTOR('',#7097,10.);
#1993=VECTOR('',#7098,10.);
#1994=VECTOR('',#7105,10.);
#1995=VECTOR('',#7106,10.);
#1996=VECTOR('',#7107,10.);
#1997=VECTOR('',#7112,10.);
#1998=VECTOR('',#7115,10.);
#1999=VECTOR('',#7116,10.);
#2000=VECTOR('',#7121,10.);
#2001=VECTOR('',#7124,10.);
#2002=VECTOR('',#7125,10.);
#2003=VECTOR('',#7130,10.);
#2004=VECTOR('',#7133,10.);
#2005=VECTOR('',#7134,10.);
#2006=VECTOR('',#7141,10.);
#2007=VECTOR('',#7142,10.);
#2008=VECTOR('',#7143,10.);
#2009=VECTOR('',#7148,10.);
#2010=VECTOR('',#7151,10.);
#2011=VECTOR('',#7152,10.);
#2012=VECTOR('',#7157,10.);
#2013=VECTOR('',#7160,10.);
#2014=VECTOR('',#7161,10.);
#2015=VECTOR('',#7166,10.);
#2016=VECTOR('',#7169,10.);
#2017=VECTOR('',#7170,10.);
#2018=VECTOR('',#7177,10.);
#2019=VECTOR('',#7178,10.);
#2020=VECTOR('',#7179,10.);
#2021=VECTOR('',#7184,10.);
#2022=VECTOR('',#7187,10.);
#2023=VECTOR('',#7188,10.);
#2024=VECTOR('',#7193,10.);
#2025=VECTOR('',#7196,10.);
#2026=VECTOR('',#7197,10.);
#2027=VECTOR('',#7202,10.);
#2028=VECTOR('',#7205,10.);
#2029=VECTOR('',#7206,10.);
#2030=VECTOR('',#7213,10.);
#2031=VECTOR('',#7214,10.);
#2032=VECTOR('',#7215,10.);
#2033=VECTOR('',#7220,10.);
#2034=VECTOR('',#7223,10.);
#2035=VECTOR('',#7224,10.);
#2036=VECTOR('',#7229,10.);
#2037=VECTOR('',#7232,10.);
#2038=VECTOR('',#7233,10.);
#2039=VECTOR('',#7238,10.);
#2040=VECTOR('',#7241,10.);
#2041=VECTOR('',#7242,10.);
#2042=VECTOR('',#7249,10.);
#2043=VECTOR('',#7250,10.);
#2044=VECTOR('',#7251,10.);
#2045=VECTOR('',#7256,10.);
#2046=VECTOR('',#7259,10.);
#2047=VECTOR('',#7260,10.);
#2048=VECTOR('',#7265,10.);
#2049=VECTOR('',#7268,10.);
#2050=VECTOR('',#7269,10.);
#2051=VECTOR('',#7274,10.);
#2052=VECTOR('',#7277,10.);
#2053=VECTOR('',#7278,10.);
#2054=VECTOR('',#7285,10.);
#2055=VECTOR('',#7286,10.);
#2056=VECTOR('',#7287,10.);
#2057=VECTOR('',#7292,10.);
#2058=VECTOR('',#7295,10.);
#2059=VECTOR('',#7296,10.);
#2060=VECTOR('',#7301,10.);
#2061=VECTOR('',#7304,10.);
#2062=VECTOR('',#7305,10.);
#2063=VECTOR('',#7310,10.);
#2064=VECTOR('',#7313,10.);
#2065=VECTOR('',#7314,10.);
#2066=VECTOR('',#7321,10.);
#2067=VECTOR('',#7322,10.);
#2068=VECTOR('',#7323,10.);
#2069=VECTOR('',#7328,10.);
#2070=VECTOR('',#7331,10.);
#2071=VECTOR('',#7332,10.);
#2072=VECTOR('',#7337,10.);
#2073=VECTOR('',#7340,10.);
#2074=VECTOR('',#7341,10.);
#2075=VECTOR('',#7346,10.);
#2076=VECTOR('',#7349,10.);
#2077=VECTOR('',#7350,10.);
#2078=VECTOR('',#7357,10.);
#2079=VECTOR('',#7358,10.);
#2080=VECTOR('',#7359,10.);
#2081=VECTOR('',#7364,10.);
#2082=VECTOR('',#7367,10.);
#2083=VECTOR('',#7368,10.);
#2084=VECTOR('',#7373,10.);
#2085=VECTOR('',#7376,10.);
#2086=VECTOR('',#7377,10.);
#2087=VECTOR('',#7382,10.);
#2088=VECTOR('',#7385,10.);
#2089=VECTOR('',#7386,10.);
#2090=VECTOR('',#7393,10.);
#2091=VECTOR('',#7394,10.);
#2092=VECTOR('',#7395,10.);
#2093=VECTOR('',#7400,10.);
#2094=VECTOR('',#7403,10.);
#2095=VECTOR('',#7404,10.);
#2096=VECTOR('',#7409,10.);
#2097=VECTOR('',#7412,10.);
#2098=VECTOR('',#7413,10.);
#2099=VECTOR('',#7418,10.);
#2100=VECTOR('',#7421,10.);
#2101=VECTOR('',#7422,10.);
#2102=VECTOR('',#7429,10.);
#2103=VECTOR('',#7430,10.);
#2104=VECTOR('',#7431,10.);
#2105=VECTOR('',#7436,10.);
#2106=VECTOR('',#7439,10.);
#2107=VECTOR('',#7440,10.);
#2108=VECTOR('',#7445,10.);
#2109=VECTOR('',#7448,10.);
#2110=VECTOR('',#7449,10.);
#2111=VECTOR('',#7454,10.);
#2112=VECTOR('',#7457,10.);
#2113=VECTOR('',#7458,10.);
#2114=VECTOR('',#7465,10.);
#2115=VECTOR('',#7466,10.);
#2116=VECTOR('',#7467,10.);
#2117=VECTOR('',#7472,10.);
#2118=VECTOR('',#7475,10.);
#2119=VECTOR('',#7476,10.);
#2120=VECTOR('',#7481,10.);
#2121=VECTOR('',#7484,10.);
#2122=VECTOR('',#7485,10.);
#2123=VECTOR('',#7490,10.);
#2124=VECTOR('',#7493,10.);
#2125=VECTOR('',#7494,10.);
#2126=VECTOR('',#7501,10.);
#2127=VECTOR('',#7502,10.);
#2128=VECTOR('',#7503,10.);
#2129=VECTOR('',#7508,10.);
#2130=VECTOR('',#7511,10.);
#2131=VECTOR('',#7512,10.);
#2132=VECTOR('',#7517,10.);
#2133=VECTOR('',#7520,10.);
#2134=VECTOR('',#7521,10.);
#2135=VECTOR('',#7526,10.);
#2136=VECTOR('',#7529,10.);
#2137=VECTOR('',#7530,10.);
#2138=VECTOR('',#7537,10.);
#2139=VECTOR('',#7538,10.);
#2140=VECTOR('',#7539,10.);
#2141=VECTOR('',#7544,10.);
#2142=VECTOR('',#7547,10.);
#2143=VECTOR('',#7548,10.);
#2144=VECTOR('',#7553,10.);
#2145=VECTOR('',#7556,10.);
#2146=VECTOR('',#7557,10.);
#2147=VECTOR('',#7562,10.);
#2148=VECTOR('',#7565,10.);
#2149=VECTOR('',#7566,10.);
#2150=VECTOR('',#7573,10.);
#2151=VECTOR('',#7574,10.);
#2152=VECTOR('',#7575,10.);
#2153=VECTOR('',#7580,10.);
#2154=VECTOR('',#7583,10.);
#2155=VECTOR('',#7584,10.);
#2156=VECTOR('',#7589,10.);
#2157=VECTOR('',#7592,10.);
#2158=VECTOR('',#7593,10.);
#2159=VECTOR('',#7598,10.);
#2160=VECTOR('',#7601,10.);
#2161=VECTOR('',#7602,10.);
#2162=VECTOR('',#7609,10.);
#2163=VECTOR('',#7610,10.);
#2164=VECTOR('',#7611,10.);
#2165=VECTOR('',#7616,10.);
#2166=VECTOR('',#7619,10.);
#2167=VECTOR('',#7620,10.);
#2168=VECTOR('',#7625,10.);
#2169=VECTOR('',#7628,10.);
#2170=VECTOR('',#7629,10.);
#2171=VECTOR('',#7634,10.);
#2172=VECTOR('',#7637,10.);
#2173=VECTOR('',#7638,10.);
#2174=VECTOR('',#7645,10.);
#2175=VECTOR('',#7646,10.);
#2176=VECTOR('',#7647,10.);
#2177=VECTOR('',#7652,10.);
#2178=VECTOR('',#7655,10.);
#2179=VECTOR('',#7656,10.);
#2180=VECTOR('',#7661,10.);
#2181=VECTOR('',#7664,10.);
#2182=VECTOR('',#7665,10.);
#2183=VECTOR('',#7670,10.);
#2184=VECTOR('',#7673,10.);
#2185=VECTOR('',#7674,10.);
#2186=VECTOR('',#7681,10.);
#2187=VECTOR('',#7682,10.);
#2188=VECTOR('',#7683,10.);
#2189=VECTOR('',#7688,10.);
#2190=VECTOR('',#7691,10.);
#2191=VECTOR('',#7692,10.);
#2192=VECTOR('',#7697,10.);
#2193=VECTOR('',#7700,10.);
#2194=VECTOR('',#7701,10.);
#2195=VECTOR('',#7706,10.);
#2196=VECTOR('',#7709,10.);
#2197=VECTOR('',#7710,10.);
#2198=VECTOR('',#7717,10.);
#2199=VECTOR('',#7718,10.);
#2200=VECTOR('',#7719,10.);
#2201=VECTOR('',#7724,10.);
#2202=VECTOR('',#7727,10.);
#2203=VECTOR('',#7728,10.);
#2204=VECTOR('',#7733,10.);
#2205=VECTOR('',#7736,10.);
#2206=VECTOR('',#7737,10.);
#2207=VECTOR('',#7742,10.);
#2208=VECTOR('',#7745,10.);
#2209=VECTOR('',#7746,10.);
#2210=VECTOR('',#7753,10.);
#2211=VERTEX_POINT('',#7758);
#2212=VERTEX_POINT('',#7759);
#2213=VERTEX_POINT('',#7761);
#2214=VERTEX_POINT('',#7763);
#2215=VERTEX_POINT('',#7767);
#2216=VERTEX_POINT('',#7769);
#2217=VERTEX_POINT('',#7773);
#2218=VERTEX_POINT('',#7775);
#2219=VERTEX_POINT('',#7779);
#2220=VERTEX_POINT('',#7781);
#2221=VERTEX_POINT('',#7785);
#2222=VERTEX_POINT('',#7787);
#2223=VERTEX_POINT('',#7791);
#2224=VERTEX_POINT('',#7793);
#2225=VERTEX_POINT('',#7795);
#2226=VERTEX_POINT('',#7797);
#2227=VERTEX_POINT('',#7799);
#2228=VERTEX_POINT('',#7801);
#2229=VERTEX_POINT('',#7804);
#2230=VERTEX_POINT('',#7806);
#2231=VERTEX_POINT('',#7809);
#2232=VERTEX_POINT('',#7813);
#2233=VERTEX_POINT('',#7818);
#2234=VERTEX_POINT('',#7820);
#2235=VERTEX_POINT('',#7824);
#2236=VERTEX_POINT('',#7826);
#2237=VERTEX_POINT('',#7830);
#2238=VERTEX_POINT('',#7832);
#2239=VERTEX_POINT('',#7836);
#2240=VERTEX_POINT('',#7840);
#2241=VERTEX_POINT('',#7844);
#2242=VERTEX_POINT('',#7846);
#2243=VERTEX_POINT('',#7848);
#2244=VERTEX_POINT('',#7850);
#2245=VERTEX_POINT('',#7853);
#2246=VERTEX_POINT('',#7855);
#2247=VERTEX_POINT('',#7857);
#2248=VERTEX_POINT('',#7859);
#2249=VERTEX_POINT('',#7862);
#2250=VERTEX_POINT('',#7867);
#2251=VERTEX_POINT('',#7872);
#2252=VERTEX_POINT('',#7874);
#2253=VERTEX_POINT('',#7880);
#2254=VERTEX_POINT('',#7882);
#2255=VERTEX_POINT('',#7884);
#2256=VERTEX_POINT('',#7886);
#2257=VERTEX_POINT('',#7892);
#2258=VERTEX_POINT('',#7893);
#2259=VERTEX_POINT('',#7895);
#2260=VERTEX_POINT('',#7897);
#2261=VERTEX_POINT('',#7901);
#2262=VERTEX_POINT('',#7906);
#2263=VERTEX_POINT('',#7911);
#2264=VERTEX_POINT('',#7916);
#2265=VERTEX_POINT('',#7923);
#2266=VERTEX_POINT('',#7924);
#2267=VERTEX_POINT('',#7926);
#2268=VERTEX_POINT('',#7928);
#2269=VERTEX_POINT('',#7936);
#2270=VERTEX_POINT('',#7937);
#2271=VERTEX_POINT('',#7939);
#2272=VERTEX_POINT('',#7941);
#2273=VERTEX_POINT('',#7943);
#2274=VERTEX_POINT('',#7945);
#2275=VERTEX_POINT('',#7947);
#2276=VERTEX_POINT('',#7949);
#2277=VERTEX_POINT('',#7952);
#2278=VERTEX_POINT('',#7953);
#2279=VERTEX_POINT('',#7955);
#2280=VERTEX_POINT('',#7957);
#2281=VERTEX_POINT('',#7959);
#2282=VERTEX_POINT('',#7961);
#2283=VERTEX_POINT('',#7963);
#2284=VERTEX_POINT('',#7965);
#2285=VERTEX_POINT('',#7968);
#2286=VERTEX_POINT('',#7969);
#2287=VERTEX_POINT('',#7971);
#2288=VERTEX_POINT('',#7973);
#2289=VERTEX_POINT('',#7975);
#2290=VERTEX_POINT('',#7977);
#2291=VERTEX_POINT('',#7979);
#2292=VERTEX_POINT('',#7981);
#2293=VERTEX_POINT('',#7984);
#2294=VERTEX_POINT('',#7985);
#2295=VERTEX_POINT('',#7987);
#2296=VERTEX_POINT('',#7989);
#2297=VERTEX_POINT('',#7991);
#2298=VERTEX_POINT('',#7993);
#2299=VERTEX_POINT('',#7995);
#2300=VERTEX_POINT('',#7997);
#2301=VERTEX_POINT('',#8000);
#2302=VERTEX_POINT('',#8001);
#2303=VERTEX_POINT('',#8003);
#2304=VERTEX_POINT('',#8005);
#2305=VERTEX_POINT('',#8007);
#2306=VERTEX_POINT('',#8009);
#2307=VERTEX_POINT('',#8011);
#2308=VERTEX_POINT('',#8013);
#2309=VERTEX_POINT('',#8016);
#2310=VERTEX_POINT('',#8017);
#2311=VERTEX_POINT('',#8019);
#2312=VERTEX_POINT('',#8021);
#2313=VERTEX_POINT('',#8023);
#2314=VERTEX_POINT('',#8025);
#2315=VERTEX_POINT('',#8027);
#2316=VERTEX_POINT('',#8029);
#2317=VERTEX_POINT('',#8032);
#2318=VERTEX_POINT('',#8033);
#2319=VERTEX_POINT('',#8035);
#2320=VERTEX_POINT('',#8037);
#2321=VERTEX_POINT('',#8039);
#2322=VERTEX_POINT('',#8041);
#2323=VERTEX_POINT('',#8043);
#2324=VERTEX_POINT('',#8045);
#2325=VERTEX_POINT('',#8048);
#2326=VERTEX_POINT('',#8049);
#2327=VERTEX_POINT('',#8051);
#2328=VERTEX_POINT('',#8053);
#2329=VERTEX_POINT('',#8055);
#2330=VERTEX_POINT('',#8057);
#2331=VERTEX_POINT('',#8059);
#2332=VERTEX_POINT('',#8061);
#2333=VERTEX_POINT('',#8064);
#2334=VERTEX_POINT('',#8065);
#2335=VERTEX_POINT('',#8067);
#2336=VERTEX_POINT('',#8069);
#2337=VERTEX_POINT('',#8071);
#2338=VERTEX_POINT('',#8073);
#2339=VERTEX_POINT('',#8075);
#2340=VERTEX_POINT('',#8077);
#2341=VERTEX_POINT('',#8080);
#2342=VERTEX_POINT('',#8081);
#2343=VERTEX_POINT('',#8083);
#2344=VERTEX_POINT('',#8085);
#2345=VERTEX_POINT('',#8087);
#2346=VERTEX_POINT('',#8089);
#2347=VERTEX_POINT('',#8091);
#2348=VERTEX_POINT('',#8093);
#2349=VERTEX_POINT('',#8096);
#2350=VERTEX_POINT('',#8097);
#2351=VERTEX_POINT('',#8099);
#2352=VERTEX_POINT('',#8101);
#2353=VERTEX_POINT('',#8103);
#2354=VERTEX_POINT('',#8105);
#2355=VERTEX_POINT('',#8107);
#2356=VERTEX_POINT('',#8109);
#2357=VERTEX_POINT('',#8112);
#2358=VERTEX_POINT('',#8113);
#2359=VERTEX_POINT('',#8115);
#2360=VERTEX_POINT('',#8117);
#2361=VERTEX_POINT('',#8119);
#2362=VERTEX_POINT('',#8121);
#2363=VERTEX_POINT('',#8123);
#2364=VERTEX_POINT('',#8125);
#2365=VERTEX_POINT('',#8128);
#2366=VERTEX_POINT('',#8129);
#2367=VERTEX_POINT('',#8131);
#2368=VERTEX_POINT('',#8133);
#2369=VERTEX_POINT('',#8135);
#2370=VERTEX_POINT('',#8137);
#2371=VERTEX_POINT('',#8139);
#2372=VERTEX_POINT('',#8141);
#2373=VERTEX_POINT('',#8144);
#2374=VERTEX_POINT('',#8145);
#2375=VERTEX_POINT('',#8147);
#2376=VERTEX_POINT('',#8149);
#2377=VERTEX_POINT('',#8151);
#2378=VERTEX_POINT('',#8153);
#2379=VERTEX_POINT('',#8155);
#2380=VERTEX_POINT('',#8157);
#2381=VERTEX_POINT('',#8160);
#2382=VERTEX_POINT('',#8161);
#2383=VERTEX_POINT('',#8163);
#2384=VERTEX_POINT('',#8165);
#2385=VERTEX_POINT('',#8167);
#2386=VERTEX_POINT('',#8169);
#2387=VERTEX_POINT('',#8171);
#2388=VERTEX_POINT('',#8173);
#2389=VERTEX_POINT('',#8176);
#2390=VERTEX_POINT('',#8177);
#2391=VERTEX_POINT('',#8179);
#2392=VERTEX_POINT('',#8181);
#2393=VERTEX_POINT('',#8183);
#2394=VERTEX_POINT('',#8185);
#2395=VERTEX_POINT('',#8187);
#2396=VERTEX_POINT('',#8189);
#2397=VERTEX_POINT('',#8192);
#2398=VERTEX_POINT('',#8193);
#2399=VERTEX_POINT('',#8195);
#2400=VERTEX_POINT('',#8197);
#2401=VERTEX_POINT('',#8199);
#2402=VERTEX_POINT('',#8201);
#2403=VERTEX_POINT('',#8203);
#2404=VERTEX_POINT('',#8205);
#2405=VERTEX_POINT('',#8208);
#2406=VERTEX_POINT('',#8209);
#2407=VERTEX_POINT('',#8211);
#2408=VERTEX_POINT('',#8213);
#2409=VERTEX_POINT('',#8215);
#2410=VERTEX_POINT('',#8217);
#2411=VERTEX_POINT('',#8219);
#2412=VERTEX_POINT('',#8221);
#2413=VERTEX_POINT('',#8224);
#2414=VERTEX_POINT('',#8225);
#2415=VERTEX_POINT('',#8227);
#2416=VERTEX_POINT('',#8229);
#2417=VERTEX_POINT('',#8231);
#2418=VERTEX_POINT('',#8233);
#2419=VERTEX_POINT('',#8235);
#2420=VERTEX_POINT('',#8237);
#2421=VERTEX_POINT('',#8240);
#2422=VERTEX_POINT('',#8241);
#2423=VERTEX_POINT('',#8243);
#2424=VERTEX_POINT('',#8245);
#2425=VERTEX_POINT('',#8247);
#2426=VERTEX_POINT('',#8249);
#2427=VERTEX_POINT('',#8251);
#2428=VERTEX_POINT('',#8253);
#2429=VERTEX_POINT('',#8256);
#2430=VERTEX_POINT('',#8257);
#2431=VERTEX_POINT('',#8259);
#2432=VERTEX_POINT('',#8261);
#2433=VERTEX_POINT('',#8263);
#2434=VERTEX_POINT('',#8265);
#2435=VERTEX_POINT('',#8267);
#2436=VERTEX_POINT('',#8269);
#2437=VERTEX_POINT('',#8272);
#2438=VERTEX_POINT('',#8273);
#2439=VERTEX_POINT('',#8275);
#2440=VERTEX_POINT('',#8277);
#2441=VERTEX_POINT('',#8279);
#2442=VERTEX_POINT('',#8281);
#2443=VERTEX_POINT('',#8283);
#2444=VERTEX_POINT('',#8285);
#2445=VERTEX_POINT('',#8288);
#2446=VERTEX_POINT('',#8289);
#2447=VERTEX_POINT('',#8291);
#2448=VERTEX_POINT('',#8293);
#2449=VERTEX_POINT('',#8295);
#2450=VERTEX_POINT('',#8297);
#2451=VERTEX_POINT('',#8299);
#2452=VERTEX_POINT('',#8301);
#2453=VERTEX_POINT('',#8304);
#2454=VERTEX_POINT('',#8305);
#2455=VERTEX_POINT('',#8307);
#2456=VERTEX_POINT('',#8309);
#2457=VERTEX_POINT('',#8311);
#2458=VERTEX_POINT('',#8313);
#2459=VERTEX_POINT('',#8315);
#2460=VERTEX_POINT('',#8317);
#2461=VERTEX_POINT('',#8320);
#2462=VERTEX_POINT('',#8321);
#2463=VERTEX_POINT('',#8323);
#2464=VERTEX_POINT('',#8325);
#2465=VERTEX_POINT('',#8327);
#2466=VERTEX_POINT('',#8329);
#2467=VERTEX_POINT('',#8331);
#2468=VERTEX_POINT('',#8333);
#2469=VERTEX_POINT('',#8336);
#2470=VERTEX_POINT('',#8337);
#2471=VERTEX_POINT('',#8339);
#2472=VERTEX_POINT('',#8341);
#2473=VERTEX_POINT('',#8343);
#2474=VERTEX_POINT('',#8345);
#2475=VERTEX_POINT('',#8347);
#2476=VERTEX_POINT('',#8349);
#2477=VERTEX_POINT('',#8352);
#2478=VERTEX_POINT('',#8353);
#2479=VERTEX_POINT('',#8355);
#2480=VERTEX_POINT('',#8357);
#2481=VERTEX_POINT('',#8359);
#2482=VERTEX_POINT('',#8361);
#2483=VERTEX_POINT('',#8363);
#2484=VERTEX_POINT('',#8365);
#2485=VERTEX_POINT('',#8368);
#2486=VERTEX_POINT('',#8369);
#2487=VERTEX_POINT('',#8371);
#2488=VERTEX_POINT('',#8373);
#2489=VERTEX_POINT('',#8375);
#2490=VERTEX_POINT('',#8377);
#2491=VERTEX_POINT('',#8379);
#2492=VERTEX_POINT('',#8381);
#2493=VERTEX_POINT('',#8384);
#2494=VERTEX_POINT('',#8385);
#2495=VERTEX_POINT('',#8387);
#2496=VERTEX_POINT('',#8389);
#2497=VERTEX_POINT('',#8391);
#2498=VERTEX_POINT('',#8393);
#2499=VERTEX_POINT('',#8395);
#2500=VERTEX_POINT('',#8397);
#2501=VERTEX_POINT('',#8400);
#2502=VERTEX_POINT('',#8401);
#2503=VERTEX_POINT('',#8403);
#2504=VERTEX_POINT('',#8405);
#2505=VERTEX_POINT('',#8407);
#2506=VERTEX_POINT('',#8409);
#2507=VERTEX_POINT('',#8411);
#2508=VERTEX_POINT('',#8413);
#2509=VERTEX_POINT('',#8419);
#2510=VERTEX_POINT('',#8420);
#2511=VERTEX_POINT('',#8425);
#2512=VERTEX_POINT('',#8429);
#2513=VERTEX_POINT('',#8433);
#2514=VERTEX_POINT('',#8437);
#2515=VERTEX_POINT('',#8441);
#2516=VERTEX_POINT('',#8445);
#2517=VERTEX_POINT('',#8451);
#2518=VERTEX_POINT('',#8452);
#2519=VERTEX_POINT('',#8457);
#2520=VERTEX_POINT('',#8461);
#2521=VERTEX_POINT('',#8465);
#2522=VERTEX_POINT('',#8469);
#2523=VERTEX_POINT('',#8473);
#2524=VERTEX_POINT('',#8477);
#2525=VERTEX_POINT('',#8483);
#2526=VERTEX_POINT('',#8484);
#2527=VERTEX_POINT('',#8489);
#2528=VERTEX_POINT('',#8493);
#2529=VERTEX_POINT('',#8497);
#2530=VERTEX_POINT('',#8501);
#2531=VERTEX_POINT('',#8505);
#2532=VERTEX_POINT('',#8509);
#2533=VERTEX_POINT('',#8515);
#2534=VERTEX_POINT('',#8516);
#2535=VERTEX_POINT('',#8521);
#2536=VERTEX_POINT('',#8525);
#2537=VERTEX_POINT('',#8529);
#2538=VERTEX_POINT('',#8533);
#2539=VERTEX_POINT('',#8537);
#2540=VERTEX_POINT('',#8541);
#2541=VERTEX_POINT('',#8547);
#2542=VERTEX_POINT('',#8548);
#2543=VERTEX_POINT('',#8553);
#2544=VERTEX_POINT('',#8557);
#2545=VERTEX_POINT('',#8561);
#2546=VERTEX_POINT('',#8565);
#2547=VERTEX_POINT('',#8569);
#2548=VERTEX_POINT('',#8573);
#2549=VERTEX_POINT('',#8579);
#2550=VERTEX_POINT('',#8580);
#2551=VERTEX_POINT('',#8585);
#2552=VERTEX_POINT('',#8589);
#2553=VERTEX_POINT('',#8593);
#2554=VERTEX_POINT('',#8597);
#2555=VERTEX_POINT('',#8601);
#2556=VERTEX_POINT('',#8605);
#2557=VERTEX_POINT('',#8611);
#2558=VERTEX_POINT('',#8612);
#2559=VERTEX_POINT('',#8617);
#2560=VERTEX_POINT('',#8621);
#2561=VERTEX_POINT('',#8625);
#2562=VERTEX_POINT('',#8629);
#2563=VERTEX_POINT('',#8633);
#2564=VERTEX_POINT('',#8637);
#2565=VERTEX_POINT('',#8643);
#2566=VERTEX_POINT('',#8644);
#2567=VERTEX_POINT('',#8649);
#2568=VERTEX_POINT('',#8653);
#2569=VERTEX_POINT('',#8657);
#2570=VERTEX_POINT('',#8661);
#2571=VERTEX_POINT('',#8665);
#2572=VERTEX_POINT('',#8669);
#2573=VERTEX_POINT('',#8675);
#2574=VERTEX_POINT('',#8676);
#2575=VERTEX_POINT('',#8681);
#2576=VERTEX_POINT('',#8685);
#2577=VERTEX_POINT('',#8689);
#2578=VERTEX_POINT('',#8693);
#2579=VERTEX_POINT('',#8697);
#2580=VERTEX_POINT('',#8701);
#2581=VERTEX_POINT('',#8707);
#2582=VERTEX_POINT('',#8708);
#2583=VERTEX_POINT('',#8713);
#2584=VERTEX_POINT('',#8717);
#2585=VERTEX_POINT('',#8721);
#2586=VERTEX_POINT('',#8725);
#2587=VERTEX_POINT('',#8729);
#2588=VERTEX_POINT('',#8733);
#2589=VERTEX_POINT('',#8739);
#2590=VERTEX_POINT('',#8740);
#2591=VERTEX_POINT('',#8745);
#2592=VERTEX_POINT('',#8749);
#2593=VERTEX_POINT('',#8753);
#2594=VERTEX_POINT('',#8757);
#2595=VERTEX_POINT('',#8761);
#2596=VERTEX_POINT('',#8765);
#2597=VERTEX_POINT('',#8771);
#2598=VERTEX_POINT('',#8772);
#2599=VERTEX_POINT('',#8777);
#2600=VERTEX_POINT('',#8781);
#2601=VERTEX_POINT('',#8785);
#2602=VERTEX_POINT('',#8789);
#2603=VERTEX_POINT('',#8793);
#2604=VERTEX_POINT('',#8797);
#2605=VERTEX_POINT('',#8803);
#2606=VERTEX_POINT('',#8804);
#2607=VERTEX_POINT('',#8809);
#2608=VERTEX_POINT('',#8813);
#2609=VERTEX_POINT('',#8817);
#2610=VERTEX_POINT('',#8821);
#2611=VERTEX_POINT('',#8825);
#2612=VERTEX_POINT('',#8829);
#2613=VERTEX_POINT('',#8835);
#2614=VERTEX_POINT('',#8836);
#2615=VERTEX_POINT('',#8841);
#2616=VERTEX_POINT('',#8845);
#2617=VERTEX_POINT('',#8849);
#2618=VERTEX_POINT('',#8853);
#2619=VERTEX_POINT('',#8857);
#2620=VERTEX_POINT('',#8861);
#2621=VERTEX_POINT('',#8867);
#2622=VERTEX_POINT('',#8868);
#2623=VERTEX_POINT('',#8873);
#2624=VERTEX_POINT('',#8877);
#2625=VERTEX_POINT('',#8881);
#2626=VERTEX_POINT('',#8885);
#2627=VERTEX_POINT('',#8889);
#2628=VERTEX_POINT('',#8893);
#2629=VERTEX_POINT('',#8899);
#2630=VERTEX_POINT('',#8900);
#2631=VERTEX_POINT('',#8905);
#2632=VERTEX_POINT('',#8909);
#2633=VERTEX_POINT('',#8913);
#2634=VERTEX_POINT('',#8917);
#2635=VERTEX_POINT('',#8921);
#2636=VERTEX_POINT('',#8925);
#2637=VERTEX_POINT('',#8931);
#2638=VERTEX_POINT('',#8932);
#2639=VERTEX_POINT('',#8937);
#2640=VERTEX_POINT('',#8941);
#2641=VERTEX_POINT('',#8945);
#2642=VERTEX_POINT('',#8949);
#2643=VERTEX_POINT('',#8953);
#2644=VERTEX_POINT('',#8957);
#2645=VERTEX_POINT('',#8963);
#2646=VERTEX_POINT('',#8964);
#2647=VERTEX_POINT('',#8969);
#2648=VERTEX_POINT('',#8973);
#2649=VERTEX_POINT('',#8977);
#2650=VERTEX_POINT('',#8981);
#2651=VERTEX_POINT('',#8985);
#2652=VERTEX_POINT('',#8989);
#2653=VERTEX_POINT('',#8995);
#2654=VERTEX_POINT('',#8996);
#2655=VERTEX_POINT('',#9001);
#2656=VERTEX_POINT('',#9005);
#2657=VERTEX_POINT('',#9009);
#2658=VERTEX_POINT('',#9013);
#2659=VERTEX_POINT('',#9017);
#2660=VERTEX_POINT('',#9021);
#2661=VERTEX_POINT('',#9027);
#2662=VERTEX_POINT('',#9028);
#2663=VERTEX_POINT('',#9033);
#2664=VERTEX_POINT('',#9037);
#2665=VERTEX_POINT('',#9041);
#2666=VERTEX_POINT('',#9045);
#2667=VERTEX_POINT('',#9049);
#2668=VERTEX_POINT('',#9053);
#2669=VERTEX_POINT('',#9059);
#2670=VERTEX_POINT('',#9060);
#2671=VERTEX_POINT('',#9065);
#2672=VERTEX_POINT('',#9069);
#2673=VERTEX_POINT('',#9073);
#2674=VERTEX_POINT('',#9077);
#2675=VERTEX_POINT('',#9081);
#2676=VERTEX_POINT('',#9085);
#2677=VERTEX_POINT('',#9091);
#2678=VERTEX_POINT('',#9092);
#2679=VERTEX_POINT('',#9097);
#2680=VERTEX_POINT('',#9101);
#2681=VERTEX_POINT('',#9105);
#2682=VERTEX_POINT('',#9109);
#2683=VERTEX_POINT('',#9113);
#2684=VERTEX_POINT('',#9117);
#2685=VERTEX_POINT('',#9123);
#2686=VERTEX_POINT('',#9124);
#2687=VERTEX_POINT('',#9129);
#2688=VERTEX_POINT('',#9133);
#2689=VERTEX_POINT('',#9137);
#2690=VERTEX_POINT('',#9141);
#2691=VERTEX_POINT('',#9145);
#2692=VERTEX_POINT('',#9149);
#2693=VERTEX_POINT('',#9155);
#2694=VERTEX_POINT('',#9156);
#2695=VERTEX_POINT('',#9161);
#2696=VERTEX_POINT('',#9165);
#2697=VERTEX_POINT('',#9169);
#2698=VERTEX_POINT('',#9173);
#2699=VERTEX_POINT('',#9177);
#2700=VERTEX_POINT('',#9181);
#2701=VERTEX_POINT('',#9187);
#2702=VERTEX_POINT('',#9188);
#2703=VERTEX_POINT('',#9193);
#2704=VERTEX_POINT('',#9197);
#2705=VERTEX_POINT('',#9201);
#2706=VERTEX_POINT('',#9205);
#2707=VERTEX_POINT('',#9209);
#2708=VERTEX_POINT('',#9213);
#2709=VERTEX_POINT('',#9219);
#2710=VERTEX_POINT('',#9220);
#2711=VERTEX_POINT('',#9225);
#2712=VERTEX_POINT('',#9229);
#2713=VERTEX_POINT('',#9233);
#2714=VERTEX_POINT('',#9237);
#2715=VERTEX_POINT('',#9241);
#2716=VERTEX_POINT('',#9245);
#2717=VERTEX_POINT('',#9251);
#2718=VERTEX_POINT('',#9252);
#2719=VERTEX_POINT('',#9257);
#2720=VERTEX_POINT('',#9261);
#2721=VERTEX_POINT('',#9265);
#2722=VERTEX_POINT('',#9269);
#2723=VERTEX_POINT('',#9273);
#2724=VERTEX_POINT('',#9277);
#2725=VERTEX_POINT('',#9283);
#2726=VERTEX_POINT('',#9284);
#2727=VERTEX_POINT('',#9289);
#2728=VERTEX_POINT('',#9293);
#2729=VERTEX_POINT('',#9297);
#2730=VERTEX_POINT('',#9301);
#2731=VERTEX_POINT('',#9305);
#2732=VERTEX_POINT('',#9309);
#2733=VERTEX_POINT('',#9315);
#2734=VERTEX_POINT('',#9316);
#2735=VERTEX_POINT('',#9321);
#2736=VERTEX_POINT('',#9325);
#2737=VERTEX_POINT('',#9329);
#2738=VERTEX_POINT('',#9333);
#2739=VERTEX_POINT('',#9337);
#2740=VERTEX_POINT('',#9341);
#2741=VERTEX_POINT('',#9347);
#2742=VERTEX_POINT('',#9348);
#2743=VERTEX_POINT('',#9353);
#2744=VERTEX_POINT('',#9357);
#2745=VERTEX_POINT('',#9361);
#2746=VERTEX_POINT('',#9365);
#2747=VERTEX_POINT('',#9369);
#2748=VERTEX_POINT('',#9373);
#2749=EDGE_CURVE('',#2211,#2212,#1109,.T.);
#2750=EDGE_CURVE('',#2212,#2213,#855,.T.);
#2751=EDGE_CURVE('',#2213,#2214,#1110,.T.);
#2752=EDGE_CURVE('',#2214,#2211,#851,.T.);
#2753=EDGE_CURVE('',#2214,#2215,#1111,.T.);
#2754=EDGE_CURVE('',#2215,#2216,#852,.T.);
#2755=EDGE_CURVE('',#2216,#2211,#1112,.T.);
#2756=EDGE_CURVE('',#2215,#2217,#1113,.T.);
#2757=EDGE_CURVE('',#2217,#2218,#853,.T.);
#2758=EDGE_CURVE('',#2218,#2216,#1114,.T.);
#2759=EDGE_CURVE('',#2219,#2218,#1115,.T.);
#2760=EDGE_CURVE('',#2217,#2220,#1116,.T.);
#2761=EDGE_CURVE('',#2220,#2219,#854,.T.);
#2762=EDGE_CURVE('',#2220,#2221,#1117,.T.);
#2763=EDGE_CURVE('',#2221,#2222,#856,.T.);
#2764=EDGE_CURVE('',#2222,#2219,#1118,.T.);
#2765=EDGE_CURVE('',#2216,#2223,#1119,.T.);
#2766=EDGE_CURVE('',#2224,#2223,#1120,.T.);
#2767=EDGE_CURVE('',#2224,#2225,#1121,.T.);
#2768=EDGE_CURVE('',#2225,#2226,#1122,.T.);
#2769=EDGE_CURVE('',#2226,#2227,#1123,.T.);
#2770=EDGE_CURVE('',#2228,#2227,#1124,.T.);
#2771=EDGE_CURVE('',#2228,#2211,#1125,.T.);
#2772=EDGE_CURVE('',#2229,#2229,#857,.T.);
#2773=EDGE_CURVE('',#2230,#2230,#858,.T.);
#2774=EDGE_CURVE('',#2218,#2231,#1126,.T.);
#2775=EDGE_CURVE('',#2223,#2231,#1127,.T.);
#2776=EDGE_CURVE('',#2219,#2232,#1128,.T.);
#2777=EDGE_CURVE('',#2231,#2232,#1129,.T.);
#2778=EDGE_CURVE('',#2232,#2228,#1130,.T.);
#2779=EDGE_CURVE('',#2222,#2233,#1131,.T.);
#2780=EDGE_CURVE('',#2233,#2234,#1132,.T.);
#2781=EDGE_CURVE('',#2234,#2212,#1133,.T.);
#2782=EDGE_CURVE('',#2235,#2221,#1134,.T.);
#2783=EDGE_CURVE('',#2236,#2235,#1135,.T.);
#2784=EDGE_CURVE('',#2233,#2236,#1136,.T.);
#2785=EDGE_CURVE('',#2226,#2237,#1137,.T.);
#2786=EDGE_CURVE('',#2238,#2237,#1138,.T.);
#2787=EDGE_CURVE('',#2227,#2238,#1139,.T.);
#2788=EDGE_CURVE('',#2225,#2239,#1140,.T.);
#2789=EDGE_CURVE('',#2237,#2239,#1141,.T.);
#2790=EDGE_CURVE('',#2240,#2224,#1142,.T.);
#2791=EDGE_CURVE('',#2239,#2240,#1143,.T.);
#2792=EDGE_CURVE('',#2238,#2241,#1144,.T.);
#2793=EDGE_CURVE('',#2241,#2242,#1145,.T.);
#2794=EDGE_CURVE('',#2242,#2243,#1146,.T.);
#2795=EDGE_CURVE('',#2243,#2244,#1147,.T.);
#2796=EDGE_CURVE('',#2244,#2240,#1148,.T.);
#2797=EDGE_CURVE('',#2245,#2245,#859,.T.);
#2798=EDGE_CURVE('',#2246,#2246,#860,.T.);
#2799=EDGE_CURVE('',#2247,#2247,#861,.T.);
#2800=EDGE_CURVE('',#2248,#2248,#862,.T.);
#2801=EDGE_CURVE('',#2229,#2249,#1149,.T.);
#2802=EDGE_CURVE('',#2249,#2249,#863,.T.);
#2803=EDGE_CURVE('',#2230,#2250,#1150,.T.);
#2804=EDGE_CURVE('',#2250,#2250,#864,.T.);
#2805=EDGE_CURVE('',#2234,#2251,#1151,.T.);
#2806=EDGE_CURVE('',#2252,#2251,#1152,.T.);
#2807=EDGE_CURVE('',#2213,#2252,#1153,.T.);
#2808=EDGE_CURVE('',#2251,#2236,#1154,.T.);
#2809=EDGE_CURVE('',#2252,#2253,#1155,.T.);
#2810=EDGE_CURVE('',#2253,#2254,#1156,.T.);
#2811=EDGE_CURVE('',#2254,#2255,#1157,.T.);
#2812=EDGE_CURVE('',#2255,#2256,#1158,.T.);
#2813=EDGE_CURVE('',#2256,#2235,#1159,.T.);
#2814=EDGE_CURVE('',#2256,#2242,#1160,.T.);
#2815=EDGE_CURVE('',#2253,#2241,#1161,.T.);
#2816=EDGE_CURVE('',#2257,#2258,#1162,.T.);
#2817=EDGE_CURVE('',#2259,#2257,#1163,.T.);
#2818=EDGE_CURVE('',#2260,#2259,#1164,.T.);
#2819=EDGE_CURVE('',#2258,#2260,#1165,.T.);
#2820=EDGE_CURVE('',#2248,#2261,#1166,.T.);
#2821=EDGE_CURVE('',#2261,#2261,#865,.T.);
#2822=EDGE_CURVE('',#2247,#2262,#1167,.T.);
#2823=EDGE_CURVE('',#2262,#2262,#866,.T.);
#2824=EDGE_CURVE('',#2246,#2263,#1168,.T.);
#2825=EDGE_CURVE('',#2263,#2263,#867,.T.);
#2826=EDGE_CURVE('',#2245,#2264,#1169,.T.);
#2827=EDGE_CURVE('',#2264,#2264,#868,.T.);
#2828=EDGE_CURVE('',#2254,#2244,#1170,.T.);
#2829=EDGE_CURVE('',#2243,#2255,#1171,.T.);
#2830=EDGE_CURVE('',#2265,#2266,#1172,.T.);
#2831=EDGE_CURVE('',#2267,#2265,#1173,.T.);
#2832=EDGE_CURVE('',#2268,#2267,#1174,.T.);
#2833=EDGE_CURVE('',#2266,#2268,#1175,.T.);
#2834=EDGE_CURVE('',#2257,#2266,#1176,.T.);
#2835=EDGE_CURVE('',#2268,#2259,#1177,.T.);
#2836=EDGE_CURVE('',#2269,#2270,#869,.T.);
#2837=EDGE_CURVE('',#2270,#2271,#1178,.T.);
#2838=EDGE_CURVE('',#2271,#2272,#870,.T.);
#2839=EDGE_CURVE('',#2272,#2273,#1179,.T.);
#2840=EDGE_CURVE('',#2273,#2274,#871,.T.);
#2841=EDGE_CURVE('',#2274,#2275,#1180,.T.);
#2842=EDGE_CURVE('',#2275,#2276,#872,.T.);
#2843=EDGE_CURVE('',#2276,#2269,#1181,.T.);
#2844=EDGE_CURVE('',#2277,#2278,#873,.T.);
#2845=EDGE_CURVE('',#2278,#2279,#1182,.T.);
#2846=EDGE_CURVE('',#2279,#2280,#874,.T.);
#2847=EDGE_CURVE('',#2280,#2281,#1183,.T.);
#2848=EDGE_CURVE('',#2281,#2282,#875,.T.);
#2849=EDGE_CURVE('',#2282,#2283,#1184,.T.);
#2850=EDGE_CURVE('',#2283,#2284,#876,.T.);
#2851=EDGE_CURVE('',#2284,#2277,#1185,.T.);
#2852=EDGE_CURVE('',#2285,#2286,#877,.T.);
#2853=EDGE_CURVE('',#2286,#2287,#1186,.T.);
#2854=EDGE_CURVE('',#2287,#2288,#878,.T.);
#2855=EDGE_CURVE('',#2288,#2289,#1187,.T.);
#2856=EDGE_CURVE('',#2289,#2290,#879,.T.);
#2857=EDGE_CURVE('',#2290,#2291,#1188,.T.);
#2858=EDGE_CURVE('',#2291,#2292,#880,.T.);
#2859=EDGE_CURVE('',#2292,#2285,#1189,.T.);
#2860=EDGE_CURVE('',#2293,#2294,#881,.T.);
#2861=EDGE_CURVE('',#2294,#2295,#1190,.T.);
#2862=EDGE_CURVE('',#2295,#2296,#882,.T.);
#2863=EDGE_CURVE('',#2296,#2297,#1191,.T.);
#2864=EDGE_CURVE('',#2297,#2298,#883,.T.);
#2865=EDGE_CURVE('',#2298,#2299,#1192,.T.);
#2866=EDGE_CURVE('',#2299,#2300,#884,.T.);
#2867=EDGE_CURVE('',#2300,#2293,#1193,.T.);
#2868=EDGE_CURVE('',#2301,#2302,#885,.T.);
#2869=EDGE_CURVE('',#2302,#2303,#1194,.T.);
#2870=EDGE_CURVE('',#2303,#2304,#886,.T.);
#2871=EDGE_CURVE('',#2304,#2305,#1195,.T.);
#2872=EDGE_CURVE('',#2305,#2306,#887,.T.);
#2873=EDGE_CURVE('',#2306,#2307,#1196,.T.);
#2874=EDGE_CURVE('',#2307,#2308,#888,.T.);
#2875=EDGE_CURVE('',#2308,#2301,#1197,.T.);
#2876=EDGE_CURVE('',#2309,#2310,#889,.T.);
#2877=EDGE_CURVE('',#2310,#2311,#1198,.T.);
#2878=EDGE_CURVE('',#2311,#2312,#890,.T.);
#2879=EDGE_CURVE('',#2312,#2313,#1199,.T.);
#2880=EDGE_CURVE('',#2313,#2314,#891,.T.);
#2881=EDGE_CURVE('',#2314,#2315,#1200,.T.);
#2882=EDGE_CURVE('',#2315,#2316,#892,.T.);
#2883=EDGE_CURVE('',#2316,#2309,#1201,.T.);
#2884=EDGE_CURVE('',#2317,#2318,#893,.T.);
#2885=EDGE_CURVE('',#2318,#2319,#1202,.T.);
#2886=EDGE_CURVE('',#2319,#2320,#894,.T.);
#2887=EDGE_CURVE('',#2320,#2321,#1203,.T.);
#2888=EDGE_CURVE('',#2321,#2322,#895,.T.);
#2889=EDGE_CURVE('',#2322,#2323,#1204,.T.);
#2890=EDGE_CURVE('',#2323,#2324,#896,.T.);
#2891=EDGE_CURVE('',#2324,#2317,#1205,.T.);
#2892=EDGE_CURVE('',#2325,#2326,#897,.T.);
#2893=EDGE_CURVE('',#2326,#2327,#1206,.T.);
#2894=EDGE_CURVE('',#2327,#2328,#898,.T.);
#2895=EDGE_CURVE('',#2328,#2329,#1207,.T.);
#2896=EDGE_CURVE('',#2329,#2330,#899,.T.);
#2897=EDGE_CURVE('',#2330,#2331,#1208,.T.);
#2898=EDGE_CURVE('',#2331,#2332,#900,.T.);
#2899=EDGE_CURVE('',#2332,#2325,#1209,.T.);
#2900=EDGE_CURVE('',#2333,#2334,#901,.T.);
#2901=EDGE_CURVE('',#2334,#2335,#1210,.T.);
#2902=EDGE_CURVE('',#2335,#2336,#902,.T.);
#2903=EDGE_CURVE('',#2336,#2337,#1211,.T.);
#2904=EDGE_CURVE('',#2337,#2338,#903,.T.);
#2905=EDGE_CURVE('',#2338,#2339,#1212,.T.);
#2906=EDGE_CURVE('',#2339,#2340,#904,.T.);
#2907=EDGE_CURVE('',#2340,#2333,#1213,.T.);
#2908=EDGE_CURVE('',#2341,#2342,#905,.T.);
#2909=EDGE_CURVE('',#2342,#2343,#1214,.T.);
#2910=EDGE_CURVE('',#2343,#2344,#906,.T.);
#2911=EDGE_CURVE('',#2344,#2345,#1215,.T.);
#2912=EDGE_CURVE('',#2345,#2346,#907,.T.);
#2913=EDGE_CURVE('',#2346,#2347,#1216,.T.);
#2914=EDGE_CURVE('',#2347,#2348,#908,.T.);
#2915=EDGE_CURVE('',#2348,#2341,#1217,.T.);
#2916=EDGE_CURVE('',#2349,#2350,#909,.T.);
#2917=EDGE_CURVE('',#2350,#2351,#1218,.T.);
#2918=EDGE_CURVE('',#2351,#2352,#910,.T.);
#2919=EDGE_CURVE('',#2352,#2353,#1219,.T.);
#2920=EDGE_CURVE('',#2353,#2354,#911,.T.);
#2921=EDGE_CURVE('',#2354,#2355,#1220,.T.);
#2922=EDGE_CURVE('',#2355,#2356,#912,.T.);
#2923=EDGE_CURVE('',#2356,#2349,#1221,.T.);
#2924=EDGE_CURVE('',#2357,#2358,#913,.T.);
#2925=EDGE_CURVE('',#2358,#2359,#1222,.T.);
#2926=EDGE_CURVE('',#2359,#2360,#914,.T.);
#2927=EDGE_CURVE('',#2360,#2361,#1223,.T.);
#2928=EDGE_CURVE('',#2361,#2362,#915,.T.);
#2929=EDGE_CURVE('',#2362,#2363,#1224,.T.);
#2930=EDGE_CURVE('',#2363,#2364,#916,.T.);
#2931=EDGE_CURVE('',#2364,#2357,#1225,.T.);
#2932=EDGE_CURVE('',#2365,#2366,#917,.T.);
#2933=EDGE_CURVE('',#2366,#2367,#1226,.T.);
#2934=EDGE_CURVE('',#2367,#2368,#918,.T.);
#2935=EDGE_CURVE('',#2368,#2369,#1227,.T.);
#2936=EDGE_CURVE('',#2369,#2370,#919,.T.);
#2937=EDGE_CURVE('',#2370,#2371,#1228,.T.);
#2938=EDGE_CURVE('',#2371,#2372,#920,.T.);
#2939=EDGE_CURVE('',#2372,#2365,#1229,.T.);
#2940=EDGE_CURVE('',#2373,#2374,#921,.T.);
#2941=EDGE_CURVE('',#2374,#2375,#1230,.T.);
#2942=EDGE_CURVE('',#2375,#2376,#922,.T.);
#2943=EDGE_CURVE('',#2376,#2377,#1231,.T.);
#2944=EDGE_CURVE('',#2377,#2378,#923,.T.);
#2945=EDGE_CURVE('',#2378,#2379,#1232,.T.);
#2946=EDGE_CURVE('',#2379,#2380,#924,.T.);
#2947=EDGE_CURVE('',#2380,#2373,#1233,.T.);
#2948=EDGE_CURVE('',#2381,#2382,#925,.T.);
#2949=EDGE_CURVE('',#2382,#2383,#1234,.T.);
#2950=EDGE_CURVE('',#2383,#2384,#926,.T.);
#2951=EDGE_CURVE('',#2384,#2385,#1235,.T.);
#2952=EDGE_CURVE('',#2385,#2386,#927,.T.);
#2953=EDGE_CURVE('',#2386,#2387,#1236,.T.);
#2954=EDGE_CURVE('',#2387,#2388,#928,.T.);
#2955=EDGE_CURVE('',#2388,#2381,#1237,.T.);
#2956=EDGE_CURVE('',#2389,#2390,#929,.T.);
#2957=EDGE_CURVE('',#2390,#2391,#1238,.T.);
#2958=EDGE_CURVE('',#2391,#2392,#930,.T.);
#2959=EDGE_CURVE('',#2392,#2393,#1239,.T.);
#2960=EDGE_CURVE('',#2393,#2394,#931,.T.);
#2961=EDGE_CURVE('',#2394,#2395,#1240,.T.);
#2962=EDGE_CURVE('',#2395,#2396,#932,.T.);
#2963=EDGE_CURVE('',#2396,#2389,#1241,.T.);
#2964=EDGE_CURVE('',#2397,#2398,#933,.T.);
#2965=EDGE_CURVE('',#2398,#2399,#1242,.T.);
#2966=EDGE_CURVE('',#2399,#2400,#934,.T.);
#2967=EDGE_CURVE('',#2400,#2401,#1243,.T.);
#2968=EDGE_CURVE('',#2401,#2402,#935,.T.);
#2969=EDGE_CURVE('',#2402,#2403,#1244,.T.);
#2970=EDGE_CURVE('',#2403,#2404,#936,.T.);
#2971=EDGE_CURVE('',#2404,#2397,#1245,.T.);
#2972=EDGE_CURVE('',#2405,#2406,#937,.T.);
#2973=EDGE_CURVE('',#2406,#2407,#1246,.T.);
#2974=EDGE_CURVE('',#2407,#2408,#938,.T.);
#2975=EDGE_CURVE('',#2408,#2409,#1247,.T.);
#2976=EDGE_CURVE('',#2409,#2410,#939,.T.);
#2977=EDGE_CURVE('',#2410,#2411,#1248,.T.);
#2978=EDGE_CURVE('',#2411,#2412,#940,.T.);
#2979=EDGE_CURVE('',#2412,#2405,#1249,.T.);
#2980=EDGE_CURVE('',#2413,#2414,#941,.T.);
#2981=EDGE_CURVE('',#2414,#2415,#1250,.T.);
#2982=EDGE_CURVE('',#2415,#2416,#942,.T.);
#2983=EDGE_CURVE('',#2416,#2417,#1251,.T.);
#2984=EDGE_CURVE('',#2417,#2418,#943,.T.);
#2985=EDGE_CURVE('',#2418,#2419,#1252,.T.);
#2986=EDGE_CURVE('',#2419,#2420,#944,.T.);
#2987=EDGE_CURVE('',#2420,#2413,#1253,.T.);
#2988=EDGE_CURVE('',#2421,#2422,#945,.T.);
#2989=EDGE_CURVE('',#2422,#2423,#1254,.T.);
#2990=EDGE_CURVE('',#2423,#2424,#946,.T.);
#2991=EDGE_CURVE('',#2424,#2425,#1255,.T.);
#2992=EDGE_CURVE('',#2425,#2426,#947,.T.);
#2993=EDGE_CURVE('',#2426,#2427,#1256,.T.);
#2994=EDGE_CURVE('',#2427,#2428,#948,.T.);
#2995=EDGE_CURVE('',#2428,#2421,#1257,.T.);
#2996=EDGE_CURVE('',#2429,#2430,#949,.T.);
#2997=EDGE_CURVE('',#2430,#2431,#1258,.T.);
#2998=EDGE_CURVE('',#2431,#2432,#950,.T.);
#2999=EDGE_CURVE('',#2432,#2433,#1259,.T.);
#3000=EDGE_CURVE('',#2433,#2434,#951,.T.);
#3001=EDGE_CURVE('',#2434,#2435,#1260,.T.);
#3002=EDGE_CURVE('',#2435,#2436,#952,.T.);
#3003=EDGE_CURVE('',#2436,#2429,#1261,.T.);
#3004=EDGE_CURVE('',#2437,#2438,#953,.T.);
#3005=EDGE_CURVE('',#2438,#2439,#1262,.T.);
#3006=EDGE_CURVE('',#2439,#2440,#954,.T.);
#3007=EDGE_CURVE('',#2440,#2441,#1263,.T.);
#3008=EDGE_CURVE('',#2441,#2442,#955,.T.);
#3009=EDGE_CURVE('',#2442,#2443,#1264,.T.);
#3010=EDGE_CURVE('',#2443,#2444,#956,.T.);
#3011=EDGE_CURVE('',#2444,#2437,#1265,.T.);
#3012=EDGE_CURVE('',#2445,#2446,#957,.T.);
#3013=EDGE_CURVE('',#2446,#2447,#1266,.T.);
#3014=EDGE_CURVE('',#2447,#2448,#958,.T.);
#3015=EDGE_CURVE('',#2448,#2449,#1267,.T.);
#3016=EDGE_CURVE('',#2449,#2450,#959,.T.);
#3017=EDGE_CURVE('',#2450,#2451,#1268,.T.);
#3018=EDGE_CURVE('',#2451,#2452,#960,.T.);
#3019=EDGE_CURVE('',#2452,#2445,#1269,.T.);
#3020=EDGE_CURVE('',#2453,#2454,#961,.T.);
#3021=EDGE_CURVE('',#2454,#2455,#1270,.T.);
#3022=EDGE_CURVE('',#2455,#2456,#962,.T.);
#3023=EDGE_CURVE('',#2456,#2457,#1271,.T.);
#3024=EDGE_CURVE('',#2457,#2458,#963,.T.);
#3025=EDGE_CURVE('',#2458,#2459,#1272,.T.);
#3026=EDGE_CURVE('',#2459,#2460,#964,.T.);
#3027=EDGE_CURVE('',#2460,#2453,#1273,.T.);
#3028=EDGE_CURVE('',#2461,#2462,#965,.T.);
#3029=EDGE_CURVE('',#2462,#2463,#1274,.T.);
#3030=EDGE_CURVE('',#2463,#2464,#966,.T.);
#3031=EDGE_CURVE('',#2464,#2465,#1275,.T.);
#3032=EDGE_CURVE('',#2465,#2466,#967,.T.);
#3033=EDGE_CURVE('',#2466,#2467,#1276,.T.);
#3034=EDGE_CURVE('',#2467,#2468,#968,.T.);
#3035=EDGE_CURVE('',#2468,#2461,#1277,.T.);
#3036=EDGE_CURVE('',#2469,#2470,#969,.T.);
#3037=EDGE_CURVE('',#2470,#2471,#1278,.T.);
#3038=EDGE_CURVE('',#2471,#2472,#970,.T.);
#3039=EDGE_CURVE('',#2472,#2473,#1279,.T.);
#3040=EDGE_CURVE('',#2473,#2474,#971,.T.);
#3041=EDGE_CURVE('',#2474,#2475,#1280,.T.);
#3042=EDGE_CURVE('',#2475,#2476,#972,.T.);
#3043=EDGE_CURVE('',#2476,#2469,#1281,.T.);
#3044=EDGE_CURVE('',#2477,#2478,#973,.T.);
#3045=EDGE_CURVE('',#2478,#2479,#1282,.T.);
#3046=EDGE_CURVE('',#2479,#2480,#974,.T.);
#3047=EDGE_CURVE('',#2480,#2481,#1283,.T.);
#3048=EDGE_CURVE('',#2481,#2482,#975,.T.);
#3049=EDGE_CURVE('',#2482,#2483,#1284,.T.);
#3050=EDGE_CURVE('',#2483,#2484,#976,.T.);
#3051=EDGE_CURVE('',#2484,#2477,#1285,.T.);
#3052=EDGE_CURVE('',#2485,#2486,#977,.T.);
#3053=EDGE_CURVE('',#2486,#2487,#1286,.T.);
#3054=EDGE_CURVE('',#2487,#2488,#978,.T.);
#3055=EDGE_CURVE('',#2488,#2489,#1287,.T.);
#3056=EDGE_CURVE('',#2489,#2490,#979,.T.);
#3057=EDGE_CURVE('',#2490,#2491,#1288,.T.);
#3058=EDGE_CURVE('',#2491,#2492,#980,.T.);
#3059=EDGE_CURVE('',#2492,#2485,#1289,.T.);
#3060=EDGE_CURVE('',#2493,#2494,#981,.T.);
#3061=EDGE_CURVE('',#2494,#2495,#1290,.T.);
#3062=EDGE_CURVE('',#2495,#2496,#982,.T.);
#3063=EDGE_CURVE('',#2496,#2497,#1291,.T.);
#3064=EDGE_CURVE('',#2497,#2498,#983,.T.);
#3065=EDGE_CURVE('',#2498,#2499,#1292,.T.);
#3066=EDGE_CURVE('',#2499,#2500,#984,.T.);
#3067=EDGE_CURVE('',#2500,#2493,#1293,.T.);
#3068=EDGE_CURVE('',#2501,#2502,#985,.T.);
#3069=EDGE_CURVE('',#2502,#2503,#1294,.T.);
#3070=EDGE_CURVE('',#2503,#2504,#986,.T.);
#3071=EDGE_CURVE('',#2504,#2505,#1295,.T.);
#3072=EDGE_CURVE('',#2505,#2506,#987,.T.);
#3073=EDGE_CURVE('',#2506,#2507,#1296,.T.);
#3074=EDGE_CURVE('',#2507,#2508,#988,.T.);
#3075=EDGE_CURVE('',#2508,#2501,#1297,.T.);
#3076=EDGE_CURVE('',#2267,#2260,#1298,.T.);
#3077=EDGE_CURVE('',#2509,#2510,#1299,.T.);
#3078=EDGE_CURVE('',#2510,#2269,#1300,.T.);
#3079=EDGE_CURVE('',#2509,#2276,#1301,.T.);
#3080=EDGE_CURVE('',#2511,#2509,#989,.T.);
#3081=EDGE_CURVE('',#2511,#2275,#1302,.T.);
#3082=EDGE_CURVE('',#2512,#2511,#1303,.T.);
#3083=EDGE_CURVE('',#2512,#2274,#1304,.T.);
#3084=EDGE_CURVE('',#2513,#2512,#990,.T.);
#3085=EDGE_CURVE('',#2513,#2273,#1305,.T.);
#3086=EDGE_CURVE('',#2514,#2513,#1306,.T.);
#3087=EDGE_CURVE('',#2514,#2272,#1307,.T.);
#3088=EDGE_CURVE('',#2515,#2514,#991,.T.);
#3089=EDGE_CURVE('',#2515,#2271,#1308,.T.);
#3090=EDGE_CURVE('',#2516,#2515,#1309,.T.);
#3091=EDGE_CURVE('',#2516,#2270,#1310,.T.);
#3092=EDGE_CURVE('',#2510,#2516,#992,.T.);
#3093=EDGE_CURVE('',#2517,#2518,#1311,.T.);
#3094=EDGE_CURVE('',#2518,#2277,#1312,.T.);
#3095=EDGE_CURVE('',#2517,#2284,#1313,.T.);
#3096=EDGE_CURVE('',#2519,#2517,#993,.T.);
#3097=EDGE_CURVE('',#2519,#2283,#1314,.T.);
#3098=EDGE_CURVE('',#2520,#2519,#1315,.T.);
#3099=EDGE_CURVE('',#2520,#2282,#1316,.T.);
#3100=EDGE_CURVE('',#2521,#2520,#994,.T.);
#3101=EDGE_CURVE('',#2521,#2281,#1317,.T.);
#3102=EDGE_CURVE('',#2522,#2521,#1318,.T.);
#3103=EDGE_CURVE('',#2522,#2280,#1319,.T.);
#3104=EDGE_CURVE('',#2523,#2522,#995,.T.);
#3105=EDGE_CURVE('',#2523,#2279,#1320,.T.);
#3106=EDGE_CURVE('',#2524,#2523,#1321,.T.);
#3107=EDGE_CURVE('',#2524,#2278,#1322,.T.);
#3108=EDGE_CURVE('',#2518,#2524,#996,.T.);
#3109=EDGE_CURVE('',#2525,#2526,#1323,.T.);
#3110=EDGE_CURVE('',#2526,#2285,#1324,.T.);
#3111=EDGE_CURVE('',#2525,#2292,#1325,.T.);
#3112=EDGE_CURVE('',#2527,#2525,#997,.T.);
#3113=EDGE_CURVE('',#2527,#2291,#1326,.T.);
#3114=EDGE_CURVE('',#2528,#2527,#1327,.T.);
#3115=EDGE_CURVE('',#2528,#2290,#1328,.T.);
#3116=EDGE_CURVE('',#2529,#2528,#998,.T.);
#3117=EDGE_CURVE('',#2529,#2289,#1329,.T.);
#3118=EDGE_CURVE('',#2530,#2529,#1330,.T.);
#3119=EDGE_CURVE('',#2530,#2288,#1331,.T.);
#3120=EDGE_CURVE('',#2531,#2530,#999,.T.);
#3121=EDGE_CURVE('',#2531,#2287,#1332,.T.);
#3122=EDGE_CURVE('',#2532,#2531,#1333,.T.);
#3123=EDGE_CURVE('',#2532,#2286,#1334,.T.);
#3124=EDGE_CURVE('',#2526,#2532,#1000,.T.);
#3125=EDGE_CURVE('',#2533,#2534,#1335,.T.);
#3126=EDGE_CURVE('',#2534,#2293,#1336,.T.);
#3127=EDGE_CURVE('',#2533,#2300,#1337,.T.);
#3128=EDGE_CURVE('',#2535,#2533,#1001,.T.);
#3129=EDGE_CURVE('',#2535,#2299,#1338,.T.);
#3130=EDGE_CURVE('',#2536,#2535,#1339,.T.);
#3131=EDGE_CURVE('',#2536,#2298,#1340,.T.);
#3132=EDGE_CURVE('',#2537,#2536,#1002,.T.);
#3133=EDGE_CURVE('',#2537,#2297,#1341,.T.);
#3134=EDGE_CURVE('',#2538,#2537,#1342,.T.);
#3135=EDGE_CURVE('',#2538,#2296,#1343,.T.);
#3136=EDGE_CURVE('',#2539,#2538,#1003,.T.);
#3137=EDGE_CURVE('',#2539,#2295,#1344,.T.);
#3138=EDGE_CURVE('',#2540,#2539,#1345,.T.);
#3139=EDGE_CURVE('',#2540,#2294,#1346,.T.);
#3140=EDGE_CURVE('',#2534,#2540,#1004,.T.);
#3141=EDGE_CURVE('',#2541,#2542,#1347,.T.);
#3142=EDGE_CURVE('',#2542,#2301,#1348,.T.);
#3143=EDGE_CURVE('',#2541,#2308,#1349,.T.);
#3144=EDGE_CURVE('',#2543,#2541,#1005,.T.);
#3145=EDGE_CURVE('',#2543,#2307,#1350,.T.);
#3146=EDGE_CURVE('',#2544,#2543,#1351,.T.);
#3147=EDGE_CURVE('',#2544,#2306,#1352,.T.);
#3148=EDGE_CURVE('',#2545,#2544,#1006,.T.);
#3149=EDGE_CURVE('',#2545,#2305,#1353,.T.);
#3150=EDGE_CURVE('',#2546,#2545,#1354,.T.);
#3151=EDGE_CURVE('',#2546,#2304,#1355,.T.);
#3152=EDGE_CURVE('',#2547,#2546,#1007,.T.);
#3153=EDGE_CURVE('',#2547,#2303,#1356,.T.);
#3154=EDGE_CURVE('',#2548,#2547,#1357,.T.);
#3155=EDGE_CURVE('',#2548,#2302,#1358,.T.);
#3156=EDGE_CURVE('',#2542,#2548,#1008,.T.);
#3157=EDGE_CURVE('',#2549,#2550,#1359,.T.);
#3158=EDGE_CURVE('',#2550,#2309,#1360,.T.);
#3159=EDGE_CURVE('',#2549,#2316,#1361,.T.);
#3160=EDGE_CURVE('',#2551,#2549,#1009,.T.);
#3161=EDGE_CURVE('',#2551,#2315,#1362,.T.);
#3162=EDGE_CURVE('',#2552,#2551,#1363,.T.);
#3163=EDGE_CURVE('',#2552,#2314,#1364,.T.);
#3164=EDGE_CURVE('',#2553,#2552,#1010,.T.);
#3165=EDGE_CURVE('',#2553,#2313,#1365,.T.);
#3166=EDGE_CURVE('',#2554,#2553,#1366,.T.);
#3167=EDGE_CURVE('',#2554,#2312,#1367,.T.);
#3168=EDGE_CURVE('',#2555,#2554,#1011,.T.);
#3169=EDGE_CURVE('',#2555,#2311,#1368,.T.);
#3170=EDGE_CURVE('',#2556,#2555,#1369,.T.);
#3171=EDGE_CURVE('',#2556,#2310,#1370,.T.);
#3172=EDGE_CURVE('',#2550,#2556,#1012,.T.);
#3173=EDGE_CURVE('',#2557,#2558,#1371,.T.);
#3174=EDGE_CURVE('',#2558,#2317,#1372,.T.);
#3175=EDGE_CURVE('',#2557,#2324,#1373,.T.);
#3176=EDGE_CURVE('',#2559,#2557,#1013,.T.);
#3177=EDGE_CURVE('',#2559,#2323,#1374,.T.);
#3178=EDGE_CURVE('',#2560,#2559,#1375,.T.);
#3179=EDGE_CURVE('',#2560,#2322,#1376,.T.);
#3180=EDGE_CURVE('',#2561,#2560,#1014,.T.);
#3181=EDGE_CURVE('',#2561,#2321,#1377,.T.);
#3182=EDGE_CURVE('',#2562,#2561,#1378,.T.);
#3183=EDGE_CURVE('',#2562,#2320,#1379,.T.);
#3184=EDGE_CURVE('',#2563,#2562,#1015,.T.);
#3185=EDGE_CURVE('',#2563,#2319,#1380,.T.);
#3186=EDGE_CURVE('',#2564,#2563,#1381,.T.);
#3187=EDGE_CURVE('',#2564,#2318,#1382,.T.);
#3188=EDGE_CURVE('',#2558,#2564,#1016,.T.);
#3189=EDGE_CURVE('',#2565,#2566,#1383,.T.);
#3190=EDGE_CURVE('',#2566,#2325,#1384,.T.);
#3191=EDGE_CURVE('',#2565,#2332,#1385,.T.);
#3192=EDGE_CURVE('',#2567,#2565,#1017,.T.);
#3193=EDGE_CURVE('',#2567,#2331,#1386,.T.);
#3194=EDGE_CURVE('',#2568,#2567,#1387,.T.);
#3195=EDGE_CURVE('',#2568,#2330,#1388,.T.);
#3196=EDGE_CURVE('',#2569,#2568,#1018,.T.);
#3197=EDGE_CURVE('',#2569,#2329,#1389,.T.);
#3198=EDGE_CURVE('',#2570,#2569,#1390,.T.);
#3199=EDGE_CURVE('',#2570,#2328,#1391,.T.);
#3200=EDGE_CURVE('',#2571,#2570,#1019,.T.);
#3201=EDGE_CURVE('',#2571,#2327,#1392,.T.);
#3202=EDGE_CURVE('',#2572,#2571,#1393,.T.);
#3203=EDGE_CURVE('',#2572,#2326,#1394,.T.);
#3204=EDGE_CURVE('',#2566,#2572,#1020,.T.);
#3205=EDGE_CURVE('',#2573,#2574,#1395,.T.);
#3206=EDGE_CURVE('',#2574,#2333,#1396,.T.);
#3207=EDGE_CURVE('',#2573,#2340,#1397,.T.);
#3208=EDGE_CURVE('',#2575,#2573,#1021,.T.);
#3209=EDGE_CURVE('',#2575,#2339,#1398,.T.);
#3210=EDGE_CURVE('',#2576,#2575,#1399,.T.);
#3211=EDGE_CURVE('',#2576,#2338,#1400,.T.);
#3212=EDGE_CURVE('',#2577,#2576,#1022,.T.);
#3213=EDGE_CURVE('',#2577,#2337,#1401,.T.);
#3214=EDGE_CURVE('',#2578,#2577,#1402,.T.);
#3215=EDGE_CURVE('',#2578,#2336,#1403,.T.);
#3216=EDGE_CURVE('',#2579,#2578,#1023,.T.);
#3217=EDGE_CURVE('',#2579,#2335,#1404,.T.);
#3218=EDGE_CURVE('',#2580,#2579,#1405,.T.);
#3219=EDGE_CURVE('',#2580,#2334,#1406,.T.);
#3220=EDGE_CURVE('',#2574,#2580,#1024,.T.);
#3221=EDGE_CURVE('',#2581,#2582,#1407,.T.);
#3222=EDGE_CURVE('',#2582,#2341,#1408,.T.);
#3223=EDGE_CURVE('',#2581,#2348,#1409,.T.);
#3224=EDGE_CURVE('',#2583,#2581,#1025,.T.);
#3225=EDGE_CURVE('',#2583,#2347,#1410,.T.);
#3226=EDGE_CURVE('',#2584,#2583,#1411,.T.);
#3227=EDGE_CURVE('',#2584,#2346,#1412,.T.);
#3228=EDGE_CURVE('',#2585,#2584,#1026,.T.);
#3229=EDGE_CURVE('',#2585,#2345,#1413,.T.);
#3230=EDGE_CURVE('',#2586,#2585,#1414,.T.);
#3231=EDGE_CURVE('',#2586,#2344,#1415,.T.);
#3232=EDGE_CURVE('',#2587,#2586,#1027,.T.);
#3233=EDGE_CURVE('',#2587,#2343,#1416,.T.);
#3234=EDGE_CURVE('',#2588,#2587,#1417,.T.);
#3235=EDGE_CURVE('',#2588,#2342,#1418,.T.);
#3236=EDGE_CURVE('',#2582,#2588,#1028,.T.);
#3237=EDGE_CURVE('',#2589,#2590,#1419,.T.);
#3238=EDGE_CURVE('',#2590,#2349,#1420,.T.);
#3239=EDGE_CURVE('',#2589,#2356,#1421,.T.);
#3240=EDGE_CURVE('',#2591,#2589,#1029,.T.);
#3241=EDGE_CURVE('',#2591,#2355,#1422,.T.);
#3242=EDGE_CURVE('',#2592,#2591,#1423,.T.);
#3243=EDGE_CURVE('',#2592,#2354,#1424,.T.);
#3244=EDGE_CURVE('',#2593,#2592,#1030,.T.);
#3245=EDGE_CURVE('',#2593,#2353,#1425,.T.);
#3246=EDGE_CURVE('',#2594,#2593,#1426,.T.);
#3247=EDGE_CURVE('',#2594,#2352,#1427,.T.);
#3248=EDGE_CURVE('',#2595,#2594,#1031,.T.);
#3249=EDGE_CURVE('',#2595,#2351,#1428,.T.);
#3250=EDGE_CURVE('',#2596,#2595,#1429,.T.);
#3251=EDGE_CURVE('',#2596,#2350,#1430,.T.);
#3252=EDGE_CURVE('',#2590,#2596,#1032,.T.);
#3253=EDGE_CURVE('',#2597,#2598,#1431,.T.);
#3254=EDGE_CURVE('',#2598,#2357,#1432,.T.);
#3255=EDGE_CURVE('',#2597,#2364,#1433,.T.);
#3256=EDGE_CURVE('',#2599,#2597,#1033,.T.);
#3257=EDGE_CURVE('',#2599,#2363,#1434,.T.);
#3258=EDGE_CURVE('',#2600,#2599,#1435,.T.);
#3259=EDGE_CURVE('',#2600,#2362,#1436,.T.);
#3260=EDGE_CURVE('',#2601,#2600,#1034,.T.);
#3261=EDGE_CURVE('',#2601,#2361,#1437,.T.);
#3262=EDGE_CURVE('',#2602,#2601,#1438,.T.);
#3263=EDGE_CURVE('',#2602,#2360,#1439,.T.);
#3264=EDGE_CURVE('',#2603,#2602,#1035,.T.);
#3265=EDGE_CURVE('',#2603,#2359,#1440,.T.);
#3266=EDGE_CURVE('',#2604,#2603,#1441,.T.);
#3267=EDGE_CURVE('',#2604,#2358,#1442,.T.);
#3268=EDGE_CURVE('',#2598,#2604,#1036,.T.);
#3269=EDGE_CURVE('',#2605,#2606,#1443,.T.);
#3270=EDGE_CURVE('',#2606,#2365,#1444,.T.);
#3271=EDGE_CURVE('',#2605,#2372,#1445,.T.);
#3272=EDGE_CURVE('',#2607,#2605,#1037,.T.);
#3273=EDGE_CURVE('',#2607,#2371,#1446,.T.);
#3274=EDGE_CURVE('',#2608,#2607,#1447,.T.);
#3275=EDGE_CURVE('',#2608,#2370,#1448,.T.);
#3276=EDGE_CURVE('',#2609,#2608,#1038,.T.);
#3277=EDGE_CURVE('',#2609,#2369,#1449,.T.);
#3278=EDGE_CURVE('',#2610,#2609,#1450,.T.);
#3279=EDGE_CURVE('',#2610,#2368,#1451,.T.);
#3280=EDGE_CURVE('',#2611,#2610,#1039,.T.);
#3281=EDGE_CURVE('',#2611,#2367,#1452,.T.);
#3282=EDGE_CURVE('',#2612,#2611,#1453,.T.);
#3283=EDGE_CURVE('',#2612,#2366,#1454,.T.);
#3284=EDGE_CURVE('',#2606,#2612,#1040,.T.);
#3285=EDGE_CURVE('',#2613,#2614,#1455,.T.);
#3286=EDGE_CURVE('',#2614,#2373,#1456,.T.);
#3287=EDGE_CURVE('',#2613,#2380,#1457,.T.);
#3288=EDGE_CURVE('',#2615,#2613,#1041,.T.);
#3289=EDGE_CURVE('',#2615,#2379,#1458,.T.);
#3290=EDGE_CURVE('',#2616,#2615,#1459,.T.);
#3291=EDGE_CURVE('',#2616,#2378,#1460,.T.);
#3292=EDGE_CURVE('',#2617,#2616,#1042,.T.);
#3293=EDGE_CURVE('',#2617,#2377,#1461,.T.);
#3294=EDGE_CURVE('',#2618,#2617,#1462,.T.);
#3295=EDGE_CURVE('',#2618,#2376,#1463,.T.);
#3296=EDGE_CURVE('',#2619,#2618,#1043,.T.);
#3297=EDGE_CURVE('',#2619,#2375,#1464,.T.);
#3298=EDGE_CURVE('',#2620,#2619,#1465,.T.);
#3299=EDGE_CURVE('',#2620,#2374,#1466,.T.);
#3300=EDGE_CURVE('',#2614,#2620,#1044,.T.);
#3301=EDGE_CURVE('',#2621,#2622,#1467,.T.);
#3302=EDGE_CURVE('',#2622,#2381,#1468,.T.);
#3303=EDGE_CURVE('',#2621,#2388,#1469,.T.);
#3304=EDGE_CURVE('',#2623,#2621,#1045,.T.);
#3305=EDGE_CURVE('',#2623,#2387,#1470,.T.);
#3306=EDGE_CURVE('',#2624,#2623,#1471,.T.);
#3307=EDGE_CURVE('',#2624,#2386,#1472,.T.);
#3308=EDGE_CURVE('',#2625,#2624,#1046,.T.);
#3309=EDGE_CURVE('',#2625,#2385,#1473,.T.);
#3310=EDGE_CURVE('',#2626,#2625,#1474,.T.);
#3311=EDGE_CURVE('',#2626,#2384,#1475,.T.);
#3312=EDGE_CURVE('',#2627,#2626,#1047,.T.);
#3313=EDGE_CURVE('',#2627,#2383,#1476,.T.);
#3314=EDGE_CURVE('',#2628,#2627,#1477,.T.);
#3315=EDGE_CURVE('',#2628,#2382,#1478,.T.);
#3316=EDGE_CURVE('',#2622,#2628,#1048,.T.);
#3317=EDGE_CURVE('',#2629,#2630,#1479,.T.);
#3318=EDGE_CURVE('',#2630,#2389,#1480,.T.);
#3319=EDGE_CURVE('',#2629,#2396,#1481,.T.);
#3320=EDGE_CURVE('',#2631,#2629,#1049,.T.);
#3321=EDGE_CURVE('',#2631,#2395,#1482,.T.);
#3322=EDGE_CURVE('',#2632,#2631,#1483,.T.);
#3323=EDGE_CURVE('',#2632,#2394,#1484,.T.);
#3324=EDGE_CURVE('',#2633,#2632,#1050,.T.);
#3325=EDGE_CURVE('',#2633,#2393,#1485,.T.);
#3326=EDGE_CURVE('',#2634,#2633,#1486,.T.);
#3327=EDGE_CURVE('',#2634,#2392,#1487,.T.);
#3328=EDGE_CURVE('',#2635,#2634,#1051,.T.);
#3329=EDGE_CURVE('',#2635,#2391,#1488,.T.);
#3330=EDGE_CURVE('',#2636,#2635,#1489,.T.);
#3331=EDGE_CURVE('',#2636,#2390,#1490,.T.);
#3332=EDGE_CURVE('',#2630,#2636,#1052,.T.);
#3333=EDGE_CURVE('',#2637,#2638,#1491,.T.);
#3334=EDGE_CURVE('',#2638,#2397,#1492,.T.);
#3335=EDGE_CURVE('',#2637,#2404,#1493,.T.);
#3336=EDGE_CURVE('',#2639,#2637,#1053,.T.);
#3337=EDGE_CURVE('',#2639,#2403,#1494,.T.);
#3338=EDGE_CURVE('',#2640,#2639,#1495,.T.);
#3339=EDGE_CURVE('',#2640,#2402,#1496,.T.);
#3340=EDGE_CURVE('',#2641,#2640,#1054,.T.);
#3341=EDGE_CURVE('',#2641,#2401,#1497,.T.);
#3342=EDGE_CURVE('',#2642,#2641,#1498,.T.);
#3343=EDGE_CURVE('',#2642,#2400,#1499,.T.);
#3344=EDGE_CURVE('',#2643,#2642,#1055,.T.);
#3345=EDGE_CURVE('',#2643,#2399,#1500,.T.);
#3346=EDGE_CURVE('',#2644,#2643,#1501,.T.);
#3347=EDGE_CURVE('',#2644,#2398,#1502,.T.);
#3348=EDGE_CURVE('',#2638,#2644,#1056,.T.);
#3349=EDGE_CURVE('',#2645,#2646,#1503,.T.);
#3350=EDGE_CURVE('',#2646,#2405,#1504,.T.);
#3351=EDGE_CURVE('',#2645,#2412,#1505,.T.);
#3352=EDGE_CURVE('',#2647,#2645,#1057,.T.);
#3353=EDGE_CURVE('',#2647,#2411,#1506,.T.);
#3354=EDGE_CURVE('',#2648,#2647,#1507,.T.);
#3355=EDGE_CURVE('',#2648,#2410,#1508,.T.);
#3356=EDGE_CURVE('',#2649,#2648,#1058,.T.);
#3357=EDGE_CURVE('',#2649,#2409,#1509,.T.);
#3358=EDGE_CURVE('',#2650,#2649,#1510,.T.);
#3359=EDGE_CURVE('',#2650,#2408,#1511,.T.);
#3360=EDGE_CURVE('',#2651,#2650,#1059,.T.);
#3361=EDGE_CURVE('',#2651,#2407,#1512,.T.);
#3362=EDGE_CURVE('',#2652,#2651,#1513,.T.);
#3363=EDGE_CURVE('',#2652,#2406,#1514,.T.);
#3364=EDGE_CURVE('',#2646,#2652,#1060,.T.);
#3365=EDGE_CURVE('',#2653,#2654,#1515,.T.);
#3366=EDGE_CURVE('',#2654,#2413,#1516,.T.);
#3367=EDGE_CURVE('',#2653,#2420,#1517,.T.);
#3368=EDGE_CURVE('',#2655,#2653,#1061,.T.);
#3369=EDGE_CURVE('',#2655,#2419,#1518,.T.);
#3370=EDGE_CURVE('',#2656,#2655,#1519,.T.);
#3371=EDGE_CURVE('',#2656,#2418,#1520,.T.);
#3372=EDGE_CURVE('',#2657,#2656,#1062,.T.);
#3373=EDGE_CURVE('',#2657,#2417,#1521,.T.);
#3374=EDGE_CURVE('',#2658,#2657,#1522,.T.);
#3375=EDGE_CURVE('',#2658,#2416,#1523,.T.);
#3376=EDGE_CURVE('',#2659,#2658,#1063,.T.);
#3377=EDGE_CURVE('',#2659,#2415,#1524,.T.);
#3378=EDGE_CURVE('',#2660,#2659,#1525,.T.);
#3379=EDGE_CURVE('',#2660,#2414,#1526,.T.);
#3380=EDGE_CURVE('',#2654,#2660,#1064,.T.);
#3381=EDGE_CURVE('',#2661,#2662,#1527,.T.);
#3382=EDGE_CURVE('',#2662,#2421,#1528,.T.);
#3383=EDGE_CURVE('',#2661,#2428,#1529,.T.);
#3384=EDGE_CURVE('',#2663,#2661,#1065,.T.);
#3385=EDGE_CURVE('',#2663,#2427,#1530,.T.);
#3386=EDGE_CURVE('',#2664,#2663,#1531,.T.);
#3387=EDGE_CURVE('',#2664,#2426,#1532,.T.);
#3388=EDGE_CURVE('',#2665,#2664,#1066,.T.);
#3389=EDGE_CURVE('',#2665,#2425,#1533,.T.);
#3390=EDGE_CURVE('',#2666,#2665,#1534,.T.);
#3391=EDGE_CURVE('',#2666,#2424,#1535,.T.);
#3392=EDGE_CURVE('',#2667,#2666,#1067,.T.);
#3393=EDGE_CURVE('',#2667,#2423,#1536,.T.);
#3394=EDGE_CURVE('',#2668,#2667,#1537,.T.);
#3395=EDGE_CURVE('',#2668,#2422,#1538,.T.);
#3396=EDGE_CURVE('',#2662,#2668,#1068,.T.);
#3397=EDGE_CURVE('',#2669,#2670,#1539,.T.);
#3398=EDGE_CURVE('',#2670,#2429,#1540,.T.);
#3399=EDGE_CURVE('',#2669,#2436,#1541,.T.);
#3400=EDGE_CURVE('',#2671,#2669,#1069,.T.);
#3401=EDGE_CURVE('',#2671,#2435,#1542,.T.);
#3402=EDGE_CURVE('',#2672,#2671,#1543,.T.);
#3403=EDGE_CURVE('',#2672,#2434,#1544,.T.);
#3404=EDGE_CURVE('',#2673,#2672,#1070,.T.);
#3405=EDGE_CURVE('',#2673,#2433,#1545,.T.);
#3406=EDGE_CURVE('',#2674,#2673,#1546,.T.);
#3407=EDGE_CURVE('',#2674,#2432,#1547,.T.);
#3408=EDGE_CURVE('',#2675,#2674,#1071,.T.);
#3409=EDGE_CURVE('',#2675,#2431,#1548,.T.);
#3410=EDGE_CURVE('',#2676,#2675,#1549,.T.);
#3411=EDGE_CURVE('',#2676,#2430,#1550,.T.);
#3412=EDGE_CURVE('',#2670,#2676,#1072,.T.);
#3413=EDGE_CURVE('',#2677,#2678,#1551,.T.);
#3414=EDGE_CURVE('',#2678,#2437,#1552,.T.);
#3415=EDGE_CURVE('',#2677,#2444,#1553,.T.);
#3416=EDGE_CURVE('',#2679,#2677,#1073,.T.);
#3417=EDGE_CURVE('',#2679,#2443,#1554,.T.);
#3418=EDGE_CURVE('',#2680,#2679,#1555,.T.);
#3419=EDGE_CURVE('',#2680,#2442,#1556,.T.);
#3420=EDGE_CURVE('',#2681,#2680,#1074,.T.);
#3421=EDGE_CURVE('',#2681,#2441,#1557,.T.);
#3422=EDGE_CURVE('',#2682,#2681,#1558,.T.);
#3423=EDGE_CURVE('',#2682,#2440,#1559,.T.);
#3424=EDGE_CURVE('',#2683,#2682,#1075,.T.);
#3425=EDGE_CURVE('',#2683,#2439,#1560,.T.);
#3426=EDGE_CURVE('',#2684,#2683,#1561,.T.);
#3427=EDGE_CURVE('',#2684,#2438,#1562,.T.);
#3428=EDGE_CURVE('',#2678,#2684,#1076,.T.);
#3429=EDGE_CURVE('',#2685,#2686,#1563,.T.);
#3430=EDGE_CURVE('',#2686,#2445,#1564,.T.);
#3431=EDGE_CURVE('',#2685,#2452,#1565,.T.);
#3432=EDGE_CURVE('',#2687,#2685,#1077,.T.);
#3433=EDGE_CURVE('',#2687,#2451,#1566,.T.);
#3434=EDGE_CURVE('',#2688,#2687,#1567,.T.);
#3435=EDGE_CURVE('',#2688,#2450,#1568,.T.);
#3436=EDGE_CURVE('',#2689,#2688,#1078,.T.);
#3437=EDGE_CURVE('',#2689,#2449,#1569,.T.);
#3438=EDGE_CURVE('',#2690,#2689,#1570,.T.);
#3439=EDGE_CURVE('',#2690,#2448,#1571,.T.);
#3440=EDGE_CURVE('',#2691,#2690,#1079,.T.);
#3441=EDGE_CURVE('',#2691,#2447,#1572,.T.);
#3442=EDGE_CURVE('',#2692,#2691,#1573,.T.);
#3443=EDGE_CURVE('',#2692,#2446,#1574,.T.);
#3444=EDGE_CURVE('',#2686,#2692,#1080,.T.);
#3445=EDGE_CURVE('',#2693,#2694,#1575,.T.);
#3446=EDGE_CURVE('',#2694,#2453,#1576,.T.);
#3447=EDGE_CURVE('',#2693,#2460,#1577,.T.);
#3448=EDGE_CURVE('',#2695,#2693,#1081,.T.);
#3449=EDGE_CURVE('',#2695,#2459,#1578,.T.);
#3450=EDGE_CURVE('',#2696,#2695,#1579,.T.);
#3451=EDGE_CURVE('',#2696,#2458,#1580,.T.);
#3452=EDGE_CURVE('',#2697,#2696,#1082,.T.);
#3453=EDGE_CURVE('',#2697,#2457,#1581,.T.);
#3454=EDGE_CURVE('',#2698,#2697,#1582,.T.);
#3455=EDGE_CURVE('',#2698,#2456,#1583,.T.);
#3456=EDGE_CURVE('',#2699,#2698,#1083,.T.);
#3457=EDGE_CURVE('',#2699,#2455,#1584,.T.);
#3458=EDGE_CURVE('',#2700,#2699,#1585,.T.);
#3459=EDGE_CURVE('',#2700,#2454,#1586,.T.);
#3460=EDGE_CURVE('',#2694,#2700,#1084,.T.);
#3461=EDGE_CURVE('',#2701,#2702,#1587,.T.);
#3462=EDGE_CURVE('',#2702,#2461,#1588,.T.);
#3463=EDGE_CURVE('',#2701,#2468,#1589,.T.);
#3464=EDGE_CURVE('',#2703,#2701,#1085,.T.);
#3465=EDGE_CURVE('',#2703,#2467,#1590,.T.);
#3466=EDGE_CURVE('',#2704,#2703,#1591,.T.);
#3467=EDGE_CURVE('',#2704,#2466,#1592,.T.);
#3468=EDGE_CURVE('',#2705,#2704,#1086,.T.);
#3469=EDGE_CURVE('',#2705,#2465,#1593,.T.);
#3470=EDGE_CURVE('',#2706,#2705,#1594,.T.);
#3471=EDGE_CURVE('',#2706,#2464,#1595,.T.);
#3472=EDGE_CURVE('',#2707,#2706,#1087,.T.);
#3473=EDGE_CURVE('',#2707,#2463,#1596,.T.);
#3474=EDGE_CURVE('',#2708,#2707,#1597,.T.);
#3475=EDGE_CURVE('',#2708,#2462,#1598,.T.);
#3476=EDGE_CURVE('',#2702,#2708,#1088,.T.);
#3477=EDGE_CURVE('',#2709,#2710,#1599,.T.);
#3478=EDGE_CURVE('',#2710,#2469,#1600,.T.);
#3479=EDGE_CURVE('',#2709,#2476,#1601,.T.);
#3480=EDGE_CURVE('',#2711,#2709,#1089,.T.);
#3481=EDGE_CURVE('',#2711,#2475,#1602,.T.);
#3482=EDGE_CURVE('',#2712,#2711,#1603,.T.);
#3483=EDGE_CURVE('',#2712,#2474,#1604,.T.);
#3484=EDGE_CURVE('',#2713,#2712,#1090,.T.);
#3485=EDGE_CURVE('',#2713,#2473,#1605,.T.);
#3486=EDGE_CURVE('',#2714,#2713,#1606,.T.);
#3487=EDGE_CURVE('',#2714,#2472,#1607,.T.);
#3488=EDGE_CURVE('',#2715,#2714,#1091,.T.);
#3489=EDGE_CURVE('',#2715,#2471,#1608,.T.);
#3490=EDGE_CURVE('',#2716,#2715,#1609,.T.);
#3491=EDGE_CURVE('',#2716,#2470,#1610,.T.);
#3492=EDGE_CURVE('',#2710,#2716,#1092,.T.);
#3493=EDGE_CURVE('',#2717,#2718,#1611,.T.);
#3494=EDGE_CURVE('',#2718,#2477,#1612,.T.);
#3495=EDGE_CURVE('',#2717,#2484,#1613,.T.);
#3496=EDGE_CURVE('',#2719,#2717,#1093,.T.);
#3497=EDGE_CURVE('',#2719,#2483,#1614,.T.);
#3498=EDGE_CURVE('',#2720,#2719,#1615,.T.);
#3499=EDGE_CURVE('',#2720,#2482,#1616,.T.);
#3500=EDGE_CURVE('',#2721,#2720,#1094,.T.);
#3501=EDGE_CURVE('',#2721,#2481,#1617,.T.);
#3502=EDGE_CURVE('',#2722,#2721,#1618,.T.);
#3503=EDGE_CURVE('',#2722,#2480,#1619,.T.);
#3504=EDGE_CURVE('',#2723,#2722,#1095,.T.);
#3505=EDGE_CURVE('',#2723,#2479,#1620,.T.);
#3506=EDGE_CURVE('',#2724,#2723,#1621,.T.);
#3507=EDGE_CURVE('',#2724,#2478,#1622,.T.);
#3508=EDGE_CURVE('',#2718,#2724,#1096,.T.);
#3509=EDGE_CURVE('',#2725,#2726,#1623,.T.);
#3510=EDGE_CURVE('',#2726,#2485,#1624,.T.);
#3511=EDGE_CURVE('',#2725,#2492,#1625,.T.);
#3512=EDGE_CURVE('',#2727,#2725,#1097,.T.);
#3513=EDGE_CURVE('',#2727,#2491,#1626,.T.);
#3514=EDGE_CURVE('',#2728,#2727,#1627,.T.);
#3515=EDGE_CURVE('',#2728,#2490,#1628,.T.);
#3516=EDGE_CURVE('',#2729,#2728,#1098,.T.);
#3517=EDGE_CURVE('',#2729,#2489,#1629,.T.);
#3518=EDGE_CURVE('',#2730,#2729,#1630,.T.);
#3519=EDGE_CURVE('',#2730,#2488,#1631,.T.);
#3520=EDGE_CURVE('',#2731,#2730,#1099,.T.);
#3521=EDGE_CURVE('',#2731,#2487,#1632,.T.);
#3522=EDGE_CURVE('',#2732,#2731,#1633,.T.);
#3523=EDGE_CURVE('',#2732,#2486,#1634,.T.);
#3524=EDGE_CURVE('',#2726,#2732,#1100,.T.);
#3525=EDGE_CURVE('',#2733,#2734,#1635,.T.);
#3526=EDGE_CURVE('',#2734,#2493,#1636,.T.);
#3527=EDGE_CURVE('',#2733,#2500,#1637,.T.);
#3528=EDGE_CURVE('',#2735,#2733,#1101,.T.);
#3529=EDGE_CURVE('',#2735,#2499,#1638,.T.);
#3530=EDGE_CURVE('',#2736,#2735,#1639,.T.);
#3531=EDGE_CURVE('',#2736,#2498,#1640,.T.);
#3532=EDGE_CURVE('',#2737,#2736,#1102,.T.);
#3533=EDGE_CURVE('',#2737,#2497,#1641,.T.);
#3534=EDGE_CURVE('',#2738,#2737,#1642,.T.);
#3535=EDGE_CURVE('',#2738,#2496,#1643,.T.);
#3536=EDGE_CURVE('',#2739,#2738,#1103,.T.);
#3537=EDGE_CURVE('',#2739,#2495,#1644,.T.);
#3538=EDGE_CURVE('',#2740,#2739,#1645,.T.);
#3539=EDGE_CURVE('',#2740,#2494,#1646,.T.);
#3540=EDGE_CURVE('',#2734,#2740,#1104,.T.);
#3541=EDGE_CURVE('',#2741,#2742,#1647,.T.);
#3542=EDGE_CURVE('',#2742,#2501,#1648,.T.);
#3543=EDGE_CURVE('',#2741,#2508,#1649,.T.);
#3544=EDGE_CURVE('',#2743,#2741,#1105,.T.);
#3545=EDGE_CURVE('',#2743,#2507,#1650,.T.);
#3546=EDGE_CURVE('',#2744,#2743,#1651,.T.);
#3547=EDGE_CURVE('',#2744,#2506,#1652,.T.);
#3548=EDGE_CURVE('',#2745,#2744,#1106,.T.);
#3549=EDGE_CURVE('',#2745,#2505,#1653,.T.);
#3550=EDGE_CURVE('',#2746,#2745,#1654,.T.);
#3551=EDGE_CURVE('',#2746,#2504,#1655,.T.);
#3552=EDGE_CURVE('',#2747,#2746,#1107,.T.);
#3553=EDGE_CURVE('',#2747,#2503,#1656,.T.);
#3554=EDGE_CURVE('',#2748,#2747,#1657,.T.);
#3555=EDGE_CURVE('',#2748,#2502,#1658,.T.);
#3556=EDGE_CURVE('',#2742,#2748,#1108,.T.);
#3557=EDGE_CURVE('',#2265,#2258,#1659,.T.);
#3558=ORIENTED_EDGE('',*,*,#2749,.T.);
#3559=ORIENTED_EDGE('',*,*,#2750,.T.);
#3560=ORIENTED_EDGE('',*,*,#2751,.T.);
#3561=ORIENTED_EDGE('',*,*,#2752,.T.);
#3562=ORIENTED_EDGE('',*,*,#2753,.T.);
#3563=ORIENTED_EDGE('',*,*,#2754,.T.);
#3564=ORIENTED_EDGE('',*,*,#2755,.T.);
#3565=ORIENTED_EDGE('',*,*,#2752,.F.);
#3566=ORIENTED_EDGE('',*,*,#2756,.T.);
#3567=ORIENTED_EDGE('',*,*,#2757,.T.);
#3568=ORIENTED_EDGE('',*,*,#2758,.T.);
#3569=ORIENTED_EDGE('',*,*,#2754,.F.);
#3570=ORIENTED_EDGE('',*,*,#2759,.T.);
#3571=ORIENTED_EDGE('',*,*,#2757,.F.);
#3572=ORIENTED_EDGE('',*,*,#2760,.T.);
#3573=ORIENTED_EDGE('',*,*,#2761,.T.);
#3574=ORIENTED_EDGE('',*,*,#2762,.T.);
#3575=ORIENTED_EDGE('',*,*,#2763,.T.);
#3576=ORIENTED_EDGE('',*,*,#2764,.T.);
#3577=ORIENTED_EDGE('',*,*,#2761,.F.);
#3578=ORIENTED_EDGE('',*,*,#2755,.F.);
#3579=ORIENTED_EDGE('',*,*,#2765,.T.);
#3580=ORIENTED_EDGE('',*,*,#2766,.F.);
#3581=ORIENTED_EDGE('',*,*,#2767,.T.);
#3582=ORIENTED_EDGE('',*,*,#2768,.T.);
#3583=ORIENTED_EDGE('',*,*,#2769,.T.);
#3584=ORIENTED_EDGE('',*,*,#2770,.F.);
#3585=ORIENTED_EDGE('',*,*,#2771,.T.);
#3586=ORIENTED_EDGE('',*,*,#2772,.T.);
#3587=ORIENTED_EDGE('',*,*,#2773,.T.);
#3588=ORIENTED_EDGE('',*,*,#2758,.F.);
#3589=ORIENTED_EDGE('',*,*,#2774,.T.);
#3590=ORIENTED_EDGE('',*,*,#2775,.F.);
#3591=ORIENTED_EDGE('',*,*,#2765,.F.);
#3592=ORIENTED_EDGE('',*,*,#2759,.F.);
#3593=ORIENTED_EDGE('',*,*,#2776,.T.);
#3594=ORIENTED_EDGE('',*,*,#2777,.F.);
#3595=ORIENTED_EDGE('',*,*,#2774,.F.);
#3596=ORIENTED_EDGE('',*,*,#2749,.F.);
#3597=ORIENTED_EDGE('',*,*,#2771,.F.);
#3598=ORIENTED_EDGE('',*,*,#2778,.F.);
#3599=ORIENTED_EDGE('',*,*,#2776,.F.);
#3600=ORIENTED_EDGE('',*,*,#2764,.F.);
#3601=ORIENTED_EDGE('',*,*,#2779,.T.);
#3602=ORIENTED_EDGE('',*,*,#2780,.T.);
#3603=ORIENTED_EDGE('',*,*,#2781,.T.);
#3604=ORIENTED_EDGE('',*,*,#2763,.F.);
#3605=ORIENTED_EDGE('',*,*,#2782,.F.);
#3606=ORIENTED_EDGE('',*,*,#2783,.F.);
#3607=ORIENTED_EDGE('',*,*,#2784,.F.);
#3608=ORIENTED_EDGE('',*,*,#2779,.F.);
#3609=ORIENTED_EDGE('',*,*,#2769,.F.);
#3610=ORIENTED_EDGE('',*,*,#2785,.T.);
#3611=ORIENTED_EDGE('',*,*,#2786,.F.);
#3612=ORIENTED_EDGE('',*,*,#2787,.F.);
#3613=ORIENTED_EDGE('',*,*,#2768,.F.);
#3614=ORIENTED_EDGE('',*,*,#2788,.T.);
#3615=ORIENTED_EDGE('',*,*,#2789,.F.);
#3616=ORIENTED_EDGE('',*,*,#2785,.F.);
#3617=ORIENTED_EDGE('',*,*,#2767,.F.);
#3618=ORIENTED_EDGE('',*,*,#2790,.F.);
#3619=ORIENTED_EDGE('',*,*,#2791,.F.);
#3620=ORIENTED_EDGE('',*,*,#2788,.F.);
#3621=ORIENTED_EDGE('',*,*,#2790,.T.);
#3622=ORIENTED_EDGE('',*,*,#2766,.T.);
#3623=ORIENTED_EDGE('',*,*,#2775,.T.);
#3624=ORIENTED_EDGE('',*,*,#2777,.T.);
#3625=ORIENTED_EDGE('',*,*,#2778,.T.);
#3626=ORIENTED_EDGE('',*,*,#2770,.T.);
#3627=ORIENTED_EDGE('',*,*,#2787,.T.);
#3628=ORIENTED_EDGE('',*,*,#2792,.T.);
#3629=ORIENTED_EDGE('',*,*,#2793,.T.);
#3630=ORIENTED_EDGE('',*,*,#2794,.T.);
#3631=ORIENTED_EDGE('',*,*,#2795,.T.);
#3632=ORIENTED_EDGE('',*,*,#2796,.T.);
#3633=ORIENTED_EDGE('',*,*,#2797,.T.);
#3634=ORIENTED_EDGE('',*,*,#2798,.T.);
#3635=ORIENTED_EDGE('',*,*,#2799,.T.);
#3636=ORIENTED_EDGE('',*,*,#2800,.T.);
#3637=ORIENTED_EDGE('',*,*,#2772,.F.);
#3638=ORIENTED_EDGE('',*,*,#2801,.T.);
#3639=ORIENTED_EDGE('',*,*,#2802,.T.);
#3640=ORIENTED_EDGE('',*,*,#2801,.F.);
#3641=ORIENTED_EDGE('',*,*,#2802,.F.);
#3642=ORIENTED_EDGE('',*,*,#2773,.F.);
#3643=ORIENTED_EDGE('',*,*,#2803,.T.);
#3644=ORIENTED_EDGE('',*,*,#2804,.T.);
#3645=ORIENTED_EDGE('',*,*,#2803,.F.);
#3646=ORIENTED_EDGE('',*,*,#2804,.F.);
#3647=ORIENTED_EDGE('',*,*,#2750,.F.);
#3648=ORIENTED_EDGE('',*,*,#2781,.F.);
#3649=ORIENTED_EDGE('',*,*,#2805,.T.);
#3650=ORIENTED_EDGE('',*,*,#2806,.F.);
#3651=ORIENTED_EDGE('',*,*,#2807,.F.);
#3652=ORIENTED_EDGE('',*,*,#2780,.F.);
#3653=ORIENTED_EDGE('',*,*,#2784,.T.);
#3654=ORIENTED_EDGE('',*,*,#2808,.F.);
#3655=ORIENTED_EDGE('',*,*,#2805,.F.);
#3656=ORIENTED_EDGE('',*,*,#2751,.F.);
#3657=ORIENTED_EDGE('',*,*,#2807,.T.);
#3658=ORIENTED_EDGE('',*,*,#2809,.T.);
#3659=ORIENTED_EDGE('',*,*,#2810,.T.);
#3660=ORIENTED_EDGE('',*,*,#2811,.T.);
#3661=ORIENTED_EDGE('',*,*,#2812,.T.);
#3662=ORIENTED_EDGE('',*,*,#2813,.T.);
#3663=ORIENTED_EDGE('',*,*,#2782,.T.);
#3664=ORIENTED_EDGE('',*,*,#2762,.F.);
#3665=ORIENTED_EDGE('',*,*,#2760,.F.);
#3666=ORIENTED_EDGE('',*,*,#2756,.F.);
#3667=ORIENTED_EDGE('',*,*,#2753,.F.);
#3668=ORIENTED_EDGE('',*,*,#2806,.T.);
#3669=ORIENTED_EDGE('',*,*,#2808,.T.);
#3670=ORIENTED_EDGE('',*,*,#2783,.T.);
#3671=ORIENTED_EDGE('',*,*,#2813,.F.);
#3672=ORIENTED_EDGE('',*,*,#2814,.T.);
#3673=ORIENTED_EDGE('',*,*,#2793,.F.);
#3674=ORIENTED_EDGE('',*,*,#2815,.F.);
#3675=ORIENTED_EDGE('',*,*,#2809,.F.);
#3676=ORIENTED_EDGE('',*,*,#2816,.F.);
#3677=ORIENTED_EDGE('',*,*,#2817,.F.);
#3678=ORIENTED_EDGE('',*,*,#2818,.F.);
#3679=ORIENTED_EDGE('',*,*,#2819,.F.);
#3680=ORIENTED_EDGE('',*,*,#2800,.F.);
#3681=ORIENTED_EDGE('',*,*,#2820,.T.);
#3682=ORIENTED_EDGE('',*,*,#2821,.T.);
#3683=ORIENTED_EDGE('',*,*,#2820,.F.);
#3684=ORIENTED_EDGE('',*,*,#2821,.F.);
#3685=ORIENTED_EDGE('',*,*,#2799,.F.);
#3686=ORIENTED_EDGE('',*,*,#2822,.T.);
#3687=ORIENTED_EDGE('',*,*,#2823,.T.);
#3688=ORIENTED_EDGE('',*,*,#2822,.F.);
#3689=ORIENTED_EDGE('',*,*,#2823,.F.);
#3690=ORIENTED_EDGE('',*,*,#2798,.F.);
#3691=ORIENTED_EDGE('',*,*,#2824,.T.);
#3692=ORIENTED_EDGE('',*,*,#2825,.T.);
#3693=ORIENTED_EDGE('',*,*,#2824,.F.);
#3694=ORIENTED_EDGE('',*,*,#2825,.F.);
#3695=ORIENTED_EDGE('',*,*,#2797,.F.);
#3696=ORIENTED_EDGE('',*,*,#2826,.T.);
#3697=ORIENTED_EDGE('',*,*,#2827,.T.);
#3698=ORIENTED_EDGE('',*,*,#2826,.F.);
#3699=ORIENTED_EDGE('',*,*,#2827,.F.);
#3700=ORIENTED_EDGE('',*,*,#2828,.T.);
#3701=ORIENTED_EDGE('',*,*,#2795,.F.);
#3702=ORIENTED_EDGE('',*,*,#2829,.T.);
#3703=ORIENTED_EDGE('',*,*,#2811,.F.);
#3704=ORIENTED_EDGE('',*,*,#2830,.F.);
#3705=ORIENTED_EDGE('',*,*,#2831,.F.);
#3706=ORIENTED_EDGE('',*,*,#2832,.F.);
#3707=ORIENTED_EDGE('',*,*,#2833,.F.);
#3708=ORIENTED_EDGE('',*,*,#2829,.F.);
#3709=ORIENTED_EDGE('',*,*,#2794,.F.);
#3710=ORIENTED_EDGE('',*,*,#2814,.F.);
#3711=ORIENTED_EDGE('',*,*,#2812,.F.);
#3712=ORIENTED_EDGE('',*,*,#2791,.T.);
#3713=ORIENTED_EDGE('',*,*,#2796,.F.);
#3714=ORIENTED_EDGE('',*,*,#2828,.F.);
#3715=ORIENTED_EDGE('',*,*,#2810,.F.);
#3716=ORIENTED_EDGE('',*,*,#2815,.T.);
#3717=ORIENTED_EDGE('',*,*,#2792,.F.);
#3718=ORIENTED_EDGE('',*,*,#2786,.T.);
#3719=ORIENTED_EDGE('',*,*,#2789,.T.);
#3720=ORIENTED_EDGE('',*,*,#2817,.T.);
#3721=ORIENTED_EDGE('',*,*,#2834,.T.);
#3722=ORIENTED_EDGE('',*,*,#2833,.T.);
#3723=ORIENTED_EDGE('',*,*,#2835,.T.);
#3724=ORIENTED_EDGE('',*,*,#2836,.T.);
#3725=ORIENTED_EDGE('',*,*,#2837,.T.);
#3726=ORIENTED_EDGE('',*,*,#2838,.T.);
#3727=ORIENTED_EDGE('',*,*,#2839,.T.);
#3728=ORIENTED_EDGE('',*,*,#2840,.T.);
#3729=ORIENTED_EDGE('',*,*,#2841,.T.);
#3730=ORIENTED_EDGE('',*,*,#2842,.T.);
#3731=ORIENTED_EDGE('',*,*,#2843,.T.);
#3732=ORIENTED_EDGE('',*,*,#2844,.T.);
#3733=ORIENTED_EDGE('',*,*,#2845,.T.);
#3734=ORIENTED_EDGE('',*,*,#2846,.T.);
#3735=ORIENTED_EDGE('',*,*,#2847,.T.);
#3736=ORIENTED_EDGE('',*,*,#2848,.T.);
#3737=ORIENTED_EDGE('',*,*,#2849,.T.);
#3738=ORIENTED_EDGE('',*,*,#2850,.T.);
#3739=ORIENTED_EDGE('',*,*,#2851,.T.);
#3740=ORIENTED_EDGE('',*,*,#2852,.T.);
#3741=ORIENTED_EDGE('',*,*,#2853,.T.);
#3742=ORIENTED_EDGE('',*,*,#2854,.T.);
#3743=ORIENTED_EDGE('',*,*,#2855,.T.);
#3744=ORIENTED_EDGE('',*,*,#2856,.T.);
#3745=ORIENTED_EDGE('',*,*,#2857,.T.);
#3746=ORIENTED_EDGE('',*,*,#2858,.T.);
#3747=ORIENTED_EDGE('',*,*,#2859,.T.);
#3748=ORIENTED_EDGE('',*,*,#2860,.T.);
#3749=ORIENTED_EDGE('',*,*,#2861,.T.);
#3750=ORIENTED_EDGE('',*,*,#2862,.T.);
#3751=ORIENTED_EDGE('',*,*,#2863,.T.);
#3752=ORIENTED_EDGE('',*,*,#2864,.T.);
#3753=ORIENTED_EDGE('',*,*,#2865,.T.);
#3754=ORIENTED_EDGE('',*,*,#2866,.T.);
#3755=ORIENTED_EDGE('',*,*,#2867,.T.);
#3756=ORIENTED_EDGE('',*,*,#2868,.T.);
#3757=ORIENTED_EDGE('',*,*,#2869,.T.);
#3758=ORIENTED_EDGE('',*,*,#2870,.T.);
#3759=ORIENTED_EDGE('',*,*,#2871,.T.);
#3760=ORIENTED_EDGE('',*,*,#2872,.T.);
#3761=ORIENTED_EDGE('',*,*,#2873,.T.);
#3762=ORIENTED_EDGE('',*,*,#2874,.T.);
#3763=ORIENTED_EDGE('',*,*,#2875,.T.);
#3764=ORIENTED_EDGE('',*,*,#2876,.T.);
#3765=ORIENTED_EDGE('',*,*,#2877,.T.);
#3766=ORIENTED_EDGE('',*,*,#2878,.T.);
#3767=ORIENTED_EDGE('',*,*,#2879,.T.);
#3768=ORIENTED_EDGE('',*,*,#2880,.T.);
#3769=ORIENTED_EDGE('',*,*,#2881,.T.);
#3770=ORIENTED_EDGE('',*,*,#2882,.T.);
#3771=ORIENTED_EDGE('',*,*,#2883,.T.);
#3772=ORIENTED_EDGE('',*,*,#2884,.T.);
#3773=ORIENTED_EDGE('',*,*,#2885,.T.);
#3774=ORIENTED_EDGE('',*,*,#2886,.T.);
#3775=ORIENTED_EDGE('',*,*,#2887,.T.);
#3776=ORIENTED_EDGE('',*,*,#2888,.T.);
#3777=ORIENTED_EDGE('',*,*,#2889,.T.);
#3778=ORIENTED_EDGE('',*,*,#2890,.T.);
#3779=ORIENTED_EDGE('',*,*,#2891,.T.);
#3780=ORIENTED_EDGE('',*,*,#2892,.T.);
#3781=ORIENTED_EDGE('',*,*,#2893,.T.);
#3782=ORIENTED_EDGE('',*,*,#2894,.T.);
#3783=ORIENTED_EDGE('',*,*,#2895,.T.);
#3784=ORIENTED_EDGE('',*,*,#2896,.T.);
#3785=ORIENTED_EDGE('',*,*,#2897,.T.);
#3786=ORIENTED_EDGE('',*,*,#2898,.T.);
#3787=ORIENTED_EDGE('',*,*,#2899,.T.);
#3788=ORIENTED_EDGE('',*,*,#2900,.T.);
#3789=ORIENTED_EDGE('',*,*,#2901,.T.);
#3790=ORIENTED_EDGE('',*,*,#2902,.T.);
#3791=ORIENTED_EDGE('',*,*,#2903,.T.);
#3792=ORIENTED_EDGE('',*,*,#2904,.T.);
#3793=ORIENTED_EDGE('',*,*,#2905,.T.);
#3794=ORIENTED_EDGE('',*,*,#2906,.T.);
#3795=ORIENTED_EDGE('',*,*,#2907,.T.);
#3796=ORIENTED_EDGE('',*,*,#2908,.T.);
#3797=ORIENTED_EDGE('',*,*,#2909,.T.);
#3798=ORIENTED_EDGE('',*,*,#2910,.T.);
#3799=ORIENTED_EDGE('',*,*,#2911,.T.);
#3800=ORIENTED_EDGE('',*,*,#2912,.T.);
#3801=ORIENTED_EDGE('',*,*,#2913,.T.);
#3802=ORIENTED_EDGE('',*,*,#2914,.T.);
#3803=ORIENTED_EDGE('',*,*,#2915,.T.);
#3804=ORIENTED_EDGE('',*,*,#2916,.T.);
#3805=ORIENTED_EDGE('',*,*,#2917,.T.);
#3806=ORIENTED_EDGE('',*,*,#2918,.T.);
#3807=ORIENTED_EDGE('',*,*,#2919,.T.);
#3808=ORIENTED_EDGE('',*,*,#2920,.T.);
#3809=ORIENTED_EDGE('',*,*,#2921,.T.);
#3810=ORIENTED_EDGE('',*,*,#2922,.T.);
#3811=ORIENTED_EDGE('',*,*,#2923,.T.);
#3812=ORIENTED_EDGE('',*,*,#2924,.T.);
#3813=ORIENTED_EDGE('',*,*,#2925,.T.);
#3814=ORIENTED_EDGE('',*,*,#2926,.T.);
#3815=ORIENTED_EDGE('',*,*,#2927,.T.);
#3816=ORIENTED_EDGE('',*,*,#2928,.T.);
#3817=ORIENTED_EDGE('',*,*,#2929,.T.);
#3818=ORIENTED_EDGE('',*,*,#2930,.T.);
#3819=ORIENTED_EDGE('',*,*,#2931,.T.);
#3820=ORIENTED_EDGE('',*,*,#2932,.T.);
#3821=ORIENTED_EDGE('',*,*,#2933,.T.);
#3822=ORIENTED_EDGE('',*,*,#2934,.T.);
#3823=ORIENTED_EDGE('',*,*,#2935,.T.);
#3824=ORIENTED_EDGE('',*,*,#2936,.T.);
#3825=ORIENTED_EDGE('',*,*,#2937,.T.);
#3826=ORIENTED_EDGE('',*,*,#2938,.T.);
#3827=ORIENTED_EDGE('',*,*,#2939,.T.);
#3828=ORIENTED_EDGE('',*,*,#2940,.T.);
#3829=ORIENTED_EDGE('',*,*,#2941,.T.);
#3830=ORIENTED_EDGE('',*,*,#2942,.T.);
#3831=ORIENTED_EDGE('',*,*,#2943,.T.);
#3832=ORIENTED_EDGE('',*,*,#2944,.T.);
#3833=ORIENTED_EDGE('',*,*,#2945,.T.);
#3834=ORIENTED_EDGE('',*,*,#2946,.T.);
#3835=ORIENTED_EDGE('',*,*,#2947,.T.);
#3836=ORIENTED_EDGE('',*,*,#2948,.T.);
#3837=ORIENTED_EDGE('',*,*,#2949,.T.);
#3838=ORIENTED_EDGE('',*,*,#2950,.T.);
#3839=ORIENTED_EDGE('',*,*,#2951,.T.);
#3840=ORIENTED_EDGE('',*,*,#2952,.T.);
#3841=ORIENTED_EDGE('',*,*,#2953,.T.);
#3842=ORIENTED_EDGE('',*,*,#2954,.T.);
#3843=ORIENTED_EDGE('',*,*,#2955,.T.);
#3844=ORIENTED_EDGE('',*,*,#2956,.T.);
#3845=ORIENTED_EDGE('',*,*,#2957,.T.);
#3846=ORIENTED_EDGE('',*,*,#2958,.T.);
#3847=ORIENTED_EDGE('',*,*,#2959,.T.);
#3848=ORIENTED_EDGE('',*,*,#2960,.T.);
#3849=ORIENTED_EDGE('',*,*,#2961,.T.);
#3850=ORIENTED_EDGE('',*,*,#2962,.T.);
#3851=ORIENTED_EDGE('',*,*,#2963,.T.);
#3852=ORIENTED_EDGE('',*,*,#2964,.T.);
#3853=ORIENTED_EDGE('',*,*,#2965,.T.);
#3854=ORIENTED_EDGE('',*,*,#2966,.T.);
#3855=ORIENTED_EDGE('',*,*,#2967,.T.);
#3856=ORIENTED_EDGE('',*,*,#2968,.T.);
#3857=ORIENTED_EDGE('',*,*,#2969,.T.);
#3858=ORIENTED_EDGE('',*,*,#2970,.T.);
#3859=ORIENTED_EDGE('',*,*,#2971,.T.);
#3860=ORIENTED_EDGE('',*,*,#2972,.T.);
#3861=ORIENTED_EDGE('',*,*,#2973,.T.);
#3862=ORIENTED_EDGE('',*,*,#2974,.T.);
#3863=ORIENTED_EDGE('',*,*,#2975,.T.);
#3864=ORIENTED_EDGE('',*,*,#2976,.T.);
#3865=ORIENTED_EDGE('',*,*,#2977,.T.);
#3866=ORIENTED_EDGE('',*,*,#2978,.T.);
#3867=ORIENTED_EDGE('',*,*,#2979,.T.);
#3868=ORIENTED_EDGE('',*,*,#2980,.T.);
#3869=ORIENTED_EDGE('',*,*,#2981,.T.);
#3870=ORIENTED_EDGE('',*,*,#2982,.T.);
#3871=ORIENTED_EDGE('',*,*,#2983,.T.);
#3872=ORIENTED_EDGE('',*,*,#2984,.T.);
#3873=ORIENTED_EDGE('',*,*,#2985,.T.);
#3874=ORIENTED_EDGE('',*,*,#2986,.T.);
#3875=ORIENTED_EDGE('',*,*,#2987,.T.);
#3876=ORIENTED_EDGE('',*,*,#2988,.T.);
#3877=ORIENTED_EDGE('',*,*,#2989,.T.);
#3878=ORIENTED_EDGE('',*,*,#2990,.T.);
#3879=ORIENTED_EDGE('',*,*,#2991,.T.);
#3880=ORIENTED_EDGE('',*,*,#2992,.T.);
#3881=ORIENTED_EDGE('',*,*,#2993,.T.);
#3882=ORIENTED_EDGE('',*,*,#2994,.T.);
#3883=ORIENTED_EDGE('',*,*,#2995,.T.);
#3884=ORIENTED_EDGE('',*,*,#2996,.T.);
#3885=ORIENTED_EDGE('',*,*,#2997,.T.);
#3886=ORIENTED_EDGE('',*,*,#2998,.T.);
#3887=ORIENTED_EDGE('',*,*,#2999,.T.);
#3888=ORIENTED_EDGE('',*,*,#3000,.T.);
#3889=ORIENTED_EDGE('',*,*,#3001,.T.);
#3890=ORIENTED_EDGE('',*,*,#3002,.T.);
#3891=ORIENTED_EDGE('',*,*,#3003,.T.);
#3892=ORIENTED_EDGE('',*,*,#3004,.T.);
#3893=ORIENTED_EDGE('',*,*,#3005,.T.);
#3894=ORIENTED_EDGE('',*,*,#3006,.T.);
#3895=ORIENTED_EDGE('',*,*,#3007,.T.);
#3896=ORIENTED_EDGE('',*,*,#3008,.T.);
#3897=ORIENTED_EDGE('',*,*,#3009,.T.);
#3898=ORIENTED_EDGE('',*,*,#3010,.T.);
#3899=ORIENTED_EDGE('',*,*,#3011,.T.);
#3900=ORIENTED_EDGE('',*,*,#3012,.T.);
#3901=ORIENTED_EDGE('',*,*,#3013,.T.);
#3902=ORIENTED_EDGE('',*,*,#3014,.T.);
#3903=ORIENTED_EDGE('',*,*,#3015,.T.);
#3904=ORIENTED_EDGE('',*,*,#3016,.T.);
#3905=ORIENTED_EDGE('',*,*,#3017,.T.);
#3906=ORIENTED_EDGE('',*,*,#3018,.T.);
#3907=ORIENTED_EDGE('',*,*,#3019,.T.);
#3908=ORIENTED_EDGE('',*,*,#3020,.T.);
#3909=ORIENTED_EDGE('',*,*,#3021,.T.);
#3910=ORIENTED_EDGE('',*,*,#3022,.T.);
#3911=ORIENTED_EDGE('',*,*,#3023,.T.);
#3912=ORIENTED_EDGE('',*,*,#3024,.T.);
#3913=ORIENTED_EDGE('',*,*,#3025,.T.);
#3914=ORIENTED_EDGE('',*,*,#3026,.T.);
#3915=ORIENTED_EDGE('',*,*,#3027,.T.);
#3916=ORIENTED_EDGE('',*,*,#3028,.T.);
#3917=ORIENTED_EDGE('',*,*,#3029,.T.);
#3918=ORIENTED_EDGE('',*,*,#3030,.T.);
#3919=ORIENTED_EDGE('',*,*,#3031,.T.);
#3920=ORIENTED_EDGE('',*,*,#3032,.T.);
#3921=ORIENTED_EDGE('',*,*,#3033,.T.);
#3922=ORIENTED_EDGE('',*,*,#3034,.T.);
#3923=ORIENTED_EDGE('',*,*,#3035,.T.);
#3924=ORIENTED_EDGE('',*,*,#3036,.T.);
#3925=ORIENTED_EDGE('',*,*,#3037,.T.);
#3926=ORIENTED_EDGE('',*,*,#3038,.T.);
#3927=ORIENTED_EDGE('',*,*,#3039,.T.);
#3928=ORIENTED_EDGE('',*,*,#3040,.T.);
#3929=ORIENTED_EDGE('',*,*,#3041,.T.);
#3930=ORIENTED_EDGE('',*,*,#3042,.T.);
#3931=ORIENTED_EDGE('',*,*,#3043,.T.);
#3932=ORIENTED_EDGE('',*,*,#3044,.T.);
#3933=ORIENTED_EDGE('',*,*,#3045,.T.);
#3934=ORIENTED_EDGE('',*,*,#3046,.T.);
#3935=ORIENTED_EDGE('',*,*,#3047,.T.);
#3936=ORIENTED_EDGE('',*,*,#3048,.T.);
#3937=ORIENTED_EDGE('',*,*,#3049,.T.);
#3938=ORIENTED_EDGE('',*,*,#3050,.T.);
#3939=ORIENTED_EDGE('',*,*,#3051,.T.);
#3940=ORIENTED_EDGE('',*,*,#3052,.T.);
#3941=ORIENTED_EDGE('',*,*,#3053,.T.);
#3942=ORIENTED_EDGE('',*,*,#3054,.T.);
#3943=ORIENTED_EDGE('',*,*,#3055,.T.);
#3944=ORIENTED_EDGE('',*,*,#3056,.T.);
#3945=ORIENTED_EDGE('',*,*,#3057,.T.);
#3946=ORIENTED_EDGE('',*,*,#3058,.T.);
#3947=ORIENTED_EDGE('',*,*,#3059,.T.);
#3948=ORIENTED_EDGE('',*,*,#3060,.T.);
#3949=ORIENTED_EDGE('',*,*,#3061,.T.);
#3950=ORIENTED_EDGE('',*,*,#3062,.T.);
#3951=ORIENTED_EDGE('',*,*,#3063,.T.);
#3952=ORIENTED_EDGE('',*,*,#3064,.T.);
#3953=ORIENTED_EDGE('',*,*,#3065,.T.);
#3954=ORIENTED_EDGE('',*,*,#3066,.T.);
#3955=ORIENTED_EDGE('',*,*,#3067,.T.);
#3956=ORIENTED_EDGE('',*,*,#3068,.T.);
#3957=ORIENTED_EDGE('',*,*,#3069,.T.);
#3958=ORIENTED_EDGE('',*,*,#3070,.T.);
#3959=ORIENTED_EDGE('',*,*,#3071,.T.);
#3960=ORIENTED_EDGE('',*,*,#3072,.T.);
#3961=ORIENTED_EDGE('',*,*,#3073,.T.);
#3962=ORIENTED_EDGE('',*,*,#3074,.T.);
#3963=ORIENTED_EDGE('',*,*,#3075,.T.);
#3964=ORIENTED_EDGE('',*,*,#2818,.T.);
#3965=ORIENTED_EDGE('',*,*,#2835,.F.);
#3966=ORIENTED_EDGE('',*,*,#2832,.T.);
#3967=ORIENTED_EDGE('',*,*,#3076,.T.);
#3968=ORIENTED_EDGE('',*,*,#3077,.T.);
#3969=ORIENTED_EDGE('',*,*,#3078,.T.);
#3970=ORIENTED_EDGE('',*,*,#2843,.F.);
#3971=ORIENTED_EDGE('',*,*,#3079,.F.);
#3972=ORIENTED_EDGE('',*,*,#3080,.T.);
#3973=ORIENTED_EDGE('',*,*,#3079,.T.);
#3974=ORIENTED_EDGE('',*,*,#2842,.F.);
#3975=ORIENTED_EDGE('',*,*,#3081,.F.);
#3976=ORIENTED_EDGE('',*,*,#3082,.T.);
#3977=ORIENTED_EDGE('',*,*,#3081,.T.);
#3978=ORIENTED_EDGE('',*,*,#2841,.F.);
#3979=ORIENTED_EDGE('',*,*,#3083,.F.);
#3980=ORIENTED_EDGE('',*,*,#3084,.T.);
#3981=ORIENTED_EDGE('',*,*,#3083,.T.);
#3982=ORIENTED_EDGE('',*,*,#2840,.F.);
#3983=ORIENTED_EDGE('',*,*,#3085,.F.);
#3984=ORIENTED_EDGE('',*,*,#3086,.T.);
#3985=ORIENTED_EDGE('',*,*,#3085,.T.);
#3986=ORIENTED_EDGE('',*,*,#2839,.F.);
#3987=ORIENTED_EDGE('',*,*,#3087,.F.);
#3988=ORIENTED_EDGE('',*,*,#3088,.T.);
#3989=ORIENTED_EDGE('',*,*,#3087,.T.);
#3990=ORIENTED_EDGE('',*,*,#2838,.F.);
#3991=ORIENTED_EDGE('',*,*,#3089,.F.);
#3992=ORIENTED_EDGE('',*,*,#3090,.T.);
#3993=ORIENTED_EDGE('',*,*,#3089,.T.);
#3994=ORIENTED_EDGE('',*,*,#2837,.F.);
#3995=ORIENTED_EDGE('',*,*,#3091,.F.);
#3996=ORIENTED_EDGE('',*,*,#3092,.T.);
#3997=ORIENTED_EDGE('',*,*,#3091,.T.);
#3998=ORIENTED_EDGE('',*,*,#2836,.F.);
#3999=ORIENTED_EDGE('',*,*,#3078,.F.);
#4000=ORIENTED_EDGE('',*,*,#3093,.T.);
#4001=ORIENTED_EDGE('',*,*,#3094,.T.);
#4002=ORIENTED_EDGE('',*,*,#2851,.F.);
#4003=ORIENTED_EDGE('',*,*,#3095,.F.);
#4004=ORIENTED_EDGE('',*,*,#3096,.T.);
#4005=ORIENTED_EDGE('',*,*,#3095,.T.);
#4006=ORIENTED_EDGE('',*,*,#2850,.F.);
#4007=ORIENTED_EDGE('',*,*,#3097,.F.);
#4008=ORIENTED_EDGE('',*,*,#3098,.T.);
#4009=ORIENTED_EDGE('',*,*,#3097,.T.);
#4010=ORIENTED_EDGE('',*,*,#2849,.F.);
#4011=ORIENTED_EDGE('',*,*,#3099,.F.);
#4012=ORIENTED_EDGE('',*,*,#3100,.T.);
#4013=ORIENTED_EDGE('',*,*,#3099,.T.);
#4014=ORIENTED_EDGE('',*,*,#2848,.F.);
#4015=ORIENTED_EDGE('',*,*,#3101,.F.);
#4016=ORIENTED_EDGE('',*,*,#3102,.T.);
#4017=ORIENTED_EDGE('',*,*,#3101,.T.);
#4018=ORIENTED_EDGE('',*,*,#2847,.F.);
#4019=ORIENTED_EDGE('',*,*,#3103,.F.);
#4020=ORIENTED_EDGE('',*,*,#3104,.T.);
#4021=ORIENTED_EDGE('',*,*,#3103,.T.);
#4022=ORIENTED_EDGE('',*,*,#2846,.F.);
#4023=ORIENTED_EDGE('',*,*,#3105,.F.);
#4024=ORIENTED_EDGE('',*,*,#3106,.T.);
#4025=ORIENTED_EDGE('',*,*,#3105,.T.);
#4026=ORIENTED_EDGE('',*,*,#2845,.F.);
#4027=ORIENTED_EDGE('',*,*,#3107,.F.);
#4028=ORIENTED_EDGE('',*,*,#3108,.T.);
#4029=ORIENTED_EDGE('',*,*,#3107,.T.);
#4030=ORIENTED_EDGE('',*,*,#2844,.F.);
#4031=ORIENTED_EDGE('',*,*,#3094,.F.);
#4032=ORIENTED_EDGE('',*,*,#3109,.T.);
#4033=ORIENTED_EDGE('',*,*,#3110,.T.);
#4034=ORIENTED_EDGE('',*,*,#2859,.F.);
#4035=ORIENTED_EDGE('',*,*,#3111,.F.);
#4036=ORIENTED_EDGE('',*,*,#3112,.T.);
#4037=ORIENTED_EDGE('',*,*,#3111,.T.);
#4038=ORIENTED_EDGE('',*,*,#2858,.F.);
#4039=ORIENTED_EDGE('',*,*,#3113,.F.);
#4040=ORIENTED_EDGE('',*,*,#3114,.T.);
#4041=ORIENTED_EDGE('',*,*,#3113,.T.);
#4042=ORIENTED_EDGE('',*,*,#2857,.F.);
#4043=ORIENTED_EDGE('',*,*,#3115,.F.);
#4044=ORIENTED_EDGE('',*,*,#3116,.T.);
#4045=ORIENTED_EDGE('',*,*,#3115,.T.);
#4046=ORIENTED_EDGE('',*,*,#2856,.F.);
#4047=ORIENTED_EDGE('',*,*,#3117,.F.);
#4048=ORIENTED_EDGE('',*,*,#3118,.T.);
#4049=ORIENTED_EDGE('',*,*,#3117,.T.);
#4050=ORIENTED_EDGE('',*,*,#2855,.F.);
#4051=ORIENTED_EDGE('',*,*,#3119,.F.);
#4052=ORIENTED_EDGE('',*,*,#3120,.T.);
#4053=ORIENTED_EDGE('',*,*,#3119,.T.);
#4054=ORIENTED_EDGE('',*,*,#2854,.F.);
#4055=ORIENTED_EDGE('',*,*,#3121,.F.);
#4056=ORIENTED_EDGE('',*,*,#3122,.T.);
#4057=ORIENTED_EDGE('',*,*,#3121,.T.);
#4058=ORIENTED_EDGE('',*,*,#2853,.F.);
#4059=ORIENTED_EDGE('',*,*,#3123,.F.);
#4060=ORIENTED_EDGE('',*,*,#3124,.T.);
#4061=ORIENTED_EDGE('',*,*,#3123,.T.);
#4062=ORIENTED_EDGE('',*,*,#2852,.F.);
#4063=ORIENTED_EDGE('',*,*,#3110,.F.);
#4064=ORIENTED_EDGE('',*,*,#3125,.T.);
#4065=ORIENTED_EDGE('',*,*,#3126,.T.);
#4066=ORIENTED_EDGE('',*,*,#2867,.F.);
#4067=ORIENTED_EDGE('',*,*,#3127,.F.);
#4068=ORIENTED_EDGE('',*,*,#3128,.T.);
#4069=ORIENTED_EDGE('',*,*,#3127,.T.);
#4070=ORIENTED_EDGE('',*,*,#2866,.F.);
#4071=ORIENTED_EDGE('',*,*,#3129,.F.);
#4072=ORIENTED_EDGE('',*,*,#3130,.T.);
#4073=ORIENTED_EDGE('',*,*,#3129,.T.);
#4074=ORIENTED_EDGE('',*,*,#2865,.F.);
#4075=ORIENTED_EDGE('',*,*,#3131,.F.);
#4076=ORIENTED_EDGE('',*,*,#3132,.T.);
#4077=ORIENTED_EDGE('',*,*,#3131,.T.);
#4078=ORIENTED_EDGE('',*,*,#2864,.F.);
#4079=ORIENTED_EDGE('',*,*,#3133,.F.);
#4080=ORIENTED_EDGE('',*,*,#3134,.T.);
#4081=ORIENTED_EDGE('',*,*,#3133,.T.);
#4082=ORIENTED_EDGE('',*,*,#2863,.F.);
#4083=ORIENTED_EDGE('',*,*,#3135,.F.);
#4084=ORIENTED_EDGE('',*,*,#3136,.T.);
#4085=ORIENTED_EDGE('',*,*,#3135,.T.);
#4086=ORIENTED_EDGE('',*,*,#2862,.F.);
#4087=ORIENTED_EDGE('',*,*,#3137,.F.);
#4088=ORIENTED_EDGE('',*,*,#3138,.T.);
#4089=ORIENTED_EDGE('',*,*,#3137,.T.);
#4090=ORIENTED_EDGE('',*,*,#2861,.F.);
#4091=ORIENTED_EDGE('',*,*,#3139,.F.);
#4092=ORIENTED_EDGE('',*,*,#3140,.T.);
#4093=ORIENTED_EDGE('',*,*,#3139,.T.);
#4094=ORIENTED_EDGE('',*,*,#2860,.F.);
#4095=ORIENTED_EDGE('',*,*,#3126,.F.);
#4096=ORIENTED_EDGE('',*,*,#3141,.T.);
#4097=ORIENTED_EDGE('',*,*,#3142,.T.);
#4098=ORIENTED_EDGE('',*,*,#2875,.F.);
#4099=ORIENTED_EDGE('',*,*,#3143,.F.);
#4100=ORIENTED_EDGE('',*,*,#3144,.T.);
#4101=ORIENTED_EDGE('',*,*,#3143,.T.);
#4102=ORIENTED_EDGE('',*,*,#2874,.F.);
#4103=ORIENTED_EDGE('',*,*,#3145,.F.);
#4104=ORIENTED_EDGE('',*,*,#3146,.T.);
#4105=ORIENTED_EDGE('',*,*,#3145,.T.);
#4106=ORIENTED_EDGE('',*,*,#2873,.F.);
#4107=ORIENTED_EDGE('',*,*,#3147,.F.);
#4108=ORIENTED_EDGE('',*,*,#3148,.T.);
#4109=ORIENTED_EDGE('',*,*,#3147,.T.);
#4110=ORIENTED_EDGE('',*,*,#2872,.F.);
#4111=ORIENTED_EDGE('',*,*,#3149,.F.);
#4112=ORIENTED_EDGE('',*,*,#3150,.T.);
#4113=ORIENTED_EDGE('',*,*,#3149,.T.);
#4114=ORIENTED_EDGE('',*,*,#2871,.F.);
#4115=ORIENTED_EDGE('',*,*,#3151,.F.);
#4116=ORIENTED_EDGE('',*,*,#3152,.T.);
#4117=ORIENTED_EDGE('',*,*,#3151,.T.);
#4118=ORIENTED_EDGE('',*,*,#2870,.F.);
#4119=ORIENTED_EDGE('',*,*,#3153,.F.);
#4120=ORIENTED_EDGE('',*,*,#3154,.T.);
#4121=ORIENTED_EDGE('',*,*,#3153,.T.);
#4122=ORIENTED_EDGE('',*,*,#2869,.F.);
#4123=ORIENTED_EDGE('',*,*,#3155,.F.);
#4124=ORIENTED_EDGE('',*,*,#3156,.T.);
#4125=ORIENTED_EDGE('',*,*,#3155,.T.);
#4126=ORIENTED_EDGE('',*,*,#2868,.F.);
#4127=ORIENTED_EDGE('',*,*,#3142,.F.);
#4128=ORIENTED_EDGE('',*,*,#3157,.T.);
#4129=ORIENTED_EDGE('',*,*,#3158,.T.);
#4130=ORIENTED_EDGE('',*,*,#2883,.F.);
#4131=ORIENTED_EDGE('',*,*,#3159,.F.);
#4132=ORIENTED_EDGE('',*,*,#3160,.T.);
#4133=ORIENTED_EDGE('',*,*,#3159,.T.);
#4134=ORIENTED_EDGE('',*,*,#2882,.F.);
#4135=ORIENTED_EDGE('',*,*,#3161,.F.);
#4136=ORIENTED_EDGE('',*,*,#3162,.T.);
#4137=ORIENTED_EDGE('',*,*,#3161,.T.);
#4138=ORIENTED_EDGE('',*,*,#2881,.F.);
#4139=ORIENTED_EDGE('',*,*,#3163,.F.);
#4140=ORIENTED_EDGE('',*,*,#3164,.T.);
#4141=ORIENTED_EDGE('',*,*,#3163,.T.);
#4142=ORIENTED_EDGE('',*,*,#2880,.F.);
#4143=ORIENTED_EDGE('',*,*,#3165,.F.);
#4144=ORIENTED_EDGE('',*,*,#3166,.T.);
#4145=ORIENTED_EDGE('',*,*,#3165,.T.);
#4146=ORIENTED_EDGE('',*,*,#2879,.F.);
#4147=ORIENTED_EDGE('',*,*,#3167,.F.);
#4148=ORIENTED_EDGE('',*,*,#3168,.T.);
#4149=ORIENTED_EDGE('',*,*,#3167,.T.);
#4150=ORIENTED_EDGE('',*,*,#2878,.F.);
#4151=ORIENTED_EDGE('',*,*,#3169,.F.);
#4152=ORIENTED_EDGE('',*,*,#3170,.T.);
#4153=ORIENTED_EDGE('',*,*,#3169,.T.);
#4154=ORIENTED_EDGE('',*,*,#2877,.F.);
#4155=ORIENTED_EDGE('',*,*,#3171,.F.);
#4156=ORIENTED_EDGE('',*,*,#3172,.T.);
#4157=ORIENTED_EDGE('',*,*,#3171,.T.);
#4158=ORIENTED_EDGE('',*,*,#2876,.F.);
#4159=ORIENTED_EDGE('',*,*,#3158,.F.);
#4160=ORIENTED_EDGE('',*,*,#3173,.T.);
#4161=ORIENTED_EDGE('',*,*,#3174,.T.);
#4162=ORIENTED_EDGE('',*,*,#2891,.F.);
#4163=ORIENTED_EDGE('',*,*,#3175,.F.);
#4164=ORIENTED_EDGE('',*,*,#3176,.T.);
#4165=ORIENTED_EDGE('',*,*,#3175,.T.);
#4166=ORIENTED_EDGE('',*,*,#2890,.F.);
#4167=ORIENTED_EDGE('',*,*,#3177,.F.);
#4168=ORIENTED_EDGE('',*,*,#3178,.T.);
#4169=ORIENTED_EDGE('',*,*,#3177,.T.);
#4170=ORIENTED_EDGE('',*,*,#2889,.F.);
#4171=ORIENTED_EDGE('',*,*,#3179,.F.);
#4172=ORIENTED_EDGE('',*,*,#3180,.T.);
#4173=ORIENTED_EDGE('',*,*,#3179,.T.);
#4174=ORIENTED_EDGE('',*,*,#2888,.F.);
#4175=ORIENTED_EDGE('',*,*,#3181,.F.);
#4176=ORIENTED_EDGE('',*,*,#3182,.T.);
#4177=ORIENTED_EDGE('',*,*,#3181,.T.);
#4178=ORIENTED_EDGE('',*,*,#2887,.F.);
#4179=ORIENTED_EDGE('',*,*,#3183,.F.);
#4180=ORIENTED_EDGE('',*,*,#3184,.T.);
#4181=ORIENTED_EDGE('',*,*,#3183,.T.);
#4182=ORIENTED_EDGE('',*,*,#2886,.F.);
#4183=ORIENTED_EDGE('',*,*,#3185,.F.);
#4184=ORIENTED_EDGE('',*,*,#3186,.T.);
#4185=ORIENTED_EDGE('',*,*,#3185,.T.);
#4186=ORIENTED_EDGE('',*,*,#2885,.F.);
#4187=ORIENTED_EDGE('',*,*,#3187,.F.);
#4188=ORIENTED_EDGE('',*,*,#3188,.T.);
#4189=ORIENTED_EDGE('',*,*,#3187,.T.);
#4190=ORIENTED_EDGE('',*,*,#2884,.F.);
#4191=ORIENTED_EDGE('',*,*,#3174,.F.);
#4192=ORIENTED_EDGE('',*,*,#3189,.T.);
#4193=ORIENTED_EDGE('',*,*,#3190,.T.);
#4194=ORIENTED_EDGE('',*,*,#2899,.F.);
#4195=ORIENTED_EDGE('',*,*,#3191,.F.);
#4196=ORIENTED_EDGE('',*,*,#3192,.T.);
#4197=ORIENTED_EDGE('',*,*,#3191,.T.);
#4198=ORIENTED_EDGE('',*,*,#2898,.F.);
#4199=ORIENTED_EDGE('',*,*,#3193,.F.);
#4200=ORIENTED_EDGE('',*,*,#3194,.T.);
#4201=ORIENTED_EDGE('',*,*,#3193,.T.);
#4202=ORIENTED_EDGE('',*,*,#2897,.F.);
#4203=ORIENTED_EDGE('',*,*,#3195,.F.);
#4204=ORIENTED_EDGE('',*,*,#3196,.T.);
#4205=ORIENTED_EDGE('',*,*,#3195,.T.);
#4206=ORIENTED_EDGE('',*,*,#2896,.F.);
#4207=ORIENTED_EDGE('',*,*,#3197,.F.);
#4208=ORIENTED_EDGE('',*,*,#3198,.T.);
#4209=ORIENTED_EDGE('',*,*,#3197,.T.);
#4210=ORIENTED_EDGE('',*,*,#2895,.F.);
#4211=ORIENTED_EDGE('',*,*,#3199,.F.);
#4212=ORIENTED_EDGE('',*,*,#3200,.T.);
#4213=ORIENTED_EDGE('',*,*,#3199,.T.);
#4214=ORIENTED_EDGE('',*,*,#2894,.F.);
#4215=ORIENTED_EDGE('',*,*,#3201,.F.);
#4216=ORIENTED_EDGE('',*,*,#3202,.T.);
#4217=ORIENTED_EDGE('',*,*,#3201,.T.);
#4218=ORIENTED_EDGE('',*,*,#2893,.F.);
#4219=ORIENTED_EDGE('',*,*,#3203,.F.);
#4220=ORIENTED_EDGE('',*,*,#3204,.T.);
#4221=ORIENTED_EDGE('',*,*,#3203,.T.);
#4222=ORIENTED_EDGE('',*,*,#2892,.F.);
#4223=ORIENTED_EDGE('',*,*,#3190,.F.);
#4224=ORIENTED_EDGE('',*,*,#3205,.T.);
#4225=ORIENTED_EDGE('',*,*,#3206,.T.);
#4226=ORIENTED_EDGE('',*,*,#2907,.F.);
#4227=ORIENTED_EDGE('',*,*,#3207,.F.);
#4228=ORIENTED_EDGE('',*,*,#3208,.T.);
#4229=ORIENTED_EDGE('',*,*,#3207,.T.);
#4230=ORIENTED_EDGE('',*,*,#2906,.F.);
#4231=ORIENTED_EDGE('',*,*,#3209,.F.);
#4232=ORIENTED_EDGE('',*,*,#3210,.T.);
#4233=ORIENTED_EDGE('',*,*,#3209,.T.);
#4234=ORIENTED_EDGE('',*,*,#2905,.F.);
#4235=ORIENTED_EDGE('',*,*,#3211,.F.);
#4236=ORIENTED_EDGE('',*,*,#3212,.T.);
#4237=ORIENTED_EDGE('',*,*,#3211,.T.);
#4238=ORIENTED_EDGE('',*,*,#2904,.F.);
#4239=ORIENTED_EDGE('',*,*,#3213,.F.);
#4240=ORIENTED_EDGE('',*,*,#3214,.T.);
#4241=ORIENTED_EDGE('',*,*,#3213,.T.);
#4242=ORIENTED_EDGE('',*,*,#2903,.F.);
#4243=ORIENTED_EDGE('',*,*,#3215,.F.);
#4244=ORIENTED_EDGE('',*,*,#3216,.T.);
#4245=ORIENTED_EDGE('',*,*,#3215,.T.);
#4246=ORIENTED_EDGE('',*,*,#2902,.F.);
#4247=ORIENTED_EDGE('',*,*,#3217,.F.);
#4248=ORIENTED_EDGE('',*,*,#3218,.T.);
#4249=ORIENTED_EDGE('',*,*,#3217,.T.);
#4250=ORIENTED_EDGE('',*,*,#2901,.F.);
#4251=ORIENTED_EDGE('',*,*,#3219,.F.);
#4252=ORIENTED_EDGE('',*,*,#3220,.T.);
#4253=ORIENTED_EDGE('',*,*,#3219,.T.);
#4254=ORIENTED_EDGE('',*,*,#2900,.F.);
#4255=ORIENTED_EDGE('',*,*,#3206,.F.);
#4256=ORIENTED_EDGE('',*,*,#3221,.T.);
#4257=ORIENTED_EDGE('',*,*,#3222,.T.);
#4258=ORIENTED_EDGE('',*,*,#2915,.F.);
#4259=ORIENTED_EDGE('',*,*,#3223,.F.);
#4260=ORIENTED_EDGE('',*,*,#3224,.T.);
#4261=ORIENTED_EDGE('',*,*,#3223,.T.);
#4262=ORIENTED_EDGE('',*,*,#2914,.F.);
#4263=ORIENTED_EDGE('',*,*,#3225,.F.);
#4264=ORIENTED_EDGE('',*,*,#3226,.T.);
#4265=ORIENTED_EDGE('',*,*,#3225,.T.);
#4266=ORIENTED_EDGE('',*,*,#2913,.F.);
#4267=ORIENTED_EDGE('',*,*,#3227,.F.);
#4268=ORIENTED_EDGE('',*,*,#3228,.T.);
#4269=ORIENTED_EDGE('',*,*,#3227,.T.);
#4270=ORIENTED_EDGE('',*,*,#2912,.F.);
#4271=ORIENTED_EDGE('',*,*,#3229,.F.);
#4272=ORIENTED_EDGE('',*,*,#3230,.T.);
#4273=ORIENTED_EDGE('',*,*,#3229,.T.);
#4274=ORIENTED_EDGE('',*,*,#2911,.F.);
#4275=ORIENTED_EDGE('',*,*,#3231,.F.);
#4276=ORIENTED_EDGE('',*,*,#3232,.T.);
#4277=ORIENTED_EDGE('',*,*,#3231,.T.);
#4278=ORIENTED_EDGE('',*,*,#2910,.F.);
#4279=ORIENTED_EDGE('',*,*,#3233,.F.);
#4280=ORIENTED_EDGE('',*,*,#3234,.T.);
#4281=ORIENTED_EDGE('',*,*,#3233,.T.);
#4282=ORIENTED_EDGE('',*,*,#2909,.F.);
#4283=ORIENTED_EDGE('',*,*,#3235,.F.);
#4284=ORIENTED_EDGE('',*,*,#3236,.T.);
#4285=ORIENTED_EDGE('',*,*,#3235,.T.);
#4286=ORIENTED_EDGE('',*,*,#2908,.F.);
#4287=ORIENTED_EDGE('',*,*,#3222,.F.);
#4288=ORIENTED_EDGE('',*,*,#3237,.T.);
#4289=ORIENTED_EDGE('',*,*,#3238,.T.);
#4290=ORIENTED_EDGE('',*,*,#2923,.F.);
#4291=ORIENTED_EDGE('',*,*,#3239,.F.);
#4292=ORIENTED_EDGE('',*,*,#3240,.T.);
#4293=ORIENTED_EDGE('',*,*,#3239,.T.);
#4294=ORIENTED_EDGE('',*,*,#2922,.F.);
#4295=ORIENTED_EDGE('',*,*,#3241,.F.);
#4296=ORIENTED_EDGE('',*,*,#3242,.T.);
#4297=ORIENTED_EDGE('',*,*,#3241,.T.);
#4298=ORIENTED_EDGE('',*,*,#2921,.F.);
#4299=ORIENTED_EDGE('',*,*,#3243,.F.);
#4300=ORIENTED_EDGE('',*,*,#3244,.T.);
#4301=ORIENTED_EDGE('',*,*,#3243,.T.);
#4302=ORIENTED_EDGE('',*,*,#2920,.F.);
#4303=ORIENTED_EDGE('',*,*,#3245,.F.);
#4304=ORIENTED_EDGE('',*,*,#3246,.T.);
#4305=ORIENTED_EDGE('',*,*,#3245,.T.);
#4306=ORIENTED_EDGE('',*,*,#2919,.F.);
#4307=ORIENTED_EDGE('',*,*,#3247,.F.);
#4308=ORIENTED_EDGE('',*,*,#3248,.T.);
#4309=ORIENTED_EDGE('',*,*,#3247,.T.);
#4310=ORIENTED_EDGE('',*,*,#2918,.F.);
#4311=ORIENTED_EDGE('',*,*,#3249,.F.);
#4312=ORIENTED_EDGE('',*,*,#3250,.T.);
#4313=ORIENTED_EDGE('',*,*,#3249,.T.);
#4314=ORIENTED_EDGE('',*,*,#2917,.F.);
#4315=ORIENTED_EDGE('',*,*,#3251,.F.);
#4316=ORIENTED_EDGE('',*,*,#3252,.T.);
#4317=ORIENTED_EDGE('',*,*,#3251,.T.);
#4318=ORIENTED_EDGE('',*,*,#2916,.F.);
#4319=ORIENTED_EDGE('',*,*,#3238,.F.);
#4320=ORIENTED_EDGE('',*,*,#3253,.T.);
#4321=ORIENTED_EDGE('',*,*,#3254,.T.);
#4322=ORIENTED_EDGE('',*,*,#2931,.F.);
#4323=ORIENTED_EDGE('',*,*,#3255,.F.);
#4324=ORIENTED_EDGE('',*,*,#3256,.T.);
#4325=ORIENTED_EDGE('',*,*,#3255,.T.);
#4326=ORIENTED_EDGE('',*,*,#2930,.F.);
#4327=ORIENTED_EDGE('',*,*,#3257,.F.);
#4328=ORIENTED_EDGE('',*,*,#3258,.T.);
#4329=ORIENTED_EDGE('',*,*,#3257,.T.);
#4330=ORIENTED_EDGE('',*,*,#2929,.F.);
#4331=ORIENTED_EDGE('',*,*,#3259,.F.);
#4332=ORIENTED_EDGE('',*,*,#3260,.T.);
#4333=ORIENTED_EDGE('',*,*,#3259,.T.);
#4334=ORIENTED_EDGE('',*,*,#2928,.F.);
#4335=ORIENTED_EDGE('',*,*,#3261,.F.);
#4336=ORIENTED_EDGE('',*,*,#3262,.T.);
#4337=ORIENTED_EDGE('',*,*,#3261,.T.);
#4338=ORIENTED_EDGE('',*,*,#2927,.F.);
#4339=ORIENTED_EDGE('',*,*,#3263,.F.);
#4340=ORIENTED_EDGE('',*,*,#3264,.T.);
#4341=ORIENTED_EDGE('',*,*,#3263,.T.);
#4342=ORIENTED_EDGE('',*,*,#2926,.F.);
#4343=ORIENTED_EDGE('',*,*,#3265,.F.);
#4344=ORIENTED_EDGE('',*,*,#3266,.T.);
#4345=ORIENTED_EDGE('',*,*,#3265,.T.);
#4346=ORIENTED_EDGE('',*,*,#2925,.F.);
#4347=ORIENTED_EDGE('',*,*,#3267,.F.);
#4348=ORIENTED_EDGE('',*,*,#3268,.T.);
#4349=ORIENTED_EDGE('',*,*,#3267,.T.);
#4350=ORIENTED_EDGE('',*,*,#2924,.F.);
#4351=ORIENTED_EDGE('',*,*,#3254,.F.);
#4352=ORIENTED_EDGE('',*,*,#3269,.T.);
#4353=ORIENTED_EDGE('',*,*,#3270,.T.);
#4354=ORIENTED_EDGE('',*,*,#2939,.F.);
#4355=ORIENTED_EDGE('',*,*,#3271,.F.);
#4356=ORIENTED_EDGE('',*,*,#3272,.T.);
#4357=ORIENTED_EDGE('',*,*,#3271,.T.);
#4358=ORIENTED_EDGE('',*,*,#2938,.F.);
#4359=ORIENTED_EDGE('',*,*,#3273,.F.);
#4360=ORIENTED_EDGE('',*,*,#3274,.T.);
#4361=ORIENTED_EDGE('',*,*,#3273,.T.);
#4362=ORIENTED_EDGE('',*,*,#2937,.F.);
#4363=ORIENTED_EDGE('',*,*,#3275,.F.);
#4364=ORIENTED_EDGE('',*,*,#3276,.T.);
#4365=ORIENTED_EDGE('',*,*,#3275,.T.);
#4366=ORIENTED_EDGE('',*,*,#2936,.F.);
#4367=ORIENTED_EDGE('',*,*,#3277,.F.);
#4368=ORIENTED_EDGE('',*,*,#3278,.T.);
#4369=ORIENTED_EDGE('',*,*,#3277,.T.);
#4370=ORIENTED_EDGE('',*,*,#2935,.F.);
#4371=ORIENTED_EDGE('',*,*,#3279,.F.);
#4372=ORIENTED_EDGE('',*,*,#3280,.T.);
#4373=ORIENTED_EDGE('',*,*,#3279,.T.);
#4374=ORIENTED_EDGE('',*,*,#2934,.F.);
#4375=ORIENTED_EDGE('',*,*,#3281,.F.);
#4376=ORIENTED_EDGE('',*,*,#3282,.T.);
#4377=ORIENTED_EDGE('',*,*,#3281,.T.);
#4378=ORIENTED_EDGE('',*,*,#2933,.F.);
#4379=ORIENTED_EDGE('',*,*,#3283,.F.);
#4380=ORIENTED_EDGE('',*,*,#3284,.T.);
#4381=ORIENTED_EDGE('',*,*,#3283,.T.);
#4382=ORIENTED_EDGE('',*,*,#2932,.F.);
#4383=ORIENTED_EDGE('',*,*,#3270,.F.);
#4384=ORIENTED_EDGE('',*,*,#3285,.T.);
#4385=ORIENTED_EDGE('',*,*,#3286,.T.);
#4386=ORIENTED_EDGE('',*,*,#2947,.F.);
#4387=ORIENTED_EDGE('',*,*,#3287,.F.);
#4388=ORIENTED_EDGE('',*,*,#3288,.T.);
#4389=ORIENTED_EDGE('',*,*,#3287,.T.);
#4390=ORIENTED_EDGE('',*,*,#2946,.F.);
#4391=ORIENTED_EDGE('',*,*,#3289,.F.);
#4392=ORIENTED_EDGE('',*,*,#3290,.T.);
#4393=ORIENTED_EDGE('',*,*,#3289,.T.);
#4394=ORIENTED_EDGE('',*,*,#2945,.F.);
#4395=ORIENTED_EDGE('',*,*,#3291,.F.);
#4396=ORIENTED_EDGE('',*,*,#3292,.T.);
#4397=ORIENTED_EDGE('',*,*,#3291,.T.);
#4398=ORIENTED_EDGE('',*,*,#2944,.F.);
#4399=ORIENTED_EDGE('',*,*,#3293,.F.);
#4400=ORIENTED_EDGE('',*,*,#3294,.T.);
#4401=ORIENTED_EDGE('',*,*,#3293,.T.);
#4402=ORIENTED_EDGE('',*,*,#2943,.F.);
#4403=ORIENTED_EDGE('',*,*,#3295,.F.);
#4404=ORIENTED_EDGE('',*,*,#3296,.T.);
#4405=ORIENTED_EDGE('',*,*,#3295,.T.);
#4406=ORIENTED_EDGE('',*,*,#2942,.F.);
#4407=ORIENTED_EDGE('',*,*,#3297,.F.);
#4408=ORIENTED_EDGE('',*,*,#3298,.T.);
#4409=ORIENTED_EDGE('',*,*,#3297,.T.);
#4410=ORIENTED_EDGE('',*,*,#2941,.F.);
#4411=ORIENTED_EDGE('',*,*,#3299,.F.);
#4412=ORIENTED_EDGE('',*,*,#3300,.T.);
#4413=ORIENTED_EDGE('',*,*,#3299,.T.);
#4414=ORIENTED_EDGE('',*,*,#2940,.F.);
#4415=ORIENTED_EDGE('',*,*,#3286,.F.);
#4416=ORIENTED_EDGE('',*,*,#3301,.T.);
#4417=ORIENTED_EDGE('',*,*,#3302,.T.);
#4418=ORIENTED_EDGE('',*,*,#2955,.F.);
#4419=ORIENTED_EDGE('',*,*,#3303,.F.);
#4420=ORIENTED_EDGE('',*,*,#3304,.T.);
#4421=ORIENTED_EDGE('',*,*,#3303,.T.);
#4422=ORIENTED_EDGE('',*,*,#2954,.F.);
#4423=ORIENTED_EDGE('',*,*,#3305,.F.);
#4424=ORIENTED_EDGE('',*,*,#3306,.T.);
#4425=ORIENTED_EDGE('',*,*,#3305,.T.);
#4426=ORIENTED_EDGE('',*,*,#2953,.F.);
#4427=ORIENTED_EDGE('',*,*,#3307,.F.);
#4428=ORIENTED_EDGE('',*,*,#3308,.T.);
#4429=ORIENTED_EDGE('',*,*,#3307,.T.);
#4430=ORIENTED_EDGE('',*,*,#2952,.F.);
#4431=ORIENTED_EDGE('',*,*,#3309,.F.);
#4432=ORIENTED_EDGE('',*,*,#3310,.T.);
#4433=ORIENTED_EDGE('',*,*,#3309,.T.);
#4434=ORIENTED_EDGE('',*,*,#2951,.F.);
#4435=ORIENTED_EDGE('',*,*,#3311,.F.);
#4436=ORIENTED_EDGE('',*,*,#3312,.T.);
#4437=ORIENTED_EDGE('',*,*,#3311,.T.);
#4438=ORIENTED_EDGE('',*,*,#2950,.F.);
#4439=ORIENTED_EDGE('',*,*,#3313,.F.);
#4440=ORIENTED_EDGE('',*,*,#3314,.T.);
#4441=ORIENTED_EDGE('',*,*,#3313,.T.);
#4442=ORIENTED_EDGE('',*,*,#2949,.F.);
#4443=ORIENTED_EDGE('',*,*,#3315,.F.);
#4444=ORIENTED_EDGE('',*,*,#3316,.T.);
#4445=ORIENTED_EDGE('',*,*,#3315,.T.);
#4446=ORIENTED_EDGE('',*,*,#2948,.F.);
#4447=ORIENTED_EDGE('',*,*,#3302,.F.);
#4448=ORIENTED_EDGE('',*,*,#3317,.T.);
#4449=ORIENTED_EDGE('',*,*,#3318,.T.);
#4450=ORIENTED_EDGE('',*,*,#2963,.F.);
#4451=ORIENTED_EDGE('',*,*,#3319,.F.);
#4452=ORIENTED_EDGE('',*,*,#3320,.T.);
#4453=ORIENTED_EDGE('',*,*,#3319,.T.);
#4454=ORIENTED_EDGE('',*,*,#2962,.F.);
#4455=ORIENTED_EDGE('',*,*,#3321,.F.);
#4456=ORIENTED_EDGE('',*,*,#3322,.T.);
#4457=ORIENTED_EDGE('',*,*,#3321,.T.);
#4458=ORIENTED_EDGE('',*,*,#2961,.F.);
#4459=ORIENTED_EDGE('',*,*,#3323,.F.);
#4460=ORIENTED_EDGE('',*,*,#3324,.T.);
#4461=ORIENTED_EDGE('',*,*,#3323,.T.);
#4462=ORIENTED_EDGE('',*,*,#2960,.F.);
#4463=ORIENTED_EDGE('',*,*,#3325,.F.);
#4464=ORIENTED_EDGE('',*,*,#3326,.T.);
#4465=ORIENTED_EDGE('',*,*,#3325,.T.);
#4466=ORIENTED_EDGE('',*,*,#2959,.F.);
#4467=ORIENTED_EDGE('',*,*,#3327,.F.);
#4468=ORIENTED_EDGE('',*,*,#3328,.T.);
#4469=ORIENTED_EDGE('',*,*,#3327,.T.);
#4470=ORIENTED_EDGE('',*,*,#2958,.F.);
#4471=ORIENTED_EDGE('',*,*,#3329,.F.);
#4472=ORIENTED_EDGE('',*,*,#3330,.T.);
#4473=ORIENTED_EDGE('',*,*,#3329,.T.);
#4474=ORIENTED_EDGE('',*,*,#2957,.F.);
#4475=ORIENTED_EDGE('',*,*,#3331,.F.);
#4476=ORIENTED_EDGE('',*,*,#3332,.T.);
#4477=ORIENTED_EDGE('',*,*,#3331,.T.);
#4478=ORIENTED_EDGE('',*,*,#2956,.F.);
#4479=ORIENTED_EDGE('',*,*,#3318,.F.);
#4480=ORIENTED_EDGE('',*,*,#3333,.T.);
#4481=ORIENTED_EDGE('',*,*,#3334,.T.);
#4482=ORIENTED_EDGE('',*,*,#2971,.F.);
#4483=ORIENTED_EDGE('',*,*,#3335,.F.);
#4484=ORIENTED_EDGE('',*,*,#3336,.T.);
#4485=ORIENTED_EDGE('',*,*,#3335,.T.);
#4486=ORIENTED_EDGE('',*,*,#2970,.F.);
#4487=ORIENTED_EDGE('',*,*,#3337,.F.);
#4488=ORIENTED_EDGE('',*,*,#3338,.T.);
#4489=ORIENTED_EDGE('',*,*,#3337,.T.);
#4490=ORIENTED_EDGE('',*,*,#2969,.F.);
#4491=ORIENTED_EDGE('',*,*,#3339,.F.);
#4492=ORIENTED_EDGE('',*,*,#3340,.T.);
#4493=ORIENTED_EDGE('',*,*,#3339,.T.);
#4494=ORIENTED_EDGE('',*,*,#2968,.F.);
#4495=ORIENTED_EDGE('',*,*,#3341,.F.);
#4496=ORIENTED_EDGE('',*,*,#3342,.T.);
#4497=ORIENTED_EDGE('',*,*,#3341,.T.);
#4498=ORIENTED_EDGE('',*,*,#2967,.F.);
#4499=ORIENTED_EDGE('',*,*,#3343,.F.);
#4500=ORIENTED_EDGE('',*,*,#3344,.T.);
#4501=ORIENTED_EDGE('',*,*,#3343,.T.);
#4502=ORIENTED_EDGE('',*,*,#2966,.F.);
#4503=ORIENTED_EDGE('',*,*,#3345,.F.);
#4504=ORIENTED_EDGE('',*,*,#3346,.T.);
#4505=ORIENTED_EDGE('',*,*,#3345,.T.);
#4506=ORIENTED_EDGE('',*,*,#2965,.F.);
#4507=ORIENTED_EDGE('',*,*,#3347,.F.);
#4508=ORIENTED_EDGE('',*,*,#3348,.T.);
#4509=ORIENTED_EDGE('',*,*,#3347,.T.);
#4510=ORIENTED_EDGE('',*,*,#2964,.F.);
#4511=ORIENTED_EDGE('',*,*,#3334,.F.);
#4512=ORIENTED_EDGE('',*,*,#3349,.T.);
#4513=ORIENTED_EDGE('',*,*,#3350,.T.);
#4514=ORIENTED_EDGE('',*,*,#2979,.F.);
#4515=ORIENTED_EDGE('',*,*,#3351,.F.);
#4516=ORIENTED_EDGE('',*,*,#3352,.T.);
#4517=ORIENTED_EDGE('',*,*,#3351,.T.);
#4518=ORIENTED_EDGE('',*,*,#2978,.F.);
#4519=ORIENTED_EDGE('',*,*,#3353,.F.);
#4520=ORIENTED_EDGE('',*,*,#3354,.T.);
#4521=ORIENTED_EDGE('',*,*,#3353,.T.);
#4522=ORIENTED_EDGE('',*,*,#2977,.F.);
#4523=ORIENTED_EDGE('',*,*,#3355,.F.);
#4524=ORIENTED_EDGE('',*,*,#3356,.T.);
#4525=ORIENTED_EDGE('',*,*,#3355,.T.);
#4526=ORIENTED_EDGE('',*,*,#2976,.F.);
#4527=ORIENTED_EDGE('',*,*,#3357,.F.);
#4528=ORIENTED_EDGE('',*,*,#3358,.T.);
#4529=ORIENTED_EDGE('',*,*,#3357,.T.);
#4530=ORIENTED_EDGE('',*,*,#2975,.F.);
#4531=ORIENTED_EDGE('',*,*,#3359,.F.);
#4532=ORIENTED_EDGE('',*,*,#3360,.T.);
#4533=ORIENTED_EDGE('',*,*,#3359,.T.);
#4534=ORIENTED_EDGE('',*,*,#2974,.F.);
#4535=ORIENTED_EDGE('',*,*,#3361,.F.);
#4536=ORIENTED_EDGE('',*,*,#3362,.T.);
#4537=ORIENTED_EDGE('',*,*,#3361,.T.);
#4538=ORIENTED_EDGE('',*,*,#2973,.F.);
#4539=ORIENTED_EDGE('',*,*,#3363,.F.);
#4540=ORIENTED_EDGE('',*,*,#3364,.T.);
#4541=ORIENTED_EDGE('',*,*,#3363,.T.);
#4542=ORIENTED_EDGE('',*,*,#2972,.F.);
#4543=ORIENTED_EDGE('',*,*,#3350,.F.);
#4544=ORIENTED_EDGE('',*,*,#3365,.T.);
#4545=ORIENTED_EDGE('',*,*,#3366,.T.);
#4546=ORIENTED_EDGE('',*,*,#2987,.F.);
#4547=ORIENTED_EDGE('',*,*,#3367,.F.);
#4548=ORIENTED_EDGE('',*,*,#3368,.T.);
#4549=ORIENTED_EDGE('',*,*,#3367,.T.);
#4550=ORIENTED_EDGE('',*,*,#2986,.F.);
#4551=ORIENTED_EDGE('',*,*,#3369,.F.);
#4552=ORIENTED_EDGE('',*,*,#3370,.T.);
#4553=ORIENTED_EDGE('',*,*,#3369,.T.);
#4554=ORIENTED_EDGE('',*,*,#2985,.F.);
#4555=ORIENTED_EDGE('',*,*,#3371,.F.);
#4556=ORIENTED_EDGE('',*,*,#3372,.T.);
#4557=ORIENTED_EDGE('',*,*,#3371,.T.);
#4558=ORIENTED_EDGE('',*,*,#2984,.F.);
#4559=ORIENTED_EDGE('',*,*,#3373,.F.);
#4560=ORIENTED_EDGE('',*,*,#3374,.T.);
#4561=ORIENTED_EDGE('',*,*,#3373,.T.);
#4562=ORIENTED_EDGE('',*,*,#2983,.F.);
#4563=ORIENTED_EDGE('',*,*,#3375,.F.);
#4564=ORIENTED_EDGE('',*,*,#3376,.T.);
#4565=ORIENTED_EDGE('',*,*,#3375,.T.);
#4566=ORIENTED_EDGE('',*,*,#2982,.F.);
#4567=ORIENTED_EDGE('',*,*,#3377,.F.);
#4568=ORIENTED_EDGE('',*,*,#3378,.T.);
#4569=ORIENTED_EDGE('',*,*,#3377,.T.);
#4570=ORIENTED_EDGE('',*,*,#2981,.F.);
#4571=ORIENTED_EDGE('',*,*,#3379,.F.);
#4572=ORIENTED_EDGE('',*,*,#3380,.T.);
#4573=ORIENTED_EDGE('',*,*,#3379,.T.);
#4574=ORIENTED_EDGE('',*,*,#2980,.F.);
#4575=ORIENTED_EDGE('',*,*,#3366,.F.);
#4576=ORIENTED_EDGE('',*,*,#3381,.T.);
#4577=ORIENTED_EDGE('',*,*,#3382,.T.);
#4578=ORIENTED_EDGE('',*,*,#2995,.F.);
#4579=ORIENTED_EDGE('',*,*,#3383,.F.);
#4580=ORIENTED_EDGE('',*,*,#3384,.T.);
#4581=ORIENTED_EDGE('',*,*,#3383,.T.);
#4582=ORIENTED_EDGE('',*,*,#2994,.F.);
#4583=ORIENTED_EDGE('',*,*,#3385,.F.);
#4584=ORIENTED_EDGE('',*,*,#3386,.T.);
#4585=ORIENTED_EDGE('',*,*,#3385,.T.);
#4586=ORIENTED_EDGE('',*,*,#2993,.F.);
#4587=ORIENTED_EDGE('',*,*,#3387,.F.);
#4588=ORIENTED_EDGE('',*,*,#3388,.T.);
#4589=ORIENTED_EDGE('',*,*,#3387,.T.);
#4590=ORIENTED_EDGE('',*,*,#2992,.F.);
#4591=ORIENTED_EDGE('',*,*,#3389,.F.);
#4592=ORIENTED_EDGE('',*,*,#3390,.T.);
#4593=ORIENTED_EDGE('',*,*,#3389,.T.);
#4594=ORIENTED_EDGE('',*,*,#2991,.F.);
#4595=ORIENTED_EDGE('',*,*,#3391,.F.);
#4596=ORIENTED_EDGE('',*,*,#3392,.T.);
#4597=ORIENTED_EDGE('',*,*,#3391,.T.);
#4598=ORIENTED_EDGE('',*,*,#2990,.F.);
#4599=ORIENTED_EDGE('',*,*,#3393,.F.);
#4600=ORIENTED_EDGE('',*,*,#3394,.T.);
#4601=ORIENTED_EDGE('',*,*,#3393,.T.);
#4602=ORIENTED_EDGE('',*,*,#2989,.F.);
#4603=ORIENTED_EDGE('',*,*,#3395,.F.);
#4604=ORIENTED_EDGE('',*,*,#3396,.T.);
#4605=ORIENTED_EDGE('',*,*,#3395,.T.);
#4606=ORIENTED_EDGE('',*,*,#2988,.F.);
#4607=ORIENTED_EDGE('',*,*,#3382,.F.);
#4608=ORIENTED_EDGE('',*,*,#3397,.T.);
#4609=ORIENTED_EDGE('',*,*,#3398,.T.);
#4610=ORIENTED_EDGE('',*,*,#3003,.F.);
#4611=ORIENTED_EDGE('',*,*,#3399,.F.);
#4612=ORIENTED_EDGE('',*,*,#3400,.T.);
#4613=ORIENTED_EDGE('',*,*,#3399,.T.);
#4614=ORIENTED_EDGE('',*,*,#3002,.F.);
#4615=ORIENTED_EDGE('',*,*,#3401,.F.);
#4616=ORIENTED_EDGE('',*,*,#3402,.T.);
#4617=ORIENTED_EDGE('',*,*,#3401,.T.);
#4618=ORIENTED_EDGE('',*,*,#3001,.F.);
#4619=ORIENTED_EDGE('',*,*,#3403,.F.);
#4620=ORIENTED_EDGE('',*,*,#3404,.T.);
#4621=ORIENTED_EDGE('',*,*,#3403,.T.);
#4622=ORIENTED_EDGE('',*,*,#3000,.F.);
#4623=ORIENTED_EDGE('',*,*,#3405,.F.);
#4624=ORIENTED_EDGE('',*,*,#3406,.T.);
#4625=ORIENTED_EDGE('',*,*,#3405,.T.);
#4626=ORIENTED_EDGE('',*,*,#2999,.F.);
#4627=ORIENTED_EDGE('',*,*,#3407,.F.);
#4628=ORIENTED_EDGE('',*,*,#3408,.T.);
#4629=ORIENTED_EDGE('',*,*,#3407,.T.);
#4630=ORIENTED_EDGE('',*,*,#2998,.F.);
#4631=ORIENTED_EDGE('',*,*,#3409,.F.);
#4632=ORIENTED_EDGE('',*,*,#3410,.T.);
#4633=ORIENTED_EDGE('',*,*,#3409,.T.);
#4634=ORIENTED_EDGE('',*,*,#2997,.F.);
#4635=ORIENTED_EDGE('',*,*,#3411,.F.);
#4636=ORIENTED_EDGE('',*,*,#3412,.T.);
#4637=ORIENTED_EDGE('',*,*,#3411,.T.);
#4638=ORIENTED_EDGE('',*,*,#2996,.F.);
#4639=ORIENTED_EDGE('',*,*,#3398,.F.);
#4640=ORIENTED_EDGE('',*,*,#3413,.T.);
#4641=ORIENTED_EDGE('',*,*,#3414,.T.);
#4642=ORIENTED_EDGE('',*,*,#3011,.F.);
#4643=ORIENTED_EDGE('',*,*,#3415,.F.);
#4644=ORIENTED_EDGE('',*,*,#3416,.T.);
#4645=ORIENTED_EDGE('',*,*,#3415,.T.);
#4646=ORIENTED_EDGE('',*,*,#3010,.F.);
#4647=ORIENTED_EDGE('',*,*,#3417,.F.);
#4648=ORIENTED_EDGE('',*,*,#3418,.T.);
#4649=ORIENTED_EDGE('',*,*,#3417,.T.);
#4650=ORIENTED_EDGE('',*,*,#3009,.F.);
#4651=ORIENTED_EDGE('',*,*,#3419,.F.);
#4652=ORIENTED_EDGE('',*,*,#3420,.T.);
#4653=ORIENTED_EDGE('',*,*,#3419,.T.);
#4654=ORIENTED_EDGE('',*,*,#3008,.F.);
#4655=ORIENTED_EDGE('',*,*,#3421,.F.);
#4656=ORIENTED_EDGE('',*,*,#3422,.T.);
#4657=ORIENTED_EDGE('',*,*,#3421,.T.);
#4658=ORIENTED_EDGE('',*,*,#3007,.F.);
#4659=ORIENTED_EDGE('',*,*,#3423,.F.);
#4660=ORIENTED_EDGE('',*,*,#3424,.T.);
#4661=ORIENTED_EDGE('',*,*,#3423,.T.);
#4662=ORIENTED_EDGE('',*,*,#3006,.F.);
#4663=ORIENTED_EDGE('',*,*,#3425,.F.);
#4664=ORIENTED_EDGE('',*,*,#3426,.T.);
#4665=ORIENTED_EDGE('',*,*,#3425,.T.);
#4666=ORIENTED_EDGE('',*,*,#3005,.F.);
#4667=ORIENTED_EDGE('',*,*,#3427,.F.);
#4668=ORIENTED_EDGE('',*,*,#3428,.T.);
#4669=ORIENTED_EDGE('',*,*,#3427,.T.);
#4670=ORIENTED_EDGE('',*,*,#3004,.F.);
#4671=ORIENTED_EDGE('',*,*,#3414,.F.);
#4672=ORIENTED_EDGE('',*,*,#3429,.T.);
#4673=ORIENTED_EDGE('',*,*,#3430,.T.);
#4674=ORIENTED_EDGE('',*,*,#3019,.F.);
#4675=ORIENTED_EDGE('',*,*,#3431,.F.);
#4676=ORIENTED_EDGE('',*,*,#3432,.T.);
#4677=ORIENTED_EDGE('',*,*,#3431,.T.);
#4678=ORIENTED_EDGE('',*,*,#3018,.F.);
#4679=ORIENTED_EDGE('',*,*,#3433,.F.);
#4680=ORIENTED_EDGE('',*,*,#3434,.T.);
#4681=ORIENTED_EDGE('',*,*,#3433,.T.);
#4682=ORIENTED_EDGE('',*,*,#3017,.F.);
#4683=ORIENTED_EDGE('',*,*,#3435,.F.);
#4684=ORIENTED_EDGE('',*,*,#3436,.T.);
#4685=ORIENTED_EDGE('',*,*,#3435,.T.);
#4686=ORIENTED_EDGE('',*,*,#3016,.F.);
#4687=ORIENTED_EDGE('',*,*,#3437,.F.);
#4688=ORIENTED_EDGE('',*,*,#3438,.T.);
#4689=ORIENTED_EDGE('',*,*,#3437,.T.);
#4690=ORIENTED_EDGE('',*,*,#3015,.F.);
#4691=ORIENTED_EDGE('',*,*,#3439,.F.);
#4692=ORIENTED_EDGE('',*,*,#3440,.T.);
#4693=ORIENTED_EDGE('',*,*,#3439,.T.);
#4694=ORIENTED_EDGE('',*,*,#3014,.F.);
#4695=ORIENTED_EDGE('',*,*,#3441,.F.);
#4696=ORIENTED_EDGE('',*,*,#3442,.T.);
#4697=ORIENTED_EDGE('',*,*,#3441,.T.);
#4698=ORIENTED_EDGE('',*,*,#3013,.F.);
#4699=ORIENTED_EDGE('',*,*,#3443,.F.);
#4700=ORIENTED_EDGE('',*,*,#3444,.T.);
#4701=ORIENTED_EDGE('',*,*,#3443,.T.);
#4702=ORIENTED_EDGE('',*,*,#3012,.F.);
#4703=ORIENTED_EDGE('',*,*,#3430,.F.);
#4704=ORIENTED_EDGE('',*,*,#3445,.T.);
#4705=ORIENTED_EDGE('',*,*,#3446,.T.);
#4706=ORIENTED_EDGE('',*,*,#3027,.F.);
#4707=ORIENTED_EDGE('',*,*,#3447,.F.);
#4708=ORIENTED_EDGE('',*,*,#3448,.T.);
#4709=ORIENTED_EDGE('',*,*,#3447,.T.);
#4710=ORIENTED_EDGE('',*,*,#3026,.F.);
#4711=ORIENTED_EDGE('',*,*,#3449,.F.);
#4712=ORIENTED_EDGE('',*,*,#3450,.T.);
#4713=ORIENTED_EDGE('',*,*,#3449,.T.);
#4714=ORIENTED_EDGE('',*,*,#3025,.F.);
#4715=ORIENTED_EDGE('',*,*,#3451,.F.);
#4716=ORIENTED_EDGE('',*,*,#3452,.T.);
#4717=ORIENTED_EDGE('',*,*,#3451,.T.);
#4718=ORIENTED_EDGE('',*,*,#3024,.F.);
#4719=ORIENTED_EDGE('',*,*,#3453,.F.);
#4720=ORIENTED_EDGE('',*,*,#3454,.T.);
#4721=ORIENTED_EDGE('',*,*,#3453,.T.);
#4722=ORIENTED_EDGE('',*,*,#3023,.F.);
#4723=ORIENTED_EDGE('',*,*,#3455,.F.);
#4724=ORIENTED_EDGE('',*,*,#3456,.T.);
#4725=ORIENTED_EDGE('',*,*,#3455,.T.);
#4726=ORIENTED_EDGE('',*,*,#3022,.F.);
#4727=ORIENTED_EDGE('',*,*,#3457,.F.);
#4728=ORIENTED_EDGE('',*,*,#3458,.T.);
#4729=ORIENTED_EDGE('',*,*,#3457,.T.);
#4730=ORIENTED_EDGE('',*,*,#3021,.F.);
#4731=ORIENTED_EDGE('',*,*,#3459,.F.);
#4732=ORIENTED_EDGE('',*,*,#3460,.T.);
#4733=ORIENTED_EDGE('',*,*,#3459,.T.);
#4734=ORIENTED_EDGE('',*,*,#3020,.F.);
#4735=ORIENTED_EDGE('',*,*,#3446,.F.);
#4736=ORIENTED_EDGE('',*,*,#3461,.T.);
#4737=ORIENTED_EDGE('',*,*,#3462,.T.);
#4738=ORIENTED_EDGE('',*,*,#3035,.F.);
#4739=ORIENTED_EDGE('',*,*,#3463,.F.);
#4740=ORIENTED_EDGE('',*,*,#3464,.T.);
#4741=ORIENTED_EDGE('',*,*,#3463,.T.);
#4742=ORIENTED_EDGE('',*,*,#3034,.F.);
#4743=ORIENTED_EDGE('',*,*,#3465,.F.);
#4744=ORIENTED_EDGE('',*,*,#3466,.T.);
#4745=ORIENTED_EDGE('',*,*,#3465,.T.);
#4746=ORIENTED_EDGE('',*,*,#3033,.F.);
#4747=ORIENTED_EDGE('',*,*,#3467,.F.);
#4748=ORIENTED_EDGE('',*,*,#3468,.T.);
#4749=ORIENTED_EDGE('',*,*,#3467,.T.);
#4750=ORIENTED_EDGE('',*,*,#3032,.F.);
#4751=ORIENTED_EDGE('',*,*,#3469,.F.);
#4752=ORIENTED_EDGE('',*,*,#3470,.T.);
#4753=ORIENTED_EDGE('',*,*,#3469,.T.);
#4754=ORIENTED_EDGE('',*,*,#3031,.F.);
#4755=ORIENTED_EDGE('',*,*,#3471,.F.);
#4756=ORIENTED_EDGE('',*,*,#3472,.T.);
#4757=ORIENTED_EDGE('',*,*,#3471,.T.);
#4758=ORIENTED_EDGE('',*,*,#3030,.F.);
#4759=ORIENTED_EDGE('',*,*,#3473,.F.);
#4760=ORIENTED_EDGE('',*,*,#3474,.T.);
#4761=ORIENTED_EDGE('',*,*,#3473,.T.);
#4762=ORIENTED_EDGE('',*,*,#3029,.F.);
#4763=ORIENTED_EDGE('',*,*,#3475,.F.);
#4764=ORIENTED_EDGE('',*,*,#3476,.T.);
#4765=ORIENTED_EDGE('',*,*,#3475,.T.);
#4766=ORIENTED_EDGE('',*,*,#3028,.F.);
#4767=ORIENTED_EDGE('',*,*,#3462,.F.);
#4768=ORIENTED_EDGE('',*,*,#3477,.T.);
#4769=ORIENTED_EDGE('',*,*,#3478,.T.);
#4770=ORIENTED_EDGE('',*,*,#3043,.F.);
#4771=ORIENTED_EDGE('',*,*,#3479,.F.);
#4772=ORIENTED_EDGE('',*,*,#3480,.T.);
#4773=ORIENTED_EDGE('',*,*,#3479,.T.);
#4774=ORIENTED_EDGE('',*,*,#3042,.F.);
#4775=ORIENTED_EDGE('',*,*,#3481,.F.);
#4776=ORIENTED_EDGE('',*,*,#3482,.T.);
#4777=ORIENTED_EDGE('',*,*,#3481,.T.);
#4778=ORIENTED_EDGE('',*,*,#3041,.F.);
#4779=ORIENTED_EDGE('',*,*,#3483,.F.);
#4780=ORIENTED_EDGE('',*,*,#3484,.T.);
#4781=ORIENTED_EDGE('',*,*,#3483,.T.);
#4782=ORIENTED_EDGE('',*,*,#3040,.F.);
#4783=ORIENTED_EDGE('',*,*,#3485,.F.);
#4784=ORIENTED_EDGE('',*,*,#3486,.T.);
#4785=ORIENTED_EDGE('',*,*,#3485,.T.);
#4786=ORIENTED_EDGE('',*,*,#3039,.F.);
#4787=ORIENTED_EDGE('',*,*,#3487,.F.);
#4788=ORIENTED_EDGE('',*,*,#3488,.T.);
#4789=ORIENTED_EDGE('',*,*,#3487,.T.);
#4790=ORIENTED_EDGE('',*,*,#3038,.F.);
#4791=ORIENTED_EDGE('',*,*,#3489,.F.);
#4792=ORIENTED_EDGE('',*,*,#3490,.T.);
#4793=ORIENTED_EDGE('',*,*,#3489,.T.);
#4794=ORIENTED_EDGE('',*,*,#3037,.F.);
#4795=ORIENTED_EDGE('',*,*,#3491,.F.);
#4796=ORIENTED_EDGE('',*,*,#3492,.T.);
#4797=ORIENTED_EDGE('',*,*,#3491,.T.);
#4798=ORIENTED_EDGE('',*,*,#3036,.F.);
#4799=ORIENTED_EDGE('',*,*,#3478,.F.);
#4800=ORIENTED_EDGE('',*,*,#3493,.T.);
#4801=ORIENTED_EDGE('',*,*,#3494,.T.);
#4802=ORIENTED_EDGE('',*,*,#3051,.F.);
#4803=ORIENTED_EDGE('',*,*,#3495,.F.);
#4804=ORIENTED_EDGE('',*,*,#3496,.T.);
#4805=ORIENTED_EDGE('',*,*,#3495,.T.);
#4806=ORIENTED_EDGE('',*,*,#3050,.F.);
#4807=ORIENTED_EDGE('',*,*,#3497,.F.);
#4808=ORIENTED_EDGE('',*,*,#3498,.T.);
#4809=ORIENTED_EDGE('',*,*,#3497,.T.);
#4810=ORIENTED_EDGE('',*,*,#3049,.F.);
#4811=ORIENTED_EDGE('',*,*,#3499,.F.);
#4812=ORIENTED_EDGE('',*,*,#3500,.T.);
#4813=ORIENTED_EDGE('',*,*,#3499,.T.);
#4814=ORIENTED_EDGE('',*,*,#3048,.F.);
#4815=ORIENTED_EDGE('',*,*,#3501,.F.);
#4816=ORIENTED_EDGE('',*,*,#3502,.T.);
#4817=ORIENTED_EDGE('',*,*,#3501,.T.);
#4818=ORIENTED_EDGE('',*,*,#3047,.F.);
#4819=ORIENTED_EDGE('',*,*,#3503,.F.);
#4820=ORIENTED_EDGE('',*,*,#3504,.T.);
#4821=ORIENTED_EDGE('',*,*,#3503,.T.);
#4822=ORIENTED_EDGE('',*,*,#3046,.F.);
#4823=ORIENTED_EDGE('',*,*,#3505,.F.);
#4824=ORIENTED_EDGE('',*,*,#3506,.T.);
#4825=ORIENTED_EDGE('',*,*,#3505,.T.);
#4826=ORIENTED_EDGE('',*,*,#3045,.F.);
#4827=ORIENTED_EDGE('',*,*,#3507,.F.);
#4828=ORIENTED_EDGE('',*,*,#3508,.T.);
#4829=ORIENTED_EDGE('',*,*,#3507,.T.);
#4830=ORIENTED_EDGE('',*,*,#3044,.F.);
#4831=ORIENTED_EDGE('',*,*,#3494,.F.);
#4832=ORIENTED_EDGE('',*,*,#3509,.T.);
#4833=ORIENTED_EDGE('',*,*,#3510,.T.);
#4834=ORIENTED_EDGE('',*,*,#3059,.F.);
#4835=ORIENTED_EDGE('',*,*,#3511,.F.);
#4836=ORIENTED_EDGE('',*,*,#3512,.T.);
#4837=ORIENTED_EDGE('',*,*,#3511,.T.);
#4838=ORIENTED_EDGE('',*,*,#3058,.F.);
#4839=ORIENTED_EDGE('',*,*,#3513,.F.);
#4840=ORIENTED_EDGE('',*,*,#3514,.T.);
#4841=ORIENTED_EDGE('',*,*,#3513,.T.);
#4842=ORIENTED_EDGE('',*,*,#3057,.F.);
#4843=ORIENTED_EDGE('',*,*,#3515,.F.);
#4844=ORIENTED_EDGE('',*,*,#3516,.T.);
#4845=ORIENTED_EDGE('',*,*,#3515,.T.);
#4846=ORIENTED_EDGE('',*,*,#3056,.F.);
#4847=ORIENTED_EDGE('',*,*,#3517,.F.);
#4848=ORIENTED_EDGE('',*,*,#3518,.T.);
#4849=ORIENTED_EDGE('',*,*,#3517,.T.);
#4850=ORIENTED_EDGE('',*,*,#3055,.F.);
#4851=ORIENTED_EDGE('',*,*,#3519,.F.);
#4852=ORIENTED_EDGE('',*,*,#3520,.T.);
#4853=ORIENTED_EDGE('',*,*,#3519,.T.);
#4854=ORIENTED_EDGE('',*,*,#3054,.F.);
#4855=ORIENTED_EDGE('',*,*,#3521,.F.);
#4856=ORIENTED_EDGE('',*,*,#3522,.T.);
#4857=ORIENTED_EDGE('',*,*,#3521,.T.);
#4858=ORIENTED_EDGE('',*,*,#3053,.F.);
#4859=ORIENTED_EDGE('',*,*,#3523,.F.);
#4860=ORIENTED_EDGE('',*,*,#3524,.T.);
#4861=ORIENTED_EDGE('',*,*,#3523,.T.);
#4862=ORIENTED_EDGE('',*,*,#3052,.F.);
#4863=ORIENTED_EDGE('',*,*,#3510,.F.);
#4864=ORIENTED_EDGE('',*,*,#3525,.T.);
#4865=ORIENTED_EDGE('',*,*,#3526,.T.);
#4866=ORIENTED_EDGE('',*,*,#3067,.F.);
#4867=ORIENTED_EDGE('',*,*,#3527,.F.);
#4868=ORIENTED_EDGE('',*,*,#3528,.T.);
#4869=ORIENTED_EDGE('',*,*,#3527,.T.);
#4870=ORIENTED_EDGE('',*,*,#3066,.F.);
#4871=ORIENTED_EDGE('',*,*,#3529,.F.);
#4872=ORIENTED_EDGE('',*,*,#3530,.T.);
#4873=ORIENTED_EDGE('',*,*,#3529,.T.);
#4874=ORIENTED_EDGE('',*,*,#3065,.F.);
#4875=ORIENTED_EDGE('',*,*,#3531,.F.);
#4876=ORIENTED_EDGE('',*,*,#3532,.T.);
#4877=ORIENTED_EDGE('',*,*,#3531,.T.);
#4878=ORIENTED_EDGE('',*,*,#3064,.F.);
#4879=ORIENTED_EDGE('',*,*,#3533,.F.);
#4880=ORIENTED_EDGE('',*,*,#3534,.T.);
#4881=ORIENTED_EDGE('',*,*,#3533,.T.);
#4882=ORIENTED_EDGE('',*,*,#3063,.F.);
#4883=ORIENTED_EDGE('',*,*,#3535,.F.);
#4884=ORIENTED_EDGE('',*,*,#3536,.T.);
#4885=ORIENTED_EDGE('',*,*,#3535,.T.);
#4886=ORIENTED_EDGE('',*,*,#3062,.F.);
#4887=ORIENTED_EDGE('',*,*,#3537,.F.);
#4888=ORIENTED_EDGE('',*,*,#3538,.T.);
#4889=ORIENTED_EDGE('',*,*,#3537,.T.);
#4890=ORIENTED_EDGE('',*,*,#3061,.F.);
#4891=ORIENTED_EDGE('',*,*,#3539,.F.);
#4892=ORIENTED_EDGE('',*,*,#3540,.T.);
#4893=ORIENTED_EDGE('',*,*,#3539,.T.);
#4894=ORIENTED_EDGE('',*,*,#3060,.F.);
#4895=ORIENTED_EDGE('',*,*,#3526,.F.);
#4896=ORIENTED_EDGE('',*,*,#3541,.T.);
#4897=ORIENTED_EDGE('',*,*,#3542,.T.);
#4898=ORIENTED_EDGE('',*,*,#3075,.F.);
#4899=ORIENTED_EDGE('',*,*,#3543,.F.);
#4900=ORIENTED_EDGE('',*,*,#3544,.T.);
#4901=ORIENTED_EDGE('',*,*,#3543,.T.);
#4902=ORIENTED_EDGE('',*,*,#3074,.F.);
#4903=ORIENTED_EDGE('',*,*,#3545,.F.);
#4904=ORIENTED_EDGE('',*,*,#3546,.T.);
#4905=ORIENTED_EDGE('',*,*,#3545,.T.);
#4906=ORIENTED_EDGE('',*,*,#3073,.F.);
#4907=ORIENTED_EDGE('',*,*,#3547,.F.);
#4908=ORIENTED_EDGE('',*,*,#3548,.T.);
#4909=ORIENTED_EDGE('',*,*,#3547,.T.);
#4910=ORIENTED_EDGE('',*,*,#3072,.F.);
#4911=ORIENTED_EDGE('',*,*,#3549,.F.);
#4912=ORIENTED_EDGE('',*,*,#3550,.T.);
#4913=ORIENTED_EDGE('',*,*,#3549,.T.);
#4914=ORIENTED_EDGE('',*,*,#3071,.F.);
#4915=ORIENTED_EDGE('',*,*,#3551,.F.);
#4916=ORIENTED_EDGE('',*,*,#3552,.T.);
#4917=ORIENTED_EDGE('',*,*,#3551,.T.);
#4918=ORIENTED_EDGE('',*,*,#3070,.F.);
#4919=ORIENTED_EDGE('',*,*,#3553,.F.);
#4920=ORIENTED_EDGE('',*,*,#3554,.T.);
#4921=ORIENTED_EDGE('',*,*,#3553,.T.);
#4922=ORIENTED_EDGE('',*,*,#3069,.F.);
#4923=ORIENTED_EDGE('',*,*,#3555,.F.);
#4924=ORIENTED_EDGE('',*,*,#3556,.T.);
#4925=ORIENTED_EDGE('',*,*,#3555,.T.);
#4926=ORIENTED_EDGE('',*,*,#3068,.F.);
#4927=ORIENTED_EDGE('',*,*,#3542,.F.);
#4928=ORIENTED_EDGE('',*,*,#2816,.T.);
#4929=ORIENTED_EDGE('',*,*,#3557,.F.);
#4930=ORIENTED_EDGE('',*,*,#2830,.T.);
#4931=ORIENTED_EDGE('',*,*,#2834,.F.);
#4932=ORIENTED_EDGE('',*,*,#2819,.T.);
#4933=ORIENTED_EDGE('',*,*,#3076,.F.);
#4934=ORIENTED_EDGE('',*,*,#2831,.T.);
#4935=ORIENTED_EDGE('',*,*,#3557,.T.);
#4936=ORIENTED_EDGE('',*,*,#3556,.F.);
#4937=ORIENTED_EDGE('',*,*,#3541,.F.);
#4938=ORIENTED_EDGE('',*,*,#3544,.F.);
#4939=ORIENTED_EDGE('',*,*,#3546,.F.);
#4940=ORIENTED_EDGE('',*,*,#3548,.F.);
#4941=ORIENTED_EDGE('',*,*,#3550,.F.);
#4942=ORIENTED_EDGE('',*,*,#3552,.F.);
#4943=ORIENTED_EDGE('',*,*,#3554,.F.);
#4944=ORIENTED_EDGE('',*,*,#3540,.F.);
#4945=ORIENTED_EDGE('',*,*,#3525,.F.);
#4946=ORIENTED_EDGE('',*,*,#3528,.F.);
#4947=ORIENTED_EDGE('',*,*,#3530,.F.);
#4948=ORIENTED_EDGE('',*,*,#3532,.F.);
#4949=ORIENTED_EDGE('',*,*,#3534,.F.);
#4950=ORIENTED_EDGE('',*,*,#3536,.F.);
#4951=ORIENTED_EDGE('',*,*,#3538,.F.);
#4952=ORIENTED_EDGE('',*,*,#3524,.F.);
#4953=ORIENTED_EDGE('',*,*,#3509,.F.);
#4954=ORIENTED_EDGE('',*,*,#3512,.F.);
#4955=ORIENTED_EDGE('',*,*,#3514,.F.);
#4956=ORIENTED_EDGE('',*,*,#3516,.F.);
#4957=ORIENTED_EDGE('',*,*,#3518,.F.);
#4958=ORIENTED_EDGE('',*,*,#3520,.F.);
#4959=ORIENTED_EDGE('',*,*,#3522,.F.);
#4960=ORIENTED_EDGE('',*,*,#3508,.F.);
#4961=ORIENTED_EDGE('',*,*,#3493,.F.);
#4962=ORIENTED_EDGE('',*,*,#3496,.F.);
#4963=ORIENTED_EDGE('',*,*,#3498,.F.);
#4964=ORIENTED_EDGE('',*,*,#3500,.F.);
#4965=ORIENTED_EDGE('',*,*,#3502,.F.);
#4966=ORIENTED_EDGE('',*,*,#3504,.F.);
#4967=ORIENTED_EDGE('',*,*,#3506,.F.);
#4968=ORIENTED_EDGE('',*,*,#3492,.F.);
#4969=ORIENTED_EDGE('',*,*,#3477,.F.);
#4970=ORIENTED_EDGE('',*,*,#3480,.F.);
#4971=ORIENTED_EDGE('',*,*,#3482,.F.);
#4972=ORIENTED_EDGE('',*,*,#3484,.F.);
#4973=ORIENTED_EDGE('',*,*,#3486,.F.);
#4974=ORIENTED_EDGE('',*,*,#3488,.F.);
#4975=ORIENTED_EDGE('',*,*,#3490,.F.);
#4976=ORIENTED_EDGE('',*,*,#3476,.F.);
#4977=ORIENTED_EDGE('',*,*,#3461,.F.);
#4978=ORIENTED_EDGE('',*,*,#3464,.F.);
#4979=ORIENTED_EDGE('',*,*,#3466,.F.);
#4980=ORIENTED_EDGE('',*,*,#3468,.F.);
#4981=ORIENTED_EDGE('',*,*,#3470,.F.);
#4982=ORIENTED_EDGE('',*,*,#3472,.F.);
#4983=ORIENTED_EDGE('',*,*,#3474,.F.);
#4984=ORIENTED_EDGE('',*,*,#3460,.F.);
#4985=ORIENTED_EDGE('',*,*,#3445,.F.);
#4986=ORIENTED_EDGE('',*,*,#3448,.F.);
#4987=ORIENTED_EDGE('',*,*,#3450,.F.);
#4988=ORIENTED_EDGE('',*,*,#3452,.F.);
#4989=ORIENTED_EDGE('',*,*,#3454,.F.);
#4990=ORIENTED_EDGE('',*,*,#3456,.F.);
#4991=ORIENTED_EDGE('',*,*,#3458,.F.);
#4992=ORIENTED_EDGE('',*,*,#3444,.F.);
#4993=ORIENTED_EDGE('',*,*,#3429,.F.);
#4994=ORIENTED_EDGE('',*,*,#3432,.F.);
#4995=ORIENTED_EDGE('',*,*,#3434,.F.);
#4996=ORIENTED_EDGE('',*,*,#3436,.F.);
#4997=ORIENTED_EDGE('',*,*,#3438,.F.);
#4998=ORIENTED_EDGE('',*,*,#3440,.F.);
#4999=ORIENTED_EDGE('',*,*,#3442,.F.);
#5000=ORIENTED_EDGE('',*,*,#3428,.F.);
#5001=ORIENTED_EDGE('',*,*,#3413,.F.);
#5002=ORIENTED_EDGE('',*,*,#3416,.F.);
#5003=ORIENTED_EDGE('',*,*,#3418,.F.);
#5004=ORIENTED_EDGE('',*,*,#3420,.F.);
#5005=ORIENTED_EDGE('',*,*,#3422,.F.);
#5006=ORIENTED_EDGE('',*,*,#3424,.F.);
#5007=ORIENTED_EDGE('',*,*,#3426,.F.);
#5008=ORIENTED_EDGE('',*,*,#3412,.F.);
#5009=ORIENTED_EDGE('',*,*,#3397,.F.);
#5010=ORIENTED_EDGE('',*,*,#3400,.F.);
#5011=ORIENTED_EDGE('',*,*,#3402,.F.);
#5012=ORIENTED_EDGE('',*,*,#3404,.F.);
#5013=ORIENTED_EDGE('',*,*,#3406,.F.);
#5014=ORIENTED_EDGE('',*,*,#3408,.F.);
#5015=ORIENTED_EDGE('',*,*,#3410,.F.);
#5016=ORIENTED_EDGE('',*,*,#3396,.F.);
#5017=ORIENTED_EDGE('',*,*,#3381,.F.);
#5018=ORIENTED_EDGE('',*,*,#3384,.F.);
#5019=ORIENTED_EDGE('',*,*,#3386,.F.);
#5020=ORIENTED_EDGE('',*,*,#3388,.F.);
#5021=ORIENTED_EDGE('',*,*,#3390,.F.);
#5022=ORIENTED_EDGE('',*,*,#3392,.F.);
#5023=ORIENTED_EDGE('',*,*,#3394,.F.);
#5024=ORIENTED_EDGE('',*,*,#3380,.F.);
#5025=ORIENTED_EDGE('',*,*,#3365,.F.);
#5026=ORIENTED_EDGE('',*,*,#3368,.F.);
#5027=ORIENTED_EDGE('',*,*,#3370,.F.);
#5028=ORIENTED_EDGE('',*,*,#3372,.F.);
#5029=ORIENTED_EDGE('',*,*,#3374,.F.);
#5030=ORIENTED_EDGE('',*,*,#3376,.F.);
#5031=ORIENTED_EDGE('',*,*,#3378,.F.);
#5032=ORIENTED_EDGE('',*,*,#3364,.F.);
#5033=ORIENTED_EDGE('',*,*,#3349,.F.);
#5034=ORIENTED_EDGE('',*,*,#3352,.F.);
#5035=ORIENTED_EDGE('',*,*,#3354,.F.);
#5036=ORIENTED_EDGE('',*,*,#3356,.F.);
#5037=ORIENTED_EDGE('',*,*,#3358,.F.);
#5038=ORIENTED_EDGE('',*,*,#3360,.F.);
#5039=ORIENTED_EDGE('',*,*,#3362,.F.);
#5040=ORIENTED_EDGE('',*,*,#3348,.F.);
#5041=ORIENTED_EDGE('',*,*,#3333,.F.);
#5042=ORIENTED_EDGE('',*,*,#3336,.F.);
#5043=ORIENTED_EDGE('',*,*,#3338,.F.);
#5044=ORIENTED_EDGE('',*,*,#3340,.F.);
#5045=ORIENTED_EDGE('',*,*,#3342,.F.);
#5046=ORIENTED_EDGE('',*,*,#3344,.F.);
#5047=ORIENTED_EDGE('',*,*,#3346,.F.);
#5048=ORIENTED_EDGE('',*,*,#3332,.F.);
#5049=ORIENTED_EDGE('',*,*,#3317,.F.);
#5050=ORIENTED_EDGE('',*,*,#3320,.F.);
#5051=ORIENTED_EDGE('',*,*,#3322,.F.);
#5052=ORIENTED_EDGE('',*,*,#3324,.F.);
#5053=ORIENTED_EDGE('',*,*,#3326,.F.);
#5054=ORIENTED_EDGE('',*,*,#3328,.F.);
#5055=ORIENTED_EDGE('',*,*,#3330,.F.);
#5056=ORIENTED_EDGE('',*,*,#3316,.F.);
#5057=ORIENTED_EDGE('',*,*,#3301,.F.);
#5058=ORIENTED_EDGE('',*,*,#3304,.F.);
#5059=ORIENTED_EDGE('',*,*,#3306,.F.);
#5060=ORIENTED_EDGE('',*,*,#3308,.F.);
#5061=ORIENTED_EDGE('',*,*,#3310,.F.);
#5062=ORIENTED_EDGE('',*,*,#3312,.F.);
#5063=ORIENTED_EDGE('',*,*,#3314,.F.);
#5064=ORIENTED_EDGE('',*,*,#3300,.F.);
#5065=ORIENTED_EDGE('',*,*,#3285,.F.);
#5066=ORIENTED_EDGE('',*,*,#3288,.F.);
#5067=ORIENTED_EDGE('',*,*,#3290,.F.);
#5068=ORIENTED_EDGE('',*,*,#3292,.F.);
#5069=ORIENTED_EDGE('',*,*,#3294,.F.);
#5070=ORIENTED_EDGE('',*,*,#3296,.F.);
#5071=ORIENTED_EDGE('',*,*,#3298,.F.);
#5072=ORIENTED_EDGE('',*,*,#3284,.F.);
#5073=ORIENTED_EDGE('',*,*,#3269,.F.);
#5074=ORIENTED_EDGE('',*,*,#3272,.F.);
#5075=ORIENTED_EDGE('',*,*,#3274,.F.);
#5076=ORIENTED_EDGE('',*,*,#3276,.F.);
#5077=ORIENTED_EDGE('',*,*,#3278,.F.);
#5078=ORIENTED_EDGE('',*,*,#3280,.F.);
#5079=ORIENTED_EDGE('',*,*,#3282,.F.);
#5080=ORIENTED_EDGE('',*,*,#3268,.F.);
#5081=ORIENTED_EDGE('',*,*,#3253,.F.);
#5082=ORIENTED_EDGE('',*,*,#3256,.F.);
#5083=ORIENTED_EDGE('',*,*,#3258,.F.);
#5084=ORIENTED_EDGE('',*,*,#3260,.F.);
#5085=ORIENTED_EDGE('',*,*,#3262,.F.);
#5086=ORIENTED_EDGE('',*,*,#3264,.F.);
#5087=ORIENTED_EDGE('',*,*,#3266,.F.);
#5088=ORIENTED_EDGE('',*,*,#3252,.F.);
#5089=ORIENTED_EDGE('',*,*,#3237,.F.);
#5090=ORIENTED_EDGE('',*,*,#3240,.F.);
#5091=ORIENTED_EDGE('',*,*,#3242,.F.);
#5092=ORIENTED_EDGE('',*,*,#3244,.F.);
#5093=ORIENTED_EDGE('',*,*,#3246,.F.);
#5094=ORIENTED_EDGE('',*,*,#3248,.F.);
#5095=ORIENTED_EDGE('',*,*,#3250,.F.);
#5096=ORIENTED_EDGE('',*,*,#3236,.F.);
#5097=ORIENTED_EDGE('',*,*,#3221,.F.);
#5098=ORIENTED_EDGE('',*,*,#3224,.F.);
#5099=ORIENTED_EDGE('',*,*,#3226,.F.);
#5100=ORIENTED_EDGE('',*,*,#3228,.F.);
#5101=ORIENTED_EDGE('',*,*,#3230,.F.);
#5102=ORIENTED_EDGE('',*,*,#3232,.F.);
#5103=ORIENTED_EDGE('',*,*,#3234,.F.);
#5104=ORIENTED_EDGE('',*,*,#3220,.F.);
#5105=ORIENTED_EDGE('',*,*,#3205,.F.);
#5106=ORIENTED_EDGE('',*,*,#3208,.F.);
#5107=ORIENTED_EDGE('',*,*,#3210,.F.);
#5108=ORIENTED_EDGE('',*,*,#3212,.F.);
#5109=ORIENTED_EDGE('',*,*,#3214,.F.);
#5110=ORIENTED_EDGE('',*,*,#3216,.F.);
#5111=ORIENTED_EDGE('',*,*,#3218,.F.);
#5112=ORIENTED_EDGE('',*,*,#3204,.F.);
#5113=ORIENTED_EDGE('',*,*,#3189,.F.);
#5114=ORIENTED_EDGE('',*,*,#3192,.F.);
#5115=ORIENTED_EDGE('',*,*,#3194,.F.);
#5116=ORIENTED_EDGE('',*,*,#3196,.F.);
#5117=ORIENTED_EDGE('',*,*,#3198,.F.);
#5118=ORIENTED_EDGE('',*,*,#3200,.F.);
#5119=ORIENTED_EDGE('',*,*,#3202,.F.);
#5120=ORIENTED_EDGE('',*,*,#3188,.F.);
#5121=ORIENTED_EDGE('',*,*,#3173,.F.);
#5122=ORIENTED_EDGE('',*,*,#3176,.F.);
#5123=ORIENTED_EDGE('',*,*,#3178,.F.);
#5124=ORIENTED_EDGE('',*,*,#3180,.F.);
#5125=ORIENTED_EDGE('',*,*,#3182,.F.);
#5126=ORIENTED_EDGE('',*,*,#3184,.F.);
#5127=ORIENTED_EDGE('',*,*,#3186,.F.);
#5128=ORIENTED_EDGE('',*,*,#3172,.F.);
#5129=ORIENTED_EDGE('',*,*,#3157,.F.);
#5130=ORIENTED_EDGE('',*,*,#3160,.F.);
#5131=ORIENTED_EDGE('',*,*,#3162,.F.);
#5132=ORIENTED_EDGE('',*,*,#3164,.F.);
#5133=ORIENTED_EDGE('',*,*,#3166,.F.);
#5134=ORIENTED_EDGE('',*,*,#3168,.F.);
#5135=ORIENTED_EDGE('',*,*,#3170,.F.);
#5136=ORIENTED_EDGE('',*,*,#3156,.F.);
#5137=ORIENTED_EDGE('',*,*,#3141,.F.);
#5138=ORIENTED_EDGE('',*,*,#3144,.F.);
#5139=ORIENTED_EDGE('',*,*,#3146,.F.);
#5140=ORIENTED_EDGE('',*,*,#3148,.F.);
#5141=ORIENTED_EDGE('',*,*,#3150,.F.);
#5142=ORIENTED_EDGE('',*,*,#3152,.F.);
#5143=ORIENTED_EDGE('',*,*,#3154,.F.);
#5144=ORIENTED_EDGE('',*,*,#3140,.F.);
#5145=ORIENTED_EDGE('',*,*,#3125,.F.);
#5146=ORIENTED_EDGE('',*,*,#3128,.F.);
#5147=ORIENTED_EDGE('',*,*,#3130,.F.);
#5148=ORIENTED_EDGE('',*,*,#3132,.F.);
#5149=ORIENTED_EDGE('',*,*,#3134,.F.);
#5150=ORIENTED_EDGE('',*,*,#3136,.F.);
#5151=ORIENTED_EDGE('',*,*,#3138,.F.);
#5152=ORIENTED_EDGE('',*,*,#3124,.F.);
#5153=ORIENTED_EDGE('',*,*,#3109,.F.);
#5154=ORIENTED_EDGE('',*,*,#3112,.F.);
#5155=ORIENTED_EDGE('',*,*,#3114,.F.);
#5156=ORIENTED_EDGE('',*,*,#3116,.F.);
#5157=ORIENTED_EDGE('',*,*,#3118,.F.);
#5158=ORIENTED_EDGE('',*,*,#3120,.F.);
#5159=ORIENTED_EDGE('',*,*,#3122,.F.);
#5160=ORIENTED_EDGE('',*,*,#3108,.F.);
#5161=ORIENTED_EDGE('',*,*,#3093,.F.);
#5162=ORIENTED_EDGE('',*,*,#3096,.F.);
#5163=ORIENTED_EDGE('',*,*,#3098,.F.);
#5164=ORIENTED_EDGE('',*,*,#3100,.F.);
#5165=ORIENTED_EDGE('',*,*,#3102,.F.);
#5166=ORIENTED_EDGE('',*,*,#3104,.F.);
#5167=ORIENTED_EDGE('',*,*,#3106,.F.);
#5168=ORIENTED_EDGE('',*,*,#3092,.F.);
#5169=ORIENTED_EDGE('',*,*,#3077,.F.);
#5170=ORIENTED_EDGE('',*,*,#3080,.F.);
#5171=ORIENTED_EDGE('',*,*,#3082,.F.);
#5172=ORIENTED_EDGE('',*,*,#3084,.F.);
#5173=ORIENTED_EDGE('',*,*,#3086,.F.);
#5174=ORIENTED_EDGE('',*,*,#3088,.F.);
#5175=ORIENTED_EDGE('',*,*,#3090,.F.);
#5176=CYLINDRICAL_SURFACE('',#5598,1.);
#5177=CYLINDRICAL_SURFACE('',#5601,1.);
#5178=CYLINDRICAL_SURFACE('',#5603,1.);
#5179=CYLINDRICAL_SURFACE('',#5605,1.);
#5180=CYLINDRICAL_SURFACE('',#5607,1.);
#5181=CYLINDRICAL_SURFACE('',#5624,3.35);
#5182=CYLINDRICAL_SURFACE('',#5627,3.35000000000001);
#5183=CYLINDRICAL_SURFACE('',#5634,2.4);
#5184=CYLINDRICAL_SURFACE('',#5637,2.4);
#5185=CYLINDRICAL_SURFACE('',#5640,2.4);
#5186=CYLINDRICAL_SURFACE('',#5643,2.4);
#5187=CYLINDRICAL_SURFACE('',#5772,0.499999999999998);
#5188=CYLINDRICAL_SURFACE('',#5775,0.499999999999998);
#5189=CYLINDRICAL_SURFACE('',#5778,0.499999999999998);
#5190=CYLINDRICAL_SURFACE('',#5781,0.499999999999998);
#5191=CYLINDRICAL_SURFACE('',#5784,0.499999999999998);
#5192=CYLINDRICAL_SURFACE('',#5787,0.499999999999998);
#5193=CYLINDRICAL_SURFACE('',#5790,0.499999999999998);
#5194=CYLINDRICAL_SURFACE('',#5793,0.500000000000007);
#5195=CYLINDRICAL_SURFACE('',#5796,0.499999999999998);
#5196=CYLINDRICAL_SURFACE('',#5799,0.499999999999998);
#5197=CYLINDRICAL_SURFACE('',#5802,0.499999999999998);
#5198=CYLINDRICAL_SURFACE('',#5805,0.499999999999998);
#5199=CYLINDRICAL_SURFACE('',#5808,0.499999999999998);
#5200=CYLINDRICAL_SURFACE('',#5811,0.499999999999989);
#5201=CYLINDRICAL_SURFACE('',#5814,0.499999999999998);
#5202=CYLINDRICAL_SURFACE('',#5817,0.499999999999998);
#5203=CYLINDRICAL_SURFACE('',#5820,0.5);
#5204=CYLINDRICAL_SURFACE('',#5823,0.5);
#5205=CYLINDRICAL_SURFACE('',#5826,0.500000000000003);
#5206=CYLINDRICAL_SURFACE('',#5829,0.499999999999998);
#5207=CYLINDRICAL_SURFACE('',#5832,0.499999999999989);
#5208=CYLINDRICAL_SURFACE('',#5835,0.499999999999989);
#5209=CYLINDRICAL_SURFACE('',#5838,0.500000000000007);
#5210=CYLINDRICAL_SURFACE('',#5841,0.499999999999998);
#5211=CYLINDRICAL_SURFACE('',#5844,0.499999999999998);
#5212=CYLINDRICAL_SURFACE('',#5847,0.499999999999989);
#5213=CYLINDRICAL_SURFACE('',#5850,0.500000000000003);
#5214=CYLINDRICAL_SURFACE('',#5853,0.499999999999998);
#5215=CYLINDRICAL_SURFACE('',#5856,0.499999999999998);
#5216=CYLINDRICAL_SURFACE('',#5859,0.499999999999989);
#5217=CYLINDRICAL_SURFACE('',#5862,0.499999999999998);
#5218=CYLINDRICAL_SURFACE('',#5865,0.500000000000007);
#5219=CYLINDRICAL_SURFACE('',#5868,0.499999999999998);
#5220=CYLINDRICAL_SURFACE('',#5871,0.500000000000007);
#5221=CYLINDRICAL_SURFACE('',#5874,0.500000000000007);
#5222=CYLINDRICAL_SURFACE('',#5877,0.499999999999989);
#5223=CYLINDRICAL_SURFACE('',#5880,0.499999999999998);
#5224=CYLINDRICAL_SURFACE('',#5883,0.499999999999998);
#5225=CYLINDRICAL_SURFACE('',#5886,0.500000000000003);
#5226=CYLINDRICAL_SURFACE('',#5889,0.499999999999998);
#5227=CYLINDRICAL_SURFACE('',#5892,0.5);
#5228=CYLINDRICAL_SURFACE('',#5895,0.500000000000007);
#5229=CYLINDRICAL_SURFACE('',#5898,0.500000000000003);
#5230=CYLINDRICAL_SURFACE('',#5901,0.499999999999989);
#5231=CYLINDRICAL_SURFACE('',#5904,0.499999999999998);
#5232=CYLINDRICAL_SURFACE('',#5907,0.499999999999989);
#5233=CYLINDRICAL_SURFACE('',#5910,0.500000000000003);
#5234=CYLINDRICAL_SURFACE('',#5913,0.500000000000007);
#5235=CYLINDRICAL_SURFACE('',#5916,0.499999999999998);
#5236=CYLINDRICAL_SURFACE('',#5919,0.499999999999998);
#5237=CYLINDRICAL_SURFACE('',#5922,0.500000000000003);
#5238=CYLINDRICAL_SURFACE('',#5925,0.500000000000007);
#5239=CYLINDRICAL_SURFACE('',#5928,0.5);
#5240=CYLINDRICAL_SURFACE('',#5931,0.499999999999998);
#5241=CYLINDRICAL_SURFACE('',#5934,0.500000000000003);
#5242=CYLINDRICAL_SURFACE('',#5937,0.500000000000007);
#5243=CYLINDRICAL_SURFACE('',#5940,0.5);
#5244=CYLINDRICAL_SURFACE('',#5943,0.500000000000003);
#5245=CYLINDRICAL_SURFACE('',#5946,0.500000000000003);
#5246=CYLINDRICAL_SURFACE('',#5949,0.499999999999998);
#5247=CYLINDRICAL_SURFACE('',#5952,0.499999999999998);
#5248=CYLINDRICAL_SURFACE('',#5955,0.499999999999999);
#5249=CYLINDRICAL_SURFACE('',#5958,0.500000000000003);
#5250=CYLINDRICAL_SURFACE('',#5961,0.500000000000003);
#5251=CYLINDRICAL_SURFACE('',#5964,0.5);
#5252=CYLINDRICAL_SURFACE('',#5967,0.499999999999998);
#5253=CYLINDRICAL_SURFACE('',#5970,0.5);
#5254=CYLINDRICAL_SURFACE('',#5973,0.500000000000007);
#5255=CYLINDRICAL_SURFACE('',#5976,0.5);
#5256=CYLINDRICAL_SURFACE('',#5979,0.499999999999998);
#5257=CYLINDRICAL_SURFACE('',#5982,0.5);
#5258=CYLINDRICAL_SURFACE('',#5985,0.499999999999998);
#5259=CYLINDRICAL_SURFACE('',#5988,0.5);
#5260=CYLINDRICAL_SURFACE('',#5991,0.499999999999999);
#5261=CYLINDRICAL_SURFACE('',#5994,0.5);
#5262=CYLINDRICAL_SURFACE('',#5997,0.500000000000003);
#5263=CYLINDRICAL_SURFACE('',#6000,0.499999999999998);
#5264=CYLINDRICAL_SURFACE('',#6003,0.499999999999989);
#5265=CYLINDRICAL_SURFACE('',#6006,0.499999999999998);
#5266=CYLINDRICAL_SURFACE('',#6009,0.499999999999998);
#5267=CYLINDRICAL_SURFACE('',#6012,0.5);
#5268=CYLINDRICAL_SURFACE('',#6015,0.499999999999989);
#5269=CYLINDRICAL_SURFACE('',#6018,0.5);
#5270=CYLINDRICAL_SURFACE('',#6021,0.500000000000007);
#5271=CYLINDRICAL_SURFACE('',#6024,0.5);
#5272=CYLINDRICAL_SURFACE('',#6027,0.499999999999989);
#5273=CYLINDRICAL_SURFACE('',#6030,0.499999999999998);
#5274=CYLINDRICAL_SURFACE('',#6033,0.499999999999998);
#5275=CYLINDRICAL_SURFACE('',#6036,0.499999999999998);
#5276=CYLINDRICAL_SURFACE('',#6039,0.500000000000003);
#5277=CYLINDRICAL_SURFACE('',#6042,0.500000000000007);
#5278=CYLINDRICAL_SURFACE('',#6045,0.499999999999998);
#5279=CYLINDRICAL_SURFACE('',#6048,0.499999999999998);
#5280=CYLINDRICAL_SURFACE('',#6051,0.499999999999998);
#5281=CYLINDRICAL_SURFACE('',#6054,0.500000000000007);
#5282=CYLINDRICAL_SURFACE('',#6057,0.500000000000007);
#5283=CYLINDRICAL_SURFACE('',#6060,0.499999999999998);
#5284=CYLINDRICAL_SURFACE('',#6063,0.499999999999989);
#5285=CYLINDRICAL_SURFACE('',#6066,0.499999999999989);
#5286=CYLINDRICAL_SURFACE('',#6069,0.499999999999998);
#5287=CYLINDRICAL_SURFACE('',#6072,0.499999999999998);
#5288=CYLINDRICAL_SURFACE('',#6075,0.499999999999998);
#5289=CYLINDRICAL_SURFACE('',#6078,0.499999999999998);
#5290=CYLINDRICAL_SURFACE('',#6081,0.500000000000007);
#5291=CYLINDRICAL_SURFACE('',#6084,0.499999999999998);
#5292=CYLINDRICAL_SURFACE('',#6087,0.499999999999999);
#5293=CYLINDRICAL_SURFACE('',#6090,0.499999999999998);
#5294=CYLINDRICAL_SURFACE('',#6093,0.500000000000003);
#5295=CYLINDRICAL_SURFACE('',#6096,0.499999999999998);
#5296=CYLINDRICAL_SURFACE('',#6099,0.499999999999989);
#5297=CYLINDRICAL_SURFACE('',#6102,0.499999999999998);
#5298=CYLINDRICAL_SURFACE('',#6105,0.500000000000007);
#5299=CYLINDRICAL_SURFACE('',#6108,0.499999999999998);
#5300=CYLINDRICAL_SURFACE('',#6111,0.499999999999999);
#5301=CYLINDRICAL_SURFACE('',#6114,0.499999999999998);
#5302=CYLINDRICAL_SURFACE('',#6117,0.500000000000003);
#5303=CYLINDRICAL_SURFACE('',#6120,0.499999999999998);
#5304=CYLINDRICAL_SURFACE('',#6123,0.5);
#5305=CYLINDRICAL_SURFACE('',#6126,0.500000000000007);
#5306=CYLINDRICAL_SURFACE('',#6129,0.499999999999998);
#5307=ADVANCED_FACE('',(#229),#5176,.T.);
#5308=ADVANCED_FACE('',(#230),#5177,.T.);
#5309=ADVANCED_FACE('',(#231),#5178,.T.);
#5310=ADVANCED_FACE('',(#232),#5179,.T.);
#5311=ADVANCED_FACE('',(#233),#5180,.T.);
#5312=ADVANCED_FACE('',(#234,#15,#16),#83,.T.);
#5313=ADVANCED_FACE('',(#235),#84,.T.);
#5314=ADVANCED_FACE('',(#236),#85,.T.);
#5315=ADVANCED_FACE('',(#237),#86,.T.);
#5316=ADVANCED_FACE('',(#238),#87,.F.);
#5317=ADVANCED_FACE('',(#239),#88,.F.);
#5318=ADVANCED_FACE('',(#240),#89,.F.);
#5319=ADVANCED_FACE('',(#241),#90,.F.);
#5320=ADVANCED_FACE('',(#242,#17,#18,#19,#20),#91,.T.);
#5321=ADVANCED_FACE('',(#243),#5181,.F.);
#5322=ADVANCED_FACE('',(#244),#92,.T.);
#5323=ADVANCED_FACE('',(#245),#5182,.F.);
#5324=ADVANCED_FACE('',(#246),#93,.T.);
#5325=ADVANCED_FACE('',(#247),#94,.F.);
#5326=ADVANCED_FACE('',(#248),#95,.F.);
#5327=ADVANCED_FACE('',(#249),#96,.T.);
#5328=ADVANCED_FACE('',(#250,#21),#97,.T.);
#5329=ADVANCED_FACE('',(#251),#5183,.F.);
#5330=ADVANCED_FACE('',(#252),#98,.F.);
#5331=ADVANCED_FACE('',(#253),#5184,.F.);
#5332=ADVANCED_FACE('',(#254),#99,.F.);
#5333=ADVANCED_FACE('',(#255),#5185,.F.);
#5334=ADVANCED_FACE('',(#256),#100,.F.);
#5335=ADVANCED_FACE('',(#257),#5186,.F.);
#5336=ADVANCED_FACE('',(#258),#101,.F.);
#5337=ADVANCED_FACE('',(#259,#22),#102,.T.);
#5338=ADVANCED_FACE('',(#260),#103,.T.);
#5339=ADVANCED_FACE('',(#261),#104,.T.);
#5340=ADVANCED_FACE('',(#262,#23,#24,#25,#26,#27,#28,#29,#30,#31,#32,#33,
#34,#35,#36,#37,#38,#39,#40,#41,#42,#43,#44,#45,#46,#47,#48,#49,#50,#51,
#52),#105,.T.);
#5341=ADVANCED_FACE('',(#263),#106,.T.);
#5342=ADVANCED_FACE('',(#264),#107,.T.);
#5343=ADVANCED_FACE('',(#265),#5187,.F.);
#5344=ADVANCED_FACE('',(#266),#108,.T.);
#5345=ADVANCED_FACE('',(#267),#5188,.F.);
#5346=ADVANCED_FACE('',(#268),#109,.T.);
#5347=ADVANCED_FACE('',(#269),#5189,.F.);
#5348=ADVANCED_FACE('',(#270),#110,.T.);
#5349=ADVANCED_FACE('',(#271),#5190,.F.);
#5350=ADVANCED_FACE('',(#272),#111,.T.);
#5351=ADVANCED_FACE('',(#273),#5191,.F.);
#5352=ADVANCED_FACE('',(#274),#112,.T.);
#5353=ADVANCED_FACE('',(#275),#5192,.F.);
#5354=ADVANCED_FACE('',(#276),#113,.T.);
#5355=ADVANCED_FACE('',(#277),#5193,.F.);
#5356=ADVANCED_FACE('',(#278),#114,.T.);
#5357=ADVANCED_FACE('',(#279),#5194,.F.);
#5358=ADVANCED_FACE('',(#280),#115,.T.);
#5359=ADVANCED_FACE('',(#281),#5195,.F.);
#5360=ADVANCED_FACE('',(#282),#116,.T.);
#5361=ADVANCED_FACE('',(#283),#5196,.F.);
#5362=ADVANCED_FACE('',(#284),#117,.T.);
#5363=ADVANCED_FACE('',(#285),#5197,.F.);
#5364=ADVANCED_FACE('',(#286),#118,.T.);
#5365=ADVANCED_FACE('',(#287),#5198,.F.);
#5366=ADVANCED_FACE('',(#288),#119,.T.);
#5367=ADVANCED_FACE('',(#289),#5199,.F.);
#5368=ADVANCED_FACE('',(#290),#120,.T.);
#5369=ADVANCED_FACE('',(#291),#5200,.F.);
#5370=ADVANCED_FACE('',(#292),#121,.T.);
#5371=ADVANCED_FACE('',(#293),#5201,.F.);
#5372=ADVANCED_FACE('',(#294),#122,.T.);
#5373=ADVANCED_FACE('',(#295),#5202,.F.);
#5374=ADVANCED_FACE('',(#296),#123,.T.);
#5375=ADVANCED_FACE('',(#297),#5203,.F.);
#5376=ADVANCED_FACE('',(#298),#124,.T.);
#5377=ADVANCED_FACE('',(#299),#5204,.F.);
#5378=ADVANCED_FACE('',(#300),#125,.T.);
#5379=ADVANCED_FACE('',(#301),#5205,.F.);
#5380=ADVANCED_FACE('',(#302),#126,.T.);
#5381=ADVANCED_FACE('',(#303),#5206,.F.);
#5382=ADVANCED_FACE('',(#304),#127,.T.);
#5383=ADVANCED_FACE('',(#305),#5207,.F.);
#5384=ADVANCED_FACE('',(#306),#128,.T.);
#5385=ADVANCED_FACE('',(#307),#5208,.F.);
#5386=ADVANCED_FACE('',(#308),#129,.T.);
#5387=ADVANCED_FACE('',(#309),#5209,.F.);
#5388=ADVANCED_FACE('',(#310),#130,.T.);
#5389=ADVANCED_FACE('',(#311),#5210,.F.);
#5390=ADVANCED_FACE('',(#312),#131,.T.);
#5391=ADVANCED_FACE('',(#313),#5211,.F.);
#5392=ADVANCED_FACE('',(#314),#132,.T.);
#5393=ADVANCED_FACE('',(#315),#5212,.F.);
#5394=ADVANCED_FACE('',(#316),#133,.T.);
#5395=ADVANCED_FACE('',(#317),#5213,.F.);
#5396=ADVANCED_FACE('',(#318),#134,.T.);
#5397=ADVANCED_FACE('',(#319),#5214,.F.);
#5398=ADVANCED_FACE('',(#320),#135,.T.);
#5399=ADVANCED_FACE('',(#321),#5215,.F.);
#5400=ADVANCED_FACE('',(#322),#136,.T.);
#5401=ADVANCED_FACE('',(#323),#5216,.F.);
#5402=ADVANCED_FACE('',(#324),#137,.T.);
#5403=ADVANCED_FACE('',(#325),#5217,.F.);
#5404=ADVANCED_FACE('',(#326),#138,.T.);
#5405=ADVANCED_FACE('',(#327),#5218,.F.);
#5406=ADVANCED_FACE('',(#328),#139,.T.);
#5407=ADVANCED_FACE('',(#329),#5219,.F.);
#5408=ADVANCED_FACE('',(#330),#140,.T.);
#5409=ADVANCED_FACE('',(#331),#5220,.F.);
#5410=ADVANCED_FACE('',(#332),#141,.T.);
#5411=ADVANCED_FACE('',(#333),#5221,.F.);
#5412=ADVANCED_FACE('',(#334),#142,.T.);
#5413=ADVANCED_FACE('',(#335),#5222,.F.);
#5414=ADVANCED_FACE('',(#336),#143,.T.);
#5415=ADVANCED_FACE('',(#337),#5223,.F.);
#5416=ADVANCED_FACE('',(#338),#144,.T.);
#5417=ADVANCED_FACE('',(#339),#5224,.F.);
#5418=ADVANCED_FACE('',(#340),#145,.T.);
#5419=ADVANCED_FACE('',(#341),#5225,.F.);
#5420=ADVANCED_FACE('',(#342),#146,.T.);
#5421=ADVANCED_FACE('',(#343),#5226,.F.);
#5422=ADVANCED_FACE('',(#344),#147,.T.);
#5423=ADVANCED_FACE('',(#345),#5227,.F.);
#5424=ADVANCED_FACE('',(#346),#148,.T.);
#5425=ADVANCED_FACE('',(#347),#5228,.F.);
#5426=ADVANCED_FACE('',(#348),#149,.T.);
#5427=ADVANCED_FACE('',(#349),#5229,.F.);
#5428=ADVANCED_FACE('',(#350),#150,.T.);
#5429=ADVANCED_FACE('',(#351),#5230,.F.);
#5430=ADVANCED_FACE('',(#352),#151,.T.);
#5431=ADVANCED_FACE('',(#353),#5231,.F.);
#5432=ADVANCED_FACE('',(#354),#152,.T.);
#5433=ADVANCED_FACE('',(#355),#5232,.F.);
#5434=ADVANCED_FACE('',(#356),#153,.T.);
#5435=ADVANCED_FACE('',(#357),#5233,.F.);
#5436=ADVANCED_FACE('',(#358),#154,.T.);
#5437=ADVANCED_FACE('',(#359),#5234,.F.);
#5438=ADVANCED_FACE('',(#360),#155,.T.);
#5439=ADVANCED_FACE('',(#361),#5235,.F.);
#5440=ADVANCED_FACE('',(#362),#156,.T.);
#5441=ADVANCED_FACE('',(#363),#5236,.F.);
#5442=ADVANCED_FACE('',(#364),#157,.T.);
#5443=ADVANCED_FACE('',(#365),#5237,.F.);
#5444=ADVANCED_FACE('',(#366),#158,.T.);
#5445=ADVANCED_FACE('',(#367),#5238,.F.);
#5446=ADVANCED_FACE('',(#368),#159,.T.);
#5447=ADVANCED_FACE('',(#369),#5239,.F.);
#5448=ADVANCED_FACE('',(#370),#160,.T.);
#5449=ADVANCED_FACE('',(#371),#5240,.F.);
#5450=ADVANCED_FACE('',(#372),#161,.T.);
#5451=ADVANCED_FACE('',(#373),#5241,.F.);
#5452=ADVANCED_FACE('',(#374),#162,.T.);
#5453=ADVANCED_FACE('',(#375),#5242,.F.);
#5454=ADVANCED_FACE('',(#376),#163,.T.);
#5455=ADVANCED_FACE('',(#377),#5243,.F.);
#5456=ADVANCED_FACE('',(#378),#164,.T.);
#5457=ADVANCED_FACE('',(#379),#5244,.F.);
#5458=ADVANCED_FACE('',(#380),#165,.T.);
#5459=ADVANCED_FACE('',(#381),#5245,.F.);
#5460=ADVANCED_FACE('',(#382),#166,.T.);
#5461=ADVANCED_FACE('',(#383),#5246,.F.);
#5462=ADVANCED_FACE('',(#384),#167,.T.);
#5463=ADVANCED_FACE('',(#385),#5247,.F.);
#5464=ADVANCED_FACE('',(#386),#168,.T.);
#5465=ADVANCED_FACE('',(#387),#5248,.F.);
#5466=ADVANCED_FACE('',(#388),#169,.T.);
#5467=ADVANCED_FACE('',(#389),#5249,.F.);
#5468=ADVANCED_FACE('',(#390),#170,.T.);
#5469=ADVANCED_FACE('',(#391),#5250,.F.);
#5470=ADVANCED_FACE('',(#392),#171,.T.);
#5471=ADVANCED_FACE('',(#393),#5251,.F.);
#5472=ADVANCED_FACE('',(#394),#172,.T.);
#5473=ADVANCED_FACE('',(#395),#5252,.F.);
#5474=ADVANCED_FACE('',(#396),#173,.T.);
#5475=ADVANCED_FACE('',(#397),#5253,.F.);
#5476=ADVANCED_FACE('',(#398),#174,.T.);
#5477=ADVANCED_FACE('',(#399),#5254,.F.);
#5478=ADVANCED_FACE('',(#400),#175,.T.);
#5479=ADVANCED_FACE('',(#401),#5255,.F.);
#5480=ADVANCED_FACE('',(#402),#176,.T.);
#5481=ADVANCED_FACE('',(#403),#5256,.F.);
#5482=ADVANCED_FACE('',(#404),#177,.T.);
#5483=ADVANCED_FACE('',(#405),#5257,.F.);
#5484=ADVANCED_FACE('',(#406),#178,.T.);
#5485=ADVANCED_FACE('',(#407),#5258,.F.);
#5486=ADVANCED_FACE('',(#408),#179,.T.);
#5487=ADVANCED_FACE('',(#409),#5259,.F.);
#5488=ADVANCED_FACE('',(#410),#180,.T.);
#5489=ADVANCED_FACE('',(#411),#5260,.F.);
#5490=ADVANCED_FACE('',(#412),#181,.T.);
#5491=ADVANCED_FACE('',(#413),#5261,.F.);
#5492=ADVANCED_FACE('',(#414),#182,.T.);
#5493=ADVANCED_FACE('',(#415),#5262,.F.);
#5494=ADVANCED_FACE('',(#416),#183,.T.);
#5495=ADVANCED_FACE('',(#417),#5263,.F.);
#5496=ADVANCED_FACE('',(#418),#184,.T.);
#5497=ADVANCED_FACE('',(#419),#5264,.F.);
#5498=ADVANCED_FACE('',(#420),#185,.T.);
#5499=ADVANCED_FACE('',(#421),#5265,.F.);
#5500=ADVANCED_FACE('',(#422),#186,.T.);
#5501=ADVANCED_FACE('',(#423),#5266,.F.);
#5502=ADVANCED_FACE('',(#424),#187,.T.);
#5503=ADVANCED_FACE('',(#425),#5267,.F.);
#5504=ADVANCED_FACE('',(#426),#188,.T.);
#5505=ADVANCED_FACE('',(#427),#5268,.F.);
#5506=ADVANCED_FACE('',(#428),#189,.T.);
#5507=ADVANCED_FACE('',(#429),#5269,.F.);
#5508=ADVANCED_FACE('',(#430),#190,.T.);
#5509=ADVANCED_FACE('',(#431),#5270,.F.);
#5510=ADVANCED_FACE('',(#432),#191,.T.);
#5511=ADVANCED_FACE('',(#433),#5271,.F.);
#5512=ADVANCED_FACE('',(#434),#192,.T.);
#5513=ADVANCED_FACE('',(#435),#5272,.F.);
#5514=ADVANCED_FACE('',(#436),#193,.T.);
#5515=ADVANCED_FACE('',(#437),#5273,.F.);
#5516=ADVANCED_FACE('',(#438),#194,.T.);
#5517=ADVANCED_FACE('',(#439),#5274,.F.);
#5518=ADVANCED_FACE('',(#440),#195,.T.);
#5519=ADVANCED_FACE('',(#441),#5275,.F.);
#5520=ADVANCED_FACE('',(#442),#196,.T.);
#5521=ADVANCED_FACE('',(#443),#5276,.F.);
#5522=ADVANCED_FACE('',(#444),#197,.T.);
#5523=ADVANCED_FACE('',(#445),#5277,.F.);
#5524=ADVANCED_FACE('',(#446),#198,.T.);
#5525=ADVANCED_FACE('',(#447),#5278,.F.);
#5526=ADVANCED_FACE('',(#448),#199,.T.);
#5527=ADVANCED_FACE('',(#449),#5279,.F.);
#5528=ADVANCED_FACE('',(#450),#200,.T.);
#5529=ADVANCED_FACE('',(#451),#5280,.F.);
#5530=ADVANCED_FACE('',(#452),#201,.T.);
#5531=ADVANCED_FACE('',(#453),#5281,.F.);
#5532=ADVANCED_FACE('',(#454),#202,.T.);
#5533=ADVANCED_FACE('',(#455),#5282,.F.);
#5534=ADVANCED_FACE('',(#456),#203,.T.);
#5535=ADVANCED_FACE('',(#457),#5283,.F.);
#5536=ADVANCED_FACE('',(#458),#204,.T.);
#5537=ADVANCED_FACE('',(#459),#5284,.F.);
#5538=ADVANCED_FACE('',(#460),#205,.T.);
#5539=ADVANCED_FACE('',(#461),#5285,.F.);
#5540=ADVANCED_FACE('',(#462),#206,.T.);
#5541=ADVANCED_FACE('',(#463),#5286,.F.);
#5542=ADVANCED_FACE('',(#464),#207,.T.);
#5543=ADVANCED_FACE('',(#465),#5287,.F.);
#5544=ADVANCED_FACE('',(#466),#208,.T.);
#5545=ADVANCED_FACE('',(#467),#5288,.F.);
#5546=ADVANCED_FACE('',(#468),#209,.T.);
#5547=ADVANCED_FACE('',(#469),#5289,.F.);
#5548=ADVANCED_FACE('',(#470),#210,.T.);
#5549=ADVANCED_FACE('',(#471),#5290,.F.);
#5550=ADVANCED_FACE('',(#472),#211,.T.);
#5551=ADVANCED_FACE('',(#473),#5291,.F.);
#5552=ADVANCED_FACE('',(#474),#212,.T.);
#5553=ADVANCED_FACE('',(#475),#5292,.F.);
#5554=ADVANCED_FACE('',(#476),#213,.T.);
#5555=ADVANCED_FACE('',(#477),#5293,.F.);
#5556=ADVANCED_FACE('',(#478),#214,.T.);
#5557=ADVANCED_FACE('',(#479),#5294,.F.);
#5558=ADVANCED_FACE('',(#480),#215,.T.);
#5559=ADVANCED_FACE('',(#481),#5295,.F.);
#5560=ADVANCED_FACE('',(#482),#216,.T.);
#5561=ADVANCED_FACE('',(#483),#5296,.F.);
#5562=ADVANCED_FACE('',(#484),#217,.T.);
#5563=ADVANCED_FACE('',(#485),#5297,.F.);
#5564=ADVANCED_FACE('',(#486),#218,.T.);
#5565=ADVANCED_FACE('',(#487),#5298,.F.);
#5566=ADVANCED_FACE('',(#488),#219,.T.);
#5567=ADVANCED_FACE('',(#489),#5299,.F.);
#5568=ADVANCED_FACE('',(#490),#220,.T.);
#5569=ADVANCED_FACE('',(#491),#5300,.F.);
#5570=ADVANCED_FACE('',(#492),#221,.T.);
#5571=ADVANCED_FACE('',(#493),#5301,.F.);
#5572=ADVANCED_FACE('',(#494),#222,.T.);
#5573=ADVANCED_FACE('',(#495),#5302,.F.);
#5574=ADVANCED_FACE('',(#496),#223,.T.);
#5575=ADVANCED_FACE('',(#497),#5303,.F.);
#5576=ADVANCED_FACE('',(#498),#224,.T.);
#5577=ADVANCED_FACE('',(#499),#5304,.F.);
#5578=ADVANCED_FACE('',(#500),#225,.T.);
#5579=ADVANCED_FACE('',(#501),#5305,.F.);
#5580=ADVANCED_FACE('',(#502),#226,.T.);
#5581=ADVANCED_FACE('',(#503),#5306,.F.);
#5582=ADVANCED_FACE('',(#504),#227,.T.);
#5583=ADVANCED_FACE('',(#505,#53,#54,#55,#56,#57,#58,#59,#60,#61,#62,#63,
#64,#65,#66,#67,#68,#69,#70,#71,#72,#73,#74,#75,#76,#77,#78,#79,#80,#81,
#82),#228,.F.);
#5584=CLOSED_SHELL('',(#5307,#5308,#5309,#5310,#5311,#5312,#5313,#5314,
#5315,#5316,#5317,#5318,#5319,#5320,#5321,#5322,#5323,#5324,#5325,#5326,
#5327,#5328,#5329,#5330,#5331,#5332,#5333,#5334,#5335,#5336,#5337,#5338,
#5339,#5340,#5341,#5342,#5343,#5344,#5345,#5346,#5347,#5348,#5349,#5350,
#5351,#5352,#5353,#5354,#5355,#5356,#5357,#5358,#5359,#5360,#5361,#5362,
#5363,#5364,#5365,#5366,#5367,#5368,#5369,#5370,#5371,#5372,#5373,#5374,
#5375,#5376,#5377,#5378,#5379,#5380,#5381,#5382,#5383,#5384,#5385,#5386,
#5387,#5388,#5389,#5390,#5391,#5392,#5393,#5394,#5395,#5396,#5397,#5398,
#5399,#5400,#5401,#5402,#5403,#5404,#5405,#5406,#5407,#5408,#5409,#5410,
#5411,#5412,#5413,#5414,#5415,#5416,#5417,#5418,#5419,#5420,#5421,#5422,
#5423,#5424,#5425,#5426,#5427,#5428,#5429,#5430,#5431,#5432,#5433,#5434,
#5435,#5436,#5437,#5438,#5439,#5440,#5441,#5442,#5443,#5444,#5445,#5446,
#5447,#5448,#5449,#5450,#5451,#5452,#5453,#5454,#5455,#5456,#5457,#5458,
#5459,#5460,#5461,#5462,#5463,#5464,#5465,#5466,#5467,#5468,#5469,#5470,
#5471,#5472,#5473,#5474,#5475,#5476,#5477,#5478,#5479,#5480,#5481,#5482,
#5483,#5484,#5485,#5486,#5487,#5488,#5489,#5490,#5491,#5492,#5493,#5494,
#5495,#5496,#5497,#5498,#5499,#5500,#5501,#5502,#5503,#5504,#5505,#5506,
#5507,#5508,#5509,#5510,#5511,#5512,#5513,#5514,#5515,#5516,#5517,#5518,
#5519,#5520,#5521,#5522,#5523,#5524,#5525,#5526,#5527,#5528,#5529,#5530,
#5531,#5532,#5533,#5534,#5535,#5536,#5537,#5538,#5539,#5540,#5541,#5542,
#5543,#5544,#5545,#5546,#5547,#5548,#5549,#5550,#5551,#5552,#5553,#5554,
#5555,#5556,#5557,#5558,#5559,#5560,#5561,#5562,#5563,#5564,#5565,#5566,
#5567,#5568,#5569,#5570,#5571,#5572,#5573,#5574,#5575,#5576,#5577,#5578,
#5579,#5580,#5581,#5582,#5583));
#5585=DERIVED_UNIT_ELEMENT(#5587,1.);
#5586=DERIVED_UNIT_ELEMENT(#9386,-3.);
#5587=(
MASS_UNIT()
NAMED_UNIT(*)
SI_UNIT(.KILO.,.GRAM.)
);
#5588=DERIVED_UNIT((#5585,#5586));
#5589=MEASURE_REPRESENTATION_ITEM('density measure',
POSITIVE_RATIO_MEASURE(7850.),#5588);
#5590=PROPERTY_DEFINITION_REPRESENTATION(#5595,#5592);
#5591=PROPERTY_DEFINITION_REPRESENTATION(#5596,#5593);
#5592=REPRESENTATION('material name',(#5594),#9383);
#5593=REPRESENTATION('density',(#5589),#9383);
#5594=DESCRIPTIVE_REPRESENTATION_ITEM('Steel','Steel');
#5595=PROPERTY_DEFINITION('material property','material name',#9393);
#5596=PROPERTY_DEFINITION('material property','density of part',#9393);
#5597=AXIS2_PLACEMENT_3D('',#7756,#6133,#6134);
#5598=AXIS2_PLACEMENT_3D('',#7757,#6135,#6136);
#5599=AXIS2_PLACEMENT_3D('',#7762,#6138,#6139);
#5600=AXIS2_PLACEMENT_3D('',#7765,#6141,#6142);
#5601=AXIS2_PLACEMENT_3D('',#7766,#6143,#6144);
#5602=AXIS2_PLACEMENT_3D('',#7770,#6146,#6147);
#5603=AXIS2_PLACEMENT_3D('',#7772,#6149,#6150);
#5604=AXIS2_PLACEMENT_3D('',#7776,#6152,#6153);
#5605=AXIS2_PLACEMENT_3D('',#7778,#6155,#6156);
#5606=AXIS2_PLACEMENT_3D('',#7783,#6159,#6160);
#5607=AXIS2_PLACEMENT_3D('',#7784,#6161,#6162);
#5608=AXIS2_PLACEMENT_3D('',#7788,#6164,#6165);
#5609=AXIS2_PLACEMENT_3D('',#7790,#6167,#6168);
#5610=AXIS2_PLACEMENT_3D('',#7805,#6176,#6177);
#5611=AXIS2_PLACEMENT_3D('',#7807,#6178,#6179);
#5612=AXIS2_PLACEMENT_3D('',#7808,#6180,#6181);
#5613=AXIS2_PLACEMENT_3D('',#7812,#6184,#6185);
#5614=AXIS2_PLACEMENT_3D('',#7816,#6188,#6189);
#5615=AXIS2_PLACEMENT_3D('',#7823,#6194,#6195);
#5616=AXIS2_PLACEMENT_3D('',#7829,#6199,#6200);
#5617=AXIS2_PLACEMENT_3D('',#7835,#6204,#6205);
#5618=AXIS2_PLACEMENT_3D('',#7839,#6208,#6209);
#5619=AXIS2_PLACEMENT_3D('',#7843,#6212,#6213);
#5620=AXIS2_PLACEMENT_3D('',#7854,#6219,#6220);
#5621=AXIS2_PLACEMENT_3D('',#7856,#6221,#6222);
#5622=AXIS2_PLACEMENT_3D('',#7858,#6223,#6224);
#5623=AXIS2_PLACEMENT_3D('',#7860,#6225,#6226);
#5624=AXIS2_PLACEMENT_3D('',#7861,#6227,#6228);
#5625=AXIS2_PLACEMENT_3D('',#7864,#6230,#6231);
#5626=AXIS2_PLACEMENT_3D('',#7865,#6232,#6233);
#5627=AXIS2_PLACEMENT_3D('',#7866,#6234,#6235);
#5628=AXIS2_PLACEMENT_3D('',#7869,#6237,#6238);
#5629=AXIS2_PLACEMENT_3D('',#7870,#6239,#6240);
#5630=AXIS2_PLACEMENT_3D('',#7871,#6241,#6242);
#5631=AXIS2_PLACEMENT_3D('',#7877,#6246,#6247);
#5632=AXIS2_PLACEMENT_3D('',#7879,#6249,#6250);
#5633=AXIS2_PLACEMENT_3D('',#7889,#6256,#6257);
#5634=AXIS2_PLACEMENT_3D('',#7900,#6264,#6265);
#5635=AXIS2_PLACEMENT_3D('',#7903,#6267,#6268);
#5636=AXIS2_PLACEMENT_3D('',#7904,#6269,#6270);
#5637=AXIS2_PLACEMENT_3D('',#7905,#6271,#6272);
#5638=AXIS2_PLACEMENT_3D('',#7908,#6274,#6275);
#5639=AXIS2_PLACEMENT_3D('',#7909,#6276,#6277);
#5640=AXIS2_PLACEMENT_3D('',#7910,#6278,#6279);
#5641=AXIS2_PLACEMENT_3D('',#7913,#6281,#6282);
#5642=AXIS2_PLACEMENT_3D('',#7914,#6283,#6284);
#5643=AXIS2_PLACEMENT_3D('',#7915,#6285,#6286);
#5644=AXIS2_PLACEMENT_3D('',#7918,#6288,#6289);
#5645=AXIS2_PLACEMENT_3D('',#7919,#6290,#6291);
#5646=AXIS2_PLACEMENT_3D('',#7920,#6292,#6293);
#5647=AXIS2_PLACEMENT_3D('',#7931,#6300,#6301);
#5648=AXIS2_PLACEMENT_3D('',#7932,#6302,#6303);
#5649=AXIS2_PLACEMENT_3D('',#7933,#6304,#6305);
#5650=AXIS2_PLACEMENT_3D('',#7938,#6308,#6309);
#5651=AXIS2_PLACEMENT_3D('',#7942,#6311,#6312);
#5652=AXIS2_PLACEMENT_3D('',#7946,#6314,#6315);
#5653=AXIS2_PLACEMENT_3D('',#7950,#6317,#6318);
#5654=AXIS2_PLACEMENT_3D('',#7954,#6320,#6321);
#5655=AXIS2_PLACEMENT_3D('',#7958,#6323,#6324);
#5656=AXIS2_PLACEMENT_3D('',#7962,#6326,#6327);
#5657=AXIS2_PLACEMENT_3D('',#7966,#6329,#6330);
#5658=AXIS2_PLACEMENT_3D('',#7970,#6332,#6333);
#5659=AXIS2_PLACEMENT_3D('',#7974,#6335,#6336);
#5660=AXIS2_PLACEMENT_3D('',#7978,#6338,#6339);
#5661=AXIS2_PLACEMENT_3D('',#7982,#6341,#6342);
#5662=AXIS2_PLACEMENT_3D('',#7986,#6344,#6345);
#5663=AXIS2_PLACEMENT_3D('',#7990,#6347,#6348);
#5664=AXIS2_PLACEMENT_3D('',#7994,#6350,#6351);
#5665=AXIS2_PLACEMENT_3D('',#7998,#6353,#6354);
#5666=AXIS2_PLACEMENT_3D('',#8002,#6356,#6357);
#5667=AXIS2_PLACEMENT_3D('',#8006,#6359,#6360);
#5668=AXIS2_PLACEMENT_3D('',#8010,#6362,#6363);
#5669=AXIS2_PLACEMENT_3D('',#8014,#6365,#6366);
#5670=AXIS2_PLACEMENT_3D('',#8018,#6368,#6369);
#5671=AXIS2_PLACEMENT_3D('',#8022,#6371,#6372);
#5672=AXIS2_PLACEMENT_3D('',#8026,#6374,#6375);
#5673=AXIS2_PLACEMENT_3D('',#8030,#6377,#6378);
#5674=AXIS2_PLACEMENT_3D('',#8034,#6380,#6381);
#5675=AXIS2_PLACEMENT_3D('',#8038,#6383,#6384);
#5676=AXIS2_PLACEMENT_3D('',#8042,#6386,#6387);
#5677=AXIS2_PLACEMENT_3D('',#8046,#6389,#6390);
#5678=AXIS2_PLACEMENT_3D('',#8050,#6392,#6393);
#5679=AXIS2_PLACEMENT_3D('',#8054,#6395,#6396);
#5680=AXIS2_PLACEMENT_3D('',#8058,#6398,#6399);
#5681=AXIS2_PLACEMENT_3D('',#8062,#6401,#6402);
#5682=AXIS2_PLACEMENT_3D('',#8066,#6404,#6405);
#5683=AXIS2_PLACEMENT_3D('',#8070,#6407,#6408);
#5684=AXIS2_PLACEMENT_3D('',#8074,#6410,#6411);
#5685=AXIS2_PLACEMENT_3D('',#8078,#6413,#6414);
#5686=AXIS2_PLACEMENT_3D('',#8082,#6416,#6417);
#5687=AXIS2_PLACEMENT_3D('',#8086,#6419,#6420);
#5688=AXIS2_PLACEMENT_3D('',#8090,#6422,#6423);
#5689=AXIS2_PLACEMENT_3D('',#8094,#6425,#6426);
#5690=AXIS2_PLACEMENT_3D('',#8098,#6428,#6429);
#5691=AXIS2_PLACEMENT_3D('',#8102,#6431,#6432);
#5692=AXIS2_PLACEMENT_3D('',#8106,#6434,#6435);
#5693=AXIS2_PLACEMENT_3D('',#8110,#6437,#6438);
#5694=AXIS2_PLACEMENT_3D('',#8114,#6440,#6441);
#5695=AXIS2_PLACEMENT_3D('',#8118,#6443,#6444);
#5696=AXIS2_PLACEMENT_3D('',#8122,#6446,#6447);
#5697=AXIS2_PLACEMENT_3D('',#8126,#6449,#6450);
#5698=AXIS2_PLACEMENT_3D('',#8130,#6452,#6453);
#5699=AXIS2_PLACEMENT_3D('',#8134,#6455,#6456);
#5700=AXIS2_PLACEMENT_3D('',#8138,#6458,#6459);
#5701=AXIS2_PLACEMENT_3D('',#8142,#6461,#6462);
#5702=AXIS2_PLACEMENT_3D('',#8146,#6464,#6465);
#5703=AXIS2_PLACEMENT_3D('',#8150,#6467,#6468);
#5704=AXIS2_PLACEMENT_3D('',#8154,#6470,#6471);
#5705=AXIS2_PLACEMENT_3D('',#8158,#6473,#6474);
#5706=AXIS2_PLACEMENT_3D('',#8162,#6476,#6477);
#5707=AXIS2_PLACEMENT_3D('',#8166,#6479,#6480);
#5708=AXIS2_PLACEMENT_3D('',#8170,#6482,#6483);
#5709=AXIS2_PLACEMENT_3D('',#8174,#6485,#6486);
#5710=AXIS2_PLACEMENT_3D('',#8178,#6488,#6489);
#5711=AXIS2_PLACEMENT_3D('',#8182,#6491,#6492);
#5712=AXIS2_PLACEMENT_3D('',#8186,#6494,#6495);
#5713=AXIS2_PLACEMENT_3D('',#8190,#6497,#6498);
#5714=AXIS2_PLACEMENT_3D('',#8194,#6500,#6501);
#5715=AXIS2_PLACEMENT_3D('',#8198,#6503,#6504);
#5716=AXIS2_PLACEMENT_3D('',#8202,#6506,#6507);
#5717=AXIS2_PLACEMENT_3D('',#8206,#6509,#6510);
#5718=AXIS2_PLACEMENT_3D('',#8210,#6512,#6513);
#5719=AXIS2_PLACEMENT_3D('',#8214,#6515,#6516);
#5720=AXIS2_PLACEMENT_3D('',#8218,#6518,#6519);
#5721=AXIS2_PLACEMENT_3D('',#8222,#6521,#6522);
#5722=AXIS2_PLACEMENT_3D('',#8226,#6524,#6525);
#5723=AXIS2_PLACEMENT_3D('',#8230,#6527,#6528);
#5724=AXIS2_PLACEMENT_3D('',#8234,#6530,#6531);
#5725=AXIS2_PLACEMENT_3D('',#8238,#6533,#6534);
#5726=AXIS2_PLACEMENT_3D('',#8242,#6536,#6537);
#5727=AXIS2_PLACEMENT_3D('',#8246,#6539,#6540);
#5728=AXIS2_PLACEMENT_3D('',#8250,#6542,#6543);
#5729=AXIS2_PLACEMENT_3D('',#8254,#6545,#6546);
#5730=AXIS2_PLACEMENT_3D('',#8258,#6548,#6549);
#5731=AXIS2_PLACEMENT_3D('',#8262,#6551,#6552);
#5732=AXIS2_PLACEMENT_3D('',#8266,#6554,#6555);
#5733=AXIS2_PLACEMENT_3D('',#8270,#6557,#6558);
#5734=AXIS2_PLACEMENT_3D('',#8274,#6560,#6561);
#5735=AXIS2_PLACEMENT_3D('',#8278,#6563,#6564);
#5736=AXIS2_PLACEMENT_3D('',#8282,#6566,#6567);
#5737=AXIS2_PLACEMENT_3D('',#8286,#6569,#6570);
#5738=AXIS2_PLACEMENT_3D('',#8290,#6572,#6573);
#5739=AXIS2_PLACEMENT_3D('',#8294,#6575,#6576);
#5740=AXIS2_PLACEMENT_3D('',#8298,#6578,#6579);
#5741=AXIS2_PLACEMENT_3D('',#8302,#6581,#6582);
#5742=AXIS2_PLACEMENT_3D('',#8306,#6584,#6585);
#5743=AXIS2_PLACEMENT_3D('',#8310,#6587,#6588);
#5744=AXIS2_PLACEMENT_3D('',#8314,#6590,#6591);
#5745=AXIS2_PLACEMENT_3D('',#8318,#6593,#6594);
#5746=AXIS2_PLACEMENT_3D('',#8322,#6596,#6597);
#5747=AXIS2_PLACEMENT_3D('',#8326,#6599,#6600);
#5748=AXIS2_PLACEMENT_3D('',#8330,#6602,#6603);
#5749=AXIS2_PLACEMENT_3D('',#8334,#6605,#6606);
#5750=AXIS2_PLACEMENT_3D('',#8338,#6608,#6609);
#5751=AXIS2_PLACEMENT_3D('',#8342,#6611,#6612);
#5752=AXIS2_PLACEMENT_3D('',#8346,#6614,#6615);
#5753=AXIS2_PLACEMENT_3D('',#8350,#6617,#6618);
#5754=AXIS2_PLACEMENT_3D('',#8354,#6620,#6621);
#5755=AXIS2_PLACEMENT_3D('',#8358,#6623,#6624);
#5756=AXIS2_PLACEMENT_3D('',#8362,#6626,#6627);
#5757=AXIS2_PLACEMENT_3D('',#8366,#6629,#6630);
#5758=AXIS2_PLACEMENT_3D('',#8370,#6632,#6633);
#5759=AXIS2_PLACEMENT_3D('',#8374,#6635,#6636);
#5760=AXIS2_PLACEMENT_3D('',#8378,#6638,#6639);
#5761=AXIS2_PLACEMENT_3D('',#8382,#6641,#6642);
#5762=AXIS2_PLACEMENT_3D('',#8386,#6644,#6645);
#5763=AXIS2_PLACEMENT_3D('',#8390,#6647,#6648);
#5764=AXIS2_PLACEMENT_3D('',#8394,#6650,#6651);
#5765=AXIS2_PLACEMENT_3D('',#8398,#6653,#6654);
#5766=AXIS2_PLACEMENT_3D('',#8402,#6656,#6657);
#5767=AXIS2_PLACEMENT_3D('',#8406,#6659,#6660);
#5768=AXIS2_PLACEMENT_3D('',#8410,#6662,#6663);
#5769=AXIS2_PLACEMENT_3D('',#8414,#6665,#6666);
#5770=AXIS2_PLACEMENT_3D('',#8416,#6668,#6669);
#5771=AXIS2_PLACEMENT_3D('',#8418,#6671,#6672);
#5772=AXIS2_PLACEMENT_3D('',#8424,#6676,#6677);
#5773=AXIS2_PLACEMENT_3D('',#8426,#6678,#6679);
#5774=AXIS2_PLACEMENT_3D('',#8428,#6681,#6682);
#5775=AXIS2_PLACEMENT_3D('',#8432,#6685,#6686);
#5776=AXIS2_PLACEMENT_3D('',#8434,#6687,#6688);
#5777=AXIS2_PLACEMENT_3D('',#8436,#6690,#6691);
#5778=AXIS2_PLACEMENT_3D('',#8440,#6694,#6695);
#5779=AXIS2_PLACEMENT_3D('',#8442,#6696,#6697);
#5780=AXIS2_PLACEMENT_3D('',#8444,#6699,#6700);
#5781=AXIS2_PLACEMENT_3D('',#8448,#6703,#6704);
#5782=AXIS2_PLACEMENT_3D('',#8449,#6705,#6706);
#5783=AXIS2_PLACEMENT_3D('',#8450,#6707,#6708);
#5784=AXIS2_PLACEMENT_3D('',#8456,#6712,#6713);
#5785=AXIS2_PLACEMENT_3D('',#8458,#6714,#6715);
#5786=AXIS2_PLACEMENT_3D('',#8460,#6717,#6718);
#5787=AXIS2_PLACEMENT_3D('',#8464,#6721,#6722);
#5788=AXIS2_PLACEMENT_3D('',#8466,#6723,#6724);
#5789=AXIS2_PLACEMENT_3D('',#8468,#6726,#6727);
#5790=AXIS2_PLACEMENT_3D('',#8472,#6730,#6731);
#5791=AXIS2_PLACEMENT_3D('',#8474,#6732,#6733);
#5792=AXIS2_PLACEMENT_3D('',#8476,#6735,#6736);
#5793=AXIS2_PLACEMENT_3D('',#8480,#6739,#6740);
#5794=AXIS2_PLACEMENT_3D('',#8481,#6741,#6742);
#5795=AXIS2_PLACEMENT_3D('',#8482,#6743,#6744);
#5796=AXIS2_PLACEMENT_3D('',#8488,#6748,#6749);
#5797=AXIS2_PLACEMENT_3D('',#8490,#6750,#6751);
#5798=AXIS2_PLACEMENT_3D('',#8492,#6753,#6754);
#5799=AXIS2_PLACEMENT_3D('',#8496,#6757,#6758);
#5800=AXIS2_PLACEMENT_3D('',#8498,#6759,#6760);
#5801=AXIS2_PLACEMENT_3D('',#8500,#6762,#6763);
#5802=AXIS2_PLACEMENT_3D('',#8504,#6766,#6767);
#5803=AXIS2_PLACEMENT_3D('',#8506,#6768,#6769);
#5804=AXIS2_PLACEMENT_3D('',#8508,#6771,#6772);
#5805=AXIS2_PLACEMENT_3D('',#8512,#6775,#6776);
#5806=AXIS2_PLACEMENT_3D('',#8513,#6777,#6778);
#5807=AXIS2_PLACEMENT_3D('',#8514,#6779,#6780);
#5808=AXIS2_PLACEMENT_3D('',#8520,#6784,#6785);
#5809=AXIS2_PLACEMENT_3D('',#8522,#6786,#6787);
#5810=AXIS2_PLACEMENT_3D('',#8524,#6789,#6790);
#5811=AXIS2_PLACEMENT_3D('',#8528,#6793,#6794);
#5812=AXIS2_PLACEMENT_3D('',#8530,#6795,#6796);
#5813=AXIS2_PLACEMENT_3D('',#8532,#6798,#6799);
#5814=AXIS2_PLACEMENT_3D('',#8536,#6802,#6803);
#5815=AXIS2_PLACEMENT_3D('',#8538,#6804,#6805);
#5816=AXIS2_PLACEMENT_3D('',#8540,#6807,#6808);
#5817=AXIS2_PLACEMENT_3D('',#8544,#6811,#6812);
#5818=AXIS2_PLACEMENT_3D('',#8545,#6813,#6814);
#5819=AXIS2_PLACEMENT_3D('',#8546,#6815,#6816);
#5820=AXIS2_PLACEMENT_3D('',#8552,#6820,#6821);
#5821=AXIS2_PLACEMENT_3D('',#8554,#6822,#6823);
#5822=AXIS2_PLACEMENT_3D('',#8556,#6825,#6826);
#5823=AXIS2_PLACEMENT_3D('',#8560,#6829,#6830);
#5824=AXIS2_PLACEMENT_3D('',#8562,#6831,#6832);
#5825=AXIS2_PLACEMENT_3D('',#8564,#6834,#6835);
#5826=AXIS2_PLACEMENT_3D('',#8568,#6838,#6839);
#5827=AXIS2_PLACEMENT_3D('',#8570,#6840,#6841);
#5828=AXIS2_PLACEMENT_3D('',#8572,#6843,#6844);
#5829=AXIS2_PLACEMENT_3D('',#8576,#6847,#6848);
#5830=AXIS2_PLACEMENT_3D('',#8577,#6849,#6850);
#5831=AXIS2_PLACEMENT_3D('',#8578,#6851,#6852);
#5832=AXIS2_PLACEMENT_3D('',#8584,#6856,#6857);
#5833=AXIS2_PLACEMENT_3D('',#8586,#6858,#6859);
#5834=AXIS2_PLACEMENT_3D('',#8588,#6861,#6862);
#5835=AXIS2_PLACEMENT_3D('',#8592,#6865,#6866);
#5836=AXIS2_PLACEMENT_3D('',#8594,#6867,#6868);
#5837=AXIS2_PLACEMENT_3D('',#8596,#6870,#6871);
#5838=AXIS2_PLACEMENT_3D('',#8600,#6874,#6875);
#5839=AXIS2_PLACEMENT_3D('',#8602,#6876,#6877);
#5840=AXIS2_PLACEMENT_3D('',#8604,#6879,#6880);
#5841=AXIS2_PLACEMENT_3D('',#8608,#6883,#6884);
#5842=AXIS2_PLACEMENT_3D('',#8609,#6885,#6886);
#5843=AXIS2_PLACEMENT_3D('',#8610,#6887,#6888);
#5844=AXIS2_PLACEMENT_3D('',#8616,#6892,#6893);
#5845=AXIS2_PLACEMENT_3D('',#8618,#6894,#6895);
#5846=AXIS2_PLACEMENT_3D('',#8620,#6897,#6898);
#5847=AXIS2_PLACEMENT_3D('',#8624,#6901,#6902);
#5848=AXIS2_PLACEMENT_3D('',#8626,#6903,#6904);
#5849=AXIS2_PLACEMENT_3D('',#8628,#6906,#6907);
#5850=AXIS2_PLACEMENT_3D('',#8632,#6910,#6911);
#5851=AXIS2_PLACEMENT_3D('',#8634,#6912,#6913);
#5852=AXIS2_PLACEMENT_3D('',#8636,#6915,#6916);
#5853=AXIS2_PLACEMENT_3D('',#8640,#6919,#6920);
#5854=AXIS2_PLACEMENT_3D('',#8641,#6921,#6922);
#5855=AXIS2_PLACEMENT_3D('',#8642,#6923,#6924);
#5856=AXIS2_PLACEMENT_3D('',#8648,#6928,#6929);
#5857=AXIS2_PLACEMENT_3D('',#8650,#6930,#6931);
#5858=AXIS2_PLACEMENT_3D('',#8652,#6933,#6934);
#5859=AXIS2_PLACEMENT_3D('',#8656,#6937,#6938);
#5860=AXIS2_PLACEMENT_3D('',#8658,#6939,#6940);
#5861=AXIS2_PLACEMENT_3D('',#8660,#6942,#6943);
#5862=AXIS2_PLACEMENT_3D('',#8664,#6946,#6947);
#5863=AXIS2_PLACEMENT_3D('',#8666,#6948,#6949);
#5864=AXIS2_PLACEMENT_3D('',#8668,#6951,#6952);
#5865=AXIS2_PLACEMENT_3D('',#8672,#6955,#6956);
#5866=AXIS2_PLACEMENT_3D('',#8673,#6957,#6958);
#5867=AXIS2_PLACEMENT_3D('',#8674,#6959,#6960);
#5868=AXIS2_PLACEMENT_3D('',#8680,#6964,#6965);
#5869=AXIS2_PLACEMENT_3D('',#8682,#6966,#6967);
#5870=AXIS2_PLACEMENT_3D('',#8684,#6969,#6970);
#5871=AXIS2_PLACEMENT_3D('',#8688,#6973,#6974);
#5872=AXIS2_PLACEMENT_3D('',#8690,#6975,#6976);
#5873=AXIS2_PLACEMENT_3D('',#8692,#6978,#6979);
#5874=AXIS2_PLACEMENT_3D('',#8696,#6982,#6983);
#5875=AXIS2_PLACEMENT_3D('',#8698,#6984,#6985);
#5876=AXIS2_PLACEMENT_3D('',#8700,#6987,#6988);
#5877=AXIS2_PLACEMENT_3D('',#8704,#6991,#6992);
#5878=AXIS2_PLACEMENT_3D('',#8705,#6993,#6994);
#5879=AXIS2_PLACEMENT_3D('',#8706,#6995,#6996);
#5880=AXIS2_PLACEMENT_3D('',#8712,#7000,#7001);
#5881=AXIS2_PLACEMENT_3D('',#8714,#7002,#7003);
#5882=AXIS2_PLACEMENT_3D('',#8716,#7005,#7006);
#5883=AXIS2_PLACEMENT_3D('',#8720,#7009,#7010);
#5884=AXIS2_PLACEMENT_3D('',#8722,#7011,#7012);
#5885=AXIS2_PLACEMENT_3D('',#8724,#7014,#7015);
#5886=AXIS2_PLACEMENT_3D('',#8728,#7018,#7019);
#5887=AXIS2_PLACEMENT_3D('',#8730,#7020,#7021);
#5888=AXIS2_PLACEMENT_3D('',#8732,#7023,#7024);
#5889=AXIS2_PLACEMENT_3D('',#8736,#7027,#7028);
#5890=AXIS2_PLACEMENT_3D('',#8737,#7029,#7030);
#5891=AXIS2_PLACEMENT_3D('',#8738,#7031,#7032);
#5892=AXIS2_PLACEMENT_3D('',#8744,#7036,#7037);
#5893=AXIS2_PLACEMENT_3D('',#8746,#7038,#7039);
#5894=AXIS2_PLACEMENT_3D('',#8748,#7041,#7042);
#5895=AXIS2_PLACEMENT_3D('',#8752,#7045,#7046);
#5896=AXIS2_PLACEMENT_3D('',#8754,#7047,#7048);
#5897=AXIS2_PLACEMENT_3D('',#8756,#7050,#7051);
#5898=AXIS2_PLACEMENT_3D('',#8760,#7054,#7055);
#5899=AXIS2_PLACEMENT_3D('',#8762,#7056,#7057);
#5900=AXIS2_PLACEMENT_3D('',#8764,#7059,#7060);
#5901=AXIS2_PLACEMENT_3D('',#8768,#7063,#7064);
#5902=AXIS2_PLACEMENT_3D('',#8769,#7065,#7066);
#5903=AXIS2_PLACEMENT_3D('',#8770,#7067,#7068);
#5904=AXIS2_PLACEMENT_3D('',#8776,#7072,#7073);
#5905=AXIS2_PLACEMENT_3D('',#8778,#7074,#7075);
#5906=AXIS2_PLACEMENT_3D('',#8780,#7077,#7078);
#5907=AXIS2_PLACEMENT_3D('',#8784,#7081,#7082);
#5908=AXIS2_PLACEMENT_3D('',#8786,#7083,#7084);
#5909=AXIS2_PLACEMENT_3D('',#8788,#7086,#7087);
#5910=AXIS2_PLACEMENT_3D('',#8792,#7090,#7091);
#5911=AXIS2_PLACEMENT_3D('',#8794,#7092,#7093);
#5912=AXIS2_PLACEMENT_3D('',#8796,#7095,#7096);
#5913=AXIS2_PLACEMENT_3D('',#8800,#7099,#7100);
#5914=AXIS2_PLACEMENT_3D('',#8801,#7101,#7102);
#5915=AXIS2_PLACEMENT_3D('',#8802,#7103,#7104);
#5916=AXIS2_PLACEMENT_3D('',#8808,#7108,#7109);
#5917=AXIS2_PLACEMENT_3D('',#8810,#7110,#7111);
#5918=AXIS2_PLACEMENT_3D('',#8812,#7113,#7114);
#5919=AXIS2_PLACEMENT_3D('',#8816,#7117,#7118);
#5920=AXIS2_PLACEMENT_3D('',#8818,#7119,#7120);
#5921=AXIS2_PLACEMENT_3D('',#8820,#7122,#7123);
#5922=AXIS2_PLACEMENT_3D('',#8824,#7126,#7127);
#5923=AXIS2_PLACEMENT_3D('',#8826,#7128,#7129);
#5924=AXIS2_PLACEMENT_3D('',#8828,#7131,#7132);
#5925=AXIS2_PLACEMENT_3D('',#8832,#7135,#7136);
#5926=AXIS2_PLACEMENT_3D('',#8833,#7137,#7138);
#5927=AXIS2_PLACEMENT_3D('',#8834,#7139,#7140);
#5928=AXIS2_PLACEMENT_3D('',#8840,#7144,#7145);
#5929=AXIS2_PLACEMENT_3D('',#8842,#7146,#7147);
#5930=AXIS2_PLACEMENT_3D('',#8844,#7149,#7150);
#5931=AXIS2_PLACEMENT_3D('',#8848,#7153,#7154);
#5932=AXIS2_PLACEMENT_3D('',#8850,#7155,#7156);
#5933=AXIS2_PLACEMENT_3D('',#8852,#7158,#7159);
#5934=AXIS2_PLACEMENT_3D('',#8856,#7162,#7163);
#5935=AXIS2_PLACEMENT_3D('',#8858,#7164,#7165);
#5936=AXIS2_PLACEMENT_3D('',#8860,#7167,#7168);
#5937=AXIS2_PLACEMENT_3D('',#8864,#7171,#7172);
#5938=AXIS2_PLACEMENT_3D('',#8865,#7173,#7174);
#5939=AXIS2_PLACEMENT_3D('',#8866,#7175,#7176);
#5940=AXIS2_PLACEMENT_3D('',#8872,#7180,#7181);
#5941=AXIS2_PLACEMENT_3D('',#8874,#7182,#7183);
#5942=AXIS2_PLACEMENT_3D('',#8876,#7185,#7186);
#5943=AXIS2_PLACEMENT_3D('',#8880,#7189,#7190);
#5944=AXIS2_PLACEMENT_3D('',#8882,#7191,#7192);
#5945=AXIS2_PLACEMENT_3D('',#8884,#7194,#7195);
#5946=AXIS2_PLACEMENT_3D('',#8888,#7198,#7199);
#5947=AXIS2_PLACEMENT_3D('',#8890,#7200,#7201);
#5948=AXIS2_PLACEMENT_3D('',#8892,#7203,#7204);
#5949=AXIS2_PLACEMENT_3D('',#8896,#7207,#7208);
#5950=AXIS2_PLACEMENT_3D('',#8897,#7209,#7210);
#5951=AXIS2_PLACEMENT_3D('',#8898,#7211,#7212);
#5952=AXIS2_PLACEMENT_3D('',#8904,#7216,#7217);
#5953=AXIS2_PLACEMENT_3D('',#8906,#7218,#7219);
#5954=AXIS2_PLACEMENT_3D('',#8908,#7221,#7222);
#5955=AXIS2_PLACEMENT_3D('',#8912,#7225,#7226);
#5956=AXIS2_PLACEMENT_3D('',#8914,#7227,#7228);
#5957=AXIS2_PLACEMENT_3D('',#8916,#7230,#7231);
#5958=AXIS2_PLACEMENT_3D('',#8920,#7234,#7235);
#5959=AXIS2_PLACEMENT_3D('',#8922,#7236,#7237);
#5960=AXIS2_PLACEMENT_3D('',#8924,#7239,#7240);
#5961=AXIS2_PLACEMENT_3D('',#8928,#7243,#7244);
#5962=AXIS2_PLACEMENT_3D('',#8929,#7245,#7246);
#5963=AXIS2_PLACEMENT_3D('',#8930,#7247,#7248);
#5964=AXIS2_PLACEMENT_3D('',#8936,#7252,#7253);
#5965=AXIS2_PLACEMENT_3D('',#8938,#7254,#7255);
#5966=AXIS2_PLACEMENT_3D('',#8940,#7257,#7258);
#5967=AXIS2_PLACEMENT_3D('',#8944,#7261,#7262);
#5968=AXIS2_PLACEMENT_3D('',#8946,#7263,#7264);
#5969=AXIS2_PLACEMENT_3D('',#8948,#7266,#7267);
#5970=AXIS2_PLACEMENT_3D('',#8952,#7270,#7271);
#5971=AXIS2_PLACEMENT_3D('',#8954,#7272,#7273);
#5972=AXIS2_PLACEMENT_3D('',#8956,#7275,#7276);
#5973=AXIS2_PLACEMENT_3D('',#8960,#7279,#7280);
#5974=AXIS2_PLACEMENT_3D('',#8961,#7281,#7282);
#5975=AXIS2_PLACEMENT_3D('',#8962,#7283,#7284);
#5976=AXIS2_PLACEMENT_3D('',#8968,#7288,#7289);
#5977=AXIS2_PLACEMENT_3D('',#8970,#7290,#7291);
#5978=AXIS2_PLACEMENT_3D('',#8972,#7293,#7294);
#5979=AXIS2_PLACEMENT_3D('',#8976,#7297,#7298);
#5980=AXIS2_PLACEMENT_3D('',#8978,#7299,#7300);
#5981=AXIS2_PLACEMENT_3D('',#8980,#7302,#7303);
#5982=AXIS2_PLACEMENT_3D('',#8984,#7306,#7307);
#5983=AXIS2_PLACEMENT_3D('',#8986,#7308,#7309);
#5984=AXIS2_PLACEMENT_3D('',#8988,#7311,#7312);
#5985=AXIS2_PLACEMENT_3D('',#8992,#7315,#7316);
#5986=AXIS2_PLACEMENT_3D('',#8993,#7317,#7318);
#5987=AXIS2_PLACEMENT_3D('',#8994,#7319,#7320);
#5988=AXIS2_PLACEMENT_3D('',#9000,#7324,#7325);
#5989=AXIS2_PLACEMENT_3D('',#9002,#7326,#7327);
#5990=AXIS2_PLACEMENT_3D('',#9004,#7329,#7330);
#5991=AXIS2_PLACEMENT_3D('',#9008,#7333,#7334);
#5992=AXIS2_PLACEMENT_3D('',#9010,#7335,#7336);
#5993=AXIS2_PLACEMENT_3D('',#9012,#7338,#7339);
#5994=AXIS2_PLACEMENT_3D('',#9016,#7342,#7343);
#5995=AXIS2_PLACEMENT_3D('',#9018,#7344,#7345);
#5996=AXIS2_PLACEMENT_3D('',#9020,#7347,#7348);
#5997=AXIS2_PLACEMENT_3D('',#9024,#7351,#7352);
#5998=AXIS2_PLACEMENT_3D('',#9025,#7353,#7354);
#5999=AXIS2_PLACEMENT_3D('',#9026,#7355,#7356);
#6000=AXIS2_PLACEMENT_3D('',#9032,#7360,#7361);
#6001=AXIS2_PLACEMENT_3D('',#9034,#7362,#7363);
#6002=AXIS2_PLACEMENT_3D('',#9036,#7365,#7366);
#6003=AXIS2_PLACEMENT_3D('',#9040,#7369,#7370);
#6004=AXIS2_PLACEMENT_3D('',#9042,#7371,#7372);
#6005=AXIS2_PLACEMENT_3D('',#9044,#7374,#7375);
#6006=AXIS2_PLACEMENT_3D('',#9048,#7378,#7379);
#6007=AXIS2_PLACEMENT_3D('',#9050,#7380,#7381);
#6008=AXIS2_PLACEMENT_3D('',#9052,#7383,#7384);
#6009=AXIS2_PLACEMENT_3D('',#9056,#7387,#7388);
#6010=AXIS2_PLACEMENT_3D('',#9057,#7389,#7390);
#6011=AXIS2_PLACEMENT_3D('',#9058,#7391,#7392);
#6012=AXIS2_PLACEMENT_3D('',#9064,#7396,#7397);
#6013=AXIS2_PLACEMENT_3D('',#9066,#7398,#7399);
#6014=AXIS2_PLACEMENT_3D('',#9068,#7401,#7402);
#6015=AXIS2_PLACEMENT_3D('',#9072,#7405,#7406);
#6016=AXIS2_PLACEMENT_3D('',#9074,#7407,#7408);
#6017=AXIS2_PLACEMENT_3D('',#9076,#7410,#7411);
#6018=AXIS2_PLACEMENT_3D('',#9080,#7414,#7415);
#6019=AXIS2_PLACEMENT_3D('',#9082,#7416,#7417);
#6020=AXIS2_PLACEMENT_3D('',#9084,#7419,#7420);
#6021=AXIS2_PLACEMENT_3D('',#9088,#7423,#7424);
#6022=AXIS2_PLACEMENT_3D('',#9089,#7425,#7426);
#6023=AXIS2_PLACEMENT_3D('',#9090,#7427,#7428);
#6024=AXIS2_PLACEMENT_3D('',#9096,#7432,#7433);
#6025=AXIS2_PLACEMENT_3D('',#9098,#7434,#7435);
#6026=AXIS2_PLACEMENT_3D('',#9100,#7437,#7438);
#6027=AXIS2_PLACEMENT_3D('',#9104,#7441,#7442);
#6028=AXIS2_PLACEMENT_3D('',#9106,#7443,#7444);
#6029=AXIS2_PLACEMENT_3D('',#9108,#7446,#7447);
#6030=AXIS2_PLACEMENT_3D('',#9112,#7450,#7451);
#6031=AXIS2_PLACEMENT_3D('',#9114,#7452,#7453);
#6032=AXIS2_PLACEMENT_3D('',#9116,#7455,#7456);
#6033=AXIS2_PLACEMENT_3D('',#9120,#7459,#7460);
#6034=AXIS2_PLACEMENT_3D('',#9121,#7461,#7462);
#6035=AXIS2_PLACEMENT_3D('',#9122,#7463,#7464);
#6036=AXIS2_PLACEMENT_3D('',#9128,#7468,#7469);
#6037=AXIS2_PLACEMENT_3D('',#9130,#7470,#7471);
#6038=AXIS2_PLACEMENT_3D('',#9132,#7473,#7474);
#6039=AXIS2_PLACEMENT_3D('',#9136,#7477,#7478);
#6040=AXIS2_PLACEMENT_3D('',#9138,#7479,#7480);
#6041=AXIS2_PLACEMENT_3D('',#9140,#7482,#7483);
#6042=AXIS2_PLACEMENT_3D('',#9144,#7486,#7487);
#6043=AXIS2_PLACEMENT_3D('',#9146,#7488,#7489);
#6044=AXIS2_PLACEMENT_3D('',#9148,#7491,#7492);
#6045=AXIS2_PLACEMENT_3D('',#9152,#7495,#7496);
#6046=AXIS2_PLACEMENT_3D('',#9153,#7497,#7498);
#6047=AXIS2_PLACEMENT_3D('',#9154,#7499,#7500);
#6048=AXIS2_PLACEMENT_3D('',#9160,#7504,#7505);
#6049=AXIS2_PLACEMENT_3D('',#9162,#7506,#7507);
#6050=AXIS2_PLACEMENT_3D('',#9164,#7509,#7510);
#6051=AXIS2_PLACEMENT_3D('',#9168,#7513,#7514);
#6052=AXIS2_PLACEMENT_3D('',#9170,#7515,#7516);
#6053=AXIS2_PLACEMENT_3D('',#9172,#7518,#7519);
#6054=AXIS2_PLACEMENT_3D('',#9176,#7522,#7523);
#6055=AXIS2_PLACEMENT_3D('',#9178,#7524,#7525);
#6056=AXIS2_PLACEMENT_3D('',#9180,#7527,#7528);
#6057=AXIS2_PLACEMENT_3D('',#9184,#7531,#7532);
#6058=AXIS2_PLACEMENT_3D('',#9185,#7533,#7534);
#6059=AXIS2_PLACEMENT_3D('',#9186,#7535,#7536);
#6060=AXIS2_PLACEMENT_3D('',#9192,#7540,#7541);
#6061=AXIS2_PLACEMENT_3D('',#9194,#7542,#7543);
#6062=AXIS2_PLACEMENT_3D('',#9196,#7545,#7546);
#6063=AXIS2_PLACEMENT_3D('',#9200,#7549,#7550);
#6064=AXIS2_PLACEMENT_3D('',#9202,#7551,#7552);
#6065=AXIS2_PLACEMENT_3D('',#9204,#7554,#7555);
#6066=AXIS2_PLACEMENT_3D('',#9208,#7558,#7559);
#6067=AXIS2_PLACEMENT_3D('',#9210,#7560,#7561);
#6068=AXIS2_PLACEMENT_3D('',#9212,#7563,#7564);
#6069=AXIS2_PLACEMENT_3D('',#9216,#7567,#7568);
#6070=AXIS2_PLACEMENT_3D('',#9217,#7569,#7570);
#6071=AXIS2_PLACEMENT_3D('',#9218,#7571,#7572);
#6072=AXIS2_PLACEMENT_3D('',#9224,#7576,#7577);
#6073=AXIS2_PLACEMENT_3D('',#9226,#7578,#7579);
#6074=AXIS2_PLACEMENT_3D('',#9228,#7581,#7582);
#6075=AXIS2_PLACEMENT_3D('',#9232,#7585,#7586);
#6076=AXIS2_PLACEMENT_3D('',#9234,#7587,#7588);
#6077=AXIS2_PLACEMENT_3D('',#9236,#7590,#7591);
#6078=AXIS2_PLACEMENT_3D('',#9240,#7594,#7595);
#6079=AXIS2_PLACEMENT_3D('',#9242,#7596,#7597);
#6080=AXIS2_PLACEMENT_3D('',#9244,#7599,#7600);
#6081=AXIS2_PLACEMENT_3D('',#9248,#7603,#7604);
#6082=AXIS2_PLACEMENT_3D('',#9249,#7605,#7606);
#6083=AXIS2_PLACEMENT_3D('',#9250,#7607,#7608);
#6084=AXIS2_PLACEMENT_3D('',#9256,#7612,#7613);
#6085=AXIS2_PLACEMENT_3D('',#9258,#7614,#7615);
#6086=AXIS2_PLACEMENT_3D('',#9260,#7617,#7618);
#6087=AXIS2_PLACEMENT_3D('',#9264,#7621,#7622);
#6088=AXIS2_PLACEMENT_3D('',#9266,#7623,#7624);
#6089=AXIS2_PLACEMENT_3D('',#9268,#7626,#7627);
#6090=AXIS2_PLACEMENT_3D('',#9272,#7630,#7631);
#6091=AXIS2_PLACEMENT_3D('',#9274,#7632,#7633);
#6092=AXIS2_PLACEMENT_3D('',#9276,#7635,#7636);
#6093=AXIS2_PLACEMENT_3D('',#9280,#7639,#7640);
#6094=AXIS2_PLACEMENT_3D('',#9281,#7641,#7642);
#6095=AXIS2_PLACEMENT_3D('',#9282,#7643,#7644);
#6096=AXIS2_PLACEMENT_3D('',#9288,#7648,#7649);
#6097=AXIS2_PLACEMENT_3D('',#9290,#7650,#7651);
#6098=AXIS2_PLACEMENT_3D('',#9292,#7653,#7654);
#6099=AXIS2_PLACEMENT_3D('',#9296,#7657,#7658);
#6100=AXIS2_PLACEMENT_3D('',#9298,#7659,#7660);
#6101=AXIS2_PLACEMENT_3D('',#9300,#7662,#7663);
#6102=AXIS2_PLACEMENT_3D('',#9304,#7666,#7667);
#6103=AXIS2_PLACEMENT_3D('',#9306,#7668,#7669);
#6104=AXIS2_PLACEMENT_3D('',#9308,#7671,#7672);
#6105=AXIS2_PLACEMENT_3D('',#9312,#7675,#7676);
#6106=AXIS2_PLACEMENT_3D('',#9313,#7677,#7678);
#6107=AXIS2_PLACEMENT_3D('',#9314,#7679,#7680);
#6108=AXIS2_PLACEMENT_3D('',#9320,#7684,#7685);
#6109=AXIS2_PLACEMENT_3D('',#9322,#7686,#7687);
#6110=AXIS2_PLACEMENT_3D('',#9324,#7689,#7690);
#6111=AXIS2_PLACEMENT_3D('',#9328,#7693,#7694);
#6112=AXIS2_PLACEMENT_3D('',#9330,#7695,#7696);
#6113=AXIS2_PLACEMENT_3D('',#9332,#7698,#7699);
#6114=AXIS2_PLACEMENT_3D('',#9336,#7702,#7703);
#6115=AXIS2_PLACEMENT_3D('',#9338,#7704,#7705);
#6116=AXIS2_PLACEMENT_3D('',#9340,#7707,#7708);
#6117=AXIS2_PLACEMENT_3D('',#9344,#7711,#7712);
#6118=AXIS2_PLACEMENT_3D('',#9345,#7713,#7714);
#6119=AXIS2_PLACEMENT_3D('',#9346,#7715,#7716);
#6120=AXIS2_PLACEMENT_3D('',#9352,#7720,#7721);
#6121=AXIS2_PLACEMENT_3D('',#9354,#7722,#7723);
#6122=AXIS2_PLACEMENT_3D('',#9356,#7725,#7726);
#6123=AXIS2_PLACEMENT_3D('',#9360,#7729,#7730);
#6124=AXIS2_PLACEMENT_3D('',#9362,#7731,#7732);
#6125=AXIS2_PLACEMENT_3D('',#9364,#7734,#7735);
#6126=AXIS2_PLACEMENT_3D('',#9368,#7738,#7739);
#6127=AXIS2_PLACEMENT_3D('',#9370,#7740,#7741);
#6128=AXIS2_PLACEMENT_3D('',#9372,#7743,#7744);
#6129=AXIS2_PLACEMENT_3D('',#9376,#7747,#7748);
#6130=AXIS2_PLACEMENT_3D('',#9377,#7749,#7750);
#6131=AXIS2_PLACEMENT_3D('',#9378,#7751,#7752);
#6132=AXIS2_PLACEMENT_3D('',#9380,#7754,#7755);
#6133=DIRECTION('axis',(0.,0.,1.));
#6134=DIRECTION('refdir',(1.,0.,0.));
#6135=DIRECTION('center_axis',(0.,-1.,0.));
#6136=DIRECTION('ref_axis',(0.707106781186553,0.,-0.707106781186542));
#6137=DIRECTION('',(0.,-1.,0.));
#6138=DIRECTION('center_axis',(0.,1.,0.));
#6139=DIRECTION('ref_axis',(0.707106781186553,0.,-0.707106781186542));
#6140=DIRECTION('',(0.,1.,0.));
#6141=DIRECTION('center_axis',(0.707106781186538,-0.707106781186557,6.28036983473519E-15));
#6142=DIRECTION('ref_axis',(0.707106781186557,0.707106781186538,6.28036983473535E-15));
#6143=DIRECTION('center_axis',(1.,-6.10683731917028E-17,0.));
#6144=DIRECTION('ref_axis',(0.,0.707106781186546,-0.707106781186549));
#6145=DIRECTION('',(-1.,6.10683731917028E-17,0.));
#6146=DIRECTION('center_axis',(0.707106781186545,0.70710678118655,-6.28036983473508E-15));
#6147=DIRECTION('ref_axis',(-0.70710678118655,0.707106781186545,-6.28036983473504E-15));
#6148=DIRECTION('',(1.,-6.10683731917028E-17,0.));
#6149=DIRECTION('center_axis',(0.,1.,0.));
#6150=DIRECTION('ref_axis',(-0.707106781186548,0.,-0.707106781186547));
#6151=DIRECTION('',(0.,-1.,0.));
#6152=DIRECTION('center_axis',(-0.707106781186544,0.707106781186551,0.));
#6153=DIRECTION('ref_axis',(-0.707106781186551,-0.707106781186544,0.));
#6154=DIRECTION('',(0.,1.,0.));
#6155=DIRECTION('center_axis',(-1.,0.,0.));
#6156=DIRECTION('ref_axis',(0.,-0.70710678118654,-0.707106781186555));
#6157=DIRECTION('',(-1.,0.,0.));
#6158=DIRECTION('',(1.,0.,0.));
#6159=DIRECTION('center_axis',(-0.707106781186541,-0.707106781186554,0.));
#6160=DIRECTION('ref_axis',(0.707106781186554,-0.707106781186541,0.));
#6161=DIRECTION('center_axis',(0.,-1.,0.));
#6162=DIRECTION('ref_axis',(0.707106781186553,0.,-0.707106781186542));
#6163=DIRECTION('',(0.,1.,0.));
#6164=DIRECTION('center_axis',(0.,-1.,0.));
#6165=DIRECTION('ref_axis',(0.707106781186553,0.,-0.707106781186542));
#6166=DIRECTION('',(0.,-1.,0.));
#6167=DIRECTION('center_axis',(6.10683731917028E-17,1.,0.));
#6168=DIRECTION('ref_axis',(-1.,6.10683731917028E-17,0.));
#6169=DIRECTION('',(0.,0.,1.));
#6170=DIRECTION('',(-1.,6.10683731917028E-17,0.));
#6171=DIRECTION('',(0.,0.,-1.));
#6172=DIRECTION('',(1.,-6.10683731917028E-17,0.));
#6173=DIRECTION('',(0.,0.,1.));
#6174=DIRECTION('',(-1.,6.10683731917028E-17,0.));
#6175=DIRECTION('',(0.,0.,-1.));
#6176=DIRECTION('center_axis',(-6.10683731917028E-17,-1.,0.));
#6177=DIRECTION('ref_axis',(-1.,0.,0.));
#6178=DIRECTION('center_axis',(-6.10683731917028E-17,-1.,0.));
#6179=DIRECTION('ref_axis',(-1.,0.,0.));
#6180=DIRECTION('center_axis',(-1.,0.,0.));
#6181=DIRECTION('ref_axis',(0.,-1.,0.));
#6182=DIRECTION('',(0.,0.,1.));
#6183=DIRECTION('',(-4.58012798937771E-17,-1.,0.));
#6184=DIRECTION('center_axis',(0.,-1.,0.));
#6185=DIRECTION('ref_axis',(1.,0.,0.));
#6186=DIRECTION('',(0.,0.,1.));
#6187=DIRECTION('',(1.,0.,0.));
#6188=DIRECTION('center_axis',(1.,0.,0.));
#6189=DIRECTION('ref_axis',(0.,1.,0.));
#6190=DIRECTION('',(0.,1.,0.));
#6191=DIRECTION('',(0.,0.,1.));
#6192=DIRECTION('',(0.,1.,0.));
#6193=DIRECTION('',(0.,0.,-1.));
#6194=DIRECTION('center_axis',(0.,-1.,0.));
#6195=DIRECTION('ref_axis',(0.,0.,1.));
#6196=DIRECTION('',(1.,0.,0.));
#6197=DIRECTION('',(0.,0.,-1.));
#6198=DIRECTION('',(-1.,0.,0.));
#6199=DIRECTION('center_axis',(1.,0.,0.));
#6200=DIRECTION('ref_axis',(0.,0.,1.));
#6201=DIRECTION('',(0.,-1.,0.));
#6202=DIRECTION('',(0.,0.,-1.));
#6203=DIRECTION('',(0.,-1.,0.));
#6204=DIRECTION('center_axis',(0.,0.,-1.));
#6205=DIRECTION('ref_axis',(1.,0.,0.));
#6206=DIRECTION('',(0.,-1.,0.));
#6207=DIRECTION('',(-1.,7.0805039835788E-17,0.));
#6208=DIRECTION('center_axis',(-1.,0.,0.));
#6209=DIRECTION('ref_axis',(0.,0.,-1.));
#6210=DIRECTION('',(0.,1.,0.));
#6211=DIRECTION('',(0.,0.,1.));
#6212=DIRECTION('center_axis',(0.,0.,1.));
#6213=DIRECTION('ref_axis',(1.,0.,0.));
#6214=DIRECTION('',(1.,-7.0805039835788E-17,0.));
#6215=DIRECTION('',(4.0574619447242E-15,-1.,0.));
#6216=DIRECTION('',(-1.,0.,0.));
#6217=DIRECTION('',(1.8649415636748E-16,1.,0.));
#6218=DIRECTION('',(1.,-7.0805039835788E-17,0.));
#6219=DIRECTION('center_axis',(0.,0.,-1.));
#6220=DIRECTION('ref_axis',(1.,0.,0.));
#6221=DIRECTION('center_axis',(0.,0.,-1.));
#6222=DIRECTION('ref_axis',(1.,0.,0.));
#6223=DIRECTION('center_axis',(0.,0.,-1.));
#6224=DIRECTION('ref_axis',(1.,0.,0.));
#6225=DIRECTION('center_axis',(0.,0.,-1.));
#6226=DIRECTION('ref_axis',(1.,0.,0.));
#6227=DIRECTION('center_axis',(0.,-1.,0.));
#6228=DIRECTION('ref_axis',(-1.,0.,0.));
#6229=DIRECTION('',(0.,-1.,0.));
#6230=DIRECTION('center_axis',(0.,-1.,0.));
#6231=DIRECTION('ref_axis',(-1.,0.,0.));
#6232=DIRECTION('center_axis',(0.,1.,0.));
#6233=DIRECTION('ref_axis',(-1.,0.,0.));
#6234=DIRECTION('center_axis',(0.,-1.,0.));
#6235=DIRECTION('ref_axis',(-1.,0.,0.));
#6236=DIRECTION('',(0.,-1.,0.));
#6237=DIRECTION('center_axis',(0.,-1.,0.));
#6238=DIRECTION('ref_axis',(-1.,0.,0.));
#6239=DIRECTION('center_axis',(0.,1.,0.));
#6240=DIRECTION('ref_axis',(-1.,0.,0.));
#6241=DIRECTION('center_axis',(0.,1.,0.));
#6242=DIRECTION('ref_axis',(0.,0.,-1.));
#6243=DIRECTION('',(-1.,0.,0.));
#6244=DIRECTION('',(0.,0.,1.));
#6245=DIRECTION('',(-1.,0.,0.));
#6246=DIRECTION('center_axis',(0.,0.,1.));
#6247=DIRECTION('ref_axis',(0.,1.,0.));
#6248=DIRECTION('',(4.0574619447242E-15,-1.,0.));
#6249=DIRECTION('center_axis',(0.,0.,-1.));
#6250=DIRECTION('ref_axis',(-1.,0.,0.));
#6251=DIRECTION('',(-4.0574619447242E-15,1.,0.));
#6252=DIRECTION('',(-1.,7.0805039835788E-17,0.));
#6253=DIRECTION('',(-1.8649415636748E-16,-1.,0.));
#6254=DIRECTION('',(1.,0.,0.));
#6255=DIRECTION('',(-4.0574619447242E-15,1.,0.));
#6256=DIRECTION('center_axis',(-1.,-4.0574619447242E-15,0.));
#6257=DIRECTION('ref_axis',(4.0574619447242E-15,-1.,0.));
#6258=DIRECTION('',(0.,0.,1.));
#6259=DIRECTION('',(0.,0.,1.));
#6260=DIRECTION('',(0.,0.,-1.));
#6261=DIRECTION('',(-4.0574619447242E-15,1.,0.));
#6262=DIRECTION('',(0.,0.,1.));
#6263=DIRECTION('',(4.0574619447242E-15,-1.,0.));
#6264=DIRECTION('center_axis',(0.,0.,-1.));
#6265=DIRECTION('ref_axis',(1.,0.,0.));
#6266=DIRECTION('',(0.,0.,-1.));
#6267=DIRECTION('center_axis',(0.,0.,-1.));
#6268=DIRECTION('ref_axis',(1.,0.,0.));
#6269=DIRECTION('center_axis',(0.,0.,-1.));
#6270=DIRECTION('ref_axis',(1.,0.,0.));
#6271=DIRECTION('center_axis',(0.,0.,-1.));
#6272=DIRECTION('ref_axis',(1.,0.,0.));
#6273=DIRECTION('',(0.,0.,-1.));
#6274=DIRECTION('center_axis',(0.,0.,-1.));
#6275=DIRECTION('ref_axis',(1.,0.,0.));
#6276=DIRECTION('center_axis',(0.,0.,-1.));
#6277=DIRECTION('ref_axis',(1.,0.,0.));
#6278=DIRECTION('center_axis',(0.,0.,-1.));
#6279=DIRECTION('ref_axis',(1.,0.,0.));
#6280=DIRECTION('',(0.,0.,-1.));
#6281=DIRECTION('center_axis',(0.,0.,-1.));
#6282=DIRECTION('ref_axis',(1.,0.,0.));
#6283=DIRECTION('center_axis',(0.,0.,-1.));
#6284=DIRECTION('ref_axis',(1.,0.,0.));
#6285=DIRECTION('center_axis',(0.,0.,-1.));
#6286=DIRECTION('ref_axis',(1.,0.,0.));
#6287=DIRECTION('',(0.,0.,-1.));
#6288=DIRECTION('center_axis',(0.,0.,-1.));
#6289=DIRECTION('ref_axis',(1.,0.,0.));
#6290=DIRECTION('center_axis',(0.,0.,-1.));
#6291=DIRECTION('ref_axis',(1.,0.,0.));
#6292=DIRECTION('center_axis',(1.,-1.8649415636748E-16,0.));
#6293=DIRECTION('ref_axis',(1.8649415636748E-16,1.,0.));
#6294=DIRECTION('',(0.,0.,1.));
#6295=DIRECTION('',(0.,0.,-1.));
#6296=DIRECTION('',(0.,0.,1.));
#6297=DIRECTION('',(1.8649415636748E-16,1.,0.));
#6298=DIRECTION('',(0.,0.,-1.));
#6299=DIRECTION('',(-1.8649415636748E-16,-1.,0.));
#6300=DIRECTION('center_axis',(0.,1.,0.));
#6301=DIRECTION('ref_axis',(-1.,0.,0.));
#6302=DIRECTION('center_axis',(-7.0805039835788E-17,-1.,0.));
#6303=DIRECTION('ref_axis',(1.,-7.0805039835788E-17,0.));
#6304=DIRECTION('center_axis',(0.,0.,1.));
#6305=DIRECTION('ref_axis',(1.,0.,0.));
#6306=DIRECTION('',(-1.,3.16659001774651E-32,0.));
#6307=DIRECTION('',(1.,0.,0.));
#6308=DIRECTION('center_axis',(0.,0.,-1.));
#6309=DIRECTION('ref_axis',(1.,0.,0.));
#6310=DIRECTION('',(0.,-1.,0.));
#6311=DIRECTION('center_axis',(0.,0.,-1.));
#6312=DIRECTION('ref_axis',(0.,-1.,0.));
#6313=DIRECTION('',(-1.,0.,0.));
#6314=DIRECTION('center_axis',(0.,0.,-1.));
#6315=DIRECTION('ref_axis',(-1.,0.,0.));
#6316=DIRECTION('',(0.,1.,0.));
#6317=DIRECTION('center_axis',(0.,0.,-1.));
#6318=DIRECTION('ref_axis',(0.,1.,0.));
#6319=DIRECTION('',(1.,0.,0.));
#6320=DIRECTION('center_axis',(0.,0.,-1.));
#6321=DIRECTION('ref_axis',(1.,0.,0.));
#6322=DIRECTION('',(0.,-1.,0.));
#6323=DIRECTION('center_axis',(0.,0.,-1.));
#6324=DIRECTION('ref_axis',(0.,-1.,0.));
#6325=DIRECTION('',(-1.,0.,0.));
#6326=DIRECTION('center_axis',(0.,0.,-1.));
#6327=DIRECTION('ref_axis',(-1.,0.,0.));
#6328=DIRECTION('',(0.,1.,0.));
#6329=DIRECTION('center_axis',(0.,0.,-1.));
#6330=DIRECTION('ref_axis',(0.,1.,0.));
#6331=DIRECTION('',(1.,0.,0.));
#6332=DIRECTION('center_axis',(0.,0.,-1.));
#6333=DIRECTION('ref_axis',(1.,0.,0.));
#6334=DIRECTION('',(0.,-1.,0.));
#6335=DIRECTION('center_axis',(0.,0.,-1.));
#6336=DIRECTION('ref_axis',(0.,-1.,0.));
#6337=DIRECTION('',(-1.,0.,0.));
#6338=DIRECTION('center_axis',(0.,0.,-1.));
#6339=DIRECTION('ref_axis',(-1.,0.,0.));
#6340=DIRECTION('',(0.,1.,0.));
#6341=DIRECTION('center_axis',(0.,0.,-1.));
#6342=DIRECTION('ref_axis',(0.,1.,0.));
#6343=DIRECTION('',(1.,0.,0.));
#6344=DIRECTION('center_axis',(0.,0.,-1.));
#6345=DIRECTION('ref_axis',(0.,1.,0.));
#6346=DIRECTION('',(1.,0.,0.));
#6347=DIRECTION('center_axis',(0.,0.,-1.));
#6348=DIRECTION('ref_axis',(1.,0.,0.));
#6349=DIRECTION('',(0.,-1.,0.));
#6350=DIRECTION('center_axis',(0.,0.,-1.));
#6351=DIRECTION('ref_axis',(0.,-1.,0.));
#6352=DIRECTION('',(-1.,0.,0.));
#6353=DIRECTION('center_axis',(0.,0.,-1.));
#6354=DIRECTION('ref_axis',(-1.,0.,0.));
#6355=DIRECTION('',(0.,1.,0.));
#6356=DIRECTION('center_axis',(0.,0.,-1.));
#6357=DIRECTION('ref_axis',(1.,0.,0.));
#6358=DIRECTION('',(0.,-1.,0.));
#6359=DIRECTION('center_axis',(0.,0.,-1.));
#6360=DIRECTION('ref_axis',(0.,-1.,0.));
#6361=DIRECTION('',(-1.,0.,0.));
#6362=DIRECTION('center_axis',(0.,0.,-1.));
#6363=DIRECTION('ref_axis',(-1.,0.,0.));
#6364=DIRECTION('',(0.,1.,0.));
#6365=DIRECTION('center_axis',(0.,0.,-1.));
#6366=DIRECTION('ref_axis',(0.,1.,0.));
#6367=DIRECTION('',(1.,0.,0.));
#6368=DIRECTION('center_axis',(0.,0.,-1.));
#6369=DIRECTION('ref_axis',(0.,1.,0.));
#6370=DIRECTION('',(1.,0.,0.));
#6371=DIRECTION('center_axis',(0.,0.,-1.));
#6372=DIRECTION('ref_axis',(1.,0.,0.));
#6373=DIRECTION('',(0.,-1.,0.));
#6374=DIRECTION('center_axis',(0.,0.,-1.));
#6375=DIRECTION('ref_axis',(0.,-1.,0.));
#6376=DIRECTION('',(-1.,0.,0.));
#6377=DIRECTION('center_axis',(0.,0.,-1.));
#6378=DIRECTION('ref_axis',(-1.,0.,0.));
#6379=DIRECTION('',(0.,1.,0.));
#6380=DIRECTION('center_axis',(0.,0.,-1.));
#6381=DIRECTION('ref_axis',(0.,1.,0.));
#6382=DIRECTION('',(1.,0.,0.));
#6383=DIRECTION('center_axis',(0.,0.,-1.));
#6384=DIRECTION('ref_axis',(1.,0.,0.));
#6385=DIRECTION('',(0.,-1.,0.));
#6386=DIRECTION('center_axis',(0.,0.,-1.));
#6387=DIRECTION('ref_axis',(0.,-1.,0.));
#6388=DIRECTION('',(-1.,0.,0.));
#6389=DIRECTION('center_axis',(0.,0.,-1.));
#6390=DIRECTION('ref_axis',(-1.,0.,0.));
#6391=DIRECTION('',(0.,1.,0.));
#6392=DIRECTION('center_axis',(0.,0.,-1.));
#6393=DIRECTION('ref_axis',(1.,0.,0.));
#6394=DIRECTION('',(0.,-1.,0.));
#6395=DIRECTION('center_axis',(0.,0.,-1.));
#6396=DIRECTION('ref_axis',(0.,-1.,0.));
#6397=DIRECTION('',(-1.,0.,0.));
#6398=DIRECTION('center_axis',(0.,0.,-1.));
#6399=DIRECTION('ref_axis',(-1.,0.,0.));
#6400=DIRECTION('',(0.,1.,0.));
#6401=DIRECTION('center_axis',(0.,0.,-1.));
#6402=DIRECTION('ref_axis',(0.,1.,0.));
#6403=DIRECTION('',(1.,0.,0.));
#6404=DIRECTION('center_axis',(0.,0.,-1.));
#6405=DIRECTION('ref_axis',(1.,0.,0.));
#6406=DIRECTION('',(0.,-1.,0.));
#6407=DIRECTION('center_axis',(0.,0.,-1.));
#6408=DIRECTION('ref_axis',(0.,-1.,0.));
#6409=DIRECTION('',(-1.,0.,0.));
#6410=DIRECTION('center_axis',(0.,0.,-1.));
#6411=DIRECTION('ref_axis',(-1.,0.,0.));
#6412=DIRECTION('',(0.,1.,0.));
#6413=DIRECTION('center_axis',(0.,0.,-1.));
#6414=DIRECTION('ref_axis',(0.,1.,0.));
#6415=DIRECTION('',(1.,0.,0.));
#6416=DIRECTION('center_axis',(0.,0.,-1.));
#6417=DIRECTION('ref_axis',(1.,0.,0.));
#6418=DIRECTION('',(0.,-1.,0.));
#6419=DIRECTION('center_axis',(0.,0.,-1.));
#6420=DIRECTION('ref_axis',(0.,-1.,0.));
#6421=DIRECTION('',(-1.,0.,0.));
#6422=DIRECTION('center_axis',(0.,0.,-1.));
#6423=DIRECTION('ref_axis',(-1.,0.,0.));
#6424=DIRECTION('',(0.,1.,0.));
#6425=DIRECTION('center_axis',(0.,0.,-1.));
#6426=DIRECTION('ref_axis',(0.,1.,0.));
#6427=DIRECTION('',(1.,0.,0.));
#6428=DIRECTION('center_axis',(0.,0.,-1.));
#6429=DIRECTION('ref_axis',(1.,0.,0.));
#6430=DIRECTION('',(0.,-1.,0.));
#6431=DIRECTION('center_axis',(0.,0.,-1.));
#6432=DIRECTION('ref_axis',(0.,-1.,0.));
#6433=DIRECTION('',(-1.,0.,0.));
#6434=DIRECTION('center_axis',(0.,0.,-1.));
#6435=DIRECTION('ref_axis',(-1.,0.,0.));
#6436=DIRECTION('',(0.,1.,0.));
#6437=DIRECTION('center_axis',(0.,0.,-1.));
#6438=DIRECTION('ref_axis',(0.,1.,0.));
#6439=DIRECTION('',(1.,0.,0.));
#6440=DIRECTION('center_axis',(0.,0.,-1.));
#6441=DIRECTION('ref_axis',(1.,0.,0.));
#6442=DIRECTION('',(0.,-1.,0.));
#6443=DIRECTION('center_axis',(0.,0.,-1.));
#6444=DIRECTION('ref_axis',(0.,-1.,0.));
#6445=DIRECTION('',(-1.,0.,0.));
#6446=DIRECTION('center_axis',(0.,0.,-1.));
#6447=DIRECTION('ref_axis',(-1.,0.,0.));
#6448=DIRECTION('',(0.,1.,0.));
#6449=DIRECTION('center_axis',(0.,0.,-1.));
#6450=DIRECTION('ref_axis',(0.,1.,0.));
#6451=DIRECTION('',(1.,0.,0.));
#6452=DIRECTION('center_axis',(0.,0.,-1.));
#6453=DIRECTION('ref_axis',(1.,0.,0.));
#6454=DIRECTION('',(0.,-1.,0.));
#6455=DIRECTION('center_axis',(0.,0.,-1.));
#6456=DIRECTION('ref_axis',(0.,-1.,0.));
#6457=DIRECTION('',(-1.,0.,0.));
#6458=DIRECTION('center_axis',(0.,0.,-1.));
#6459=DIRECTION('ref_axis',(-1.,0.,0.));
#6460=DIRECTION('',(0.,1.,0.));
#6461=DIRECTION('center_axis',(0.,0.,-1.));
#6462=DIRECTION('ref_axis',(0.,1.,0.));
#6463=DIRECTION('',(1.,0.,0.));
#6464=DIRECTION('center_axis',(0.,0.,-1.));
#6465=DIRECTION('ref_axis',(1.,0.,0.));
#6466=DIRECTION('',(0.,-1.,0.));
#6467=DIRECTION('center_axis',(0.,0.,-1.));
#6468=DIRECTION('ref_axis',(0.,-1.,0.));
#6469=DIRECTION('',(-1.,0.,0.));
#6470=DIRECTION('center_axis',(0.,0.,-1.));
#6471=DIRECTION('ref_axis',(-1.,0.,0.));
#6472=DIRECTION('',(0.,1.,0.));
#6473=DIRECTION('center_axis',(0.,0.,-1.));
#6474=DIRECTION('ref_axis',(0.,1.,0.));
#6475=DIRECTION('',(1.,0.,0.));
#6476=DIRECTION('center_axis',(0.,0.,-1.));
#6477=DIRECTION('ref_axis',(1.,0.,0.));
#6478=DIRECTION('',(0.,-1.,0.));
#6479=DIRECTION('center_axis',(0.,0.,-1.));
#6480=DIRECTION('ref_axis',(0.,-1.,0.));
#6481=DIRECTION('',(-1.,0.,0.));
#6482=DIRECTION('center_axis',(0.,0.,-1.));
#6483=DIRECTION('ref_axis',(-1.,0.,0.));
#6484=DIRECTION('',(0.,1.,0.));
#6485=DIRECTION('center_axis',(0.,0.,-1.));
#6486=DIRECTION('ref_axis',(0.,1.,0.));
#6487=DIRECTION('',(1.,0.,0.));
#6488=DIRECTION('center_axis',(0.,0.,-1.));
#6489=DIRECTION('ref_axis',(1.,0.,0.));
#6490=DIRECTION('',(0.,-1.,0.));
#6491=DIRECTION('center_axis',(0.,0.,-1.));
#6492=DIRECTION('ref_axis',(0.,-1.,0.));
#6493=DIRECTION('',(-1.,0.,0.));
#6494=DIRECTION('center_axis',(0.,0.,-1.));
#6495=DIRECTION('ref_axis',(-1.,0.,0.));
#6496=DIRECTION('',(0.,1.,0.));
#6497=DIRECTION('center_axis',(0.,0.,-1.));
#6498=DIRECTION('ref_axis',(0.,1.,0.));
#6499=DIRECTION('',(1.,0.,0.));
#6500=DIRECTION('center_axis',(0.,0.,-1.));
#6501=DIRECTION('ref_axis',(1.,0.,0.));
#6502=DIRECTION('',(0.,-1.,0.));
#6503=DIRECTION('center_axis',(0.,0.,-1.));
#6504=DIRECTION('ref_axis',(0.,-1.,0.));
#6505=DIRECTION('',(-1.,0.,0.));
#6506=DIRECTION('center_axis',(0.,0.,-1.));
#6507=DIRECTION('ref_axis',(-1.,0.,0.));
#6508=DIRECTION('',(0.,1.,0.));
#6509=DIRECTION('center_axis',(0.,0.,-1.));
#6510=DIRECTION('ref_axis',(0.,1.,0.));
#6511=DIRECTION('',(1.,0.,0.));
#6512=DIRECTION('center_axis',(0.,0.,-1.));
#6513=DIRECTION('ref_axis',(1.,0.,0.));
#6514=DIRECTION('',(0.,-1.,0.));
#6515=DIRECTION('center_axis',(0.,0.,-1.));
#6516=DIRECTION('ref_axis',(0.,-1.,0.));
#6517=DIRECTION('',(-1.,0.,0.));
#6518=DIRECTION('center_axis',(0.,0.,-1.));
#6519=DIRECTION('ref_axis',(-1.,0.,0.));
#6520=DIRECTION('',(0.,1.,0.));
#6521=DIRECTION('center_axis',(0.,0.,-1.));
#6522=DIRECTION('ref_axis',(0.,1.,0.));
#6523=DIRECTION('',(1.,0.,0.));
#6524=DIRECTION('center_axis',(0.,0.,-1.));
#6525=DIRECTION('ref_axis',(1.,0.,0.));
#6526=DIRECTION('',(0.,-1.,0.));
#6527=DIRECTION('center_axis',(0.,0.,-1.));
#6528=DIRECTION('ref_axis',(0.,-1.,0.));
#6529=DIRECTION('',(-1.,0.,0.));
#6530=DIRECTION('center_axis',(0.,0.,-1.));
#6531=DIRECTION('ref_axis',(-1.,0.,0.));
#6532=DIRECTION('',(0.,1.,0.));
#6533=DIRECTION('center_axis',(0.,0.,-1.));
#6534=DIRECTION('ref_axis',(0.,1.,0.));
#6535=DIRECTION('',(1.,0.,0.));
#6536=DIRECTION('center_axis',(0.,0.,-1.));
#6537=DIRECTION('ref_axis',(0.,1.,0.));
#6538=DIRECTION('',(1.,0.,0.));
#6539=DIRECTION('center_axis',(0.,0.,-1.));
#6540=DIRECTION('ref_axis',(1.,0.,0.));
#6541=DIRECTION('',(0.,-1.,0.));
#6542=DIRECTION('center_axis',(0.,0.,-1.));
#6543=DIRECTION('ref_axis',(0.,-1.,0.));
#6544=DIRECTION('',(-1.,0.,0.));
#6545=DIRECTION('center_axis',(0.,0.,-1.));
#6546=DIRECTION('ref_axis',(-1.,0.,0.));
#6547=DIRECTION('',(0.,1.,0.));
#6548=DIRECTION('center_axis',(0.,0.,-1.));
#6549=DIRECTION('ref_axis',(1.,0.,0.));
#6550=DIRECTION('',(0.,-1.,0.));
#6551=DIRECTION('center_axis',(0.,0.,-1.));
#6552=DIRECTION('ref_axis',(0.,-1.,0.));
#6553=DIRECTION('',(-1.,0.,0.));
#6554=DIRECTION('center_axis',(0.,0.,-1.));
#6555=DIRECTION('ref_axis',(-1.,0.,0.));
#6556=DIRECTION('',(0.,1.,0.));
#6557=DIRECTION('center_axis',(0.,0.,-1.));
#6558=DIRECTION('ref_axis',(0.,1.,0.));
#6559=DIRECTION('',(1.,0.,0.));
#6560=DIRECTION('center_axis',(0.,0.,-1.));
#6561=DIRECTION('ref_axis',(0.,1.,0.));
#6562=DIRECTION('',(1.,0.,0.));
#6563=DIRECTION('center_axis',(0.,0.,-1.));
#6564=DIRECTION('ref_axis',(1.,0.,0.));
#6565=DIRECTION('',(0.,-1.,0.));
#6566=DIRECTION('center_axis',(0.,0.,-1.));
#6567=DIRECTION('ref_axis',(0.,-1.,0.));
#6568=DIRECTION('',(-1.,0.,0.));
#6569=DIRECTION('center_axis',(0.,0.,-1.));
#6570=DIRECTION('ref_axis',(-1.,0.,0.));
#6571=DIRECTION('',(0.,1.,0.));
#6572=DIRECTION('center_axis',(0.,0.,-1.));
#6573=DIRECTION('ref_axis',(1.,0.,0.));
#6574=DIRECTION('',(0.,-1.,0.));
#6575=DIRECTION('center_axis',(0.,0.,-1.));
#6576=DIRECTION('ref_axis',(0.,-1.,0.));
#6577=DIRECTION('',(-1.,0.,0.));
#6578=DIRECTION('center_axis',(0.,0.,-1.));
#6579=DIRECTION('ref_axis',(-1.,0.,0.));
#6580=DIRECTION('',(0.,1.,0.));
#6581=DIRECTION('center_axis',(0.,0.,-1.));
#6582=DIRECTION('ref_axis',(0.,1.,0.));
#6583=DIRECTION('',(1.,0.,0.));
#6584=DIRECTION('center_axis',(0.,0.,-1.));
#6585=DIRECTION('ref_axis',(1.,0.,0.));
#6586=DIRECTION('',(0.,-1.,0.));
#6587=DIRECTION('center_axis',(0.,0.,-1.));
#6588=DIRECTION('ref_axis',(0.,-1.,0.));
#6589=DIRECTION('',(-1.,0.,0.));
#6590=DIRECTION('center_axis',(0.,0.,-1.));
#6591=DIRECTION('ref_axis',(-1.,0.,0.));
#6592=DIRECTION('',(0.,1.,0.));
#6593=DIRECTION('center_axis',(0.,0.,-1.));
#6594=DIRECTION('ref_axis',(0.,1.,0.));
#6595=DIRECTION('',(1.,0.,0.));
#6596=DIRECTION('center_axis',(0.,0.,-1.));
#6597=DIRECTION('ref_axis',(0.,1.,0.));
#6598=DIRECTION('',(1.,0.,0.));
#6599=DIRECTION('center_axis',(0.,0.,-1.));
#6600=DIRECTION('ref_axis',(1.,0.,0.));
#6601=DIRECTION('',(0.,-1.,0.));
#6602=DIRECTION('center_axis',(0.,0.,-1.));
#6603=DIRECTION('ref_axis',(0.,-1.,0.));
#6604=DIRECTION('',(-1.,0.,0.));
#6605=DIRECTION('center_axis',(0.,0.,-1.));
#6606=DIRECTION('ref_axis',(-1.,0.,0.));
#6607=DIRECTION('',(0.,1.,0.));
#6608=DIRECTION('center_axis',(0.,0.,-1.));
#6609=DIRECTION('ref_axis',(1.,0.,0.));
#6610=DIRECTION('',(0.,-1.,0.));
#6611=DIRECTION('center_axis',(0.,0.,-1.));
#6612=DIRECTION('ref_axis',(0.,-1.,0.));
#6613=DIRECTION('',(-1.,0.,0.));
#6614=DIRECTION('center_axis',(0.,0.,-1.));
#6615=DIRECTION('ref_axis',(-1.,0.,0.));
#6616=DIRECTION('',(0.,1.,0.));
#6617=DIRECTION('center_axis',(0.,0.,-1.));
#6618=DIRECTION('ref_axis',(0.,1.,0.));
#6619=DIRECTION('',(1.,0.,0.));
#6620=DIRECTION('center_axis',(0.,0.,-1.));
#6621=DIRECTION('ref_axis',(1.,0.,0.));
#6622=DIRECTION('',(0.,-1.,0.));
#6623=DIRECTION('center_axis',(0.,0.,-1.));
#6624=DIRECTION('ref_axis',(0.,-1.,0.));
#6625=DIRECTION('',(-1.,0.,0.));
#6626=DIRECTION('center_axis',(0.,0.,-1.));
#6627=DIRECTION('ref_axis',(-1.,0.,0.));
#6628=DIRECTION('',(0.,1.,0.));
#6629=DIRECTION('center_axis',(0.,0.,-1.));
#6630=DIRECTION('ref_axis',(0.,1.,0.));
#6631=DIRECTION('',(1.,0.,0.));
#6632=DIRECTION('center_axis',(0.,0.,-1.));
#6633=DIRECTION('ref_axis',(1.,0.,0.));
#6634=DIRECTION('',(0.,-1.,0.));
#6635=DIRECTION('center_axis',(0.,0.,-1.));
#6636=DIRECTION('ref_axis',(0.,-1.,0.));
#6637=DIRECTION('',(-1.,0.,0.));
#6638=DIRECTION('center_axis',(0.,0.,-1.));
#6639=DIRECTION('ref_axis',(-1.,0.,0.));
#6640=DIRECTION('',(0.,1.,0.));
#6641=DIRECTION('center_axis',(0.,0.,-1.));
#6642=DIRECTION('ref_axis',(0.,1.,0.));
#6643=DIRECTION('',(1.,0.,0.));
#6644=DIRECTION('center_axis',(0.,0.,-1.));
#6645=DIRECTION('ref_axis',(1.,0.,0.));
#6646=DIRECTION('',(0.,-1.,0.));
#6647=DIRECTION('center_axis',(0.,0.,-1.));
#6648=DIRECTION('ref_axis',(0.,-1.,0.));
#6649=DIRECTION('',(-1.,0.,0.));
#6650=DIRECTION('center_axis',(0.,0.,-1.));
#6651=DIRECTION('ref_axis',(-1.,0.,0.));
#6652=DIRECTION('',(0.,1.,0.));
#6653=DIRECTION('center_axis',(0.,0.,-1.));
#6654=DIRECTION('ref_axis',(0.,1.,0.));
#6655=DIRECTION('',(1.,0.,0.));
#6656=DIRECTION('center_axis',(0.,0.,-1.));
#6657=DIRECTION('ref_axis',(1.,0.,0.));
#6658=DIRECTION('',(0.,-1.,0.));
#6659=DIRECTION('center_axis',(0.,0.,-1.));
#6660=DIRECTION('ref_axis',(0.,-1.,0.));
#6661=DIRECTION('',(-1.,0.,0.));
#6662=DIRECTION('center_axis',(0.,0.,-1.));
#6663=DIRECTION('ref_axis',(-1.,0.,0.));
#6664=DIRECTION('',(0.,1.,0.));
#6665=DIRECTION('center_axis',(0.,0.,-1.));
#6666=DIRECTION('ref_axis',(0.,1.,0.));
#6667=DIRECTION('',(1.,0.,0.));
#6668=DIRECTION('center_axis',(0.,-1.,0.));
#6669=DIRECTION('ref_axis',(1.,0.,0.));
#6670=DIRECTION('',(1.,0.,0.));
#6671=DIRECTION('center_axis',(0.,-1.,0.));
#6672=DIRECTION('ref_axis',(1.,0.,0.));
#6673=DIRECTION('',(1.,0.,0.));
#6674=DIRECTION('',(0.,0.,1.));
#6675=DIRECTION('',(0.,0.,1.));
#6676=DIRECTION('center_axis',(0.,0.,1.));
#6677=DIRECTION('ref_axis',(0.,1.,0.));
#6678=DIRECTION('center_axis',(0.,0.,-1.));
#6679=DIRECTION('ref_axis',(0.,1.,0.));
#6680=DIRECTION('',(0.,0.,1.));
#6681=DIRECTION('center_axis',(1.,0.,0.));
#6682=DIRECTION('ref_axis',(0.,1.,0.));
#6683=DIRECTION('',(0.,1.,0.));
#6684=DIRECTION('',(0.,0.,1.));
#6685=DIRECTION('center_axis',(0.,0.,1.));
#6686=DIRECTION('ref_axis',(-1.,0.,0.));
#6687=DIRECTION('center_axis',(0.,0.,-1.));
#6688=DIRECTION('ref_axis',(-1.,0.,0.));
#6689=DIRECTION('',(0.,0.,1.));
#6690=DIRECTION('center_axis',(0.,1.,0.));
#6691=DIRECTION('ref_axis',(-1.,0.,0.));
#6692=DIRECTION('',(-1.,0.,0.));
#6693=DIRECTION('',(0.,0.,1.));
#6694=DIRECTION('center_axis',(0.,0.,1.));
#6695=DIRECTION('ref_axis',(0.,-1.,0.));
#6696=DIRECTION('center_axis',(0.,0.,-1.));
#6697=DIRECTION('ref_axis',(0.,-1.,0.));
#6698=DIRECTION('',(0.,0.,1.));
#6699=DIRECTION('center_axis',(-1.,0.,0.));
#6700=DIRECTION('ref_axis',(0.,-1.,0.));
#6701=DIRECTION('',(0.,-1.,0.));
#6702=DIRECTION('',(0.,0.,1.));
#6703=DIRECTION('center_axis',(0.,0.,1.));
#6704=DIRECTION('ref_axis',(1.,0.,0.));
#6705=DIRECTION('center_axis',(0.,0.,-1.));
#6706=DIRECTION('ref_axis',(1.,0.,0.));
#6707=DIRECTION('center_axis',(0.,-1.,0.));
#6708=DIRECTION('ref_axis',(1.,0.,0.));
#6709=DIRECTION('',(1.,0.,0.));
#6710=DIRECTION('',(0.,0.,1.));
#6711=DIRECTION('',(0.,0.,1.));
#6712=DIRECTION('center_axis',(0.,0.,1.));
#6713=DIRECTION('ref_axis',(0.,1.,0.));
#6714=DIRECTION('center_axis',(0.,0.,-1.));
#6715=DIRECTION('ref_axis',(0.,1.,0.));
#6716=DIRECTION('',(0.,0.,1.));
#6717=DIRECTION('center_axis',(1.,0.,0.));
#6718=DIRECTION('ref_axis',(0.,1.,0.));
#6719=DIRECTION('',(0.,1.,0.));
#6720=DIRECTION('',(0.,0.,1.));
#6721=DIRECTION('center_axis',(0.,0.,1.));
#6722=DIRECTION('ref_axis',(-1.,0.,0.));
#6723=DIRECTION('center_axis',(0.,0.,-1.));
#6724=DIRECTION('ref_axis',(-1.,0.,0.));
#6725=DIRECTION('',(0.,0.,1.));
#6726=DIRECTION('center_axis',(0.,1.,0.));
#6727=DIRECTION('ref_axis',(-1.,0.,0.));
#6728=DIRECTION('',(-1.,0.,0.));
#6729=DIRECTION('',(0.,0.,1.));
#6730=DIRECTION('center_axis',(0.,0.,1.));
#6731=DIRECTION('ref_axis',(0.,-1.,0.));
#6732=DIRECTION('center_axis',(0.,0.,-1.));
#6733=DIRECTION('ref_axis',(0.,-1.,0.));
#6734=DIRECTION('',(0.,0.,1.));
#6735=DIRECTION('center_axis',(-1.,0.,0.));
#6736=DIRECTION('ref_axis',(0.,-1.,0.));
#6737=DIRECTION('',(0.,-1.,0.));
#6738=DIRECTION('',(0.,0.,1.));
#6739=DIRECTION('center_axis',(0.,0.,1.));
#6740=DIRECTION('ref_axis',(1.,0.,0.));
#6741=DIRECTION('center_axis',(0.,0.,-1.));
#6742=DIRECTION('ref_axis',(1.,0.,0.));
#6743=DIRECTION('center_axis',(0.,-1.,0.));
#6744=DIRECTION('ref_axis',(1.,0.,0.));
#6745=DIRECTION('',(1.,0.,0.));
#6746=DIRECTION('',(0.,0.,1.));
#6747=DIRECTION('',(0.,0.,1.));
#6748=DIRECTION('center_axis',(0.,0.,1.));
#6749=DIRECTION('ref_axis',(0.,1.,0.));
#6750=DIRECTION('center_axis',(0.,0.,-1.));
#6751=DIRECTION('ref_axis',(0.,1.,0.));
#6752=DIRECTION('',(0.,0.,1.));
#6753=DIRECTION('center_axis',(1.,0.,0.));
#6754=DIRECTION('ref_axis',(0.,1.,0.));
#6755=DIRECTION('',(0.,1.,0.));
#6756=DIRECTION('',(0.,0.,1.));
#6757=DIRECTION('center_axis',(0.,0.,1.));
#6758=DIRECTION('ref_axis',(-1.,0.,0.));
#6759=DIRECTION('center_axis',(0.,0.,-1.));
#6760=DIRECTION('ref_axis',(-1.,0.,0.));
#6761=DIRECTION('',(0.,0.,1.));
#6762=DIRECTION('center_axis',(0.,1.,0.));
#6763=DIRECTION('ref_axis',(-1.,0.,0.));
#6764=DIRECTION('',(-1.,0.,0.));
#6765=DIRECTION('',(0.,0.,1.));
#6766=DIRECTION('center_axis',(0.,0.,1.));
#6767=DIRECTION('ref_axis',(0.,-1.,0.));
#6768=DIRECTION('center_axis',(0.,0.,-1.));
#6769=DIRECTION('ref_axis',(0.,-1.,0.));
#6770=DIRECTION('',(0.,0.,1.));
#6771=DIRECTION('center_axis',(-1.,0.,0.));
#6772=DIRECTION('ref_axis',(0.,-1.,0.));
#6773=DIRECTION('',(0.,-1.,0.));
#6774=DIRECTION('',(0.,0.,1.));
#6775=DIRECTION('center_axis',(0.,0.,1.));
#6776=DIRECTION('ref_axis',(1.,0.,0.));
#6777=DIRECTION('center_axis',(0.,0.,-1.));
#6778=DIRECTION('ref_axis',(1.,0.,0.));
#6779=DIRECTION('center_axis',(1.,0.,0.));
#6780=DIRECTION('ref_axis',(0.,1.,0.));
#6781=DIRECTION('',(0.,1.,0.));
#6782=DIRECTION('',(0.,0.,1.));
#6783=DIRECTION('',(0.,0.,1.));
#6784=DIRECTION('center_axis',(0.,0.,1.));
#6785=DIRECTION('ref_axis',(-1.,0.,0.));
#6786=DIRECTION('center_axis',(0.,0.,-1.));
#6787=DIRECTION('ref_axis',(-1.,0.,0.));
#6788=DIRECTION('',(0.,0.,1.));
#6789=DIRECTION('center_axis',(0.,1.,0.));
#6790=DIRECTION('ref_axis',(-1.,0.,0.));
#6791=DIRECTION('',(-1.,0.,0.));
#6792=DIRECTION('',(0.,0.,1.));
#6793=DIRECTION('center_axis',(0.,0.,1.));
#6794=DIRECTION('ref_axis',(0.,-1.,0.));
#6795=DIRECTION('center_axis',(0.,0.,-1.));
#6796=DIRECTION('ref_axis',(0.,-1.,0.));
#6797=DIRECTION('',(0.,0.,1.));
#6798=DIRECTION('center_axis',(-1.,0.,0.));
#6799=DIRECTION('ref_axis',(0.,-1.,0.));
#6800=DIRECTION('',(0.,-1.,0.));
#6801=DIRECTION('',(0.,0.,1.));
#6802=DIRECTION('center_axis',(0.,0.,1.));
#6803=DIRECTION('ref_axis',(1.,0.,0.));
#6804=DIRECTION('center_axis',(0.,0.,-1.));
#6805=DIRECTION('ref_axis',(1.,0.,0.));
#6806=DIRECTION('',(0.,0.,1.));
#6807=DIRECTION('center_axis',(0.,-1.,0.));
#6808=DIRECTION('ref_axis',(1.,0.,0.));
#6809=DIRECTION('',(1.,0.,0.));
#6810=DIRECTION('',(0.,0.,1.));
#6811=DIRECTION('center_axis',(0.,0.,1.));
#6812=DIRECTION('ref_axis',(0.,1.,0.));
#6813=DIRECTION('center_axis',(0.,0.,-1.));
#6814=DIRECTION('ref_axis',(0.,1.,0.));
#6815=DIRECTION('center_axis',(0.,-1.,0.));
#6816=DIRECTION('ref_axis',(1.,0.,0.));
#6817=DIRECTION('',(1.,0.,0.));
#6818=DIRECTION('',(0.,0.,1.));
#6819=DIRECTION('',(0.,0.,1.));
#6820=DIRECTION('center_axis',(0.,0.,1.));
#6821=DIRECTION('ref_axis',(0.,1.,0.));
#6822=DIRECTION('center_axis',(0.,0.,-1.));
#6823=DIRECTION('ref_axis',(0.,1.,0.));
#6824=DIRECTION('',(0.,0.,1.));
#6825=DIRECTION('center_axis',(1.,0.,0.));
#6826=DIRECTION('ref_axis',(0.,1.,0.));
#6827=DIRECTION('',(0.,1.,0.));
#6828=DIRECTION('',(0.,0.,1.));
#6829=DIRECTION('center_axis',(0.,0.,1.));
#6830=DIRECTION('ref_axis',(-1.,0.,0.));
#6831=DIRECTION('center_axis',(0.,0.,-1.));
#6832=DIRECTION('ref_axis',(-1.,0.,0.));
#6833=DIRECTION('',(0.,0.,1.));
#6834=DIRECTION('center_axis',(0.,1.,0.));
#6835=DIRECTION('ref_axis',(-1.,0.,0.));
#6836=DIRECTION('',(-1.,0.,0.));
#6837=DIRECTION('',(0.,0.,1.));
#6838=DIRECTION('center_axis',(0.,0.,1.));
#6839=DIRECTION('ref_axis',(0.,-1.,0.));
#6840=DIRECTION('center_axis',(0.,0.,-1.));
#6841=DIRECTION('ref_axis',(0.,-1.,0.));
#6842=DIRECTION('',(0.,0.,1.));
#6843=DIRECTION('center_axis',(-1.,0.,0.));
#6844=DIRECTION('ref_axis',(0.,-1.,0.));
#6845=DIRECTION('',(0.,-1.,0.));
#6846=DIRECTION('',(0.,0.,1.));
#6847=DIRECTION('center_axis',(0.,0.,1.));
#6848=DIRECTION('ref_axis',(1.,0.,0.));
#6849=DIRECTION('center_axis',(0.,0.,-1.));
#6850=DIRECTION('ref_axis',(1.,0.,0.));
#6851=DIRECTION('center_axis',(1.,0.,0.));
#6852=DIRECTION('ref_axis',(0.,1.,0.));
#6853=DIRECTION('',(0.,1.,0.));
#6854=DIRECTION('',(0.,0.,1.));
#6855=DIRECTION('',(0.,0.,1.));
#6856=DIRECTION('center_axis',(0.,0.,1.));
#6857=DIRECTION('ref_axis',(-1.,0.,0.));
#6858=DIRECTION('center_axis',(0.,0.,-1.));
#6859=DIRECTION('ref_axis',(-1.,0.,0.));
#6860=DIRECTION('',(0.,0.,1.));
#6861=DIRECTION('center_axis',(0.,1.,0.));
#6862=DIRECTION('ref_axis',(-1.,0.,0.));
#6863=DIRECTION('',(-1.,0.,0.));
#6864=DIRECTION('',(0.,0.,1.));
#6865=DIRECTION('center_axis',(0.,0.,1.));
#6866=DIRECTION('ref_axis',(0.,-1.,0.));
#6867=DIRECTION('center_axis',(0.,0.,-1.));
#6868=DIRECTION('ref_axis',(0.,-1.,0.));
#6869=DIRECTION('',(0.,0.,1.));
#6870=DIRECTION('center_axis',(-1.,0.,0.));
#6871=DIRECTION('ref_axis',(0.,-1.,0.));
#6872=DIRECTION('',(0.,-1.,0.));
#6873=DIRECTION('',(0.,0.,1.));
#6874=DIRECTION('center_axis',(0.,0.,1.));
#6875=DIRECTION('ref_axis',(1.,0.,0.));
#6876=DIRECTION('center_axis',(0.,0.,-1.));
#6877=DIRECTION('ref_axis',(1.,0.,0.));
#6878=DIRECTION('',(0.,0.,1.));
#6879=DIRECTION('center_axis',(0.,-1.,0.));
#6880=DIRECTION('ref_axis',(1.,0.,0.));
#6881=DIRECTION('',(1.,0.,0.));
#6882=DIRECTION('',(0.,0.,1.));
#6883=DIRECTION('center_axis',(0.,0.,1.));
#6884=DIRECTION('ref_axis',(0.,1.,0.));
#6885=DIRECTION('center_axis',(0.,0.,-1.));
#6886=DIRECTION('ref_axis',(0.,1.,0.));
#6887=DIRECTION('center_axis',(1.,0.,0.));
#6888=DIRECTION('ref_axis',(0.,1.,0.));
#6889=DIRECTION('',(0.,1.,0.));
#6890=DIRECTION('',(0.,0.,1.));
#6891=DIRECTION('',(0.,0.,1.));
#6892=DIRECTION('center_axis',(0.,0.,1.));
#6893=DIRECTION('ref_axis',(-1.,0.,0.));
#6894=DIRECTION('center_axis',(0.,0.,-1.));
#6895=DIRECTION('ref_axis',(-1.,0.,0.));
#6896=DIRECTION('',(0.,0.,1.));
#6897=DIRECTION('center_axis',(0.,1.,0.));
#6898=DIRECTION('ref_axis',(-1.,0.,0.));
#6899=DIRECTION('',(-1.,0.,0.));
#6900=DIRECTION('',(0.,0.,1.));
#6901=DIRECTION('center_axis',(0.,0.,1.));
#6902=DIRECTION('ref_axis',(0.,-1.,0.));
#6903=DIRECTION('center_axis',(0.,0.,-1.));
#6904=DIRECTION('ref_axis',(0.,-1.,0.));
#6905=DIRECTION('',(0.,0.,1.));
#6906=DIRECTION('center_axis',(-1.,0.,0.));
#6907=DIRECTION('ref_axis',(0.,-1.,0.));
#6908=DIRECTION('',(0.,-1.,0.));
#6909=DIRECTION('',(0.,0.,1.));
#6910=DIRECTION('center_axis',(0.,0.,1.));
#6911=DIRECTION('ref_axis',(1.,0.,0.));
#6912=DIRECTION('center_axis',(0.,0.,-1.));
#6913=DIRECTION('ref_axis',(1.,0.,0.));
#6914=DIRECTION('',(0.,0.,1.));
#6915=DIRECTION('center_axis',(0.,-1.,0.));
#6916=DIRECTION('ref_axis',(1.,0.,0.));
#6917=DIRECTION('',(1.,0.,0.));
#6918=DIRECTION('',(0.,0.,1.));
#6919=DIRECTION('center_axis',(0.,0.,1.));
#6920=DIRECTION('ref_axis',(0.,1.,0.));
#6921=DIRECTION('center_axis',(0.,0.,-1.));
#6922=DIRECTION('ref_axis',(0.,1.,0.));
#6923=DIRECTION('center_axis',(0.,-1.,0.));
#6924=DIRECTION('ref_axis',(1.,0.,0.));
#6925=DIRECTION('',(1.,0.,0.));
#6926=DIRECTION('',(0.,0.,1.));
#6927=DIRECTION('',(0.,0.,1.));
#6928=DIRECTION('center_axis',(0.,0.,1.));
#6929=DIRECTION('ref_axis',(0.,1.,0.));
#6930=DIRECTION('center_axis',(0.,0.,-1.));
#6931=DIRECTION('ref_axis',(0.,1.,0.));
#6932=DIRECTION('',(0.,0.,1.));
#6933=DIRECTION('center_axis',(1.,0.,0.));
#6934=DIRECTION('ref_axis',(0.,1.,0.));
#6935=DIRECTION('',(0.,1.,0.));
#6936=DIRECTION('',(0.,0.,1.));
#6937=DIRECTION('center_axis',(0.,0.,1.));
#6938=DIRECTION('ref_axis',(-1.,0.,0.));
#6939=DIRECTION('center_axis',(0.,0.,-1.));
#6940=DIRECTION('ref_axis',(-1.,0.,0.));
#6941=DIRECTION('',(0.,0.,1.));
#6942=DIRECTION('center_axis',(0.,1.,0.));
#6943=DIRECTION('ref_axis',(-1.,0.,0.));
#6944=DIRECTION('',(-1.,0.,0.));
#6945=DIRECTION('',(0.,0.,1.));
#6946=DIRECTION('center_axis',(0.,0.,1.));
#6947=DIRECTION('ref_axis',(0.,-1.,0.));
#6948=DIRECTION('center_axis',(0.,0.,-1.));
#6949=DIRECTION('ref_axis',(0.,-1.,0.));
#6950=DIRECTION('',(0.,0.,1.));
#6951=DIRECTION('center_axis',(-1.,0.,0.));
#6952=DIRECTION('ref_axis',(0.,-1.,0.));
#6953=DIRECTION('',(0.,-1.,0.));
#6954=DIRECTION('',(0.,0.,1.));
#6955=DIRECTION('center_axis',(0.,0.,1.));
#6956=DIRECTION('ref_axis',(1.,0.,0.));
#6957=DIRECTION('center_axis',(0.,0.,-1.));
#6958=DIRECTION('ref_axis',(1.,0.,0.));
#6959=DIRECTION('center_axis',(0.,-1.,0.));
#6960=DIRECTION('ref_axis',(1.,0.,0.));
#6961=DIRECTION('',(1.,0.,0.));
#6962=DIRECTION('',(0.,0.,1.));
#6963=DIRECTION('',(0.,0.,1.));
#6964=DIRECTION('center_axis',(0.,0.,1.));
#6965=DIRECTION('ref_axis',(0.,1.,0.));
#6966=DIRECTION('center_axis',(0.,0.,-1.));
#6967=DIRECTION('ref_axis',(0.,1.,0.));
#6968=DIRECTION('',(0.,0.,1.));
#6969=DIRECTION('center_axis',(1.,0.,0.));
#6970=DIRECTION('ref_axis',(0.,1.,0.));
#6971=DIRECTION('',(0.,1.,0.));
#6972=DIRECTION('',(0.,0.,1.));
#6973=DIRECTION('center_axis',(0.,0.,1.));
#6974=DIRECTION('ref_axis',(-1.,0.,0.));
#6975=DIRECTION('center_axis',(0.,0.,-1.));
#6976=DIRECTION('ref_axis',(-1.,0.,0.));
#6977=DIRECTION('',(0.,0.,1.));
#6978=DIRECTION('center_axis',(0.,1.,0.));
#6979=DIRECTION('ref_axis',(-1.,0.,0.));
#6980=DIRECTION('',(-1.,0.,0.));
#6981=DIRECTION('',(0.,0.,1.));
#6982=DIRECTION('center_axis',(0.,0.,1.));
#6983=DIRECTION('ref_axis',(0.,-1.,0.));
#6984=DIRECTION('center_axis',(0.,0.,-1.));
#6985=DIRECTION('ref_axis',(0.,-1.,0.));
#6986=DIRECTION('',(0.,0.,1.));
#6987=DIRECTION('center_axis',(-1.,0.,0.));
#6988=DIRECTION('ref_axis',(0.,-1.,0.));
#6989=DIRECTION('',(0.,-1.,0.));
#6990=DIRECTION('',(0.,0.,1.));
#6991=DIRECTION('center_axis',(0.,0.,1.));
#6992=DIRECTION('ref_axis',(1.,0.,0.));
#6993=DIRECTION('center_axis',(0.,0.,-1.));
#6994=DIRECTION('ref_axis',(1.,0.,0.));
#6995=DIRECTION('center_axis',(0.,-1.,0.));
#6996=DIRECTION('ref_axis',(1.,0.,0.));
#6997=DIRECTION('',(1.,0.,0.));
#6998=DIRECTION('',(0.,0.,1.));
#6999=DIRECTION('',(0.,0.,1.));
#7000=DIRECTION('center_axis',(0.,0.,1.));
#7001=DIRECTION('ref_axis',(0.,1.,0.));
#7002=DIRECTION('center_axis',(0.,0.,-1.));
#7003=DIRECTION('ref_axis',(0.,1.,0.));
#7004=DIRECTION('',(0.,0.,1.));
#7005=DIRECTION('center_axis',(1.,0.,0.));
#7006=DIRECTION('ref_axis',(0.,1.,0.));
#7007=DIRECTION('',(0.,1.,0.));
#7008=DIRECTION('',(0.,0.,1.));
#7009=DIRECTION('center_axis',(0.,0.,1.));
#7010=DIRECTION('ref_axis',(-1.,0.,0.));
#7011=DIRECTION('center_axis',(0.,0.,-1.));
#7012=DIRECTION('ref_axis',(-1.,0.,0.));
#7013=DIRECTION('',(0.,0.,1.));
#7014=DIRECTION('center_axis',(0.,1.,0.));
#7015=DIRECTION('ref_axis',(-1.,0.,0.));
#7016=DIRECTION('',(-1.,0.,0.));
#7017=DIRECTION('',(0.,0.,1.));
#7018=DIRECTION('center_axis',(0.,0.,1.));
#7019=DIRECTION('ref_axis',(0.,-1.,0.));
#7020=DIRECTION('center_axis',(0.,0.,-1.));
#7021=DIRECTION('ref_axis',(0.,-1.,0.));
#7022=DIRECTION('',(0.,0.,1.));
#7023=DIRECTION('center_axis',(-1.,0.,0.));
#7024=DIRECTION('ref_axis',(0.,-1.,0.));
#7025=DIRECTION('',(0.,-1.,0.));
#7026=DIRECTION('',(0.,0.,1.));
#7027=DIRECTION('center_axis',(0.,0.,1.));
#7028=DIRECTION('ref_axis',(1.,0.,0.));
#7029=DIRECTION('center_axis',(0.,0.,-1.));
#7030=DIRECTION('ref_axis',(1.,0.,0.));
#7031=DIRECTION('center_axis',(0.,-1.,0.));
#7032=DIRECTION('ref_axis',(1.,0.,0.));
#7033=DIRECTION('',(1.,0.,0.));
#7034=DIRECTION('',(0.,0.,1.));
#7035=DIRECTION('',(0.,0.,1.));
#7036=DIRECTION('center_axis',(0.,0.,1.));
#7037=DIRECTION('ref_axis',(0.,1.,0.));
#7038=DIRECTION('center_axis',(0.,0.,-1.));
#7039=DIRECTION('ref_axis',(0.,1.,0.));
#7040=DIRECTION('',(0.,0.,1.));
#7041=DIRECTION('center_axis',(1.,0.,0.));
#7042=DIRECTION('ref_axis',(0.,1.,0.));
#7043=DIRECTION('',(0.,1.,0.));
#7044=DIRECTION('',(0.,0.,1.));
#7045=DIRECTION('center_axis',(0.,0.,1.));
#7046=DIRECTION('ref_axis',(-1.,0.,0.));
#7047=DIRECTION('center_axis',(0.,0.,-1.));
#7048=DIRECTION('ref_axis',(-1.,0.,0.));
#7049=DIRECTION('',(0.,0.,1.));
#7050=DIRECTION('center_axis',(0.,1.,0.));
#7051=DIRECTION('ref_axis',(-1.,0.,0.));
#7052=DIRECTION('',(-1.,0.,0.));
#7053=DIRECTION('',(0.,0.,1.));
#7054=DIRECTION('center_axis',(0.,0.,1.));
#7055=DIRECTION('ref_axis',(0.,-1.,0.));
#7056=DIRECTION('center_axis',(0.,0.,-1.));
#7057=DIRECTION('ref_axis',(0.,-1.,0.));
#7058=DIRECTION('',(0.,0.,1.));
#7059=DIRECTION('center_axis',(-1.,0.,0.));
#7060=DIRECTION('ref_axis',(0.,-1.,0.));
#7061=DIRECTION('',(0.,-1.,0.));
#7062=DIRECTION('',(0.,0.,1.));
#7063=DIRECTION('center_axis',(0.,0.,1.));
#7064=DIRECTION('ref_axis',(1.,0.,0.));
#7065=DIRECTION('center_axis',(0.,0.,-1.));
#7066=DIRECTION('ref_axis',(1.,0.,0.));
#7067=DIRECTION('center_axis',(0.,-1.,0.));
#7068=DIRECTION('ref_axis',(1.,0.,0.));
#7069=DIRECTION('',(1.,0.,0.));
#7070=DIRECTION('',(0.,0.,1.));
#7071=DIRECTION('',(0.,0.,1.));
#7072=DIRECTION('center_axis',(0.,0.,1.));
#7073=DIRECTION('ref_axis',(0.,1.,0.));
#7074=DIRECTION('center_axis',(0.,0.,-1.));
#7075=DIRECTION('ref_axis',(0.,1.,0.));
#7076=DIRECTION('',(0.,0.,1.));
#7077=DIRECTION('center_axis',(1.,0.,0.));
#7078=DIRECTION('ref_axis',(0.,1.,0.));
#7079=DIRECTION('',(0.,1.,0.));
#7080=DIRECTION('',(0.,0.,1.));
#7081=DIRECTION('center_axis',(0.,0.,1.));
#7082=DIRECTION('ref_axis',(-1.,0.,0.));
#7083=DIRECTION('center_axis',(0.,0.,-1.));
#7084=DIRECTION('ref_axis',(-1.,0.,0.));
#7085=DIRECTION('',(0.,0.,1.));
#7086=DIRECTION('center_axis',(0.,1.,0.));
#7087=DIRECTION('ref_axis',(-1.,0.,0.));
#7088=DIRECTION('',(-1.,0.,0.));
#7089=DIRECTION('',(0.,0.,1.));
#7090=DIRECTION('center_axis',(0.,0.,1.));
#7091=DIRECTION('ref_axis',(0.,-1.,0.));
#7092=DIRECTION('center_axis',(0.,0.,-1.));
#7093=DIRECTION('ref_axis',(0.,-1.,0.));
#7094=DIRECTION('',(0.,0.,1.));
#7095=DIRECTION('center_axis',(-1.,0.,0.));
#7096=DIRECTION('ref_axis',(0.,-1.,0.));
#7097=DIRECTION('',(0.,-1.,0.));
#7098=DIRECTION('',(0.,0.,1.));
#7099=DIRECTION('center_axis',(0.,0.,1.));
#7100=DIRECTION('ref_axis',(1.,0.,0.));
#7101=DIRECTION('center_axis',(0.,0.,-1.));
#7102=DIRECTION('ref_axis',(1.,0.,0.));
#7103=DIRECTION('center_axis',(0.,-1.,0.));
#7104=DIRECTION('ref_axis',(1.,0.,0.));
#7105=DIRECTION('',(1.,0.,0.));
#7106=DIRECTION('',(0.,0.,1.));
#7107=DIRECTION('',(0.,0.,1.));
#7108=DIRECTION('center_axis',(0.,0.,1.));
#7109=DIRECTION('ref_axis',(0.,1.,0.));
#7110=DIRECTION('center_axis',(0.,0.,-1.));
#7111=DIRECTION('ref_axis',(0.,1.,0.));
#7112=DIRECTION('',(0.,0.,1.));
#7113=DIRECTION('center_axis',(1.,0.,0.));
#7114=DIRECTION('ref_axis',(0.,1.,0.));
#7115=DIRECTION('',(0.,1.,0.));
#7116=DIRECTION('',(0.,0.,1.));
#7117=DIRECTION('center_axis',(0.,0.,1.));
#7118=DIRECTION('ref_axis',(-1.,0.,0.));
#7119=DIRECTION('center_axis',(0.,0.,-1.));
#7120=DIRECTION('ref_axis',(-1.,0.,0.));
#7121=DIRECTION('',(0.,0.,1.));
#7122=DIRECTION('center_axis',(0.,1.,0.));
#7123=DIRECTION('ref_axis',(-1.,0.,0.));
#7124=DIRECTION('',(-1.,0.,0.));
#7125=DIRECTION('',(0.,0.,1.));
#7126=DIRECTION('center_axis',(0.,0.,1.));
#7127=DIRECTION('ref_axis',(0.,-1.,0.));
#7128=DIRECTION('center_axis',(0.,0.,-1.));
#7129=DIRECTION('ref_axis',(0.,-1.,0.));
#7130=DIRECTION('',(0.,0.,1.));
#7131=DIRECTION('center_axis',(-1.,0.,0.));
#7132=DIRECTION('ref_axis',(0.,-1.,0.));
#7133=DIRECTION('',(0.,-1.,0.));
#7134=DIRECTION('',(0.,0.,1.));
#7135=DIRECTION('center_axis',(0.,0.,1.));
#7136=DIRECTION('ref_axis',(1.,0.,0.));
#7137=DIRECTION('center_axis',(0.,0.,-1.));
#7138=DIRECTION('ref_axis',(1.,0.,0.));
#7139=DIRECTION('center_axis',(0.,-1.,0.));
#7140=DIRECTION('ref_axis',(1.,0.,0.));
#7141=DIRECTION('',(1.,0.,0.));
#7142=DIRECTION('',(0.,0.,1.));
#7143=DIRECTION('',(0.,0.,1.));
#7144=DIRECTION('center_axis',(0.,0.,1.));
#7145=DIRECTION('ref_axis',(0.,1.,0.));
#7146=DIRECTION('center_axis',(0.,0.,-1.));
#7147=DIRECTION('ref_axis',(0.,1.,0.));
#7148=DIRECTION('',(0.,0.,1.));
#7149=DIRECTION('center_axis',(1.,0.,0.));
#7150=DIRECTION('ref_axis',(0.,1.,0.));
#7151=DIRECTION('',(0.,1.,0.));
#7152=DIRECTION('',(0.,0.,1.));
#7153=DIRECTION('center_axis',(0.,0.,1.));
#7154=DIRECTION('ref_axis',(-1.,0.,0.));
#7155=DIRECTION('center_axis',(0.,0.,-1.));
#7156=DIRECTION('ref_axis',(-1.,0.,0.));
#7157=DIRECTION('',(0.,0.,1.));
#7158=DIRECTION('center_axis',(0.,1.,0.));
#7159=DIRECTION('ref_axis',(-1.,0.,0.));
#7160=DIRECTION('',(-1.,0.,0.));
#7161=DIRECTION('',(0.,0.,1.));
#7162=DIRECTION('center_axis',(0.,0.,1.));
#7163=DIRECTION('ref_axis',(0.,-1.,0.));
#7164=DIRECTION('center_axis',(0.,0.,-1.));
#7165=DIRECTION('ref_axis',(0.,-1.,0.));
#7166=DIRECTION('',(0.,0.,1.));
#7167=DIRECTION('center_axis',(-1.,0.,0.));
#7168=DIRECTION('ref_axis',(0.,-1.,0.));
#7169=DIRECTION('',(0.,-1.,0.));
#7170=DIRECTION('',(0.,0.,1.));
#7171=DIRECTION('center_axis',(0.,0.,1.));
#7172=DIRECTION('ref_axis',(1.,0.,0.));
#7173=DIRECTION('center_axis',(0.,0.,-1.));
#7174=DIRECTION('ref_axis',(1.,0.,0.));
#7175=DIRECTION('center_axis',(0.,-1.,0.));
#7176=DIRECTION('ref_axis',(1.,0.,0.));
#7177=DIRECTION('',(1.,0.,0.));
#7178=DIRECTION('',(0.,0.,1.));
#7179=DIRECTION('',(0.,0.,1.));
#7180=DIRECTION('center_axis',(0.,0.,1.));
#7181=DIRECTION('ref_axis',(0.,1.,0.));
#7182=DIRECTION('center_axis',(0.,0.,-1.));
#7183=DIRECTION('ref_axis',(0.,1.,0.));
#7184=DIRECTION('',(0.,0.,1.));
#7185=DIRECTION('center_axis',(1.,0.,0.));
#7186=DIRECTION('ref_axis',(0.,1.,0.));
#7187=DIRECTION('',(0.,1.,0.));
#7188=DIRECTION('',(0.,0.,1.));
#7189=DIRECTION('center_axis',(0.,0.,1.));
#7190=DIRECTION('ref_axis',(-1.,0.,0.));
#7191=DIRECTION('center_axis',(0.,0.,-1.));
#7192=DIRECTION('ref_axis',(-1.,0.,0.));
#7193=DIRECTION('',(0.,0.,1.));
#7194=DIRECTION('center_axis',(0.,1.,0.));
#7195=DIRECTION('ref_axis',(-1.,0.,0.));
#7196=DIRECTION('',(-1.,0.,0.));
#7197=DIRECTION('',(0.,0.,1.));
#7198=DIRECTION('center_axis',(0.,0.,1.));
#7199=DIRECTION('ref_axis',(0.,-1.,0.));
#7200=DIRECTION('center_axis',(0.,0.,-1.));
#7201=DIRECTION('ref_axis',(0.,-1.,0.));
#7202=DIRECTION('',(0.,0.,1.));
#7203=DIRECTION('center_axis',(-1.,0.,0.));
#7204=DIRECTION('ref_axis',(0.,-1.,0.));
#7205=DIRECTION('',(0.,-1.,0.));
#7206=DIRECTION('',(0.,0.,1.));
#7207=DIRECTION('center_axis',(0.,0.,1.));
#7208=DIRECTION('ref_axis',(1.,0.,0.));
#7209=DIRECTION('center_axis',(0.,0.,-1.));
#7210=DIRECTION('ref_axis',(1.,0.,0.));
#7211=DIRECTION('center_axis',(0.,-1.,0.));
#7212=DIRECTION('ref_axis',(1.,0.,0.));
#7213=DIRECTION('',(1.,0.,0.));
#7214=DIRECTION('',(0.,0.,1.));
#7215=DIRECTION('',(0.,0.,1.));
#7216=DIRECTION('center_axis',(0.,0.,1.));
#7217=DIRECTION('ref_axis',(0.,1.,0.));
#7218=DIRECTION('center_axis',(0.,0.,-1.));
#7219=DIRECTION('ref_axis',(0.,1.,0.));
#7220=DIRECTION('',(0.,0.,1.));
#7221=DIRECTION('center_axis',(1.,0.,0.));
#7222=DIRECTION('ref_axis',(0.,1.,0.));
#7223=DIRECTION('',(0.,1.,0.));
#7224=DIRECTION('',(0.,0.,1.));
#7225=DIRECTION('center_axis',(0.,0.,1.));
#7226=DIRECTION('ref_axis',(-1.,0.,0.));
#7227=DIRECTION('center_axis',(0.,0.,-1.));
#7228=DIRECTION('ref_axis',(-1.,0.,0.));
#7229=DIRECTION('',(0.,0.,1.));
#7230=DIRECTION('center_axis',(0.,1.,0.));
#7231=DIRECTION('ref_axis',(-1.,0.,0.));
#7232=DIRECTION('',(-1.,0.,0.));
#7233=DIRECTION('',(0.,0.,1.));
#7234=DIRECTION('center_axis',(0.,0.,1.));
#7235=DIRECTION('ref_axis',(0.,-1.,0.));
#7236=DIRECTION('center_axis',(0.,0.,-1.));
#7237=DIRECTION('ref_axis',(0.,-1.,0.));
#7238=DIRECTION('',(0.,0.,1.));
#7239=DIRECTION('center_axis',(-1.,0.,0.));
#7240=DIRECTION('ref_axis',(0.,-1.,0.));
#7241=DIRECTION('',(0.,-1.,0.));
#7242=DIRECTION('',(0.,0.,1.));
#7243=DIRECTION('center_axis',(0.,0.,1.));
#7244=DIRECTION('ref_axis',(1.,0.,0.));
#7245=DIRECTION('center_axis',(0.,0.,-1.));
#7246=DIRECTION('ref_axis',(1.,0.,0.));
#7247=DIRECTION('center_axis',(0.,-1.,0.));
#7248=DIRECTION('ref_axis',(1.,0.,0.));
#7249=DIRECTION('',(1.,0.,0.));
#7250=DIRECTION('',(0.,0.,1.));
#7251=DIRECTION('',(0.,0.,1.));
#7252=DIRECTION('center_axis',(0.,0.,1.));
#7253=DIRECTION('ref_axis',(0.,1.,0.));
#7254=DIRECTION('center_axis',(0.,0.,-1.));
#7255=DIRECTION('ref_axis',(0.,1.,0.));
#7256=DIRECTION('',(0.,0.,1.));
#7257=DIRECTION('center_axis',(1.,0.,0.));
#7258=DIRECTION('ref_axis',(0.,1.,0.));
#7259=DIRECTION('',(0.,1.,0.));
#7260=DIRECTION('',(0.,0.,1.));
#7261=DIRECTION('center_axis',(0.,0.,1.));
#7262=DIRECTION('ref_axis',(-1.,0.,0.));
#7263=DIRECTION('center_axis',(0.,0.,-1.));
#7264=DIRECTION('ref_axis',(-1.,0.,0.));
#7265=DIRECTION('',(0.,0.,1.));
#7266=DIRECTION('center_axis',(0.,1.,0.));
#7267=DIRECTION('ref_axis',(-1.,0.,0.));
#7268=DIRECTION('',(-1.,0.,0.));
#7269=DIRECTION('',(0.,0.,1.));
#7270=DIRECTION('center_axis',(0.,0.,1.));
#7271=DIRECTION('ref_axis',(0.,-1.,0.));
#7272=DIRECTION('center_axis',(0.,0.,-1.));
#7273=DIRECTION('ref_axis',(0.,-1.,0.));
#7274=DIRECTION('',(0.,0.,1.));
#7275=DIRECTION('center_axis',(-1.,0.,0.));
#7276=DIRECTION('ref_axis',(0.,-1.,0.));
#7277=DIRECTION('',(0.,-1.,0.));
#7278=DIRECTION('',(0.,0.,1.));
#7279=DIRECTION('center_axis',(0.,0.,1.));
#7280=DIRECTION('ref_axis',(1.,0.,0.));
#7281=DIRECTION('center_axis',(0.,0.,-1.));
#7282=DIRECTION('ref_axis',(1.,0.,0.));
#7283=DIRECTION('center_axis',(0.,-1.,0.));
#7284=DIRECTION('ref_axis',(1.,0.,0.));
#7285=DIRECTION('',(1.,0.,0.));
#7286=DIRECTION('',(0.,0.,1.));
#7287=DIRECTION('',(0.,0.,1.));
#7288=DIRECTION('center_axis',(0.,0.,1.));
#7289=DIRECTION('ref_axis',(0.,1.,0.));
#7290=DIRECTION('center_axis',(0.,0.,-1.));
#7291=DIRECTION('ref_axis',(0.,1.,0.));
#7292=DIRECTION('',(0.,0.,1.));
#7293=DIRECTION('center_axis',(1.,0.,0.));
#7294=DIRECTION('ref_axis',(0.,1.,0.));
#7295=DIRECTION('',(0.,1.,0.));
#7296=DIRECTION('',(0.,0.,1.));
#7297=DIRECTION('center_axis',(0.,0.,1.));
#7298=DIRECTION('ref_axis',(-1.,0.,0.));
#7299=DIRECTION('center_axis',(0.,0.,-1.));
#7300=DIRECTION('ref_axis',(-1.,0.,0.));
#7301=DIRECTION('',(0.,0.,1.));
#7302=DIRECTION('center_axis',(0.,1.,0.));
#7303=DIRECTION('ref_axis',(-1.,0.,0.));
#7304=DIRECTION('',(-1.,0.,0.));
#7305=DIRECTION('',(0.,0.,1.));
#7306=DIRECTION('center_axis',(0.,0.,1.));
#7307=DIRECTION('ref_axis',(0.,-1.,0.));
#7308=DIRECTION('center_axis',(0.,0.,-1.));
#7309=DIRECTION('ref_axis',(0.,-1.,0.));
#7310=DIRECTION('',(0.,0.,1.));
#7311=DIRECTION('center_axis',(-1.,0.,0.));
#7312=DIRECTION('ref_axis',(0.,-1.,0.));
#7313=DIRECTION('',(0.,-1.,0.));
#7314=DIRECTION('',(0.,0.,1.));
#7315=DIRECTION('center_axis',(0.,0.,1.));
#7316=DIRECTION('ref_axis',(1.,0.,0.));
#7317=DIRECTION('center_axis',(0.,0.,-1.));
#7318=DIRECTION('ref_axis',(1.,0.,0.));
#7319=DIRECTION('center_axis',(0.,-1.,0.));
#7320=DIRECTION('ref_axis',(1.,0.,0.));
#7321=DIRECTION('',(1.,0.,0.));
#7322=DIRECTION('',(0.,0.,1.));
#7323=DIRECTION('',(0.,0.,1.));
#7324=DIRECTION('center_axis',(0.,0.,1.));
#7325=DIRECTION('ref_axis',(0.,1.,0.));
#7326=DIRECTION('center_axis',(0.,0.,-1.));
#7327=DIRECTION('ref_axis',(0.,1.,0.));
#7328=DIRECTION('',(0.,0.,1.));
#7329=DIRECTION('center_axis',(1.,0.,0.));
#7330=DIRECTION('ref_axis',(0.,1.,0.));
#7331=DIRECTION('',(0.,1.,0.));
#7332=DIRECTION('',(0.,0.,1.));
#7333=DIRECTION('center_axis',(0.,0.,1.));
#7334=DIRECTION('ref_axis',(-1.,0.,0.));
#7335=DIRECTION('center_axis',(0.,0.,-1.));
#7336=DIRECTION('ref_axis',(-1.,0.,0.));
#7337=DIRECTION('',(0.,0.,1.));
#7338=DIRECTION('center_axis',(0.,1.,0.));
#7339=DIRECTION('ref_axis',(-1.,0.,0.));
#7340=DIRECTION('',(-1.,0.,0.));
#7341=DIRECTION('',(0.,0.,1.));
#7342=DIRECTION('center_axis',(0.,0.,1.));
#7343=DIRECTION('ref_axis',(0.,-1.,0.));
#7344=DIRECTION('center_axis',(0.,0.,-1.));
#7345=DIRECTION('ref_axis',(0.,-1.,0.));
#7346=DIRECTION('',(0.,0.,1.));
#7347=DIRECTION('center_axis',(-1.,0.,0.));
#7348=DIRECTION('ref_axis',(0.,-1.,0.));
#7349=DIRECTION('',(0.,-1.,0.));
#7350=DIRECTION('',(0.,0.,1.));
#7351=DIRECTION('center_axis',(0.,0.,1.));
#7352=DIRECTION('ref_axis',(1.,0.,0.));
#7353=DIRECTION('center_axis',(0.,0.,-1.));
#7354=DIRECTION('ref_axis',(1.,0.,0.));
#7355=DIRECTION('center_axis',(1.,0.,0.));
#7356=DIRECTION('ref_axis',(0.,1.,0.));
#7357=DIRECTION('',(0.,1.,0.));
#7358=DIRECTION('',(0.,0.,1.));
#7359=DIRECTION('',(0.,0.,1.));
#7360=DIRECTION('center_axis',(0.,0.,1.));
#7361=DIRECTION('ref_axis',(-1.,0.,0.));
#7362=DIRECTION('center_axis',(0.,0.,-1.));
#7363=DIRECTION('ref_axis',(-1.,0.,0.));
#7364=DIRECTION('',(0.,0.,1.));
#7365=DIRECTION('center_axis',(0.,1.,0.));
#7366=DIRECTION('ref_axis',(-1.,0.,0.));
#7367=DIRECTION('',(-1.,0.,0.));
#7368=DIRECTION('',(0.,0.,1.));
#7369=DIRECTION('center_axis',(0.,0.,1.));
#7370=DIRECTION('ref_axis',(0.,-1.,0.));
#7371=DIRECTION('center_axis',(0.,0.,-1.));
#7372=DIRECTION('ref_axis',(0.,-1.,0.));
#7373=DIRECTION('',(0.,0.,1.));
#7374=DIRECTION('center_axis',(-1.,0.,0.));
#7375=DIRECTION('ref_axis',(0.,-1.,0.));
#7376=DIRECTION('',(0.,-1.,0.));
#7377=DIRECTION('',(0.,0.,1.));
#7378=DIRECTION('center_axis',(0.,0.,1.));
#7379=DIRECTION('ref_axis',(1.,0.,0.));
#7380=DIRECTION('center_axis',(0.,0.,-1.));
#7381=DIRECTION('ref_axis',(1.,0.,0.));
#7382=DIRECTION('',(0.,0.,1.));
#7383=DIRECTION('center_axis',(0.,-1.,0.));
#7384=DIRECTION('ref_axis',(1.,0.,0.));
#7385=DIRECTION('',(1.,0.,0.));
#7386=DIRECTION('',(0.,0.,1.));
#7387=DIRECTION('center_axis',(0.,0.,1.));
#7388=DIRECTION('ref_axis',(0.,1.,0.));
#7389=DIRECTION('center_axis',(0.,0.,-1.));
#7390=DIRECTION('ref_axis',(0.,1.,0.));
#7391=DIRECTION('center_axis',(0.,-1.,0.));
#7392=DIRECTION('ref_axis',(1.,0.,0.));
#7393=DIRECTION('',(1.,0.,0.));
#7394=DIRECTION('',(0.,0.,1.));
#7395=DIRECTION('',(0.,0.,1.));
#7396=DIRECTION('center_axis',(0.,0.,1.));
#7397=DIRECTION('ref_axis',(0.,1.,0.));
#7398=DIRECTION('center_axis',(0.,0.,-1.));
#7399=DIRECTION('ref_axis',(0.,1.,0.));
#7400=DIRECTION('',(0.,0.,1.));
#7401=DIRECTION('center_axis',(1.,0.,0.));
#7402=DIRECTION('ref_axis',(0.,1.,0.));
#7403=DIRECTION('',(0.,1.,0.));
#7404=DIRECTION('',(0.,0.,1.));
#7405=DIRECTION('center_axis',(0.,0.,1.));
#7406=DIRECTION('ref_axis',(-1.,0.,0.));
#7407=DIRECTION('center_axis',(0.,0.,-1.));
#7408=DIRECTION('ref_axis',(-1.,0.,0.));
#7409=DIRECTION('',(0.,0.,1.));
#7410=DIRECTION('center_axis',(0.,1.,0.));
#7411=DIRECTION('ref_axis',(-1.,0.,0.));
#7412=DIRECTION('',(-1.,0.,0.));
#7413=DIRECTION('',(0.,0.,1.));
#7414=DIRECTION('center_axis',(0.,0.,1.));
#7415=DIRECTION('ref_axis',(0.,-1.,0.));
#7416=DIRECTION('center_axis',(0.,0.,-1.));
#7417=DIRECTION('ref_axis',(0.,-1.,0.));
#7418=DIRECTION('',(0.,0.,1.));
#7419=DIRECTION('center_axis',(-1.,0.,0.));
#7420=DIRECTION('ref_axis',(0.,-1.,0.));
#7421=DIRECTION('',(0.,-1.,0.));
#7422=DIRECTION('',(0.,0.,1.));
#7423=DIRECTION('center_axis',(0.,0.,1.));
#7424=DIRECTION('ref_axis',(1.,0.,0.));
#7425=DIRECTION('center_axis',(0.,0.,-1.));
#7426=DIRECTION('ref_axis',(1.,0.,0.));
#7427=DIRECTION('center_axis',(1.,0.,0.));
#7428=DIRECTION('ref_axis',(0.,1.,0.));
#7429=DIRECTION('',(0.,1.,0.));
#7430=DIRECTION('',(0.,0.,1.));
#7431=DIRECTION('',(0.,0.,1.));
#7432=DIRECTION('center_axis',(0.,0.,1.));
#7433=DIRECTION('ref_axis',(-1.,0.,0.));
#7434=DIRECTION('center_axis',(0.,0.,-1.));
#7435=DIRECTION('ref_axis',(-1.,0.,0.));
#7436=DIRECTION('',(0.,0.,1.));
#7437=DIRECTION('center_axis',(0.,1.,0.));
#7438=DIRECTION('ref_axis',(-1.,0.,0.));
#7439=DIRECTION('',(-1.,0.,0.));
#7440=DIRECTION('',(0.,0.,1.));
#7441=DIRECTION('center_axis',(0.,0.,1.));
#7442=DIRECTION('ref_axis',(0.,-1.,0.));
#7443=DIRECTION('center_axis',(0.,0.,-1.));
#7444=DIRECTION('ref_axis',(0.,-1.,0.));
#7445=DIRECTION('',(0.,0.,1.));
#7446=DIRECTION('center_axis',(-1.,0.,0.));
#7447=DIRECTION('ref_axis',(0.,-1.,0.));
#7448=DIRECTION('',(0.,-1.,0.));
#7449=DIRECTION('',(0.,0.,1.));
#7450=DIRECTION('center_axis',(0.,0.,1.));
#7451=DIRECTION('ref_axis',(1.,0.,0.));
#7452=DIRECTION('center_axis',(0.,0.,-1.));
#7453=DIRECTION('ref_axis',(1.,0.,0.));
#7454=DIRECTION('',(0.,0.,1.));
#7455=DIRECTION('center_axis',(0.,-1.,0.));
#7456=DIRECTION('ref_axis',(1.,0.,0.));
#7457=DIRECTION('',(1.,0.,0.));
#7458=DIRECTION('',(0.,0.,1.));
#7459=DIRECTION('center_axis',(0.,0.,1.));
#7460=DIRECTION('ref_axis',(0.,1.,0.));
#7461=DIRECTION('center_axis',(0.,0.,-1.));
#7462=DIRECTION('ref_axis',(0.,1.,0.));
#7463=DIRECTION('center_axis',(0.,-1.,0.));
#7464=DIRECTION('ref_axis',(1.,0.,0.));
#7465=DIRECTION('',(1.,0.,0.));
#7466=DIRECTION('',(0.,0.,1.));
#7467=DIRECTION('',(0.,0.,1.));
#7468=DIRECTION('center_axis',(0.,0.,1.));
#7469=DIRECTION('ref_axis',(0.,1.,0.));
#7470=DIRECTION('center_axis',(0.,0.,-1.));
#7471=DIRECTION('ref_axis',(0.,1.,0.));
#7472=DIRECTION('',(0.,0.,1.));
#7473=DIRECTION('center_axis',(1.,0.,0.));
#7474=DIRECTION('ref_axis',(0.,1.,0.));
#7475=DIRECTION('',(0.,1.,0.));
#7476=DIRECTION('',(0.,0.,1.));
#7477=DIRECTION('center_axis',(0.,0.,1.));
#7478=DIRECTION('ref_axis',(-1.,0.,0.));
#7479=DIRECTION('center_axis',(0.,0.,-1.));
#7480=DIRECTION('ref_axis',(-1.,0.,0.));
#7481=DIRECTION('',(0.,0.,1.));
#7482=DIRECTION('center_axis',(0.,1.,0.));
#7483=DIRECTION('ref_axis',(-1.,0.,0.));
#7484=DIRECTION('',(-1.,0.,0.));
#7485=DIRECTION('',(0.,0.,1.));
#7486=DIRECTION('center_axis',(0.,0.,1.));
#7487=DIRECTION('ref_axis',(0.,-1.,0.));
#7488=DIRECTION('center_axis',(0.,0.,-1.));
#7489=DIRECTION('ref_axis',(0.,-1.,0.));
#7490=DIRECTION('',(0.,0.,1.));
#7491=DIRECTION('center_axis',(-1.,0.,0.));
#7492=DIRECTION('ref_axis',(0.,-1.,0.));
#7493=DIRECTION('',(0.,-1.,0.));
#7494=DIRECTION('',(0.,0.,1.));
#7495=DIRECTION('center_axis',(0.,0.,1.));
#7496=DIRECTION('ref_axis',(1.,0.,0.));
#7497=DIRECTION('center_axis',(0.,0.,-1.));
#7498=DIRECTION('ref_axis',(1.,0.,0.));
#7499=DIRECTION('center_axis',(0.,-1.,0.));
#7500=DIRECTION('ref_axis',(1.,0.,0.));
#7501=DIRECTION('',(1.,0.,0.));
#7502=DIRECTION('',(0.,0.,1.));
#7503=DIRECTION('',(0.,0.,1.));
#7504=DIRECTION('center_axis',(0.,0.,1.));
#7505=DIRECTION('ref_axis',(0.,1.,0.));
#7506=DIRECTION('center_axis',(0.,0.,-1.));
#7507=DIRECTION('ref_axis',(0.,1.,0.));
#7508=DIRECTION('',(0.,0.,1.));
#7509=DIRECTION('center_axis',(1.,0.,0.));
#7510=DIRECTION('ref_axis',(0.,1.,0.));
#7511=DIRECTION('',(0.,1.,0.));
#7512=DIRECTION('',(0.,0.,1.));
#7513=DIRECTION('center_axis',(0.,0.,1.));
#7514=DIRECTION('ref_axis',(-1.,0.,0.));
#7515=DIRECTION('center_axis',(0.,0.,-1.));
#7516=DIRECTION('ref_axis',(-1.,0.,0.));
#7517=DIRECTION('',(0.,0.,1.));
#7518=DIRECTION('center_axis',(0.,1.,0.));
#7519=DIRECTION('ref_axis',(-1.,0.,0.));
#7520=DIRECTION('',(-1.,0.,0.));
#7521=DIRECTION('',(0.,0.,1.));
#7522=DIRECTION('center_axis',(0.,0.,1.));
#7523=DIRECTION('ref_axis',(0.,-1.,0.));
#7524=DIRECTION('center_axis',(0.,0.,-1.));
#7525=DIRECTION('ref_axis',(0.,-1.,0.));
#7526=DIRECTION('',(0.,0.,1.));
#7527=DIRECTION('center_axis',(-1.,0.,0.));
#7528=DIRECTION('ref_axis',(0.,-1.,0.));
#7529=DIRECTION('',(0.,-1.,0.));
#7530=DIRECTION('',(0.,0.,1.));
#7531=DIRECTION('center_axis',(0.,0.,1.));
#7532=DIRECTION('ref_axis',(1.,0.,0.));
#7533=DIRECTION('center_axis',(0.,0.,-1.));
#7534=DIRECTION('ref_axis',(1.,0.,0.));
#7535=DIRECTION('center_axis',(1.,0.,0.));
#7536=DIRECTION('ref_axis',(0.,1.,0.));
#7537=DIRECTION('',(0.,1.,0.));
#7538=DIRECTION('',(0.,0.,1.));
#7539=DIRECTION('',(0.,0.,1.));
#7540=DIRECTION('center_axis',(0.,0.,1.));
#7541=DIRECTION('ref_axis',(-1.,0.,0.));
#7542=DIRECTION('center_axis',(0.,0.,-1.));
#7543=DIRECTION('ref_axis',(-1.,0.,0.));
#7544=DIRECTION('',(0.,0.,1.));
#7545=DIRECTION('center_axis',(0.,1.,0.));
#7546=DIRECTION('ref_axis',(-1.,0.,0.));
#7547=DIRECTION('',(-1.,0.,0.));
#7548=DIRECTION('',(0.,0.,1.));
#7549=DIRECTION('center_axis',(0.,0.,1.));
#7550=DIRECTION('ref_axis',(0.,-1.,0.));
#7551=DIRECTION('center_axis',(0.,0.,-1.));
#7552=DIRECTION('ref_axis',(0.,-1.,0.));
#7553=DIRECTION('',(0.,0.,1.));
#7554=DIRECTION('center_axis',(-1.,0.,0.));
#7555=DIRECTION('ref_axis',(0.,-1.,0.));
#7556=DIRECTION('',(0.,-1.,0.));
#7557=DIRECTION('',(0.,0.,1.));
#7558=DIRECTION('center_axis',(0.,0.,1.));
#7559=DIRECTION('ref_axis',(1.,0.,0.));
#7560=DIRECTION('center_axis',(0.,0.,-1.));
#7561=DIRECTION('ref_axis',(1.,0.,0.));
#7562=DIRECTION('',(0.,0.,1.));
#7563=DIRECTION('center_axis',(0.,-1.,0.));
#7564=DIRECTION('ref_axis',(1.,0.,0.));
#7565=DIRECTION('',(1.,0.,0.));
#7566=DIRECTION('',(0.,0.,1.));
#7567=DIRECTION('center_axis',(0.,0.,1.));
#7568=DIRECTION('ref_axis',(0.,1.,0.));
#7569=DIRECTION('center_axis',(0.,0.,-1.));
#7570=DIRECTION('ref_axis',(0.,1.,0.));
#7571=DIRECTION('center_axis',(0.,-1.,0.));
#7572=DIRECTION('ref_axis',(1.,0.,0.));
#7573=DIRECTION('',(1.,0.,0.));
#7574=DIRECTION('',(0.,0.,1.));
#7575=DIRECTION('',(0.,0.,1.));
#7576=DIRECTION('center_axis',(0.,0.,1.));
#7577=DIRECTION('ref_axis',(0.,1.,0.));
#7578=DIRECTION('center_axis',(0.,0.,-1.));
#7579=DIRECTION('ref_axis',(0.,1.,0.));
#7580=DIRECTION('',(0.,0.,1.));
#7581=DIRECTION('center_axis',(1.,0.,0.));
#7582=DIRECTION('ref_axis',(0.,1.,0.));
#7583=DIRECTION('',(0.,1.,0.));
#7584=DIRECTION('',(0.,0.,1.));
#7585=DIRECTION('center_axis',(0.,0.,1.));
#7586=DIRECTION('ref_axis',(-1.,0.,0.));
#7587=DIRECTION('center_axis',(0.,0.,-1.));
#7588=DIRECTION('ref_axis',(-1.,0.,0.));
#7589=DIRECTION('',(0.,0.,1.));
#7590=DIRECTION('center_axis',(0.,1.,0.));
#7591=DIRECTION('ref_axis',(-1.,0.,0.));
#7592=DIRECTION('',(-1.,0.,0.));
#7593=DIRECTION('',(0.,0.,1.));
#7594=DIRECTION('center_axis',(0.,0.,1.));
#7595=DIRECTION('ref_axis',(0.,-1.,0.));
#7596=DIRECTION('center_axis',(0.,0.,-1.));
#7597=DIRECTION('ref_axis',(0.,-1.,0.));
#7598=DIRECTION('',(0.,0.,1.));
#7599=DIRECTION('center_axis',(-1.,0.,0.));
#7600=DIRECTION('ref_axis',(0.,-1.,0.));
#7601=DIRECTION('',(0.,-1.,0.));
#7602=DIRECTION('',(0.,0.,1.));
#7603=DIRECTION('center_axis',(0.,0.,1.));
#7604=DIRECTION('ref_axis',(1.,0.,0.));
#7605=DIRECTION('center_axis',(0.,0.,-1.));
#7606=DIRECTION('ref_axis',(1.,0.,0.));
#7607=DIRECTION('center_axis',(0.,-1.,0.));
#7608=DIRECTION('ref_axis',(1.,0.,0.));
#7609=DIRECTION('',(1.,0.,0.));
#7610=DIRECTION('',(0.,0.,1.));
#7611=DIRECTION('',(0.,0.,1.));
#7612=DIRECTION('center_axis',(0.,0.,1.));
#7613=DIRECTION('ref_axis',(0.,1.,0.));
#7614=DIRECTION('center_axis',(0.,0.,-1.));
#7615=DIRECTION('ref_axis',(0.,1.,0.));
#7616=DIRECTION('',(0.,0.,1.));
#7617=DIRECTION('center_axis',(1.,0.,0.));
#7618=DIRECTION('ref_axis',(0.,1.,0.));
#7619=DIRECTION('',(0.,1.,0.));
#7620=DIRECTION('',(0.,0.,1.));
#7621=DIRECTION('center_axis',(0.,0.,1.));
#7622=DIRECTION('ref_axis',(-1.,0.,0.));
#7623=DIRECTION('center_axis',(0.,0.,-1.));
#7624=DIRECTION('ref_axis',(-1.,0.,0.));
#7625=DIRECTION('',(0.,0.,1.));
#7626=DIRECTION('center_axis',(0.,1.,0.));
#7627=DIRECTION('ref_axis',(-1.,0.,0.));
#7628=DIRECTION('',(-1.,0.,0.));
#7629=DIRECTION('',(0.,0.,1.));
#7630=DIRECTION('center_axis',(0.,0.,1.));
#7631=DIRECTION('ref_axis',(0.,-1.,0.));
#7632=DIRECTION('center_axis',(0.,0.,-1.));
#7633=DIRECTION('ref_axis',(0.,-1.,0.));
#7634=DIRECTION('',(0.,0.,1.));
#7635=DIRECTION('center_axis',(-1.,0.,0.));
#7636=DIRECTION('ref_axis',(0.,-1.,0.));
#7637=DIRECTION('',(0.,-1.,0.));
#7638=DIRECTION('',(0.,0.,1.));
#7639=DIRECTION('center_axis',(0.,0.,1.));
#7640=DIRECTION('ref_axis',(1.,0.,0.));
#7641=DIRECTION('center_axis',(0.,0.,-1.));
#7642=DIRECTION('ref_axis',(1.,0.,0.));
#7643=DIRECTION('center_axis',(0.,-1.,0.));
#7644=DIRECTION('ref_axis',(1.,0.,0.));
#7645=DIRECTION('',(1.,0.,0.));
#7646=DIRECTION('',(0.,0.,1.));
#7647=DIRECTION('',(0.,0.,1.));
#7648=DIRECTION('center_axis',(0.,0.,1.));
#7649=DIRECTION('ref_axis',(0.,1.,0.));
#7650=DIRECTION('center_axis',(0.,0.,-1.));
#7651=DIRECTION('ref_axis',(0.,1.,0.));
#7652=DIRECTION('',(0.,0.,1.));
#7653=DIRECTION('center_axis',(1.,0.,0.));
#7654=DIRECTION('ref_axis',(0.,1.,0.));
#7655=DIRECTION('',(0.,1.,0.));
#7656=DIRECTION('',(0.,0.,1.));
#7657=DIRECTION('center_axis',(0.,0.,1.));
#7658=DIRECTION('ref_axis',(-1.,0.,0.));
#7659=DIRECTION('center_axis',(0.,0.,-1.));
#7660=DIRECTION('ref_axis',(-1.,0.,0.));
#7661=DIRECTION('',(0.,0.,1.));
#7662=DIRECTION('center_axis',(0.,1.,0.));
#7663=DIRECTION('ref_axis',(-1.,0.,0.));
#7664=DIRECTION('',(-1.,0.,0.));
#7665=DIRECTION('',(0.,0.,1.));
#7666=DIRECTION('center_axis',(0.,0.,1.));
#7667=DIRECTION('ref_axis',(0.,-1.,0.));
#7668=DIRECTION('center_axis',(0.,0.,-1.));
#7669=DIRECTION('ref_axis',(0.,-1.,0.));
#7670=DIRECTION('',(0.,0.,1.));
#7671=DIRECTION('center_axis',(-1.,0.,0.));
#7672=DIRECTION('ref_axis',(0.,-1.,0.));
#7673=DIRECTION('',(0.,-1.,0.));
#7674=DIRECTION('',(0.,0.,1.));
#7675=DIRECTION('center_axis',(0.,0.,1.));
#7676=DIRECTION('ref_axis',(1.,0.,0.));
#7677=DIRECTION('center_axis',(0.,0.,-1.));
#7678=DIRECTION('ref_axis',(1.,0.,0.));
#7679=DIRECTION('center_axis',(0.,-1.,0.));
#7680=DIRECTION('ref_axis',(1.,0.,0.));
#7681=DIRECTION('',(1.,0.,0.));
#7682=DIRECTION('',(0.,0.,1.));
#7683=DIRECTION('',(0.,0.,1.));
#7684=DIRECTION('center_axis',(0.,0.,1.));
#7685=DIRECTION('ref_axis',(0.,1.,0.));
#7686=DIRECTION('center_axis',(0.,0.,-1.));
#7687=DIRECTION('ref_axis',(0.,1.,0.));
#7688=DIRECTION('',(0.,0.,1.));
#7689=DIRECTION('center_axis',(1.,0.,0.));
#7690=DIRECTION('ref_axis',(0.,1.,0.));
#7691=DIRECTION('',(0.,1.,0.));
#7692=DIRECTION('',(0.,0.,1.));
#7693=DIRECTION('center_axis',(0.,0.,1.));
#7694=DIRECTION('ref_axis',(-1.,0.,0.));
#7695=DIRECTION('center_axis',(0.,0.,-1.));
#7696=DIRECTION('ref_axis',(-1.,0.,0.));
#7697=DIRECTION('',(0.,0.,1.));
#7698=DIRECTION('center_axis',(0.,1.,0.));
#7699=DIRECTION('ref_axis',(-1.,0.,0.));
#7700=DIRECTION('',(-1.,0.,0.));
#7701=DIRECTION('',(0.,0.,1.));
#7702=DIRECTION('center_axis',(0.,0.,1.));
#7703=DIRECTION('ref_axis',(0.,-1.,0.));
#7704=DIRECTION('center_axis',(0.,0.,-1.));
#7705=DIRECTION('ref_axis',(0.,-1.,0.));
#7706=DIRECTION('',(0.,0.,1.));
#7707=DIRECTION('center_axis',(-1.,0.,0.));
#7708=DIRECTION('ref_axis',(0.,-1.,0.));
#7709=DIRECTION('',(0.,-1.,0.));
#7710=DIRECTION('',(0.,0.,1.));
#7711=DIRECTION('center_axis',(0.,0.,1.));
#7712=DIRECTION('ref_axis',(1.,0.,0.));
#7713=DIRECTION('center_axis',(0.,0.,-1.));
#7714=DIRECTION('ref_axis',(1.,0.,0.));
#7715=DIRECTION('center_axis',(0.,-1.,0.));
#7716=DIRECTION('ref_axis',(1.,0.,0.));
#7717=DIRECTION('',(1.,0.,0.));
#7718=DIRECTION('',(0.,0.,1.));
#7719=DIRECTION('',(0.,0.,1.));
#7720=DIRECTION('center_axis',(0.,0.,1.));
#7721=DIRECTION('ref_axis',(0.,1.,0.));
#7722=DIRECTION('center_axis',(0.,0.,-1.));
#7723=DIRECTION('ref_axis',(0.,1.,0.));
#7724=DIRECTION('',(0.,0.,1.));
#7725=DIRECTION('center_axis',(1.,0.,0.));
#7726=DIRECTION('ref_axis',(0.,1.,0.));
#7727=DIRECTION('',(0.,1.,0.));
#7728=DIRECTION('',(0.,0.,1.));
#7729=DIRECTION('center_axis',(0.,0.,1.));
#7730=DIRECTION('ref_axis',(-1.,0.,0.));
#7731=DIRECTION('center_axis',(0.,0.,-1.));
#7732=DIRECTION('ref_axis',(-1.,0.,0.));
#7733=DIRECTION('',(0.,0.,1.));
#7734=DIRECTION('center_axis',(0.,1.,0.));
#7735=DIRECTION('ref_axis',(-1.,0.,0.));
#7736=DIRECTION('',(-1.,0.,0.));
#7737=DIRECTION('',(0.,0.,1.));
#7738=DIRECTION('center_axis',(0.,0.,1.));
#7739=DIRECTION('ref_axis',(0.,-1.,0.));
#7740=DIRECTION('center_axis',(0.,0.,-1.));
#7741=DIRECTION('ref_axis',(0.,-1.,0.));
#7742=DIRECTION('',(0.,0.,1.));
#7743=DIRECTION('center_axis',(-1.,0.,0.));
#7744=DIRECTION('ref_axis',(0.,-1.,0.));
#7745=DIRECTION('',(0.,-1.,0.));
#7746=DIRECTION('',(0.,0.,1.));
#7747=DIRECTION('center_axis',(0.,0.,1.));
#7748=DIRECTION('ref_axis',(1.,0.,0.));
#7749=DIRECTION('center_axis',(0.,0.,-1.));
#7750=DIRECTION('ref_axis',(1.,0.,0.));
#7751=DIRECTION('center_axis',(3.16659001774651E-32,1.,0.));
#7752=DIRECTION('ref_axis',(-1.,3.16659001774651E-32,0.));
#7753=DIRECTION('',(1.,-3.16659001774651E-32,0.));
#7754=DIRECTION('center_axis',(0.,0.,1.));
#7755=DIRECTION('ref_axis',(1.,0.,0.));
#7756=CARTESIAN_POINT('',(0.,0.,0.));
#7757=CARTESIAN_POINT('Origin',(128.87,-66.079,-3.));
#7758=CARTESIAN_POINT('',(129.87,35.812,-3.));
#7759=CARTESIAN_POINT('',(129.87,23.812,-3.));
#7760=CARTESIAN_POINT('',(129.87,-66.079,-3.));
#7761=CARTESIAN_POINT('',(128.87,23.812,-4.));
#7762=CARTESIAN_POINT('Origin',(128.87,23.812,-3.));
#7763=CARTESIAN_POINT('',(128.87,34.812,-4.));
#7764=CARTESIAN_POINT('',(128.87,-66.079,-4.));
#7765=CARTESIAN_POINT('Origin',(128.87,34.812,-3.));
#7766=CARTESIAN_POINT('Origin',(93.51,34.812,-3.));
#7767=CARTESIAN_POINT('',(-14.57,34.812,-4.));
#7768=CARTESIAN_POINT('',(93.51,34.812,-4.));
#7769=CARTESIAN_POINT('',(-15.57,35.812,-3.));
#7770=CARTESIAN_POINT('Origin',(-14.57,34.812,-3.));
#7771=CARTESIAN_POINT('',(93.51,35.812,-3.));
#7772=CARTESIAN_POINT('Origin',(-14.57,-18.454,-3.));
#7773=CARTESIAN_POINT('',(-14.57,-108.628,-4.));
#7774=CARTESIAN_POINT('',(-14.57,-18.454,-4.));
#7775=CARTESIAN_POINT('',(-15.57,-109.628,-3.));
#7776=CARTESIAN_POINT('Origin',(-14.57,-108.628,-3.));
#7777=CARTESIAN_POINT('',(-15.57,-18.454,-3.));
#7778=CARTESIAN_POINT('Origin',(20.79,-108.628,-3.));
#7779=CARTESIAN_POINT('',(129.87,-109.628,-3.));
#7780=CARTESIAN_POINT('',(20.79,-109.628,-3.));
#7781=CARTESIAN_POINT('',(128.87,-108.628,-4.));
#7782=CARTESIAN_POINT('',(20.79,-108.628,-4.));
#7783=CARTESIAN_POINT('Origin',(128.87,-108.628,-3.));
#7784=CARTESIAN_POINT('Origin',(128.87,-66.079,-3.));
#7785=CARTESIAN_POINT('',(128.87,1.812,-4.));
#7786=CARTESIAN_POINT('',(128.87,-66.079,-4.));
#7787=CARTESIAN_POINT('',(129.87,1.812,-3.));
#7788=CARTESIAN_POINT('Origin',(128.87,1.812,-3.));
#7789=CARTESIAN_POINT('',(129.87,-66.079,-3.));
#7790=CARTESIAN_POINT('Origin',(129.87,35.812,0.));
#7791=CARTESIAN_POINT('',(-15.57,35.812,8.));
#7792=CARTESIAN_POINT('',(-15.57,35.812,0.));
#7793=CARTESIAN_POINT('',(47.65,35.812,8.));
#7794=CARTESIAN_POINT('',(-15.57,35.812,8.));
#7795=CARTESIAN_POINT('',(47.65,35.812,2.));
#7796=CARTESIAN_POINT('',(47.65,35.812,4.));
#7797=CARTESIAN_POINT('',(67.65,35.812,2.));
#7798=CARTESIAN_POINT('',(88.76,35.812,2.));
#7799=CARTESIAN_POINT('',(67.65,35.812,8.));
#7800=CARTESIAN_POINT('',(67.65,35.812,1.));
#7801=CARTESIAN_POINT('',(129.87,35.812,8.));
#7802=CARTESIAN_POINT('',(-15.57,35.812,8.));
#7803=CARTESIAN_POINT('',(129.87,35.812,0.));
#7804=CARTESIAN_POINT('',(-6.22,35.812,2.));
#7805=CARTESIAN_POINT('Origin',(-9.57,35.812,2.));
#7806=CARTESIAN_POINT('',(127.22,35.812,2.));
#7807=CARTESIAN_POINT('Origin',(123.87,35.812,2.));
#7808=CARTESIAN_POINT('Origin',(-15.57,0.,0.));
#7809=CARTESIAN_POINT('',(-15.57,-109.628,8.));
#7810=CARTESIAN_POINT('',(-15.57,-109.628,0.));
#7811=CARTESIAN_POINT('',(-15.57,-109.628,8.));
#7812=CARTESIAN_POINT('Origin',(-15.57,-109.628,0.));
#7813=CARTESIAN_POINT('',(129.87,-109.628,8.));
#7814=CARTESIAN_POINT('',(129.87,-109.628,0.));
#7815=CARTESIAN_POINT('',(129.87,-109.628,8.));
#7816=CARTESIAN_POINT('Origin',(129.87,-95.25,0.));
#7817=CARTESIAN_POINT('',(129.87,35.812,8.));
#7818=CARTESIAN_POINT('',(129.87,1.812,5.5));
#7819=CARTESIAN_POINT('',(129.87,1.812,-2.));
#7820=CARTESIAN_POINT('',(129.87,23.812,5.5));
#7821=CARTESIAN_POINT('',(129.87,-46.719,5.5));
#7822=CARTESIAN_POINT('',(129.87,23.812,2.75));
#7823=CARTESIAN_POINT('Origin',(129.87,1.812,-4.));
#7824=CARTESIAN_POINT('',(119.87,1.812,-4.));
#7825=CARTESIAN_POINT('',(93.51,1.812,-4.));
#7826=CARTESIAN_POINT('',(119.87,1.812,5.5));
#7827=CARTESIAN_POINT('',(119.87,1.812,-2.));
#7828=CARTESIAN_POINT('',(129.87,1.812,5.5));
#7829=CARTESIAN_POINT('Origin',(67.65,35.812,2.));
#7830=CARTESIAN_POINT('',(67.65,25.812,2.));
#7831=CARTESIAN_POINT('',(67.65,35.812,2.));
#7832=CARTESIAN_POINT('',(67.65,25.812,8.));
#7833=CARTESIAN_POINT('',(67.65,25.812,1.));
#7834=CARTESIAN_POINT('',(67.65,-0.548,8.));
#7835=CARTESIAN_POINT('Origin',(47.65,35.812,2.));
#7836=CARTESIAN_POINT('',(47.65,25.812,2.));
#7837=CARTESIAN_POINT('',(47.65,35.812,2.));
#7838=CARTESIAN_POINT('',(21.04,25.812,2.));
#7839=CARTESIAN_POINT('Origin',(47.65,35.812,8.));
#7840=CARTESIAN_POINT('',(47.65,25.812,8.));
#7841=CARTESIAN_POINT('',(47.65,-0.548,8.));
#7842=CARTESIAN_POINT('',(47.65,25.812,4.));
#7843=CARTESIAN_POINT('Origin',(57.15,-36.908,8.));
#7844=CARTESIAN_POINT('',(119.87,25.812,8.));
#7845=CARTESIAN_POINT('',(-5.57,25.812,8.));
#7846=CARTESIAN_POINT('',(119.87,-99.628,8.));
#7847=CARTESIAN_POINT('',(119.87,-95.25,8.));
#7848=CARTESIAN_POINT('',(-5.57,-99.628,8.));
#7849=CARTESIAN_POINT('',(119.87,-99.628,8.));
#7850=CARTESIAN_POINT('',(-5.57,25.812,8.));
#7851=CARTESIAN_POINT('',(-5.56999999999999,0.,8.));
#7852=CARTESIAN_POINT('',(-5.57,25.812,8.));
#7853=CARTESIAN_POINT('',(122.47,-104.628,8.));
#7854=CARTESIAN_POINT('Origin',(124.87,-104.628,8.));
#7855=CARTESIAN_POINT('',(122.47,30.812,8.));
#7856=CARTESIAN_POINT('Origin',(124.87,30.812,8.));
#7857=CARTESIAN_POINT('',(-12.97,-104.628,8.));
#7858=CARTESIAN_POINT('Origin',(-10.57,-104.628,8.));
#7859=CARTESIAN_POINT('',(-12.97,30.812,8.));
#7860=CARTESIAN_POINT('Origin',(-10.57,30.812,8.));
#7861=CARTESIAN_POINT('Origin',(-9.57,35.812,2.));
#7862=CARTESIAN_POINT('',(-6.22,34.312,2.));
#7863=CARTESIAN_POINT('',(-6.22,35.812,2.));
#7864=CARTESIAN_POINT('Origin',(-9.57,34.312,2.));
#7865=CARTESIAN_POINT('Origin',(-9.57,34.312,2.));
#7866=CARTESIAN_POINT('Origin',(123.87,35.812,2.));
#7867=CARTESIAN_POINT('',(127.22,34.312,2.));
#7868=CARTESIAN_POINT('',(127.22,35.812,2.));
#7869=CARTESIAN_POINT('Origin',(123.87,34.312,2.));
#7870=CARTESIAN_POINT('Origin',(123.87,34.312,2.));
#7871=CARTESIAN_POINT('Origin',(129.87,23.812,5.5));
#7872=CARTESIAN_POINT('',(119.87,23.812,5.5));
#7873=CARTESIAN_POINT('',(129.87,23.812,5.5));
#7874=CARTESIAN_POINT('',(119.87,23.812,-4.));
#7875=CARTESIAN_POINT('',(119.869999999999,23.812,2.75));
#7876=CARTESIAN_POINT('',(93.51,23.812,-4.));
#7877=CARTESIAN_POINT('Origin',(129.87,1.812,5.5));
#7878=CARTESIAN_POINT('',(119.87,13.812,5.5));
#7879=CARTESIAN_POINT('Origin',(57.15,-36.908,-4.));
#7880=CARTESIAN_POINT('',(119.87,25.812,-4.));
#7881=CARTESIAN_POINT('',(119.87,-95.25,-4.));
#7882=CARTESIAN_POINT('',(-5.57,25.812,-4.));
#7883=CARTESIAN_POINT('',(-5.57,25.812,-4.));
#7884=CARTESIAN_POINT('',(-5.57,-99.628,-4.));
#7885=CARTESIAN_POINT('',(-5.56999999999999,0.,-4.));
#7886=CARTESIAN_POINT('',(119.87,-99.628,-4.));
#7887=CARTESIAN_POINT('',(119.87,-99.628,-4.));
#7888=CARTESIAN_POINT('',(119.87,-95.25,-4.));
#7889=CARTESIAN_POINT('Origin',(119.869999999999,25.812,0.));
#7890=CARTESIAN_POINT('',(119.87,-99.628,0.));
#7891=CARTESIAN_POINT('',(119.87,25.812,0.));
#7892=CARTESIAN_POINT('',(119.87,-1.76379063988468E-31,2.));
#7893=CARTESIAN_POINT('',(119.87,-1.76379063988468E-31,0.));
#7894=CARTESIAN_POINT('',(119.87,0.,0.));
#7895=CARTESIAN_POINT('',(119.87,-95.25,2.));
#7896=CARTESIAN_POINT('',(119.87,-10.9064999999999,2.));
#7897=CARTESIAN_POINT('',(119.87,-95.25,0.));
#7898=CARTESIAN_POINT('',(119.87,-95.25,0.));
#7899=CARTESIAN_POINT('',(119.87,-10.9064999999999,0.));
#7900=CARTESIAN_POINT('Origin',(-10.57,30.812,8.));
#7901=CARTESIAN_POINT('',(-12.97,30.812,3.));
#7902=CARTESIAN_POINT('',(-12.97,30.812,8.));
#7903=CARTESIAN_POINT('Origin',(-10.57,30.812,3.));
#7904=CARTESIAN_POINT('Origin',(-10.57,30.812,3.));
#7905=CARTESIAN_POINT('Origin',(-10.57,-104.628,8.));
#7906=CARTESIAN_POINT('',(-12.97,-104.628,3.));
#7907=CARTESIAN_POINT('',(-12.97,-104.628,8.));
#7908=CARTESIAN_POINT('Origin',(-10.57,-104.628,3.));
#7909=CARTESIAN_POINT('Origin',(-10.57,-104.628,3.));
#7910=CARTESIAN_POINT('Origin',(124.87,30.812,8.));
#7911=CARTESIAN_POINT('',(122.47,30.812,3.));
#7912=CARTESIAN_POINT('',(122.47,30.812,8.));
#7913=CARTESIAN_POINT('Origin',(124.87,30.812,3.));
#7914=CARTESIAN_POINT('Origin',(124.87,30.812,3.));
#7915=CARTESIAN_POINT('Origin',(124.87,-104.628,8.));
#7916=CARTESIAN_POINT('',(122.47,-104.628,3.));
#7917=CARTESIAN_POINT('',(122.47,-104.628,8.));
#7918=CARTESIAN_POINT('Origin',(124.87,-104.628,3.));
#7919=CARTESIAN_POINT('Origin',(124.87,-104.628,3.));
#7920=CARTESIAN_POINT('Origin',(-5.57,-99.628,0.));
#7921=CARTESIAN_POINT('',(-5.57,25.812,0.));
#7922=CARTESIAN_POINT('',(-5.57,-99.628,0.));
#7923=CARTESIAN_POINT('',(-5.56999999999999,3.79579145427275E-30,0.));
#7924=CARTESIAN_POINT('',(-5.56999999999999,3.79579145427275E-30,2.));
#7925=CARTESIAN_POINT('',(-5.56999999999999,0.,0.));
#7926=CARTESIAN_POINT('',(-5.57,-95.25,0.));
#7927=CARTESIAN_POINT('',(-5.57,-73.6265,0.));
#7928=CARTESIAN_POINT('',(-5.57,-95.25,2.));
#7929=CARTESIAN_POINT('',(-5.57,-95.25,0.));
#7930=CARTESIAN_POINT('',(-5.57,-73.6265,2.));
#7931=CARTESIAN_POINT('Origin',(119.87,-99.628,0.));
#7932=CARTESIAN_POINT('Origin',(-5.57,25.812,0.));
#7933=CARTESIAN_POINT('Origin',(57.15,-47.625,2.));
#7934=CARTESIAN_POINT('',(114.3,0.,2.));
#7935=CARTESIAN_POINT('',(-15.57,-95.25,2.));
#7936=CARTESIAN_POINT('',(79.31875,-65.588,2.));
#7937=CARTESIAN_POINT('',(79.81875,-66.088,2.));
#7938=CARTESIAN_POINT('Origin',(79.31875,-66.088,2.));
#7939=CARTESIAN_POINT('',(79.81875,-72.088,2.));
#7940=CARTESIAN_POINT('',(79.81875,-66.088,2.));
#7941=CARTESIAN_POINT('',(79.31875,-72.588,2.));
#7942=CARTESIAN_POINT('Origin',(79.31875,-72.088,2.));
#7943=CARTESIAN_POINT('',(65.31875,-72.588,2.));
#7944=CARTESIAN_POINT('',(79.31875,-72.588,2.));
#7945=CARTESIAN_POINT('',(64.81875,-72.088,2.));
#7946=CARTESIAN_POINT('Origin',(65.31875,-72.088,2.));
#7947=CARTESIAN_POINT('',(64.81875,-66.088,2.));
#7948=CARTESIAN_POINT('',(64.81875,-66.088,2.));
#7949=CARTESIAN_POINT('',(65.31875,-65.588,2.));
#7950=CARTESIAN_POINT('Origin',(65.31875,-66.088,2.));
#7951=CARTESIAN_POINT('',(79.31875,-65.588,2.));
#7952=CARTESIAN_POINT('',(50.74375,-41.712,2.));
#7953=CARTESIAN_POINT('',(51.24375,-42.212,2.));
#7954=CARTESIAN_POINT('Origin',(50.74375,-42.212,2.));
#7955=CARTESIAN_POINT('',(51.24375,-48.212,2.));
#7956=CARTESIAN_POINT('',(51.24375,-42.212,2.));
#7957=CARTESIAN_POINT('',(50.74375,-48.712,2.));
#7958=CARTESIAN_POINT('Origin',(50.74375,-48.212,2.));
#7959=CARTESIAN_POINT('',(36.74375,-48.712,2.));
#7960=CARTESIAN_POINT('',(50.74375,-48.712,2.));
#7961=CARTESIAN_POINT('',(36.24375,-48.212,2.));
#7962=CARTESIAN_POINT('Origin',(36.74375,-48.212,2.));
#7963=CARTESIAN_POINT('',(36.24375,-42.212,2.));
#7964=CARTESIAN_POINT('',(36.24375,-42.212,2.));
#7965=CARTESIAN_POINT('',(36.74375,-41.712,2.));
#7966=CARTESIAN_POINT('Origin',(36.74375,-42.212,2.));
#7967=CARTESIAN_POINT('',(50.74375,-41.712,2.));
#7968=CARTESIAN_POINT('',(79.31875,-41.712,2.));
#7969=CARTESIAN_POINT('',(79.81875,-42.212,2.));
#7970=CARTESIAN_POINT('Origin',(79.31875,-42.212,2.));
#7971=CARTESIAN_POINT('',(79.81875,-48.212,2.));
#7972=CARTESIAN_POINT('',(79.81875,-42.212,2.));
#7973=CARTESIAN_POINT('',(79.31875,-48.712,2.));
#7974=CARTESIAN_POINT('Origin',(79.31875,-48.212,2.));
#7975=CARTESIAN_POINT('',(65.31875,-48.712,2.));
#7976=CARTESIAN_POINT('',(79.31875,-48.712,2.));
#7977=CARTESIAN_POINT('',(64.81875,-48.212,2.));
#7978=CARTESIAN_POINT('Origin',(65.31875,-48.212,2.));
#7979=CARTESIAN_POINT('',(64.81875,-42.212,2.));
#7980=CARTESIAN_POINT('',(64.81875,-42.212,2.));
#7981=CARTESIAN_POINT('',(65.31875,-41.712,2.));
#7982=CARTESIAN_POINT('Origin',(65.31875,-42.212,2.));
#7983=CARTESIAN_POINT('',(79.31875,-41.712,2.));
#7984=CARTESIAN_POINT('',(40.625,-79.225,2.));
#7985=CARTESIAN_POINT('',(41.125,-78.725,2.));
#7986=CARTESIAN_POINT('Origin',(41.125,-79.225,2.));
#7987=CARTESIAN_POINT('',(54.125,-78.725,2.));
#7988=CARTESIAN_POINT('',(41.125,-78.725,2.));
#7989=CARTESIAN_POINT('',(54.625,-79.225,2.));
#7990=CARTESIAN_POINT('Origin',(54.125,-79.225,2.));
#7991=CARTESIAN_POINT('',(54.625,-92.225,2.));
#7992=CARTESIAN_POINT('',(54.625,-79.225,2.));
#7993=CARTESIAN_POINT('',(54.125,-92.725,2.));
#7994=CARTESIAN_POINT('Origin',(54.125,-92.225,2.));
#7995=CARTESIAN_POINT('',(41.125,-92.725,2.));
#7996=CARTESIAN_POINT('',(41.125,-92.725,2.));
#7997=CARTESIAN_POINT('',(40.625,-92.225,2.));
#7998=CARTESIAN_POINT('Origin',(41.125,-92.225,2.));
#7999=CARTESIAN_POINT('',(40.625,-79.225,2.));
#8000=CARTESIAN_POINT('',(23.16875,-12.05,2.));
#8001=CARTESIAN_POINT('',(23.66875,-12.55,2.));
#8002=CARTESIAN_POINT('Origin',(23.16875,-12.55,2.));
#8003=CARTESIAN_POINT('',(23.66875,-25.55,2.));
#8004=CARTESIAN_POINT('',(23.66875,-12.55,2.));
#8005=CARTESIAN_POINT('',(23.16875,-26.05,2.));
#8006=CARTESIAN_POINT('Origin',(23.16875,-25.55,2.));
#8007=CARTESIAN_POINT('',(10.16875,-26.05,2.));
#8008=CARTESIAN_POINT('',(23.16875,-26.05,2.));
#8009=CARTESIAN_POINT('',(9.66875,-25.55,2.));
#8010=CARTESIAN_POINT('Origin',(10.16875,-25.55,2.));
#8011=CARTESIAN_POINT('',(9.66875,-12.55,2.));
#8012=CARTESIAN_POINT('',(9.66875,-12.55,2.));
#8013=CARTESIAN_POINT('',(10.16875,-12.05,2.));
#8014=CARTESIAN_POINT('Origin',(10.16875,-12.55,2.));
#8015=CARTESIAN_POINT('',(23.16875,-12.05,2.));
#8016=CARTESIAN_POINT('',(97.775,-79.225,2.));
#8017=CARTESIAN_POINT('',(98.275,-78.725,2.));
#8018=CARTESIAN_POINT('Origin',(98.275,-79.225,2.));
#8019=CARTESIAN_POINT('',(111.275,-78.725,2.));
#8020=CARTESIAN_POINT('',(98.275,-78.725,2.));
#8021=CARTESIAN_POINT('',(111.775,-79.225,2.));
#8022=CARTESIAN_POINT('Origin',(111.275,-79.225,2.));
#8023=CARTESIAN_POINT('',(111.775,-92.225,2.));
#8024=CARTESIAN_POINT('',(111.775,-79.225,2.));
#8025=CARTESIAN_POINT('',(111.275,-92.725,2.));
#8026=CARTESIAN_POINT('Origin',(111.275,-92.225,2.));
#8027=CARTESIAN_POINT('',(98.275,-92.725,2.));
#8028=CARTESIAN_POINT('',(98.275,-92.725,2.));
#8029=CARTESIAN_POINT('',(97.775,-92.225,2.));
#8030=CARTESIAN_POINT('Origin',(98.275,-92.225,2.));
#8031=CARTESIAN_POINT('',(97.775,-79.225,2.));
#8032=CARTESIAN_POINT('',(21.575,-79.225,2.));
#8033=CARTESIAN_POINT('',(22.075,-78.725,2.));
#8034=CARTESIAN_POINT('Origin',(22.075,-79.225,2.));
#8035=CARTESIAN_POINT('',(35.075,-78.725,2.));
#8036=CARTESIAN_POINT('',(22.075,-78.725,2.));
#8037=CARTESIAN_POINT('',(35.575,-79.225,2.));
#8038=CARTESIAN_POINT('Origin',(35.075,-79.225,2.));
#8039=CARTESIAN_POINT('',(35.575,-92.225,2.));
#8040=CARTESIAN_POINT('',(35.575,-79.225,2.));
#8041=CARTESIAN_POINT('',(35.075,-92.725,2.));
#8042=CARTESIAN_POINT('Origin',(35.075,-92.225,2.));
#8043=CARTESIAN_POINT('',(22.075,-92.725,2.));
#8044=CARTESIAN_POINT('',(22.075,-92.725,2.));
#8045=CARTESIAN_POINT('',(21.575,-92.225,2.));
#8046=CARTESIAN_POINT('Origin',(22.075,-92.225,2.));
#8047=CARTESIAN_POINT('',(21.575,-79.225,2.));
#8048=CARTESIAN_POINT('',(107.89375,-41.712,2.));
#8049=CARTESIAN_POINT('',(108.39375,-42.212,2.));
#8050=CARTESIAN_POINT('Origin',(107.89375,-42.212,2.));
#8051=CARTESIAN_POINT('',(108.39375,-48.212,2.));
#8052=CARTESIAN_POINT('',(108.39375,-42.212,2.));
#8053=CARTESIAN_POINT('',(107.89375,-48.712,2.));
#8054=CARTESIAN_POINT('Origin',(107.89375,-48.212,2.));
#8055=CARTESIAN_POINT('',(93.89375,-48.712,2.));
#8056=CARTESIAN_POINT('',(107.89375,-48.712,2.));
#8057=CARTESIAN_POINT('',(93.39375,-48.212,2.));
#8058=CARTESIAN_POINT('Origin',(93.89375,-48.212,2.));
#8059=CARTESIAN_POINT('',(93.39375,-42.212,2.));
#8060=CARTESIAN_POINT('',(93.39375,-42.212,2.));
#8061=CARTESIAN_POINT('',(93.89375,-41.712,2.));
#8062=CARTESIAN_POINT('Origin',(93.89375,-42.212,2.));
#8063=CARTESIAN_POINT('',(107.89375,-41.712,2.));
#8064=CARTESIAN_POINT('',(108.89375,-50.15,2.));
#8065=CARTESIAN_POINT('',(109.39375,-50.65,2.));
#8066=CARTESIAN_POINT('Origin',(108.89375,-50.65,2.));
#8067=CARTESIAN_POINT('',(109.39375,-63.65,2.));
#8068=CARTESIAN_POINT('',(109.39375,-50.65,2.));
#8069=CARTESIAN_POINT('',(108.89375,-64.15,2.));
#8070=CARTESIAN_POINT('Origin',(108.89375,-63.65,2.));
#8071=CARTESIAN_POINT('',(95.89375,-64.15,2.));
#8072=CARTESIAN_POINT('',(108.89375,-64.15,2.));
#8073=CARTESIAN_POINT('',(95.39375,-63.65,2.));
#8074=CARTESIAN_POINT('Origin',(95.89375,-63.65,2.));
#8075=CARTESIAN_POINT('',(95.39375,-50.65,2.));
#8076=CARTESIAN_POINT('',(95.39375,-50.65,2.));
#8077=CARTESIAN_POINT('',(95.89375,-50.15,2.));
#8078=CARTESIAN_POINT('Origin',(95.89375,-50.65,2.));
#8079=CARTESIAN_POINT('',(108.89375,-50.15,2.));
#8080=CARTESIAN_POINT('',(79.31875,-27.488,2.));
#8081=CARTESIAN_POINT('',(79.81875,-27.988,2.));
#8082=CARTESIAN_POINT('Origin',(79.31875,-27.988,2.));
#8083=CARTESIAN_POINT('',(79.81875,-33.988,2.));
#8084=CARTESIAN_POINT('',(79.81875,-27.988,2.));
#8085=CARTESIAN_POINT('',(79.31875,-34.488,2.));
#8086=CARTESIAN_POINT('Origin',(79.31875,-33.988,2.));
#8087=CARTESIAN_POINT('',(65.31875,-34.488,2.));
#8088=CARTESIAN_POINT('',(79.31875,-34.488,2.));
#8089=CARTESIAN_POINT('',(64.81875,-33.988,2.));
#8090=CARTESIAN_POINT('Origin',(65.31875,-33.988,2.));
#8091=CARTESIAN_POINT('',(64.81875,-27.988,2.));
#8092=CARTESIAN_POINT('',(64.81875,-27.988,2.));
#8093=CARTESIAN_POINT('',(65.31875,-27.488,2.));
#8094=CARTESIAN_POINT('Origin',(65.31875,-27.988,2.));
#8095=CARTESIAN_POINT('',(79.31875,-27.488,2.));
#8096=CARTESIAN_POINT('',(108.89375,-12.05,2.));
#8097=CARTESIAN_POINT('',(109.39375,-12.55,2.));
#8098=CARTESIAN_POINT('Origin',(108.89375,-12.55,2.));
#8099=CARTESIAN_POINT('',(109.39375,-25.55,2.));
#8100=CARTESIAN_POINT('',(109.39375,-12.55,2.));
#8101=CARTESIAN_POINT('',(108.89375,-26.05,2.));
#8102=CARTESIAN_POINT('Origin',(108.89375,-25.55,2.));
#8103=CARTESIAN_POINT('',(95.89375,-26.05,2.));
#8104=CARTESIAN_POINT('',(108.89375,-26.05,2.));
#8105=CARTESIAN_POINT('',(95.39375,-25.55,2.));
#8106=CARTESIAN_POINT('Origin',(95.89375,-25.55,2.));
#8107=CARTESIAN_POINT('',(95.39375,-12.55,2.));
#8108=CARTESIAN_POINT('',(95.39375,-12.55,2.));
#8109=CARTESIAN_POINT('',(95.89375,-12.05,2.));
#8110=CARTESIAN_POINT('Origin',(95.89375,-12.55,2.));
#8111=CARTESIAN_POINT('',(108.89375,-12.05,2.));
#8112=CARTESIAN_POINT('',(107.89375,-27.488,2.));
#8113=CARTESIAN_POINT('',(108.39375,-27.988,2.));
#8114=CARTESIAN_POINT('Origin',(107.89375,-27.988,2.));
#8115=CARTESIAN_POINT('',(108.39375,-33.988,2.));
#8116=CARTESIAN_POINT('',(108.39375,-27.988,2.));
#8117=CARTESIAN_POINT('',(107.89375,-34.488,2.));
#8118=CARTESIAN_POINT('Origin',(107.89375,-33.988,2.));
#8119=CARTESIAN_POINT('',(93.89375,-34.488,2.));
#8120=CARTESIAN_POINT('',(107.89375,-34.488,2.));
#8121=CARTESIAN_POINT('',(93.39375,-33.988,2.));
#8122=CARTESIAN_POINT('Origin',(93.89375,-33.988,2.));
#8123=CARTESIAN_POINT('',(93.39375,-27.988,2.));
#8124=CARTESIAN_POINT('',(93.39375,-27.988,2.));
#8125=CARTESIAN_POINT('',(93.89375,-27.488,2.));
#8126=CARTESIAN_POINT('Origin',(93.89375,-27.988,2.));
#8127=CARTESIAN_POINT('',(107.89375,-27.488,2.));
#8128=CARTESIAN_POINT('',(50.74375,-27.488,2.));
#8129=CARTESIAN_POINT('',(51.24375,-27.988,2.));
#8130=CARTESIAN_POINT('Origin',(50.74375,-27.988,2.));
#8131=CARTESIAN_POINT('',(51.24375,-33.988,2.));
#8132=CARTESIAN_POINT('',(51.24375,-27.988,2.));
#8133=CARTESIAN_POINT('',(50.74375,-34.488,2.));
#8134=CARTESIAN_POINT('Origin',(50.74375,-33.988,2.));
#8135=CARTESIAN_POINT('',(36.74375,-34.488,2.));
#8136=CARTESIAN_POINT('',(50.74375,-34.488,2.));
#8137=CARTESIAN_POINT('',(36.24375,-33.988,2.));
#8138=CARTESIAN_POINT('Origin',(36.74375,-33.988,2.));
#8139=CARTESIAN_POINT('',(36.24375,-27.988,2.));
#8140=CARTESIAN_POINT('',(36.24375,-27.988,2.));
#8141=CARTESIAN_POINT('',(36.74375,-27.488,2.));
#8142=CARTESIAN_POINT('Origin',(36.74375,-27.988,2.));
#8143=CARTESIAN_POINT('',(50.74375,-27.488,2.));
#8144=CARTESIAN_POINT('',(80.31875,-12.05,2.));
#8145=CARTESIAN_POINT('',(80.81875,-12.55,2.));
#8146=CARTESIAN_POINT('Origin',(80.31875,-12.55,2.));
#8147=CARTESIAN_POINT('',(80.81875,-25.55,2.));
#8148=CARTESIAN_POINT('',(80.81875,-12.55,2.));
#8149=CARTESIAN_POINT('',(80.31875,-26.05,2.));
#8150=CARTESIAN_POINT('Origin',(80.31875,-25.55,2.));
#8151=CARTESIAN_POINT('',(67.31875,-26.05,2.));
#8152=CARTESIAN_POINT('',(80.31875,-26.05,2.));
#8153=CARTESIAN_POINT('',(66.81875,-25.55,2.));
#8154=CARTESIAN_POINT('Origin',(67.31875,-25.55,2.));
#8155=CARTESIAN_POINT('',(66.81875,-12.55,2.));
#8156=CARTESIAN_POINT('',(66.81875,-12.55,2.));
#8157=CARTESIAN_POINT('',(67.31875,-12.05,2.));
#8158=CARTESIAN_POINT('Origin',(67.31875,-12.55,2.));
#8159=CARTESIAN_POINT('',(80.31875,-12.05,2.));
#8160=CARTESIAN_POINT('',(51.74375,-12.05,2.));
#8161=CARTESIAN_POINT('',(52.24375,-12.55,2.));
#8162=CARTESIAN_POINT('Origin',(51.74375,-12.55,2.));
#8163=CARTESIAN_POINT('',(52.24375,-25.55,2.));
#8164=CARTESIAN_POINT('',(52.24375,-12.55,2.));
#8165=CARTESIAN_POINT('',(51.74375,-26.05,2.));
#8166=CARTESIAN_POINT('Origin',(51.74375,-25.55,2.));
#8167=CARTESIAN_POINT('',(38.74375,-26.05,2.));
#8168=CARTESIAN_POINT('',(51.74375,-26.05,2.));
#8169=CARTESIAN_POINT('',(38.24375,-25.55,2.));
#8170=CARTESIAN_POINT('Origin',(38.74375,-25.55,2.));
#8171=CARTESIAN_POINT('',(38.24375,-12.55,2.));
#8172=CARTESIAN_POINT('',(38.24375,-12.55,2.));
#8173=CARTESIAN_POINT('',(38.74375,-12.05,2.));
#8174=CARTESIAN_POINT('Origin',(38.74375,-12.55,2.));
#8175=CARTESIAN_POINT('',(51.74375,-12.05,2.));
#8176=CARTESIAN_POINT('',(22.16875,-27.488,2.));
#8177=CARTESIAN_POINT('',(22.66875,-27.988,2.));
#8178=CARTESIAN_POINT('Origin',(22.16875,-27.988,2.));
#8179=CARTESIAN_POINT('',(22.66875,-33.988,2.));
#8180=CARTESIAN_POINT('',(22.66875,-27.988,2.));
#8181=CARTESIAN_POINT('',(22.16875,-34.488,2.));
#8182=CARTESIAN_POINT('Origin',(22.16875,-33.988,2.));
#8183=CARTESIAN_POINT('',(8.16875,-34.488,2.));
#8184=CARTESIAN_POINT('',(22.16875,-34.488,2.));
#8185=CARTESIAN_POINT('',(7.66875,-33.988,2.));
#8186=CARTESIAN_POINT('Origin',(8.16875,-33.988,2.));
#8187=CARTESIAN_POINT('',(7.66875,-27.988,2.));
#8188=CARTESIAN_POINT('',(7.66875,-27.988,2.));
#8189=CARTESIAN_POINT('',(8.16875,-27.488,2.));
#8190=CARTESIAN_POINT('Origin',(8.16875,-27.988,2.));
#8191=CARTESIAN_POINT('',(22.16875,-27.488,2.));
#8192=CARTESIAN_POINT('',(50.74375,-3.61199999999999,2.));
#8193=CARTESIAN_POINT('',(51.24375,-4.112,2.));
#8194=CARTESIAN_POINT('Origin',(50.74375,-4.112,2.));
#8195=CARTESIAN_POINT('',(51.24375,-10.112,2.));
#8196=CARTESIAN_POINT('',(51.24375,-4.112,2.));
#8197=CARTESIAN_POINT('',(50.74375,-10.612,2.));
#8198=CARTESIAN_POINT('Origin',(50.74375,-10.112,2.));
#8199=CARTESIAN_POINT('',(36.74375,-10.612,2.));
#8200=CARTESIAN_POINT('',(50.74375,-10.612,2.));
#8201=CARTESIAN_POINT('',(36.24375,-10.112,2.));
#8202=CARTESIAN_POINT('Origin',(36.74375,-10.112,2.));
#8203=CARTESIAN_POINT('',(36.24375,-4.112,2.));
#8204=CARTESIAN_POINT('',(36.24375,-4.112,2.));
#8205=CARTESIAN_POINT('',(36.74375,-3.612,2.));
#8206=CARTESIAN_POINT('Origin',(36.74375,-4.112,2.));
#8207=CARTESIAN_POINT('',(50.74375,-3.612,2.));
#8208=CARTESIAN_POINT('',(79.31875,-3.612,2.));
#8209=CARTESIAN_POINT('',(79.81875,-4.112,2.));
#8210=CARTESIAN_POINT('Origin',(79.31875,-4.112,2.));
#8211=CARTESIAN_POINT('',(79.81875,-10.112,2.));
#8212=CARTESIAN_POINT('',(79.81875,-4.112,2.));
#8213=CARTESIAN_POINT('',(79.31875,-10.612,2.));
#8214=CARTESIAN_POINT('Origin',(79.31875,-10.112,2.));
#8215=CARTESIAN_POINT('',(65.31875,-10.612,2.));
#8216=CARTESIAN_POINT('',(79.31875,-10.612,2.));
#8217=CARTESIAN_POINT('',(64.81875,-10.112,2.));
#8218=CARTESIAN_POINT('Origin',(65.31875,-10.112,2.));
#8219=CARTESIAN_POINT('',(64.81875,-4.112,2.));
#8220=CARTESIAN_POINT('',(64.81875,-4.112,2.));
#8221=CARTESIAN_POINT('',(65.31875,-3.612,2.));
#8222=CARTESIAN_POINT('Origin',(65.31875,-4.112,2.));
#8223=CARTESIAN_POINT('',(79.31875,-3.612,2.));
#8224=CARTESIAN_POINT('',(22.16875,-3.612,2.));
#8225=CARTESIAN_POINT('',(22.66875,-4.112,2.));
#8226=CARTESIAN_POINT('Origin',(22.16875,-4.112,2.));
#8227=CARTESIAN_POINT('',(22.66875,-10.112,2.));
#8228=CARTESIAN_POINT('',(22.66875,-4.112,2.));
#8229=CARTESIAN_POINT('',(22.16875,-10.612,2.));
#8230=CARTESIAN_POINT('Origin',(22.16875,-10.112,2.));
#8231=CARTESIAN_POINT('',(8.16875,-10.612,2.));
#8232=CARTESIAN_POINT('',(22.16875,-10.612,2.));
#8233=CARTESIAN_POINT('',(7.66875,-10.112,2.));
#8234=CARTESIAN_POINT('Origin',(8.16875,-10.112,2.));
#8235=CARTESIAN_POINT('',(7.66875,-4.112,2.));
#8236=CARTESIAN_POINT('',(7.66875,-4.112,2.));
#8237=CARTESIAN_POINT('',(8.16875,-3.612,2.));
#8238=CARTESIAN_POINT('Origin',(8.16875,-4.112,2.));
#8239=CARTESIAN_POINT('',(22.16875,-3.612,2.));
#8240=CARTESIAN_POINT('',(59.675,-79.225,2.));
#8241=CARTESIAN_POINT('',(60.175,-78.725,2.));
#8242=CARTESIAN_POINT('Origin',(60.175,-79.225,2.));
#8243=CARTESIAN_POINT('',(73.175,-78.725,2.));
#8244=CARTESIAN_POINT('',(60.175,-78.725,2.));
#8245=CARTESIAN_POINT('',(73.675,-79.225,2.));
#8246=CARTESIAN_POINT('Origin',(73.175,-79.225,2.));
#8247=CARTESIAN_POINT('',(73.675,-92.225,2.));
#8248=CARTESIAN_POINT('',(73.675,-79.225,2.));
#8249=CARTESIAN_POINT('',(73.175,-92.725,2.));
#8250=CARTESIAN_POINT('Origin',(73.175,-92.225,2.));
#8251=CARTESIAN_POINT('',(60.175,-92.725,2.));
#8252=CARTESIAN_POINT('',(60.175,-92.725,2.));
#8253=CARTESIAN_POINT('',(59.675,-92.225,2.));
#8254=CARTESIAN_POINT('Origin',(60.175,-92.225,2.));
#8255=CARTESIAN_POINT('',(59.675,-79.225,2.));
#8256=CARTESIAN_POINT('',(107.89375,-3.61199999999999,2.));
#8257=CARTESIAN_POINT('',(108.39375,-4.112,2.));
#8258=CARTESIAN_POINT('Origin',(107.89375,-4.112,2.));
#8259=CARTESIAN_POINT('',(108.39375,-10.112,2.));
#8260=CARTESIAN_POINT('',(108.39375,-4.112,2.));
#8261=CARTESIAN_POINT('',(107.89375,-10.612,2.));
#8262=CARTESIAN_POINT('Origin',(107.89375,-10.112,2.));
#8263=CARTESIAN_POINT('',(93.89375,-10.612,2.));
#8264=CARTESIAN_POINT('',(107.89375,-10.612,2.));
#8265=CARTESIAN_POINT('',(93.39375,-10.112,2.));
#8266=CARTESIAN_POINT('Origin',(93.89375,-10.112,2.));
#8267=CARTESIAN_POINT('',(93.39375,-4.112,2.));
#8268=CARTESIAN_POINT('',(93.39375,-4.112,2.));
#8269=CARTESIAN_POINT('',(93.89375,-3.612,2.));
#8270=CARTESIAN_POINT('Origin',(93.89375,-4.112,2.));
#8271=CARTESIAN_POINT('',(107.89375,-3.612,2.));
#8272=CARTESIAN_POINT('',(2.525,-79.225,2.));
#8273=CARTESIAN_POINT('',(3.025,-78.725,2.));
#8274=CARTESIAN_POINT('Origin',(3.025,-79.225,2.));
#8275=CARTESIAN_POINT('',(16.025,-78.725,2.));
#8276=CARTESIAN_POINT('',(3.025,-78.725,2.));
#8277=CARTESIAN_POINT('',(16.525,-79.225,2.));
#8278=CARTESIAN_POINT('Origin',(16.025,-79.225,2.));
#8279=CARTESIAN_POINT('',(16.525,-92.225,2.));
#8280=CARTESIAN_POINT('',(16.525,-79.225,2.));
#8281=CARTESIAN_POINT('',(16.025,-92.725,2.));
#8282=CARTESIAN_POINT('Origin',(16.025,-92.225,2.));
#8283=CARTESIAN_POINT('',(3.025,-92.725,2.));
#8284=CARTESIAN_POINT('',(3.025,-92.725,2.));
#8285=CARTESIAN_POINT('',(2.525,-92.225,2.));
#8286=CARTESIAN_POINT('Origin',(3.025,-92.225,2.));
#8287=CARTESIAN_POINT('',(2.525,-79.225,2.));
#8288=CARTESIAN_POINT('',(51.74375,-50.15,2.));
#8289=CARTESIAN_POINT('',(52.24375,-50.65,2.));
#8290=CARTESIAN_POINT('Origin',(51.74375,-50.65,2.));
#8291=CARTESIAN_POINT('',(52.24375,-63.65,2.));
#8292=CARTESIAN_POINT('',(52.24375,-50.65,2.));
#8293=CARTESIAN_POINT('',(51.74375,-64.15,2.));
#8294=CARTESIAN_POINT('Origin',(51.74375,-63.65,2.));
#8295=CARTESIAN_POINT('',(38.74375,-64.15,2.));
#8296=CARTESIAN_POINT('',(51.74375,-64.15,2.));
#8297=CARTESIAN_POINT('',(38.24375,-63.65,2.));
#8298=CARTESIAN_POINT('Origin',(38.74375,-63.65,2.));
#8299=CARTESIAN_POINT('',(38.24375,-50.65,2.));
#8300=CARTESIAN_POINT('',(38.24375,-50.65,2.));
#8301=CARTESIAN_POINT('',(38.74375,-50.15,2.));
#8302=CARTESIAN_POINT('Origin',(38.74375,-50.65,2.));
#8303=CARTESIAN_POINT('',(51.74375,-50.15,2.));
#8304=CARTESIAN_POINT('',(80.31875,-50.15,2.));
#8305=CARTESIAN_POINT('',(80.81875,-50.65,2.));
#8306=CARTESIAN_POINT('Origin',(80.31875,-50.65,2.));
#8307=CARTESIAN_POINT('',(80.81875,-63.65,2.));
#8308=CARTESIAN_POINT('',(80.81875,-50.65,2.));
#8309=CARTESIAN_POINT('',(80.31875,-64.15,2.));
#8310=CARTESIAN_POINT('Origin',(80.31875,-63.65,2.));
#8311=CARTESIAN_POINT('',(67.31875,-64.15,2.));
#8312=CARTESIAN_POINT('',(80.31875,-64.15,2.));
#8313=CARTESIAN_POINT('',(66.81875,-63.65,2.));
#8314=CARTESIAN_POINT('Origin',(67.31875,-63.65,2.));
#8315=CARTESIAN_POINT('',(66.81875,-50.65,2.));
#8316=CARTESIAN_POINT('',(66.81875,-50.65,2.));
#8317=CARTESIAN_POINT('',(67.31875,-50.15,2.));
#8318=CARTESIAN_POINT('Origin',(67.31875,-50.65,2.));
#8319=CARTESIAN_POINT('',(80.31875,-50.15,2.));
#8320=CARTESIAN_POINT('',(78.725,-79.225,2.));
#8321=CARTESIAN_POINT('',(79.225,-78.725,2.));
#8322=CARTESIAN_POINT('Origin',(79.225,-79.225,2.));
#8323=CARTESIAN_POINT('',(92.225,-78.725,2.));
#8324=CARTESIAN_POINT('',(79.225,-78.725,2.));
#8325=CARTESIAN_POINT('',(92.725,-79.225,2.));
#8326=CARTESIAN_POINT('Origin',(92.225,-79.225,2.));
#8327=CARTESIAN_POINT('',(92.725,-92.225,2.));
#8328=CARTESIAN_POINT('',(92.725,-79.225,2.));
#8329=CARTESIAN_POINT('',(92.225,-92.725,2.));
#8330=CARTESIAN_POINT('Origin',(92.225,-92.225,2.));
#8331=CARTESIAN_POINT('',(79.225,-92.725,2.));
#8332=CARTESIAN_POINT('',(79.225,-92.725,2.));
#8333=CARTESIAN_POINT('',(78.725,-92.225,2.));
#8334=CARTESIAN_POINT('Origin',(79.225,-92.225,2.));
#8335=CARTESIAN_POINT('',(78.725,-79.225,2.));
#8336=CARTESIAN_POINT('',(50.74375,-65.588,2.));
#8337=CARTESIAN_POINT('',(51.24375,-66.088,2.));
#8338=CARTESIAN_POINT('Origin',(50.74375,-66.088,2.));
#8339=CARTESIAN_POINT('',(51.24375,-72.088,2.));
#8340=CARTESIAN_POINT('',(51.24375,-66.088,2.));
#8341=CARTESIAN_POINT('',(50.74375,-72.588,2.));
#8342=CARTESIAN_POINT('Origin',(50.74375,-72.088,2.));
#8343=CARTESIAN_POINT('',(36.74375,-72.588,2.));
#8344=CARTESIAN_POINT('',(50.74375,-72.588,2.));
#8345=CARTESIAN_POINT('',(36.24375,-72.088,2.));
#8346=CARTESIAN_POINT('Origin',(36.74375,-72.088,2.));
#8347=CARTESIAN_POINT('',(36.24375,-66.088,2.));
#8348=CARTESIAN_POINT('',(36.24375,-66.088,2.));
#8349=CARTESIAN_POINT('',(36.74375,-65.588,2.));
#8350=CARTESIAN_POINT('Origin',(36.74375,-66.088,2.));
#8351=CARTESIAN_POINT('',(50.74375,-65.588,2.));
#8352=CARTESIAN_POINT('',(22.16875,-41.712,2.));
#8353=CARTESIAN_POINT('',(22.66875,-42.212,2.));
#8354=CARTESIAN_POINT('Origin',(22.16875,-42.212,2.));
#8355=CARTESIAN_POINT('',(22.66875,-48.212,2.));
#8356=CARTESIAN_POINT('',(22.66875,-42.212,2.));
#8357=CARTESIAN_POINT('',(22.16875,-48.712,2.));
#8358=CARTESIAN_POINT('Origin',(22.16875,-48.212,2.));
#8359=CARTESIAN_POINT('',(8.16875,-48.712,2.));
#8360=CARTESIAN_POINT('',(22.16875,-48.712,2.));
#8361=CARTESIAN_POINT('',(7.66875,-48.212,2.));
#8362=CARTESIAN_POINT('Origin',(8.16875,-48.212,2.));
#8363=CARTESIAN_POINT('',(7.66875,-42.212,2.));
#8364=CARTESIAN_POINT('',(7.66875,-42.212,2.));
#8365=CARTESIAN_POINT('',(8.16875,-41.712,2.));
#8366=CARTESIAN_POINT('Origin',(8.16875,-42.212,2.));
#8367=CARTESIAN_POINT('',(22.16875,-41.712,2.));
#8368=CARTESIAN_POINT('',(107.89375,-65.588,2.));
#8369=CARTESIAN_POINT('',(108.39375,-66.088,2.));
#8370=CARTESIAN_POINT('Origin',(107.89375,-66.088,2.));
#8371=CARTESIAN_POINT('',(108.39375,-72.088,2.));
#8372=CARTESIAN_POINT('',(108.39375,-66.088,2.));
#8373=CARTESIAN_POINT('',(107.89375,-72.588,2.));
#8374=CARTESIAN_POINT('Origin',(107.89375,-72.088,2.));
#8375=CARTESIAN_POINT('',(93.89375,-72.588,2.));
#8376=CARTESIAN_POINT('',(107.89375,-72.588,2.));
#8377=CARTESIAN_POINT('',(93.39375,-72.088,2.));
#8378=CARTESIAN_POINT('Origin',(93.89375,-72.088,2.));
#8379=CARTESIAN_POINT('',(93.39375,-66.088,2.));
#8380=CARTESIAN_POINT('',(93.39375,-66.088,2.));
#8381=CARTESIAN_POINT('',(93.89375,-65.588,2.));
#8382=CARTESIAN_POINT('Origin',(93.89375,-66.088,2.));
#8383=CARTESIAN_POINT('',(107.89375,-65.588,2.));
#8384=CARTESIAN_POINT('',(22.16875,-65.588,2.));
#8385=CARTESIAN_POINT('',(22.66875,-66.088,2.));
#8386=CARTESIAN_POINT('Origin',(22.16875,-66.088,2.));
#8387=CARTESIAN_POINT('',(22.66875,-72.088,2.));
#8388=CARTESIAN_POINT('',(22.66875,-66.088,2.));
#8389=CARTESIAN_POINT('',(22.16875,-72.588,2.));
#8390=CARTESIAN_POINT('Origin',(22.16875,-72.088,2.));
#8391=CARTESIAN_POINT('',(8.16875,-72.588,2.));
#8392=CARTESIAN_POINT('',(22.16875,-72.588,2.));
#8393=CARTESIAN_POINT('',(7.66875,-72.088,2.));
#8394=CARTESIAN_POINT('Origin',(8.16875,-72.088,2.));
#8395=CARTESIAN_POINT('',(7.66875,-66.088,2.));
#8396=CARTESIAN_POINT('',(7.66875,-66.088,2.));
#8397=CARTESIAN_POINT('',(8.16875,-65.588,2.));
#8398=CARTESIAN_POINT('Origin',(8.16875,-66.088,2.));
#8399=CARTESIAN_POINT('',(22.16875,-65.588,2.));
#8400=CARTESIAN_POINT('',(23.16875,-50.15,2.));
#8401=CARTESIAN_POINT('',(23.66875,-50.65,2.));
#8402=CARTESIAN_POINT('Origin',(23.16875,-50.65,2.));
#8403=CARTESIAN_POINT('',(23.66875,-63.65,2.));
#8404=CARTESIAN_POINT('',(23.66875,-50.65,2.));
#8405=CARTESIAN_POINT('',(23.16875,-64.15,2.));
#8406=CARTESIAN_POINT('Origin',(23.16875,-63.65,2.));
#8407=CARTESIAN_POINT('',(10.16875,-64.15,2.));
#8408=CARTESIAN_POINT('',(23.16875,-64.15,2.));
#8409=CARTESIAN_POINT('',(9.66875,-63.65,2.));
#8410=CARTESIAN_POINT('Origin',(10.16875,-63.65,2.));
#8411=CARTESIAN_POINT('',(9.66875,-50.65,2.));
#8412=CARTESIAN_POINT('',(9.66875,-50.65,2.));
#8413=CARTESIAN_POINT('',(10.16875,-50.15,2.));
#8414=CARTESIAN_POINT('Origin',(10.16875,-50.65,2.));
#8415=CARTESIAN_POINT('',(23.16875,-50.15,2.));
#8416=CARTESIAN_POINT('Origin',(-15.57,-95.25,0.));
#8417=CARTESIAN_POINT('',(-15.57,-95.25,0.));
#8418=CARTESIAN_POINT('Origin',(65.31875,-65.588,0.));
#8419=CARTESIAN_POINT('',(65.31875,-65.588,0.));
#8420=CARTESIAN_POINT('',(79.31875,-65.588,0.));
#8421=CARTESIAN_POINT('',(79.31875,-65.588,0.));
#8422=CARTESIAN_POINT('',(79.31875,-65.588,0.));
#8423=CARTESIAN_POINT('',(65.31875,-65.588,0.));
#8424=CARTESIAN_POINT('Origin',(65.31875,-66.088,0.));
#8425=CARTESIAN_POINT('',(64.81875,-66.088,0.));
#8426=CARTESIAN_POINT('Origin',(65.31875,-66.088,0.));
#8427=CARTESIAN_POINT('',(64.81875,-66.088,0.));
#8428=CARTESIAN_POINT('Origin',(64.81875,-72.088,0.));
#8429=CARTESIAN_POINT('',(64.81875,-72.088,0.));
#8430=CARTESIAN_POINT('',(64.81875,-66.088,0.));
#8431=CARTESIAN_POINT('',(64.81875,-72.088,0.));
#8432=CARTESIAN_POINT('Origin',(65.31875,-72.088,0.));
#8433=CARTESIAN_POINT('',(65.31875,-72.588,0.));
#8434=CARTESIAN_POINT('Origin',(65.31875,-72.088,0.));
#8435=CARTESIAN_POINT('',(65.31875,-72.588,0.));
#8436=CARTESIAN_POINT('Origin',(79.31875,-72.588,0.));
#8437=CARTESIAN_POINT('',(79.31875,-72.588,0.));
#8438=CARTESIAN_POINT('',(79.31875,-72.588,0.));
#8439=CARTESIAN_POINT('',(79.31875,-72.588,0.));
#8440=CARTESIAN_POINT('Origin',(79.31875,-72.088,0.));
#8441=CARTESIAN_POINT('',(79.81875,-72.088,0.));
#8442=CARTESIAN_POINT('Origin',(79.31875,-72.088,0.));
#8443=CARTESIAN_POINT('',(79.81875,-72.088,0.));
#8444=CARTESIAN_POINT('Origin',(79.81875,-66.088,0.));
#8445=CARTESIAN_POINT('',(79.81875,-66.088,0.));
#8446=CARTESIAN_POINT('',(79.81875,-66.088,0.));
#8447=CARTESIAN_POINT('',(79.81875,-66.088,0.));
#8448=CARTESIAN_POINT('Origin',(79.31875,-66.088,0.));
#8449=CARTESIAN_POINT('Origin',(79.31875,-66.088,0.));
#8450=CARTESIAN_POINT('Origin',(36.74375,-41.712,0.));
#8451=CARTESIAN_POINT('',(36.74375,-41.712,0.));
#8452=CARTESIAN_POINT('',(50.74375,-41.712,0.));
#8453=CARTESIAN_POINT('',(50.74375,-41.712,0.));
#8454=CARTESIAN_POINT('',(50.74375,-41.712,0.));
#8455=CARTESIAN_POINT('',(36.74375,-41.712,0.));
#8456=CARTESIAN_POINT('Origin',(36.74375,-42.212,0.));
#8457=CARTESIAN_POINT('',(36.24375,-42.212,0.));
#8458=CARTESIAN_POINT('Origin',(36.74375,-42.212,0.));
#8459=CARTESIAN_POINT('',(36.24375,-42.212,0.));
#8460=CARTESIAN_POINT('Origin',(36.24375,-48.212,0.));
#8461=CARTESIAN_POINT('',(36.24375,-48.212,0.));
#8462=CARTESIAN_POINT('',(36.24375,-42.212,0.));
#8463=CARTESIAN_POINT('',(36.24375,-48.212,0.));
#8464=CARTESIAN_POINT('Origin',(36.74375,-48.212,0.));
#8465=CARTESIAN_POINT('',(36.74375,-48.712,0.));
#8466=CARTESIAN_POINT('Origin',(36.74375,-48.212,0.));
#8467=CARTESIAN_POINT('',(36.74375,-48.712,0.));
#8468=CARTESIAN_POINT('Origin',(50.74375,-48.712,0.));
#8469=CARTESIAN_POINT('',(50.74375,-48.712,0.));
#8470=CARTESIAN_POINT('',(50.74375,-48.712,0.));
#8471=CARTESIAN_POINT('',(50.74375,-48.712,0.));
#8472=CARTESIAN_POINT('Origin',(50.74375,-48.212,0.));
#8473=CARTESIAN_POINT('',(51.24375,-48.212,0.));
#8474=CARTESIAN_POINT('Origin',(50.74375,-48.212,0.));
#8475=CARTESIAN_POINT('',(51.24375,-48.212,0.));
#8476=CARTESIAN_POINT('Origin',(51.24375,-42.212,0.));
#8477=CARTESIAN_POINT('',(51.24375,-42.212,0.));
#8478=CARTESIAN_POINT('',(51.24375,-42.212,0.));
#8479=CARTESIAN_POINT('',(51.24375,-42.212,0.));
#8480=CARTESIAN_POINT('Origin',(50.74375,-42.212,0.));
#8481=CARTESIAN_POINT('Origin',(50.74375,-42.212,0.));
#8482=CARTESIAN_POINT('Origin',(65.31875,-41.712,0.));
#8483=CARTESIAN_POINT('',(65.31875,-41.712,0.));
#8484=CARTESIAN_POINT('',(79.31875,-41.712,0.));
#8485=CARTESIAN_POINT('',(79.31875,-41.712,0.));
#8486=CARTESIAN_POINT('',(79.31875,-41.712,0.));
#8487=CARTESIAN_POINT('',(65.31875,-41.712,0.));
#8488=CARTESIAN_POINT('Origin',(65.31875,-42.212,0.));
#8489=CARTESIAN_POINT('',(64.81875,-42.212,0.));
#8490=CARTESIAN_POINT('Origin',(65.31875,-42.212,0.));
#8491=CARTESIAN_POINT('',(64.81875,-42.212,0.));
#8492=CARTESIAN_POINT('Origin',(64.81875,-48.212,0.));
#8493=CARTESIAN_POINT('',(64.81875,-48.212,0.));
#8494=CARTESIAN_POINT('',(64.81875,-42.212,0.));
#8495=CARTESIAN_POINT('',(64.81875,-48.212,0.));
#8496=CARTESIAN_POINT('Origin',(65.31875,-48.212,0.));
#8497=CARTESIAN_POINT('',(65.31875,-48.712,0.));
#8498=CARTESIAN_POINT('Origin',(65.31875,-48.212,0.));
#8499=CARTESIAN_POINT('',(65.31875,-48.712,0.));
#8500=CARTESIAN_POINT('Origin',(79.31875,-48.712,0.));
#8501=CARTESIAN_POINT('',(79.31875,-48.712,0.));
#8502=CARTESIAN_POINT('',(79.31875,-48.712,0.));
#8503=CARTESIAN_POINT('',(79.31875,-48.712,0.));
#8504=CARTESIAN_POINT('Origin',(79.31875,-48.212,0.));
#8505=CARTESIAN_POINT('',(79.81875,-48.212,0.));
#8506=CARTESIAN_POINT('Origin',(79.31875,-48.212,0.));
#8507=CARTESIAN_POINT('',(79.81875,-48.212,0.));
#8508=CARTESIAN_POINT('Origin',(79.81875,-42.212,0.));
#8509=CARTESIAN_POINT('',(79.81875,-42.212,0.));
#8510=CARTESIAN_POINT('',(79.81875,-42.212,0.));
#8511=CARTESIAN_POINT('',(79.81875,-42.212,0.));
#8512=CARTESIAN_POINT('Origin',(79.31875,-42.212,0.));
#8513=CARTESIAN_POINT('Origin',(79.31875,-42.212,0.));
#8514=CARTESIAN_POINT('Origin',(40.625,-92.225,0.));
#8515=CARTESIAN_POINT('',(40.625,-92.225,0.));
#8516=CARTESIAN_POINT('',(40.625,-79.225,0.));
#8517=CARTESIAN_POINT('',(40.625,-79.225,0.));
#8518=CARTESIAN_POINT('',(40.625,-79.225,0.));
#8519=CARTESIAN_POINT('',(40.625,-92.225,0.));
#8520=CARTESIAN_POINT('Origin',(41.125,-92.225,0.));
#8521=CARTESIAN_POINT('',(41.125,-92.725,0.));
#8522=CARTESIAN_POINT('Origin',(41.125,-92.225,0.));
#8523=CARTESIAN_POINT('',(41.125,-92.725,0.));
#8524=CARTESIAN_POINT('Origin',(54.125,-92.725,0.));
#8525=CARTESIAN_POINT('',(54.125,-92.725,0.));
#8526=CARTESIAN_POINT('',(41.125,-92.725,0.));
#8527=CARTESIAN_POINT('',(54.125,-92.725,0.));
#8528=CARTESIAN_POINT('Origin',(54.125,-92.225,0.));
#8529=CARTESIAN_POINT('',(54.625,-92.225,0.));
#8530=CARTESIAN_POINT('Origin',(54.125,-92.225,0.));
#8531=CARTESIAN_POINT('',(54.625,-92.225,0.));
#8532=CARTESIAN_POINT('Origin',(54.625,-79.225,0.));
#8533=CARTESIAN_POINT('',(54.625,-79.225,0.));
#8534=CARTESIAN_POINT('',(54.625,-79.225,0.));
#8535=CARTESIAN_POINT('',(54.625,-79.225,0.));
#8536=CARTESIAN_POINT('Origin',(54.125,-79.225,0.));
#8537=CARTESIAN_POINT('',(54.125,-78.725,0.));
#8538=CARTESIAN_POINT('Origin',(54.125,-79.225,0.));
#8539=CARTESIAN_POINT('',(54.125,-78.725,0.));
#8540=CARTESIAN_POINT('Origin',(41.125,-78.725,0.));
#8541=CARTESIAN_POINT('',(41.125,-78.725,0.));
#8542=CARTESIAN_POINT('',(41.125,-78.725,0.));
#8543=CARTESIAN_POINT('',(41.125,-78.725,0.));
#8544=CARTESIAN_POINT('Origin',(41.125,-79.225,0.));
#8545=CARTESIAN_POINT('Origin',(41.125,-79.225,0.));
#8546=CARTESIAN_POINT('Origin',(10.16875,-12.05,0.));
#8547=CARTESIAN_POINT('',(10.16875,-12.05,0.));
#8548=CARTESIAN_POINT('',(23.16875,-12.05,0.));
#8549=CARTESIAN_POINT('',(23.16875,-12.05,0.));
#8550=CARTESIAN_POINT('',(23.16875,-12.05,0.));
#8551=CARTESIAN_POINT('',(10.16875,-12.05,0.));
#8552=CARTESIAN_POINT('Origin',(10.16875,-12.55,0.));
#8553=CARTESIAN_POINT('',(9.66875,-12.55,0.));
#8554=CARTESIAN_POINT('Origin',(10.16875,-12.55,0.));
#8555=CARTESIAN_POINT('',(9.66875,-12.55,0.));
#8556=CARTESIAN_POINT('Origin',(9.66875,-25.55,0.));
#8557=CARTESIAN_POINT('',(9.66875,-25.55,0.));
#8558=CARTESIAN_POINT('',(9.66875,-12.55,0.));
#8559=CARTESIAN_POINT('',(9.66875,-25.55,0.));
#8560=CARTESIAN_POINT('Origin',(10.16875,-25.55,0.));
#8561=CARTESIAN_POINT('',(10.16875,-26.05,0.));
#8562=CARTESIAN_POINT('Origin',(10.16875,-25.55,0.));
#8563=CARTESIAN_POINT('',(10.16875,-26.05,0.));
#8564=CARTESIAN_POINT('Origin',(23.16875,-26.05,0.));
#8565=CARTESIAN_POINT('',(23.16875,-26.05,0.));
#8566=CARTESIAN_POINT('',(23.16875,-26.05,0.));
#8567=CARTESIAN_POINT('',(23.16875,-26.05,0.));
#8568=CARTESIAN_POINT('Origin',(23.16875,-25.55,0.));
#8569=CARTESIAN_POINT('',(23.66875,-25.55,0.));
#8570=CARTESIAN_POINT('Origin',(23.16875,-25.55,0.));
#8571=CARTESIAN_POINT('',(23.66875,-25.55,0.));
#8572=CARTESIAN_POINT('Origin',(23.66875,-12.55,0.));
#8573=CARTESIAN_POINT('',(23.66875,-12.55,0.));
#8574=CARTESIAN_POINT('',(23.66875,-12.55,0.));
#8575=CARTESIAN_POINT('',(23.66875,-12.55,0.));
#8576=CARTESIAN_POINT('Origin',(23.16875,-12.55,0.));
#8577=CARTESIAN_POINT('Origin',(23.16875,-12.55,0.));
#8578=CARTESIAN_POINT('Origin',(97.775,-92.225,0.));
#8579=CARTESIAN_POINT('',(97.775,-92.225,0.));
#8580=CARTESIAN_POINT('',(97.775,-79.225,0.));
#8581=CARTESIAN_POINT('',(97.775,-79.225,0.));
#8582=CARTESIAN_POINT('',(97.775,-79.225,0.));
#8583=CARTESIAN_POINT('',(97.775,-92.225,0.));
#8584=CARTESIAN_POINT('Origin',(98.275,-92.225,0.));
#8585=CARTESIAN_POINT('',(98.275,-92.725,0.));
#8586=CARTESIAN_POINT('Origin',(98.275,-92.225,0.));
#8587=CARTESIAN_POINT('',(98.275,-92.725,0.));
#8588=CARTESIAN_POINT('Origin',(111.275,-92.725,0.));
#8589=CARTESIAN_POINT('',(111.275,-92.725,0.));
#8590=CARTESIAN_POINT('',(98.275,-92.725,0.));
#8591=CARTESIAN_POINT('',(111.275,-92.725,0.));
#8592=CARTESIAN_POINT('Origin',(111.275,-92.225,0.));
#8593=CARTESIAN_POINT('',(111.775,-92.225,0.));
#8594=CARTESIAN_POINT('Origin',(111.275,-92.225,0.));
#8595=CARTESIAN_POINT('',(111.775,-92.225,0.));
#8596=CARTESIAN_POINT('Origin',(111.775,-79.225,0.));
#8597=CARTESIAN_POINT('',(111.775,-79.225,0.));
#8598=CARTESIAN_POINT('',(111.775,-79.225,0.));
#8599=CARTESIAN_POINT('',(111.775,-79.225,0.));
#8600=CARTESIAN_POINT('Origin',(111.275,-79.225,0.));
#8601=CARTESIAN_POINT('',(111.275,-78.725,0.));
#8602=CARTESIAN_POINT('Origin',(111.275,-79.225,0.));
#8603=CARTESIAN_POINT('',(111.275,-78.725,0.));
#8604=CARTESIAN_POINT('Origin',(98.275,-78.725,0.));
#8605=CARTESIAN_POINT('',(98.275,-78.725,0.));
#8606=CARTESIAN_POINT('',(98.275,-78.725,0.));
#8607=CARTESIAN_POINT('',(98.275,-78.725,0.));
#8608=CARTESIAN_POINT('Origin',(98.275,-79.225,0.));
#8609=CARTESIAN_POINT('Origin',(98.275,-79.225,0.));
#8610=CARTESIAN_POINT('Origin',(21.575,-92.225,0.));
#8611=CARTESIAN_POINT('',(21.575,-92.225,0.));
#8612=CARTESIAN_POINT('',(21.575,-79.225,0.));
#8613=CARTESIAN_POINT('',(21.575,-79.225,0.));
#8614=CARTESIAN_POINT('',(21.575,-79.225,0.));
#8615=CARTESIAN_POINT('',(21.575,-92.225,0.));
#8616=CARTESIAN_POINT('Origin',(22.075,-92.225,0.));
#8617=CARTESIAN_POINT('',(22.075,-92.725,0.));
#8618=CARTESIAN_POINT('Origin',(22.075,-92.225,0.));
#8619=CARTESIAN_POINT('',(22.075,-92.725,0.));
#8620=CARTESIAN_POINT('Origin',(35.075,-92.725,0.));
#8621=CARTESIAN_POINT('',(35.075,-92.725,0.));
#8622=CARTESIAN_POINT('',(22.075,-92.725,0.));
#8623=CARTESIAN_POINT('',(35.075,-92.725,0.));
#8624=CARTESIAN_POINT('Origin',(35.075,-92.225,0.));
#8625=CARTESIAN_POINT('',(35.575,-92.225,0.));
#8626=CARTESIAN_POINT('Origin',(35.075,-92.225,0.));
#8627=CARTESIAN_POINT('',(35.575,-92.225,0.));
#8628=CARTESIAN_POINT('Origin',(35.575,-79.225,0.));
#8629=CARTESIAN_POINT('',(35.575,-79.225,0.));
#8630=CARTESIAN_POINT('',(35.575,-79.225,0.));
#8631=CARTESIAN_POINT('',(35.575,-79.225,0.));
#8632=CARTESIAN_POINT('Origin',(35.075,-79.225,0.));
#8633=CARTESIAN_POINT('',(35.075,-78.725,0.));
#8634=CARTESIAN_POINT('Origin',(35.075,-79.225,0.));
#8635=CARTESIAN_POINT('',(35.075,-78.725,0.));
#8636=CARTESIAN_POINT('Origin',(22.075,-78.725,0.));
#8637=CARTESIAN_POINT('',(22.075,-78.725,0.));
#8638=CARTESIAN_POINT('',(22.075,-78.725,0.));
#8639=CARTESIAN_POINT('',(22.075,-78.725,0.));
#8640=CARTESIAN_POINT('Origin',(22.075,-79.225,0.));
#8641=CARTESIAN_POINT('Origin',(22.075,-79.225,0.));
#8642=CARTESIAN_POINT('Origin',(93.89375,-41.712,0.));
#8643=CARTESIAN_POINT('',(93.89375,-41.712,0.));
#8644=CARTESIAN_POINT('',(107.89375,-41.712,0.));
#8645=CARTESIAN_POINT('',(107.89375,-41.712,0.));
#8646=CARTESIAN_POINT('',(107.89375,-41.712,0.));
#8647=CARTESIAN_POINT('',(93.89375,-41.712,0.));
#8648=CARTESIAN_POINT('Origin',(93.89375,-42.212,0.));
#8649=CARTESIAN_POINT('',(93.39375,-42.212,0.));
#8650=CARTESIAN_POINT('Origin',(93.89375,-42.212,0.));
#8651=CARTESIAN_POINT('',(93.39375,-42.212,0.));
#8652=CARTESIAN_POINT('Origin',(93.39375,-48.212,0.));
#8653=CARTESIAN_POINT('',(93.39375,-48.212,0.));
#8654=CARTESIAN_POINT('',(93.39375,-42.212,0.));
#8655=CARTESIAN_POINT('',(93.39375,-48.212,0.));
#8656=CARTESIAN_POINT('Origin',(93.89375,-48.212,0.));
#8657=CARTESIAN_POINT('',(93.89375,-48.712,0.));
#8658=CARTESIAN_POINT('Origin',(93.89375,-48.212,0.));
#8659=CARTESIAN_POINT('',(93.89375,-48.712,0.));
#8660=CARTESIAN_POINT('Origin',(107.89375,-48.712,0.));
#8661=CARTESIAN_POINT('',(107.89375,-48.712,0.));
#8662=CARTESIAN_POINT('',(107.89375,-48.712,0.));
#8663=CARTESIAN_POINT('',(107.89375,-48.712,0.));
#8664=CARTESIAN_POINT('Origin',(107.89375,-48.212,0.));
#8665=CARTESIAN_POINT('',(108.39375,-48.212,0.));
#8666=CARTESIAN_POINT('Origin',(107.89375,-48.212,0.));
#8667=CARTESIAN_POINT('',(108.39375,-48.212,0.));
#8668=CARTESIAN_POINT('Origin',(108.39375,-42.212,0.));
#8669=CARTESIAN_POINT('',(108.39375,-42.212,0.));
#8670=CARTESIAN_POINT('',(108.39375,-42.212,0.));
#8671=CARTESIAN_POINT('',(108.39375,-42.212,0.));
#8672=CARTESIAN_POINT('Origin',(107.89375,-42.212,0.));
#8673=CARTESIAN_POINT('Origin',(107.89375,-42.212,0.));
#8674=CARTESIAN_POINT('Origin',(95.89375,-50.15,0.));
#8675=CARTESIAN_POINT('',(95.89375,-50.15,0.));
#8676=CARTESIAN_POINT('',(108.89375,-50.15,0.));
#8677=CARTESIAN_POINT('',(108.89375,-50.15,0.));
#8678=CARTESIAN_POINT('',(108.89375,-50.15,0.));
#8679=CARTESIAN_POINT('',(95.89375,-50.15,0.));
#8680=CARTESIAN_POINT('Origin',(95.89375,-50.65,0.));
#8681=CARTESIAN_POINT('',(95.39375,-50.65,0.));
#8682=CARTESIAN_POINT('Origin',(95.89375,-50.65,0.));
#8683=CARTESIAN_POINT('',(95.39375,-50.65,0.));
#8684=CARTESIAN_POINT('Origin',(95.39375,-63.65,0.));
#8685=CARTESIAN_POINT('',(95.39375,-63.65,0.));
#8686=CARTESIAN_POINT('',(95.39375,-50.65,0.));
#8687=CARTESIAN_POINT('',(95.39375,-63.65,0.));
#8688=CARTESIAN_POINT('Origin',(95.89375,-63.65,0.));
#8689=CARTESIAN_POINT('',(95.89375,-64.15,0.));
#8690=CARTESIAN_POINT('Origin',(95.89375,-63.65,0.));
#8691=CARTESIAN_POINT('',(95.89375,-64.15,0.));
#8692=CARTESIAN_POINT('Origin',(108.89375,-64.15,0.));
#8693=CARTESIAN_POINT('',(108.89375,-64.15,0.));
#8694=CARTESIAN_POINT('',(108.89375,-64.15,0.));
#8695=CARTESIAN_POINT('',(108.89375,-64.15,0.));
#8696=CARTESIAN_POINT('Origin',(108.89375,-63.65,0.));
#8697=CARTESIAN_POINT('',(109.39375,-63.65,0.));
#8698=CARTESIAN_POINT('Origin',(108.89375,-63.65,0.));
#8699=CARTESIAN_POINT('',(109.39375,-63.65,0.));
#8700=CARTESIAN_POINT('Origin',(109.39375,-50.65,0.));
#8701=CARTESIAN_POINT('',(109.39375,-50.65,0.));
#8702=CARTESIAN_POINT('',(109.39375,-50.65,0.));
#8703=CARTESIAN_POINT('',(109.39375,-50.65,0.));
#8704=CARTESIAN_POINT('Origin',(108.89375,-50.65,0.));
#8705=CARTESIAN_POINT('Origin',(108.89375,-50.65,0.));
#8706=CARTESIAN_POINT('Origin',(65.31875,-27.488,0.));
#8707=CARTESIAN_POINT('',(65.31875,-27.488,0.));
#8708=CARTESIAN_POINT('',(79.31875,-27.488,0.));
#8709=CARTESIAN_POINT('',(79.31875,-27.488,0.));
#8710=CARTESIAN_POINT('',(79.31875,-27.488,0.));
#8711=CARTESIAN_POINT('',(65.31875,-27.488,0.));
#8712=CARTESIAN_POINT('Origin',(65.31875,-27.988,0.));
#8713=CARTESIAN_POINT('',(64.81875,-27.988,0.));
#8714=CARTESIAN_POINT('Origin',(65.31875,-27.988,0.));
#8715=CARTESIAN_POINT('',(64.81875,-27.988,0.));
#8716=CARTESIAN_POINT('Origin',(64.81875,-33.988,0.));
#8717=CARTESIAN_POINT('',(64.81875,-33.988,0.));
#8718=CARTESIAN_POINT('',(64.81875,-27.988,0.));
#8719=CARTESIAN_POINT('',(64.81875,-33.988,0.));
#8720=CARTESIAN_POINT('Origin',(65.31875,-33.988,0.));
#8721=CARTESIAN_POINT('',(65.31875,-34.488,0.));
#8722=CARTESIAN_POINT('Origin',(65.31875,-33.988,0.));
#8723=CARTESIAN_POINT('',(65.31875,-34.488,0.));
#8724=CARTESIAN_POINT('Origin',(79.31875,-34.488,0.));
#8725=CARTESIAN_POINT('',(79.31875,-34.488,0.));
#8726=CARTESIAN_POINT('',(79.31875,-34.488,0.));
#8727=CARTESIAN_POINT('',(79.31875,-34.488,0.));
#8728=CARTESIAN_POINT('Origin',(79.31875,-33.988,0.));
#8729=CARTESIAN_POINT('',(79.81875,-33.988,0.));
#8730=CARTESIAN_POINT('Origin',(79.31875,-33.988,0.));
#8731=CARTESIAN_POINT('',(79.81875,-33.988,0.));
#8732=CARTESIAN_POINT('Origin',(79.81875,-27.988,0.));
#8733=CARTESIAN_POINT('',(79.81875,-27.988,0.));
#8734=CARTESIAN_POINT('',(79.81875,-27.988,0.));
#8735=CARTESIAN_POINT('',(79.81875,-27.988,0.));
#8736=CARTESIAN_POINT('Origin',(79.31875,-27.988,0.));
#8737=CARTESIAN_POINT('Origin',(79.31875,-27.988,0.));
#8738=CARTESIAN_POINT('Origin',(95.89375,-12.05,0.));
#8739=CARTESIAN_POINT('',(95.89375,-12.05,0.));
#8740=CARTESIAN_POINT('',(108.89375,-12.05,0.));
#8741=CARTESIAN_POINT('',(108.89375,-12.05,0.));
#8742=CARTESIAN_POINT('',(108.89375,-12.05,0.));
#8743=CARTESIAN_POINT('',(95.89375,-12.05,0.));
#8744=CARTESIAN_POINT('Origin',(95.89375,-12.55,0.));
#8745=CARTESIAN_POINT('',(95.39375,-12.55,0.));
#8746=CARTESIAN_POINT('Origin',(95.89375,-12.55,0.));
#8747=CARTESIAN_POINT('',(95.39375,-12.55,0.));
#8748=CARTESIAN_POINT('Origin',(95.39375,-25.55,0.));
#8749=CARTESIAN_POINT('',(95.39375,-25.55,0.));
#8750=CARTESIAN_POINT('',(95.39375,-12.55,0.));
#8751=CARTESIAN_POINT('',(95.39375,-25.55,0.));
#8752=CARTESIAN_POINT('Origin',(95.89375,-25.55,0.));
#8753=CARTESIAN_POINT('',(95.89375,-26.05,0.));
#8754=CARTESIAN_POINT('Origin',(95.89375,-25.55,0.));
#8755=CARTESIAN_POINT('',(95.89375,-26.05,0.));
#8756=CARTESIAN_POINT('Origin',(108.89375,-26.05,0.));
#8757=CARTESIAN_POINT('',(108.89375,-26.05,0.));
#8758=CARTESIAN_POINT('',(108.89375,-26.05,0.));
#8759=CARTESIAN_POINT('',(108.89375,-26.05,0.));
#8760=CARTESIAN_POINT('Origin',(108.89375,-25.55,0.));
#8761=CARTESIAN_POINT('',(109.39375,-25.55,0.));
#8762=CARTESIAN_POINT('Origin',(108.89375,-25.55,0.));
#8763=CARTESIAN_POINT('',(109.39375,-25.55,0.));
#8764=CARTESIAN_POINT('Origin',(109.39375,-12.55,0.));
#8765=CARTESIAN_POINT('',(109.39375,-12.55,0.));
#8766=CARTESIAN_POINT('',(109.39375,-12.55,0.));
#8767=CARTESIAN_POINT('',(109.39375,-12.55,0.));
#8768=CARTESIAN_POINT('Origin',(108.89375,-12.55,0.));
#8769=CARTESIAN_POINT('Origin',(108.89375,-12.55,0.));
#8770=CARTESIAN_POINT('Origin',(93.89375,-27.488,0.));
#8771=CARTESIAN_POINT('',(93.89375,-27.488,0.));
#8772=CARTESIAN_POINT('',(107.89375,-27.488,0.));
#8773=CARTESIAN_POINT('',(107.89375,-27.488,0.));
#8774=CARTESIAN_POINT('',(107.89375,-27.488,0.));
#8775=CARTESIAN_POINT('',(93.89375,-27.488,0.));
#8776=CARTESIAN_POINT('Origin',(93.89375,-27.988,0.));
#8777=CARTESIAN_POINT('',(93.39375,-27.988,0.));
#8778=CARTESIAN_POINT('Origin',(93.89375,-27.988,0.));
#8779=CARTESIAN_POINT('',(93.39375,-27.988,0.));
#8780=CARTESIAN_POINT('Origin',(93.39375,-33.988,0.));
#8781=CARTESIAN_POINT('',(93.39375,-33.988,0.));
#8782=CARTESIAN_POINT('',(93.39375,-27.988,0.));
#8783=CARTESIAN_POINT('',(93.39375,-33.988,0.));
#8784=CARTESIAN_POINT('Origin',(93.89375,-33.988,0.));
#8785=CARTESIAN_POINT('',(93.89375,-34.488,0.));
#8786=CARTESIAN_POINT('Origin',(93.89375,-33.988,0.));
#8787=CARTESIAN_POINT('',(93.89375,-34.488,0.));
#8788=CARTESIAN_POINT('Origin',(107.89375,-34.488,0.));
#8789=CARTESIAN_POINT('',(107.89375,-34.488,0.));
#8790=CARTESIAN_POINT('',(107.89375,-34.488,0.));
#8791=CARTESIAN_POINT('',(107.89375,-34.488,0.));
#8792=CARTESIAN_POINT('Origin',(107.89375,-33.988,0.));
#8793=CARTESIAN_POINT('',(108.39375,-33.988,0.));
#8794=CARTESIAN_POINT('Origin',(107.89375,-33.988,0.));
#8795=CARTESIAN_POINT('',(108.39375,-33.988,0.));
#8796=CARTESIAN_POINT('Origin',(108.39375,-27.988,0.));
#8797=CARTESIAN_POINT('',(108.39375,-27.988,0.));
#8798=CARTESIAN_POINT('',(108.39375,-27.988,0.));
#8799=CARTESIAN_POINT('',(108.39375,-27.988,0.));
#8800=CARTESIAN_POINT('Origin',(107.89375,-27.988,0.));
#8801=CARTESIAN_POINT('Origin',(107.89375,-27.988,0.));
#8802=CARTESIAN_POINT('Origin',(36.74375,-27.488,0.));
#8803=CARTESIAN_POINT('',(36.74375,-27.488,0.));
#8804=CARTESIAN_POINT('',(50.74375,-27.488,0.));
#8805=CARTESIAN_POINT('',(50.74375,-27.488,0.));
#8806=CARTESIAN_POINT('',(50.74375,-27.488,0.));
#8807=CARTESIAN_POINT('',(36.74375,-27.488,0.));
#8808=CARTESIAN_POINT('Origin',(36.74375,-27.988,0.));
#8809=CARTESIAN_POINT('',(36.24375,-27.988,0.));
#8810=CARTESIAN_POINT('Origin',(36.74375,-27.988,0.));
#8811=CARTESIAN_POINT('',(36.24375,-27.988,0.));
#8812=CARTESIAN_POINT('Origin',(36.24375,-33.988,0.));
#8813=CARTESIAN_POINT('',(36.24375,-33.988,0.));
#8814=CARTESIAN_POINT('',(36.24375,-27.988,0.));
#8815=CARTESIAN_POINT('',(36.24375,-33.988,0.));
#8816=CARTESIAN_POINT('Origin',(36.74375,-33.988,0.));
#8817=CARTESIAN_POINT('',(36.74375,-34.488,0.));
#8818=CARTESIAN_POINT('Origin',(36.74375,-33.988,0.));
#8819=CARTESIAN_POINT('',(36.74375,-34.488,0.));
#8820=CARTESIAN_POINT('Origin',(50.74375,-34.488,0.));
#8821=CARTESIAN_POINT('',(50.74375,-34.488,0.));
#8822=CARTESIAN_POINT('',(50.74375,-34.488,0.));
#8823=CARTESIAN_POINT('',(50.74375,-34.488,0.));
#8824=CARTESIAN_POINT('Origin',(50.74375,-33.988,0.));
#8825=CARTESIAN_POINT('',(51.24375,-33.988,0.));
#8826=CARTESIAN_POINT('Origin',(50.74375,-33.988,0.));
#8827=CARTESIAN_POINT('',(51.24375,-33.988,0.));
#8828=CARTESIAN_POINT('Origin',(51.24375,-27.988,0.));
#8829=CARTESIAN_POINT('',(51.24375,-27.988,0.));
#8830=CARTESIAN_POINT('',(51.24375,-27.988,0.));
#8831=CARTESIAN_POINT('',(51.24375,-27.988,0.));
#8832=CARTESIAN_POINT('Origin',(50.74375,-27.988,0.));
#8833=CARTESIAN_POINT('Origin',(50.74375,-27.988,0.));
#8834=CARTESIAN_POINT('Origin',(67.31875,-12.05,0.));
#8835=CARTESIAN_POINT('',(67.31875,-12.05,0.));
#8836=CARTESIAN_POINT('',(80.31875,-12.05,0.));
#8837=CARTESIAN_POINT('',(80.31875,-12.05,0.));
#8838=CARTESIAN_POINT('',(80.31875,-12.05,0.));
#8839=CARTESIAN_POINT('',(67.31875,-12.05,0.));
#8840=CARTESIAN_POINT('Origin',(67.31875,-12.55,0.));
#8841=CARTESIAN_POINT('',(66.81875,-12.55,0.));
#8842=CARTESIAN_POINT('Origin',(67.31875,-12.55,0.));
#8843=CARTESIAN_POINT('',(66.81875,-12.55,0.));
#8844=CARTESIAN_POINT('Origin',(66.81875,-25.55,0.));
#8845=CARTESIAN_POINT('',(66.81875,-25.55,0.));
#8846=CARTESIAN_POINT('',(66.81875,-12.55,0.));
#8847=CARTESIAN_POINT('',(66.81875,-25.55,0.));
#8848=CARTESIAN_POINT('Origin',(67.31875,-25.55,0.));
#8849=CARTESIAN_POINT('',(67.31875,-26.05,0.));
#8850=CARTESIAN_POINT('Origin',(67.31875,-25.55,0.));
#8851=CARTESIAN_POINT('',(67.31875,-26.05,0.));
#8852=CARTESIAN_POINT('Origin',(80.31875,-26.05,0.));
#8853=CARTESIAN_POINT('',(80.31875,-26.05,0.));
#8854=CARTESIAN_POINT('',(80.31875,-26.05,0.));
#8855=CARTESIAN_POINT('',(80.31875,-26.05,0.));
#8856=CARTESIAN_POINT('Origin',(80.31875,-25.55,0.));
#8857=CARTESIAN_POINT('',(80.81875,-25.55,0.));
#8858=CARTESIAN_POINT('Origin',(80.31875,-25.55,0.));
#8859=CARTESIAN_POINT('',(80.81875,-25.55,0.));
#8860=CARTESIAN_POINT('Origin',(80.81875,-12.55,0.));
#8861=CARTESIAN_POINT('',(80.81875,-12.55,0.));
#8862=CARTESIAN_POINT('',(80.81875,-12.55,0.));
#8863=CARTESIAN_POINT('',(80.81875,-12.55,0.));
#8864=CARTESIAN_POINT('Origin',(80.31875,-12.55,0.));
#8865=CARTESIAN_POINT('Origin',(80.31875,-12.55,0.));
#8866=CARTESIAN_POINT('Origin',(38.74375,-12.05,0.));
#8867=CARTESIAN_POINT('',(38.74375,-12.05,0.));
#8868=CARTESIAN_POINT('',(51.74375,-12.05,0.));
#8869=CARTESIAN_POINT('',(51.74375,-12.05,0.));
#8870=CARTESIAN_POINT('',(51.74375,-12.05,0.));
#8871=CARTESIAN_POINT('',(38.74375,-12.05,0.));
#8872=CARTESIAN_POINT('Origin',(38.74375,-12.55,0.));
#8873=CARTESIAN_POINT('',(38.24375,-12.55,0.));
#8874=CARTESIAN_POINT('Origin',(38.74375,-12.55,0.));
#8875=CARTESIAN_POINT('',(38.24375,-12.55,0.));
#8876=CARTESIAN_POINT('Origin',(38.24375,-25.55,0.));
#8877=CARTESIAN_POINT('',(38.24375,-25.55,0.));
#8878=CARTESIAN_POINT('',(38.24375,-12.55,0.));
#8879=CARTESIAN_POINT('',(38.24375,-25.55,0.));
#8880=CARTESIAN_POINT('Origin',(38.74375,-25.55,0.));
#8881=CARTESIAN_POINT('',(38.74375,-26.05,0.));
#8882=CARTESIAN_POINT('Origin',(38.74375,-25.55,0.));
#8883=CARTESIAN_POINT('',(38.74375,-26.05,0.));
#8884=CARTESIAN_POINT('Origin',(51.74375,-26.05,0.));
#8885=CARTESIAN_POINT('',(51.74375,-26.05,0.));
#8886=CARTESIAN_POINT('',(51.74375,-26.05,0.));
#8887=CARTESIAN_POINT('',(51.74375,-26.05,0.));
#8888=CARTESIAN_POINT('Origin',(51.74375,-25.55,0.));
#8889=CARTESIAN_POINT('',(52.24375,-25.55,0.));
#8890=CARTESIAN_POINT('Origin',(51.74375,-25.55,0.));
#8891=CARTESIAN_POINT('',(52.24375,-25.55,0.));
#8892=CARTESIAN_POINT('Origin',(52.24375,-12.55,0.));
#8893=CARTESIAN_POINT('',(52.24375,-12.55,0.));
#8894=CARTESIAN_POINT('',(52.24375,-12.55,0.));
#8895=CARTESIAN_POINT('',(52.24375,-12.55,0.));
#8896=CARTESIAN_POINT('Origin',(51.74375,-12.55,0.));
#8897=CARTESIAN_POINT('Origin',(51.74375,-12.55,0.));
#8898=CARTESIAN_POINT('Origin',(8.16875,-27.488,0.));
#8899=CARTESIAN_POINT('',(8.16875,-27.488,0.));
#8900=CARTESIAN_POINT('',(22.16875,-27.488,0.));
#8901=CARTESIAN_POINT('',(22.16875,-27.488,0.));
#8902=CARTESIAN_POINT('',(22.16875,-27.488,0.));
#8903=CARTESIAN_POINT('',(8.16875,-27.488,0.));
#8904=CARTESIAN_POINT('Origin',(8.16875,-27.988,0.));
#8905=CARTESIAN_POINT('',(7.66875,-27.988,0.));
#8906=CARTESIAN_POINT('Origin',(8.16875,-27.988,0.));
#8907=CARTESIAN_POINT('',(7.66875,-27.988,0.));
#8908=CARTESIAN_POINT('Origin',(7.66875,-33.988,0.));
#8909=CARTESIAN_POINT('',(7.66875,-33.988,0.));
#8910=CARTESIAN_POINT('',(7.66875,-27.988,0.));
#8911=CARTESIAN_POINT('',(7.66875,-33.988,0.));
#8912=CARTESIAN_POINT('Origin',(8.16875,-33.988,0.));
#8913=CARTESIAN_POINT('',(8.16875,-34.488,0.));
#8914=CARTESIAN_POINT('Origin',(8.16875,-33.988,0.));
#8915=CARTESIAN_POINT('',(8.16875,-34.488,0.));
#8916=CARTESIAN_POINT('Origin',(22.16875,-34.488,0.));
#8917=CARTESIAN_POINT('',(22.16875,-34.488,0.));
#8918=CARTESIAN_POINT('',(22.16875,-34.488,0.));
#8919=CARTESIAN_POINT('',(22.16875,-34.488,0.));
#8920=CARTESIAN_POINT('Origin',(22.16875,-33.988,0.));
#8921=CARTESIAN_POINT('',(22.66875,-33.988,0.));
#8922=CARTESIAN_POINT('Origin',(22.16875,-33.988,0.));
#8923=CARTESIAN_POINT('',(22.66875,-33.988,0.));
#8924=CARTESIAN_POINT('Origin',(22.66875,-27.988,0.));
#8925=CARTESIAN_POINT('',(22.66875,-27.988,0.));
#8926=CARTESIAN_POINT('',(22.66875,-27.988,0.));
#8927=CARTESIAN_POINT('',(22.66875,-27.988,0.));
#8928=CARTESIAN_POINT('Origin',(22.16875,-27.988,0.));
#8929=CARTESIAN_POINT('Origin',(22.16875,-27.988,0.));
#8930=CARTESIAN_POINT('Origin',(36.74375,-3.612,0.));
#8931=CARTESIAN_POINT('',(36.74375,-3.612,0.));
#8932=CARTESIAN_POINT('',(50.74375,-3.61199999999999,0.));
#8933=CARTESIAN_POINT('',(50.74375,-3.612,0.));
#8934=CARTESIAN_POINT('',(50.74375,-3.61199999999999,0.));
#8935=CARTESIAN_POINT('',(36.74375,-3.612,0.));
#8936=CARTESIAN_POINT('Origin',(36.74375,-4.112,0.));
#8937=CARTESIAN_POINT('',(36.24375,-4.112,0.));
#8938=CARTESIAN_POINT('Origin',(36.74375,-4.112,0.));
#8939=CARTESIAN_POINT('',(36.24375,-4.112,0.));
#8940=CARTESIAN_POINT('Origin',(36.24375,-10.112,0.));
#8941=CARTESIAN_POINT('',(36.24375,-10.112,0.));
#8942=CARTESIAN_POINT('',(36.24375,-4.112,0.));
#8943=CARTESIAN_POINT('',(36.24375,-10.112,0.));
#8944=CARTESIAN_POINT('Origin',(36.74375,-10.112,0.));
#8945=CARTESIAN_POINT('',(36.74375,-10.612,0.));
#8946=CARTESIAN_POINT('Origin',(36.74375,-10.112,0.));
#8947=CARTESIAN_POINT('',(36.74375,-10.612,0.));
#8948=CARTESIAN_POINT('Origin',(50.74375,-10.612,0.));
#8949=CARTESIAN_POINT('',(50.74375,-10.612,0.));
#8950=CARTESIAN_POINT('',(50.74375,-10.612,0.));
#8951=CARTESIAN_POINT('',(50.74375,-10.612,0.));
#8952=CARTESIAN_POINT('Origin',(50.74375,-10.112,0.));
#8953=CARTESIAN_POINT('',(51.24375,-10.112,0.));
#8954=CARTESIAN_POINT('Origin',(50.74375,-10.112,0.));
#8955=CARTESIAN_POINT('',(51.24375,-10.112,0.));
#8956=CARTESIAN_POINT('Origin',(51.24375,-4.112,0.));
#8957=CARTESIAN_POINT('',(51.24375,-4.112,0.));
#8958=CARTESIAN_POINT('',(51.24375,-4.112,0.));
#8959=CARTESIAN_POINT('',(51.24375,-4.112,0.));
#8960=CARTESIAN_POINT('Origin',(50.74375,-4.112,0.));
#8961=CARTESIAN_POINT('Origin',(50.74375,-4.112,0.));
#8962=CARTESIAN_POINT('Origin',(65.31875,-3.612,0.));
#8963=CARTESIAN_POINT('',(65.31875,-3.612,0.));
#8964=CARTESIAN_POINT('',(79.31875,-3.612,0.));
#8965=CARTESIAN_POINT('',(79.31875,-3.612,0.));
#8966=CARTESIAN_POINT('',(79.31875,-3.612,0.));
#8967=CARTESIAN_POINT('',(65.31875,-3.612,0.));
#8968=CARTESIAN_POINT('Origin',(65.31875,-4.112,0.));
#8969=CARTESIAN_POINT('',(64.81875,-4.112,0.));
#8970=CARTESIAN_POINT('Origin',(65.31875,-4.112,0.));
#8971=CARTESIAN_POINT('',(64.81875,-4.112,0.));
#8972=CARTESIAN_POINT('Origin',(64.81875,-10.112,0.));
#8973=CARTESIAN_POINT('',(64.81875,-10.112,0.));
#8974=CARTESIAN_POINT('',(64.81875,-4.112,0.));
#8975=CARTESIAN_POINT('',(64.81875,-10.112,0.));
#8976=CARTESIAN_POINT('Origin',(65.31875,-10.112,0.));
#8977=CARTESIAN_POINT('',(65.31875,-10.612,0.));
#8978=CARTESIAN_POINT('Origin',(65.31875,-10.112,0.));
#8979=CARTESIAN_POINT('',(65.31875,-10.612,0.));
#8980=CARTESIAN_POINT('Origin',(79.31875,-10.612,0.));
#8981=CARTESIAN_POINT('',(79.31875,-10.612,0.));
#8982=CARTESIAN_POINT('',(79.31875,-10.612,0.));
#8983=CARTESIAN_POINT('',(79.31875,-10.612,0.));
#8984=CARTESIAN_POINT('Origin',(79.31875,-10.112,0.));
#8985=CARTESIAN_POINT('',(79.81875,-10.112,0.));
#8986=CARTESIAN_POINT('Origin',(79.31875,-10.112,0.));
#8987=CARTESIAN_POINT('',(79.81875,-10.112,0.));
#8988=CARTESIAN_POINT('Origin',(79.81875,-4.112,0.));
#8989=CARTESIAN_POINT('',(79.81875,-4.112,0.));
#8990=CARTESIAN_POINT('',(79.81875,-4.112,0.));
#8991=CARTESIAN_POINT('',(79.81875,-4.112,0.));
#8992=CARTESIAN_POINT('Origin',(79.31875,-4.112,0.));
#8993=CARTESIAN_POINT('Origin',(79.31875,-4.112,0.));
#8994=CARTESIAN_POINT('Origin',(8.16875,-3.612,0.));
#8995=CARTESIAN_POINT('',(8.16875,-3.612,0.));
#8996=CARTESIAN_POINT('',(22.16875,-3.612,0.));
#8997=CARTESIAN_POINT('',(22.16875,-3.612,0.));
#8998=CARTESIAN_POINT('',(22.16875,-3.612,0.));
#8999=CARTESIAN_POINT('',(8.16875,-3.612,0.));
#9000=CARTESIAN_POINT('Origin',(8.16875,-4.112,0.));
#9001=CARTESIAN_POINT('',(7.66875,-4.112,0.));
#9002=CARTESIAN_POINT('Origin',(8.16875,-4.112,0.));
#9003=CARTESIAN_POINT('',(7.66875,-4.112,0.));
#9004=CARTESIAN_POINT('Origin',(7.66875,-10.112,0.));
#9005=CARTESIAN_POINT('',(7.66875,-10.112,0.));
#9006=CARTESIAN_POINT('',(7.66875,-4.112,0.));
#9007=CARTESIAN_POINT('',(7.66875,-10.112,0.));
#9008=CARTESIAN_POINT('Origin',(8.16875,-10.112,0.));
#9009=CARTESIAN_POINT('',(8.16875,-10.612,0.));
#9010=CARTESIAN_POINT('Origin',(8.16875,-10.112,0.));
#9011=CARTESIAN_POINT('',(8.16875,-10.612,0.));
#9012=CARTESIAN_POINT('Origin',(22.16875,-10.612,0.));
#9013=CARTESIAN_POINT('',(22.16875,-10.612,0.));
#9014=CARTESIAN_POINT('',(22.16875,-10.612,0.));
#9015=CARTESIAN_POINT('',(22.16875,-10.612,0.));
#9016=CARTESIAN_POINT('Origin',(22.16875,-10.112,0.));
#9017=CARTESIAN_POINT('',(22.66875,-10.112,0.));
#9018=CARTESIAN_POINT('Origin',(22.16875,-10.112,0.));
#9019=CARTESIAN_POINT('',(22.66875,-10.112,0.));
#9020=CARTESIAN_POINT('Origin',(22.66875,-4.112,0.));
#9021=CARTESIAN_POINT('',(22.66875,-4.112,0.));
#9022=CARTESIAN_POINT('',(22.66875,-4.112,0.));
#9023=CARTESIAN_POINT('',(22.66875,-4.112,0.));
#9024=CARTESIAN_POINT('Origin',(22.16875,-4.112,0.));
#9025=CARTESIAN_POINT('Origin',(22.16875,-4.112,0.));
#9026=CARTESIAN_POINT('Origin',(59.675,-92.225,0.));
#9027=CARTESIAN_POINT('',(59.675,-92.225,0.));
#9028=CARTESIAN_POINT('',(59.675,-79.225,0.));
#9029=CARTESIAN_POINT('',(59.675,-79.225,0.));
#9030=CARTESIAN_POINT('',(59.675,-79.225,0.));
#9031=CARTESIAN_POINT('',(59.675,-92.225,0.));
#9032=CARTESIAN_POINT('Origin',(60.175,-92.225,0.));
#9033=CARTESIAN_POINT('',(60.175,-92.725,0.));
#9034=CARTESIAN_POINT('Origin',(60.175,-92.225,0.));
#9035=CARTESIAN_POINT('',(60.175,-92.725,0.));
#9036=CARTESIAN_POINT('Origin',(73.175,-92.725,0.));
#9037=CARTESIAN_POINT('',(73.175,-92.725,0.));
#9038=CARTESIAN_POINT('',(60.175,-92.725,0.));
#9039=CARTESIAN_POINT('',(73.175,-92.725,0.));
#9040=CARTESIAN_POINT('Origin',(73.175,-92.225,0.));
#9041=CARTESIAN_POINT('',(73.675,-92.225,0.));
#9042=CARTESIAN_POINT('Origin',(73.175,-92.225,0.));
#9043=CARTESIAN_POINT('',(73.675,-92.225,0.));
#9044=CARTESIAN_POINT('Origin',(73.675,-79.225,0.));
#9045=CARTESIAN_POINT('',(73.675,-79.225,0.));
#9046=CARTESIAN_POINT('',(73.675,-79.225,0.));
#9047=CARTESIAN_POINT('',(73.675,-79.225,0.));
#9048=CARTESIAN_POINT('Origin',(73.175,-79.225,0.));
#9049=CARTESIAN_POINT('',(73.175,-78.725,0.));
#9050=CARTESIAN_POINT('Origin',(73.175,-79.225,0.));
#9051=CARTESIAN_POINT('',(73.175,-78.725,0.));
#9052=CARTESIAN_POINT('Origin',(60.175,-78.725,0.));
#9053=CARTESIAN_POINT('',(60.175,-78.725,0.));
#9054=CARTESIAN_POINT('',(60.175,-78.725,0.));
#9055=CARTESIAN_POINT('',(60.175,-78.725,0.));
#9056=CARTESIAN_POINT('Origin',(60.175,-79.225,0.));
#9057=CARTESIAN_POINT('Origin',(60.175,-79.225,0.));
#9058=CARTESIAN_POINT('Origin',(93.89375,-3.612,0.));
#9059=CARTESIAN_POINT('',(93.89375,-3.612,0.));
#9060=CARTESIAN_POINT('',(107.89375,-3.61199999999999,0.));
#9061=CARTESIAN_POINT('',(107.89375,-3.612,0.));
#9062=CARTESIAN_POINT('',(107.89375,-3.61199999999999,0.));
#9063=CARTESIAN_POINT('',(93.89375,-3.612,0.));
#9064=CARTESIAN_POINT('Origin',(93.89375,-4.112,0.));
#9065=CARTESIAN_POINT('',(93.39375,-4.112,0.));
#9066=CARTESIAN_POINT('Origin',(93.89375,-4.112,0.));
#9067=CARTESIAN_POINT('',(93.39375,-4.112,0.));
#9068=CARTESIAN_POINT('Origin',(93.39375,-10.112,0.));
#9069=CARTESIAN_POINT('',(93.39375,-10.112,0.));
#9070=CARTESIAN_POINT('',(93.39375,-4.112,0.));
#9071=CARTESIAN_POINT('',(93.39375,-10.112,0.));
#9072=CARTESIAN_POINT('Origin',(93.89375,-10.112,0.));
#9073=CARTESIAN_POINT('',(93.89375,-10.612,0.));
#9074=CARTESIAN_POINT('Origin',(93.89375,-10.112,0.));
#9075=CARTESIAN_POINT('',(93.89375,-10.612,0.));
#9076=CARTESIAN_POINT('Origin',(107.89375,-10.612,0.));
#9077=CARTESIAN_POINT('',(107.89375,-10.612,0.));
#9078=CARTESIAN_POINT('',(107.89375,-10.612,0.));
#9079=CARTESIAN_POINT('',(107.89375,-10.612,0.));
#9080=CARTESIAN_POINT('Origin',(107.89375,-10.112,0.));
#9081=CARTESIAN_POINT('',(108.39375,-10.112,0.));
#9082=CARTESIAN_POINT('Origin',(107.89375,-10.112,0.));
#9083=CARTESIAN_POINT('',(108.39375,-10.112,0.));
#9084=CARTESIAN_POINT('Origin',(108.39375,-4.112,0.));
#9085=CARTESIAN_POINT('',(108.39375,-4.112,0.));
#9086=CARTESIAN_POINT('',(108.39375,-4.112,0.));
#9087=CARTESIAN_POINT('',(108.39375,-4.112,0.));
#9088=CARTESIAN_POINT('Origin',(107.89375,-4.112,0.));
#9089=CARTESIAN_POINT('Origin',(107.89375,-4.112,0.));
#9090=CARTESIAN_POINT('Origin',(2.525,-92.225,0.));
#9091=CARTESIAN_POINT('',(2.525,-92.225,0.));
#9092=CARTESIAN_POINT('',(2.525,-79.225,0.));
#9093=CARTESIAN_POINT('',(2.525,-79.225,0.));
#9094=CARTESIAN_POINT('',(2.525,-79.225,0.));
#9095=CARTESIAN_POINT('',(2.525,-92.225,0.));
#9096=CARTESIAN_POINT('Origin',(3.025,-92.225,0.));
#9097=CARTESIAN_POINT('',(3.025,-92.725,0.));
#9098=CARTESIAN_POINT('Origin',(3.025,-92.225,0.));
#9099=CARTESIAN_POINT('',(3.025,-92.725,0.));
#9100=CARTESIAN_POINT('Origin',(16.025,-92.725,0.));
#9101=CARTESIAN_POINT('',(16.025,-92.725,0.));
#9102=CARTESIAN_POINT('',(3.025,-92.725,0.));
#9103=CARTESIAN_POINT('',(16.025,-92.725,0.));
#9104=CARTESIAN_POINT('Origin',(16.025,-92.225,0.));
#9105=CARTESIAN_POINT('',(16.525,-92.225,0.));
#9106=CARTESIAN_POINT('Origin',(16.025,-92.225,0.));
#9107=CARTESIAN_POINT('',(16.525,-92.225,0.));
#9108=CARTESIAN_POINT('Origin',(16.525,-79.225,0.));
#9109=CARTESIAN_POINT('',(16.525,-79.225,0.));
#9110=CARTESIAN_POINT('',(16.525,-79.225,0.));
#9111=CARTESIAN_POINT('',(16.525,-79.225,0.));
#9112=CARTESIAN_POINT('Origin',(16.025,-79.225,0.));
#9113=CARTESIAN_POINT('',(16.025,-78.725,0.));
#9114=CARTESIAN_POINT('Origin',(16.025,-79.225,0.));
#9115=CARTESIAN_POINT('',(16.025,-78.725,0.));
#9116=CARTESIAN_POINT('Origin',(3.025,-78.725,0.));
#9117=CARTESIAN_POINT('',(3.025,-78.725,0.));
#9118=CARTESIAN_POINT('',(3.025,-78.725,0.));
#9119=CARTESIAN_POINT('',(3.025,-78.725,0.));
#9120=CARTESIAN_POINT('Origin',(3.025,-79.225,0.));
#9121=CARTESIAN_POINT('Origin',(3.025,-79.225,0.));
#9122=CARTESIAN_POINT('Origin',(38.74375,-50.15,0.));
#9123=CARTESIAN_POINT('',(38.74375,-50.15,0.));
#9124=CARTESIAN_POINT('',(51.74375,-50.15,0.));
#9125=CARTESIAN_POINT('',(51.74375,-50.15,0.));
#9126=CARTESIAN_POINT('',(51.74375,-50.15,0.));
#9127=CARTESIAN_POINT('',(38.74375,-50.15,0.));
#9128=CARTESIAN_POINT('Origin',(38.74375,-50.65,0.));
#9129=CARTESIAN_POINT('',(38.24375,-50.65,0.));
#9130=CARTESIAN_POINT('Origin',(38.74375,-50.65,0.));
#9131=CARTESIAN_POINT('',(38.24375,-50.65,0.));
#9132=CARTESIAN_POINT('Origin',(38.24375,-63.65,0.));
#9133=CARTESIAN_POINT('',(38.24375,-63.65,0.));
#9134=CARTESIAN_POINT('',(38.24375,-50.65,0.));
#9135=CARTESIAN_POINT('',(38.24375,-63.65,0.));
#9136=CARTESIAN_POINT('Origin',(38.74375,-63.65,0.));
#9137=CARTESIAN_POINT('',(38.74375,-64.15,0.));
#9138=CARTESIAN_POINT('Origin',(38.74375,-63.65,0.));
#9139=CARTESIAN_POINT('',(38.74375,-64.15,0.));
#9140=CARTESIAN_POINT('Origin',(51.74375,-64.15,0.));
#9141=CARTESIAN_POINT('',(51.74375,-64.15,0.));
#9142=CARTESIAN_POINT('',(51.74375,-64.15,0.));
#9143=CARTESIAN_POINT('',(51.74375,-64.15,0.));
#9144=CARTESIAN_POINT('Origin',(51.74375,-63.65,0.));
#9145=CARTESIAN_POINT('',(52.24375,-63.65,0.));
#9146=CARTESIAN_POINT('Origin',(51.74375,-63.65,0.));
#9147=CARTESIAN_POINT('',(52.24375,-63.65,0.));
#9148=CARTESIAN_POINT('Origin',(52.24375,-50.65,0.));
#9149=CARTESIAN_POINT('',(52.24375,-50.65,0.));
#9150=CARTESIAN_POINT('',(52.24375,-50.65,0.));
#9151=CARTESIAN_POINT('',(52.24375,-50.65,0.));
#9152=CARTESIAN_POINT('Origin',(51.74375,-50.65,0.));
#9153=CARTESIAN_POINT('Origin',(51.74375,-50.65,0.));
#9154=CARTESIAN_POINT('Origin',(67.31875,-50.15,0.));
#9155=CARTESIAN_POINT('',(67.31875,-50.15,0.));
#9156=CARTESIAN_POINT('',(80.31875,-50.15,0.));
#9157=CARTESIAN_POINT('',(80.31875,-50.15,0.));
#9158=CARTESIAN_POINT('',(80.31875,-50.15,0.));
#9159=CARTESIAN_POINT('',(67.31875,-50.15,0.));
#9160=CARTESIAN_POINT('Origin',(67.31875,-50.65,0.));
#9161=CARTESIAN_POINT('',(66.81875,-50.65,0.));
#9162=CARTESIAN_POINT('Origin',(67.31875,-50.65,0.));
#9163=CARTESIAN_POINT('',(66.81875,-50.65,0.));
#9164=CARTESIAN_POINT('Origin',(66.81875,-63.65,0.));
#9165=CARTESIAN_POINT('',(66.81875,-63.65,0.));
#9166=CARTESIAN_POINT('',(66.81875,-50.65,0.));
#9167=CARTESIAN_POINT('',(66.81875,-63.65,0.));
#9168=CARTESIAN_POINT('Origin',(67.31875,-63.65,0.));
#9169=CARTESIAN_POINT('',(67.31875,-64.15,0.));
#9170=CARTESIAN_POINT('Origin',(67.31875,-63.65,0.));
#9171=CARTESIAN_POINT('',(67.31875,-64.15,0.));
#9172=CARTESIAN_POINT('Origin',(80.31875,-64.15,0.));
#9173=CARTESIAN_POINT('',(80.31875,-64.15,0.));
#9174=CARTESIAN_POINT('',(80.31875,-64.15,0.));
#9175=CARTESIAN_POINT('',(80.31875,-64.15,0.));
#9176=CARTESIAN_POINT('Origin',(80.31875,-63.65,0.));
#9177=CARTESIAN_POINT('',(80.81875,-63.65,0.));
#9178=CARTESIAN_POINT('Origin',(80.31875,-63.65,0.));
#9179=CARTESIAN_POINT('',(80.81875,-63.65,0.));
#9180=CARTESIAN_POINT('Origin',(80.81875,-50.65,0.));
#9181=CARTESIAN_POINT('',(80.81875,-50.65,0.));
#9182=CARTESIAN_POINT('',(80.81875,-50.65,0.));
#9183=CARTESIAN_POINT('',(80.81875,-50.65,0.));
#9184=CARTESIAN_POINT('Origin',(80.31875,-50.65,0.));
#9185=CARTESIAN_POINT('Origin',(80.31875,-50.65,0.));
#9186=CARTESIAN_POINT('Origin',(78.725,-92.225,0.));
#9187=CARTESIAN_POINT('',(78.725,-92.225,0.));
#9188=CARTESIAN_POINT('',(78.725,-79.225,0.));
#9189=CARTESIAN_POINT('',(78.725,-79.225,0.));
#9190=CARTESIAN_POINT('',(78.725,-79.225,0.));
#9191=CARTESIAN_POINT('',(78.725,-92.225,0.));
#9192=CARTESIAN_POINT('Origin',(79.225,-92.225,0.));
#9193=CARTESIAN_POINT('',(79.225,-92.725,0.));
#9194=CARTESIAN_POINT('Origin',(79.225,-92.225,0.));
#9195=CARTESIAN_POINT('',(79.225,-92.725,0.));
#9196=CARTESIAN_POINT('Origin',(92.225,-92.725,0.));
#9197=CARTESIAN_POINT('',(92.225,-92.725,0.));
#9198=CARTESIAN_POINT('',(79.225,-92.725,0.));
#9199=CARTESIAN_POINT('',(92.225,-92.725,0.));
#9200=CARTESIAN_POINT('Origin',(92.225,-92.225,0.));
#9201=CARTESIAN_POINT('',(92.725,-92.225,0.));
#9202=CARTESIAN_POINT('Origin',(92.225,-92.225,0.));
#9203=CARTESIAN_POINT('',(92.725,-92.225,0.));
#9204=CARTESIAN_POINT('Origin',(92.725,-79.225,0.));
#9205=CARTESIAN_POINT('',(92.725,-79.225,0.));
#9206=CARTESIAN_POINT('',(92.725,-79.225,0.));
#9207=CARTESIAN_POINT('',(92.725,-79.225,0.));
#9208=CARTESIAN_POINT('Origin',(92.225,-79.225,0.));
#9209=CARTESIAN_POINT('',(92.225,-78.725,0.));
#9210=CARTESIAN_POINT('Origin',(92.225,-79.225,0.));
#9211=CARTESIAN_POINT('',(92.225,-78.725,0.));
#9212=CARTESIAN_POINT('Origin',(79.225,-78.725,0.));
#9213=CARTESIAN_POINT('',(79.225,-78.725,0.));
#9214=CARTESIAN_POINT('',(79.225,-78.725,0.));
#9215=CARTESIAN_POINT('',(79.225,-78.725,0.));
#9216=CARTESIAN_POINT('Origin',(79.225,-79.225,0.));
#9217=CARTESIAN_POINT('Origin',(79.225,-79.225,0.));
#9218=CARTESIAN_POINT('Origin',(36.74375,-65.588,0.));
#9219=CARTESIAN_POINT('',(36.74375,-65.588,0.));
#9220=CARTESIAN_POINT('',(50.74375,-65.588,0.));
#9221=CARTESIAN_POINT('',(50.74375,-65.588,0.));
#9222=CARTESIAN_POINT('',(50.74375,-65.588,0.));
#9223=CARTESIAN_POINT('',(36.74375,-65.588,0.));
#9224=CARTESIAN_POINT('Origin',(36.74375,-66.088,0.));
#9225=CARTESIAN_POINT('',(36.24375,-66.088,0.));
#9226=CARTESIAN_POINT('Origin',(36.74375,-66.088,0.));
#9227=CARTESIAN_POINT('',(36.24375,-66.088,0.));
#9228=CARTESIAN_POINT('Origin',(36.24375,-72.088,0.));
#9229=CARTESIAN_POINT('',(36.24375,-72.088,0.));
#9230=CARTESIAN_POINT('',(36.24375,-66.088,0.));
#9231=CARTESIAN_POINT('',(36.24375,-72.088,0.));
#9232=CARTESIAN_POINT('Origin',(36.74375,-72.088,0.));
#9233=CARTESIAN_POINT('',(36.74375,-72.588,0.));
#9234=CARTESIAN_POINT('Origin',(36.74375,-72.088,0.));
#9235=CARTESIAN_POINT('',(36.74375,-72.588,0.));
#9236=CARTESIAN_POINT('Origin',(50.74375,-72.588,0.));
#9237=CARTESIAN_POINT('',(50.74375,-72.588,0.));
#9238=CARTESIAN_POINT('',(50.74375,-72.588,0.));
#9239=CARTESIAN_POINT('',(50.74375,-72.588,0.));
#9240=CARTESIAN_POINT('Origin',(50.74375,-72.088,0.));
#9241=CARTESIAN_POINT('',(51.24375,-72.088,0.));
#9242=CARTESIAN_POINT('Origin',(50.74375,-72.088,0.));
#9243=CARTESIAN_POINT('',(51.24375,-72.088,0.));
#9244=CARTESIAN_POINT('Origin',(51.24375,-66.088,0.));
#9245=CARTESIAN_POINT('',(51.24375,-66.088,0.));
#9246=CARTESIAN_POINT('',(51.24375,-66.088,0.));
#9247=CARTESIAN_POINT('',(51.24375,-66.088,0.));
#9248=CARTESIAN_POINT('Origin',(50.74375,-66.088,0.));
#9249=CARTESIAN_POINT('Origin',(50.74375,-66.088,0.));
#9250=CARTESIAN_POINT('Origin',(8.16875,-41.712,0.));
#9251=CARTESIAN_POINT('',(8.16875,-41.712,0.));
#9252=CARTESIAN_POINT('',(22.16875,-41.712,0.));
#9253=CARTESIAN_POINT('',(22.16875,-41.712,0.));
#9254=CARTESIAN_POINT('',(22.16875,-41.712,0.));
#9255=CARTESIAN_POINT('',(8.16875,-41.712,0.));
#9256=CARTESIAN_POINT('Origin',(8.16875,-42.212,0.));
#9257=CARTESIAN_POINT('',(7.66875,-42.212,0.));
#9258=CARTESIAN_POINT('Origin',(8.16875,-42.212,0.));
#9259=CARTESIAN_POINT('',(7.66875,-42.212,0.));
#9260=CARTESIAN_POINT('Origin',(7.66875,-48.212,0.));
#9261=CARTESIAN_POINT('',(7.66875,-48.212,0.));
#9262=CARTESIAN_POINT('',(7.66875,-42.212,0.));
#9263=CARTESIAN_POINT('',(7.66875,-48.212,0.));
#9264=CARTESIAN_POINT('Origin',(8.16875,-48.212,0.));
#9265=CARTESIAN_POINT('',(8.16875,-48.712,0.));
#9266=CARTESIAN_POINT('Origin',(8.16875,-48.212,0.));
#9267=CARTESIAN_POINT('',(8.16875,-48.712,0.));
#9268=CARTESIAN_POINT('Origin',(22.16875,-48.712,0.));
#9269=CARTESIAN_POINT('',(22.16875,-48.712,0.));
#9270=CARTESIAN_POINT('',(22.16875,-48.712,0.));
#9271=CARTESIAN_POINT('',(22.16875,-48.712,0.));
#9272=CARTESIAN_POINT('Origin',(22.16875,-48.212,0.));
#9273=CARTESIAN_POINT('',(22.66875,-48.212,0.));
#9274=CARTESIAN_POINT('Origin',(22.16875,-48.212,0.));
#9275=CARTESIAN_POINT('',(22.66875,-48.212,0.));
#9276=CARTESIAN_POINT('Origin',(22.66875,-42.212,0.));
#9277=CARTESIAN_POINT('',(22.66875,-42.212,0.));
#9278=CARTESIAN_POINT('',(22.66875,-42.212,0.));
#9279=CARTESIAN_POINT('',(22.66875,-42.212,0.));
#9280=CARTESIAN_POINT('Origin',(22.16875,-42.212,0.));
#9281=CARTESIAN_POINT('Origin',(22.16875,-42.212,0.));
#9282=CARTESIAN_POINT('Origin',(93.89375,-65.588,0.));
#9283=CARTESIAN_POINT('',(93.89375,-65.588,0.));
#9284=CARTESIAN_POINT('',(107.89375,-65.588,0.));
#9285=CARTESIAN_POINT('',(107.89375,-65.588,0.));
#9286=CARTESIAN_POINT('',(107.89375,-65.588,0.));
#9287=CARTESIAN_POINT('',(93.89375,-65.588,0.));
#9288=CARTESIAN_POINT('Origin',(93.89375,-66.088,0.));
#9289=CARTESIAN_POINT('',(93.39375,-66.088,0.));
#9290=CARTESIAN_POINT('Origin',(93.89375,-66.088,0.));
#9291=CARTESIAN_POINT('',(93.39375,-66.088,0.));
#9292=CARTESIAN_POINT('Origin',(93.39375,-72.088,0.));
#9293=CARTESIAN_POINT('',(93.39375,-72.088,0.));
#9294=CARTESIAN_POINT('',(93.39375,-66.088,0.));
#9295=CARTESIAN_POINT('',(93.39375,-72.088,0.));
#9296=CARTESIAN_POINT('Origin',(93.89375,-72.088,0.));
#9297=CARTESIAN_POINT('',(93.89375,-72.588,0.));
#9298=CARTESIAN_POINT('Origin',(93.89375,-72.088,0.));
#9299=CARTESIAN_POINT('',(93.89375,-72.588,0.));
#9300=CARTESIAN_POINT('Origin',(107.89375,-72.588,0.));
#9301=CARTESIAN_POINT('',(107.89375,-72.588,0.));
#9302=CARTESIAN_POINT('',(107.89375,-72.588,0.));
#9303=CARTESIAN_POINT('',(107.89375,-72.588,0.));
#9304=CARTESIAN_POINT('Origin',(107.89375,-72.088,0.));
#9305=CARTESIAN_POINT('',(108.39375,-72.088,0.));
#9306=CARTESIAN_POINT('Origin',(107.89375,-72.088,0.));
#9307=CARTESIAN_POINT('',(108.39375,-72.088,0.));
#9308=CARTESIAN_POINT('Origin',(108.39375,-66.088,0.));
#9309=CARTESIAN_POINT('',(108.39375,-66.088,0.));
#9310=CARTESIAN_POINT('',(108.39375,-66.088,0.));
#9311=CARTESIAN_POINT('',(108.39375,-66.088,0.));
#9312=CARTESIAN_POINT('Origin',(107.89375,-66.088,0.));
#9313=CARTESIAN_POINT('Origin',(107.89375,-66.088,0.));
#9314=CARTESIAN_POINT('Origin',(8.16875,-65.588,0.));
#9315=CARTESIAN_POINT('',(8.16875,-65.588,0.));
#9316=CARTESIAN_POINT('',(22.16875,-65.588,0.));
#9317=CARTESIAN_POINT('',(22.16875,-65.588,0.));
#9318=CARTESIAN_POINT('',(22.16875,-65.588,0.));
#9319=CARTESIAN_POINT('',(8.16875,-65.588,0.));
#9320=CARTESIAN_POINT('Origin',(8.16875,-66.088,0.));
#9321=CARTESIAN_POINT('',(7.66875,-66.088,0.));
#9322=CARTESIAN_POINT('Origin',(8.16875,-66.088,0.));
#9323=CARTESIAN_POINT('',(7.66875,-66.088,0.));
#9324=CARTESIAN_POINT('Origin',(7.66875,-72.088,0.));
#9325=CARTESIAN_POINT('',(7.66875,-72.088,0.));
#9326=CARTESIAN_POINT('',(7.66875,-66.088,0.));
#9327=CARTESIAN_POINT('',(7.66875,-72.088,0.));
#9328=CARTESIAN_POINT('Origin',(8.16875,-72.088,0.));
#9329=CARTESIAN_POINT('',(8.16875,-72.588,0.));
#9330=CARTESIAN_POINT('Origin',(8.16875,-72.088,0.));
#9331=CARTESIAN_POINT('',(8.16875,-72.588,0.));
#9332=CARTESIAN_POINT('Origin',(22.16875,-72.588,0.));
#9333=CARTESIAN_POINT('',(22.16875,-72.588,0.));
#9334=CARTESIAN_POINT('',(22.16875,-72.588,0.));
#9335=CARTESIAN_POINT('',(22.16875,-72.588,0.));
#9336=CARTESIAN_POINT('Origin',(22.16875,-72.088,0.));
#9337=CARTESIAN_POINT('',(22.66875,-72.088,0.));
#9338=CARTESIAN_POINT('Origin',(22.16875,-72.088,0.));
#9339=CARTESIAN_POINT('',(22.66875,-72.088,0.));
#9340=CARTESIAN_POINT('Origin',(22.66875,-66.088,0.));
#9341=CARTESIAN_POINT('',(22.66875,-66.088,0.));
#9342=CARTESIAN_POINT('',(22.66875,-66.088,0.));
#9343=CARTESIAN_POINT('',(22.66875,-66.088,0.));
#9344=CARTESIAN_POINT('Origin',(22.16875,-66.088,0.));
#9345=CARTESIAN_POINT('Origin',(22.16875,-66.088,0.));
#9346=CARTESIAN_POINT('Origin',(10.16875,-50.15,0.));
#9347=CARTESIAN_POINT('',(10.16875,-50.15,0.));
#9348=CARTESIAN_POINT('',(23.16875,-50.15,0.));
#9349=CARTESIAN_POINT('',(23.16875,-50.15,0.));
#9350=CARTESIAN_POINT('',(23.16875,-50.15,0.));
#9351=CARTESIAN_POINT('',(10.16875,-50.15,0.));
#9352=CARTESIAN_POINT('Origin',(10.16875,-50.65,0.));
#9353=CARTESIAN_POINT('',(9.66875,-50.65,0.));
#9354=CARTESIAN_POINT('Origin',(10.16875,-50.65,0.));
#9355=CARTESIAN_POINT('',(9.66875,-50.65,0.));
#9356=CARTESIAN_POINT('Origin',(9.66875,-63.65,0.));
#9357=CARTESIAN_POINT('',(9.66875,-63.65,0.));
#9358=CARTESIAN_POINT('',(9.66875,-50.65,0.));
#9359=CARTESIAN_POINT('',(9.66875,-63.65,0.));
#9360=CARTESIAN_POINT('Origin',(10.16875,-63.65,0.));
#9361=CARTESIAN_POINT('',(10.16875,-64.15,0.));
#9362=CARTESIAN_POINT('Origin',(10.16875,-63.65,0.));
#9363=CARTESIAN_POINT('',(10.16875,-64.15,0.));
#9364=CARTESIAN_POINT('Origin',(23.16875,-64.15,0.));
#9365=CARTESIAN_POINT('',(23.16875,-64.15,0.));
#9366=CARTESIAN_POINT('',(23.16875,-64.15,0.));
#9367=CARTESIAN_POINT('',(23.16875,-64.15,0.));
#9368=CARTESIAN_POINT('Origin',(23.16875,-63.65,0.));
#9369=CARTESIAN_POINT('',(23.66875,-63.65,0.));
#9370=CARTESIAN_POINT('Origin',(23.16875,-63.65,0.));
#9371=CARTESIAN_POINT('',(23.66875,-63.65,0.));
#9372=CARTESIAN_POINT('Origin',(23.66875,-50.65,0.));
#9373=CARTESIAN_POINT('',(23.66875,-50.65,0.));
#9374=CARTESIAN_POINT('',(23.66875,-50.65,0.));
#9375=CARTESIAN_POINT('',(23.66875,-50.65,0.));
#9376=CARTESIAN_POINT('Origin',(23.16875,-50.65,0.));
#9377=CARTESIAN_POINT('Origin',(23.16875,-50.65,0.));
#9378=CARTESIAN_POINT('Origin',(129.87,-4.93038065763132E-31,0.));
#9379=CARTESIAN_POINT('',(114.3,0.,0.));
#9380=CARTESIAN_POINT('Origin',(57.15,-47.625,0.));
#9381=UNCERTAINTY_MEASURE_WITH_UNIT(LENGTH_MEASURE(0.01),#9385,
'DISTANCE_ACCURACY_VALUE',
'Maximum model space distance between geometric entities at asserted c
onnectivities');
#9382=UNCERTAINTY_MEASURE_WITH_UNIT(LENGTH_MEASURE(0.01),#9385,
'DISTANCE_ACCURACY_VALUE',
'Maximum model space distance between geometric entities at asserted c
onnectivities');
#9383=(
GEOMETRIC_REPRESENTATION_CONTEXT(3)
GLOBAL_UNCERTAINTY_ASSIGNED_CONTEXT((#9381))
GLOBAL_UNIT_ASSIGNED_CONTEXT((#9385,#9387,#9388))
REPRESENTATION_CONTEXT('','3D')
);
#9384=(
GEOMETRIC_REPRESENTATION_CONTEXT(3)
GLOBAL_UNCERTAINTY_ASSIGNED_CONTEXT((#9382))
GLOBAL_UNIT_ASSIGNED_CONTEXT((#9385,#9387,#9388))
REPRESENTATION_CONTEXT('','3D')
);
#9385=(
LENGTH_UNIT()
NAMED_UNIT(*)
SI_UNIT(.MILLI.,.METRE.)
);
#9386=(
LENGTH_UNIT()
NAMED_UNIT(*)
SI_UNIT($,.METRE.)
);
#9387=(
NAMED_UNIT(*)
PLANE_ANGLE_UNIT()
SI_UNIT($,.RADIAN.)
);
#9388=(
NAMED_UNIT(*)
SI_UNIT($,.STERADIAN.)
SOLID_ANGLE_UNIT()
);
#9389=SHAPE_DEFINITION_REPRESENTATION(#9390,#9391);
#9390=PRODUCT_DEFINITION_SHAPE('',$,#9393);
#9391=SHAPE_REPRESENTATION('',(#5597),#9383);
#9392=PRODUCT_DEFINITION_CONTEXT('part definition',#9397,'design');
#9393=PRODUCT_DEFINITION('Top case','Top case',#9394,#9392);
#9394=PRODUCT_DEFINITION_FORMATION('',$,#9399);
#9395=PRODUCT_RELATED_PRODUCT_CATEGORY('Top case','Top case',(#9399));
#9396=APPLICATION_PROTOCOL_DEFINITION('international standard',
'automotive_design',2009,#9397);
#9397=APPLICATION_CONTEXT(
'Core Data for Automotive Mechanical Design Process');
#9398=PRODUCT_CONTEXT('part definition',#9397,'mechanical');
#9399=PRODUCT('Top case','Top case',$,(#9398));
#9400=PRESENTATION_STYLE_ASSIGNMENT((#9402));
#9401=PRESENTATION_STYLE_ASSIGNMENT((#9403));
#9402=SURFACE_STYLE_USAGE(.BOTH.,#9404);
#9403=SURFACE_STYLE_USAGE(.BOTH.,#9405);
#9404=SURFACE_SIDE_STYLE('',(#9406));
#9405=SURFACE_SIDE_STYLE('',(#9407));
#9406=SURFACE_STYLE_FILL_AREA(#9408);
#9407=SURFACE_STYLE_FILL_AREA(#9409);
#9408=FILL_AREA_STYLE('Steel - Satin',(#9410));
#9409=FILL_AREA_STYLE('ABS (White)',(#9411));
#9410=FILL_AREA_STYLE_COLOUR('Steel - Satin',#9412);
#9411=FILL_AREA_STYLE_COLOUR('ABS (White)',#9413);
#9412=COLOUR_RGB('Steel - Satin',0.627450980392157,0.627450980392157,0.627450980392157);
#9413=COLOUR_RGB('ABS (White)',0.964705882352941,0.964705882352941,0.952941176470588);
ENDSEC;
END-ISO-10303-21;
